unsigned char SURF_Gen9core_gen[] = {
  0x43, 0x54, 0x4e, 0x49, 0x39, 0x04, 0x00, 0x00, 0x0c, 0x00, 0x00, 0x00,
  0x08, 0x00, 0x00, 0x00, 0x0a, 0x00, 0x00, 0x00, 0x09, 0x00, 0x00, 0x00,
  0xb0, 0x06, 0x00, 0x00, 0x2a, 0x00, 0x00, 0x00, 0x10, 0x00, 0x00, 0x00,
  0x00, 0x00, 0x00, 0x00, 0xa0, 0x06, 0x00, 0x00, 0xd0, 0x0f, 0x49, 0x40,
  0x00, 0x00, 0x80, 0x3f, 0x00, 0x00, 0x80, 0x3f, 0x00, 0x00, 0x80, 0x3f,
  0x00, 0x00, 0x80, 0x3f, 0x00, 0x00, 0x00, 0x3f, 0x00, 0x00, 0x00, 0x3f,
  0x00, 0x00, 0x80, 0x3e, 0x00, 0x00, 0x80, 0x3e, 0x00, 0x00, 0x00, 0x3e,
  0x00, 0x00, 0x00, 0x3e, 0x09, 0x00, 0x00, 0x00, 0x0f, 0x00, 0x00, 0x00,
  0x15, 0x00, 0x00, 0x00, 0x1b, 0x00, 0x00, 0x00, 0x27, 0x00, 0x00, 0x00,
  0x33, 0x00, 0x00, 0x00, 0x4b, 0x00, 0x00, 0x00, 0x63, 0x00, 0x00, 0x00,
  0x93, 0x00, 0x00, 0x00, 0xc3, 0x00, 0x00, 0x00, 0x00, 0x00, 0x00, 0x00,
  0x01, 0x00, 0x00, 0x00, 0x02, 0x00, 0x00, 0x00, 0x01, 0x00, 0x00, 0x00,
  0x02, 0x00, 0x00, 0x00, 0x03, 0x00, 0x00, 0x00, 0x01, 0x00, 0x00, 0x00,
  0x03, 0x00, 0x00, 0x00, 0x04, 0x00, 0x00, 0x00, 0x03, 0x00, 0x00, 0x00,
  0x04, 0x00, 0x00, 0x00, 0x05, 0x00, 0x00, 0x00, 0x03, 0x00, 0x00, 0x00,
  0x05, 0x00, 0x00, 0x00, 0x06, 0x00, 0x00, 0x00, 0x05, 0x00, 0x00, 0x00,
  0x06, 0x00, 0x00, 0x00, 0x07, 0x00, 0x00, 0x00, 0x05, 0x00, 0x00, 0x00,
  0x07, 0x00, 0x00, 0x00, 0x08, 0x00, 0x00, 0x00, 0x07, 0x00, 0x00, 0x00,
  0x08, 0x00, 0x00, 0x00, 0x09, 0x00, 0x00, 0x00, 0x02, 0x00, 0x00, 0x00,
  0x02, 0x00, 0x00, 0x00, 0x02, 0x00, 0x00, 0x00, 0x02, 0x00, 0x00, 0x00,
  0x04, 0x00, 0x00, 0x00, 0x04, 0x00, 0x00, 0x00, 0x08, 0x00, 0x00, 0x00,
  0x08, 0x00, 0x00, 0x00, 0x10, 0x00, 0x00, 0x00, 0x10, 0x00, 0x00, 0x00,
  0x02, 0x00, 0x00, 0x00, 0x02, 0x00, 0x00, 0x00, 0x02, 0x00, 0x00, 0x00,
  0x02, 0x00, 0x00, 0x00, 0x04, 0x00, 0x00, 0x00, 0x04, 0x00, 0x00, 0x00,
  0x08, 0x00, 0x00, 0x00, 0x08, 0x00, 0x00, 0x00, 0x10, 0x00, 0x00, 0x00,
  0x10, 0x00, 0x00, 0x00, 0xfb, 0xff, 0xff, 0xff, 0xfb, 0xff, 0xff, 0xff,
  0xfb, 0xff, 0xff, 0xff, 0xfb, 0xff, 0xff, 0xff, 0xfb, 0xff, 0xff, 0xff,
  0xfb, 0xff, 0xff, 0xff, 0xfb, 0xff, 0xff, 0xff, 0xfc, 0xff, 0xff, 0xff,
  0xfc, 0xff, 0xff, 0xff, 0xfc, 0xff, 0xff, 0xff, 0xfc, 0xff, 0xff, 0xff,
  0xfc, 0xff, 0xff, 0xff, 0xfc, 0xff, 0xff, 0xff, 0xfc, 0xff, 0xff, 0xff,
  0xfc, 0xff, 0xff, 0xff, 0xfc, 0xff, 0xff, 0xff, 0xfd, 0xff, 0xff, 0xff,
  0xfd, 0xff, 0xff, 0xff, 0xfd, 0xff, 0xff, 0xff, 0xfd, 0xff, 0xff, 0xff,
  0xfd, 0xff, 0xff, 0xff, 0xfd, 0xff, 0xff, 0xff, 0xfd, 0xff, 0xff, 0xff,
  0xfd, 0xff, 0xff, 0xff, 0xfd, 0xff, 0xff, 0xff, 0xfd, 0xff, 0xff, 0xff,
  0xfd, 0xff, 0xff, 0xff, 0xfe, 0xff, 0xff, 0xff, 0xfe, 0xff, 0xff, 0xff,
  0xfe, 0xff, 0xff, 0xff, 0xfe, 0xff, 0xff, 0xff, 0xfe, 0xff, 0xff, 0xff,
  0xfe, 0xff, 0xff, 0xff, 0xfe, 0xff, 0xff, 0xff, 0xfe, 0xff, 0xff, 0xff,
  0xfe, 0xff, 0xff, 0xff, 0xfe, 0xff, 0xff, 0xff, 0xfe, 0xff, 0xff, 0xff,
  0xff, 0xff, 0xff, 0xff, 0xff, 0xff, 0xff, 0xff, 0xff, 0xff, 0xff, 0xff,
  0xff, 0xff, 0xff, 0xff, 0xff, 0xff, 0xff, 0xff, 0xff, 0xff, 0xff, 0xff,
  0xff, 0xff, 0xff, 0xff, 0xff, 0xff, 0xff, 0xff, 0xff, 0xff, 0xff, 0xff,
  0xff, 0xff, 0xff, 0xff, 0xff, 0xff, 0xff, 0xff, 0x00, 0x00, 0x00, 0x00,
  0x00, 0x00, 0x00, 0x00, 0x00, 0x00, 0x00, 0x00, 0x00, 0x00, 0x00, 0x00,
  0x00, 0x00, 0x00, 0x00, 0x00, 0x00, 0x00, 0x00, 0x00, 0x00, 0x00, 0x00,
  0x00, 0x00, 0x00, 0x00, 0x00, 0x00, 0x00, 0x00, 0x00, 0x00, 0x00, 0x00,
  0x00, 0x00, 0x00, 0x00, 0x01, 0x00, 0x00, 0x00, 0x01, 0x00, 0x00, 0x00,
  0x01, 0x00, 0x00, 0x00, 0x01, 0x00, 0x00, 0x00, 0x01, 0x00, 0x00, 0x00,
  0x01, 0x00, 0x00, 0x00, 0x01, 0x00, 0x00, 0x00, 0x01, 0x00, 0x00, 0x00,
  0x01, 0x00, 0x00, 0x00, 0x01, 0x00, 0x00, 0x00, 0x01, 0x00, 0x00, 0x00,
  0x02, 0x00, 0x00, 0x00, 0x02, 0x00, 0x00, 0x00, 0x02, 0x00, 0x00, 0x00,
  0x02, 0x00, 0x00, 0x00, 0x02, 0x00, 0x00, 0x00, 0x02, 0x00, 0x00, 0x00,
  0x02, 0x00, 0x00, 0x00, 0x02, 0x00, 0x00, 0x00, 0x02, 0x00, 0x00, 0x00,
  0x02, 0x00, 0x00, 0x00, 0x02, 0x00, 0x00, 0x00, 0x03, 0x00, 0x00, 0x00,
  0x03, 0x00, 0x00, 0x00, 0x03, 0x00, 0x00, 0x00, 0x03, 0x00, 0x00, 0x00,
  0x03, 0x00, 0x00, 0x00, 0x03, 0x00, 0x00, 0x00, 0x03, 0x00, 0x00, 0x00,
  0x03, 0x00, 0x00, 0x00, 0x03, 0x00, 0x00, 0x00, 0x03, 0x00, 0x00, 0x00,
  0x03, 0x00, 0x00, 0x00, 0x04, 0x00, 0x00, 0x00, 0x04, 0x00, 0x00, 0x00,
  0x04, 0x00, 0x00, 0x00, 0x04, 0x00, 0x00, 0x00, 0x04, 0x00, 0x00, 0x00,
  0x04, 0x00, 0x00, 0x00, 0x04, 0x00, 0x00, 0x00, 0x04, 0x00, 0x00, 0x00,
  0x04, 0x00, 0x00, 0x00, 0x05, 0x00, 0x00, 0x00, 0x05, 0x00, 0x00, 0x00,
  0x05, 0x00, 0x00, 0x00, 0x05, 0x00, 0x00, 0x00, 0x05, 0x00, 0x00, 0x00,
  0x05, 0x00, 0x00, 0x00, 0x05, 0x00, 0x00, 0x00, 0xfd, 0xff, 0xff, 0xff,
  0xfe, 0xff, 0xff, 0xff, 0xff, 0xff, 0xff, 0xff, 0x00, 0x00, 0x00, 0x00,
  0x01, 0x00, 0x00, 0x00, 0x02, 0x00, 0x00, 0x00, 0x03, 0x00, 0x00, 0x00,
  0xfc, 0xff, 0xff, 0xff, 0xfd, 0xff, 0xff, 0xff, 0xfe, 0xff, 0xff, 0xff,
  0xff, 0xff, 0xff, 0xff, 0x00, 0x00, 0x00, 0x00, 0x01, 0x00, 0x00, 0x00,
  0x02, 0x00, 0x00, 0x00, 0x03, 0x00, 0x00, 0x00, 0x04, 0x00, 0x00, 0x00,
  0xfb, 0xff, 0xff, 0xff, 0xfc, 0xff, 0xff, 0xff, 0xfd, 0xff, 0xff, 0xff,
  0xfe, 0xff, 0xff, 0xff, 0xff, 0xff, 0xff, 0xff, 0x00, 0x00, 0x00, 0x00,
  0x01, 0x00, 0x00, 0x00, 0x02, 0x00, 0x00, 0x00, 0x03, 0x00, 0x00, 0x00,
  0x04, 0x00, 0x00, 0x00, 0x05, 0x00, 0x00, 0x00, 0xfb, 0xff, 0xff, 0xff,
  0xfc, 0xff, 0xff, 0xff, 0xfd, 0xff, 0xff, 0xff, 0xfe, 0xff, 0xff, 0xff,
  0xff, 0xff, 0xff, 0xff, 0x00, 0x00, 0x00, 0x00, 0x01, 0x00, 0x00, 0x00,
  0x02, 0x00, 0x00, 0x00, 0x03, 0x00, 0x00, 0x00, 0x04, 0x00, 0x00, 0x00,
  0x05, 0x00, 0x00, 0x00, 0xfb, 0xff, 0xff, 0xff, 0xfc, 0xff, 0xff, 0xff,
  0xfd, 0xff, 0xff, 0xff, 0xfe, 0xff, 0xff, 0xff, 0xff, 0xff, 0xff, 0xff,
  0x00, 0x00, 0x00, 0x00, 0x01, 0x00, 0x00, 0x00, 0x02, 0x00, 0x00, 0x00,
  0x03, 0x00, 0x00, 0x00, 0x04, 0x00, 0x00, 0x00, 0x05, 0x00, 0x00, 0x00,
  0xfb, 0xff, 0xff, 0xff, 0xfc, 0xff, 0xff, 0xff, 0xfd, 0xff, 0xff, 0xff,
  0xfe, 0xff, 0xff, 0xff, 0xff, 0xff, 0xff, 0xff, 0x00, 0x00, 0x00, 0x00,
  0x01, 0x00, 0x00, 0x00, 0x02, 0x00, 0x00, 0x00, 0x03, 0x00, 0x00, 0x00,
  0x04, 0x00, 0x00, 0x00, 0x05, 0x00, 0x00, 0x00, 0xfb, 0xff, 0xff, 0xff,
  0xfc, 0xff, 0xff, 0xff, 0xfd, 0xff, 0xff, 0xff, 0xfe, 0xff, 0xff, 0xff,
  0xff, 0xff, 0xff, 0xff, 0x00, 0x00, 0x00, 0x00, 0x01, 0x00, 0x00, 0x00,
  0x02, 0x00, 0x00, 0x00, 0x03, 0x00, 0x00, 0x00, 0x04, 0x00, 0x00, 0x00,
  0x05, 0x00, 0x00, 0x00, 0xfb, 0xff, 0xff, 0xff, 0xfc, 0xff, 0xff, 0xff,
  0xfd, 0xff, 0xff, 0xff, 0xfe, 0xff, 0xff, 0xff, 0xff, 0xff, 0xff, 0xff,
  0x00, 0x00, 0x00, 0x00, 0x01, 0x00, 0x00, 0x00, 0x02, 0x00, 0x00, 0x00,
  0x03, 0x00, 0x00, 0x00, 0x04, 0x00, 0x00, 0x00, 0x05, 0x00, 0x00, 0x00,
  0xfb, 0xff, 0xff, 0xff, 0xfc, 0xff, 0xff, 0xff, 0xfd, 0xff, 0xff, 0xff,
  0xfe, 0xff, 0xff, 0xff, 0xff, 0xff, 0xff, 0xff, 0x00, 0x00, 0x00, 0x00,
  0x01, 0x00, 0x00, 0x00, 0x02, 0x00, 0x00, 0x00, 0x03, 0x00, 0x00, 0x00,
  0x04, 0x00, 0x00, 0x00, 0x05, 0x00, 0x00, 0x00, 0xfc, 0xff, 0xff, 0xff,
  0xfd, 0xff, 0xff, 0xff, 0xfe, 0xff, 0xff, 0xff, 0xff, 0xff, 0xff, 0xff,
  0x00, 0x00, 0x00, 0x00, 0x01, 0x00, 0x00, 0x00, 0x02, 0x00, 0x00, 0x00,
  0x03, 0x00, 0x00, 0x00, 0x04, 0x00, 0x00, 0x00, 0xfd, 0xff, 0xff, 0xff,
  0xfe, 0xff, 0xff, 0xff, 0xff, 0xff, 0xff, 0xff, 0x00, 0x00, 0x00, 0x00,
  0x01, 0x00, 0x00, 0x00, 0x02, 0x00, 0x00, 0x00, 0x03, 0x00, 0x00, 0x00,
  0x61, 0x2f, 0x7b, 0x3a, 0x39, 0xdf, 0xdb, 0x3a, 0x27, 0x01, 0x24, 0x3b,
  0xb1, 0x7d, 0x50, 0x3b, 0x27, 0x01, 0x24, 0x3b, 0x39, 0xdf, 0xdb, 0x3a,
  0x61, 0x2f, 0x7b, 0x3a, 0x61, 0x2f, 0x7b, 0x3a, 0xca, 0x02, 0x01, 0x3b,
  0xfc, 0xda, 0x61, 0x3b, 0xee, 0x77, 0xa8, 0x3b, 0x59, 0x2a, 0xd6, 0x3b,
  0xee, 0x77, 0xa8, 0x3b, 0xfc, 0xda, 0x61, 0x3b, 0xca, 0x02, 0x01, 0x3b,
  0x61, 0x2f, 0x7b, 0x3a, 0xd0, 0x65, 0x36, 0x3a, 0x39, 0xdf, 0xdb, 0x3a,
  0xfc, 0xda, 0x61, 0x3b, 0x13, 0xb3, 0xc5, 0x3b, 0x6c, 0x77, 0x13, 0x3c,
  0xa5, 0x77, 0x3b, 0x3c, 0x6c, 0x77, 0x13, 0x3c, 0x13, 0xb3, 0xc5, 0x3b,
  0xfc, 0xda, 0x61, 0x3b, 0x39, 0xdf, 0xdb, 0x3a, 0xd0, 0x65, 0x36, 0x3a,
  0x80, 0x0d, 0x88, 0x3a, 0x27, 0x01, 0x24, 0x3b, 0xee, 0x77, 0xa8, 0x3b,
  0x6c, 0x77, 0x13, 0x3c, 0x99, 0xfe, 0x5b, 0x3c, 0x56, 0xd5, 0x8b, 0x3c,
  0x99, 0xfe, 0x5b, 0x3c, 0x6c, 0x77, 0x13, 0x3c, 0xee, 0x77, 0xa8, 0x3b,
  0x27, 0x01, 0x24, 0x3b, 0x80, 0x0d, 0x88, 0x3a, 0x16, 0xf5, 0xac, 0x3a,
  0xb1, 0x7d, 0x50, 0x3b, 0x59, 0x2a, 0xd6, 0x3b, 0xa5, 0x77, 0x3b, 0x3c,
  0x56, 0xd5, 0x8b, 0x3c, 0x5c, 0xc3, 0xb1, 0x3c, 0x56, 0xd5, 0x8b, 0x3c,
  0xa5, 0x77, 0x3b, 0x3c, 0x59, 0x2a, 0xd6, 0x3b, 0xb1, 0x7d, 0x50, 0x3b,
  0x16, 0xf5, 0xac, 0x3a, 0xb8, 0x5c, 0xbb, 0x3a, 0xfc, 0xda, 0x61, 0x3b,
  0x9a, 0x00, 0xe8, 0x3b, 0x66, 0x14, 0x4b, 0x3c, 0xdb, 0x7a, 0x97, 0x3c,
  0x8b, 0x91, 0xc0, 0x3c, 0xdb, 0x7a, 0x97, 0x3c, 0x66, 0x14, 0x4b, 0x3c,
  0x9a, 0x00, 0xe8, 0x3b, 0xfc, 0xda, 0x61, 0x3b, 0xb8, 0x5c, 0xbb, 0x3a,
  0x16, 0xf5, 0xac, 0x3a, 0xb1, 0x7d, 0x50, 0x3b, 0x59, 0x2a, 0xd6, 0x3b,
  0xa5, 0x77, 0x3b, 0x3c, 0x56, 0xd5, 0x8b, 0x3c, 0x5c, 0xc3, 0xb1, 0x3c,
  0x56, 0xd5, 0x8b, 0x3c, 0xa5, 0x77, 0x3b, 0x3c, 0x59, 0x2a, 0xd6, 0x3b,
  0xb1, 0x7d, 0x50, 0x3b, 0x16, 0xf5, 0xac, 0x3a, 0x80, 0x0d, 0x88, 0x3a,
  0x27, 0x01, 0x24, 0x3b, 0xee, 0x77, 0xa8, 0x3b, 0x6c, 0x77, 0x13, 0x3c,
  0x99, 0xfe, 0x5b, 0x3c, 0x56, 0xd5, 0x8b, 0x3c, 0x99, 0xfe, 0x5b, 0x3c,
  0x6c, 0x77, 0x13, 0x3c, 0xee, 0x77, 0xa8, 0x3b, 0x27, 0x01, 0x24, 0x3b,
  0x80, 0x0d, 0x88, 0x3a, 0xd0, 0x65, 0x36, 0x3a, 0x39, 0xdf, 0xdb, 0x3a,
  0xfc, 0xda, 0x61, 0x3b, 0x13, 0xb3, 0xc5, 0x3b, 0x6c, 0x77, 0x13, 0x3c,
  0xa5, 0x77, 0x3b, 0x3c, 0x6c, 0x77, 0x13, 0x3c, 0x13, 0xb3, 0xc5, 0x3b,
  0xfc, 0xda, 0x61, 0x3b, 0x39, 0xdf, 0xdb, 0x3a, 0xd0, 0x65, 0x36, 0x3a,
  0x61, 0x2f, 0x7b, 0x3a, 0xca, 0x02, 0x01, 0x3b, 0xfc, 0xda, 0x61, 0x3b,
  0xee, 0x77, 0xa8, 0x3b, 0x59, 0x2a, 0xd6, 0x3b, 0xee, 0x77, 0xa8, 0x3b,
  0xfc, 0xda, 0x61, 0x3b, 0xca, 0x02, 0x01, 0x3b, 0x61, 0x2f, 0x7b, 0x3a,
  0x61, 0x2f, 0x7b, 0x3a, 0x39, 0xdf, 0xdb, 0x3a, 0x27, 0x01, 0x24, 0x3b,
  0xb1, 0x7d, 0x50, 0x3b, 0x27, 0x01, 0x24, 0x3b, 0x39, 0xdf, 0xdb, 0x3a,
  0x61, 0x2f, 0x7b, 0x3a, 0xf4, 0xff, 0xff, 0xff, 0xf4, 0xff, 0xff, 0xff,
  0xf4, 0xff, 0xff, 0xff, 0xf4, 0xff, 0xff, 0xff, 0xf9, 0xff, 0xff, 0xff,
  0xf9, 0xff, 0xff, 0xff, 0xf9, 0xff, 0xff, 0xff, 0xf9, 0xff, 0xff, 0xff,
  0xfe, 0xff, 0xff, 0xff, 0xfe, 0xff, 0xff, 0xff, 0xfe, 0xff, 0xff, 0xff,
  0xfe, 0xff, 0xff, 0xff, 0x03, 0x00, 0x00, 0x00, 0x03, 0x00, 0x00, 0x00,
  0x03, 0x00, 0x00, 0x00, 0x03, 0x00, 0x00, 0x00, 0xf4, 0xff, 0xff, 0xff,
  0xf9, 0xff, 0xff, 0xff, 0xfe, 0xff, 0xff, 0xff, 0x03, 0x00, 0x00, 0x00,
  0xf4, 0xff, 0xff, 0xff, 0xf9, 0xff, 0xff, 0xff, 0xfe, 0xff, 0xff, 0xff,
  0x03, 0x00, 0x00, 0x00, 0xf4, 0xff, 0xff, 0xff, 0xf9, 0xff, 0xff, 0xff,
  0xfe, 0xff, 0xff, 0xff, 0x03, 0x00, 0x00, 0x00, 0xf4, 0xff, 0xff, 0xff,
  0xf9, 0xff, 0xff, 0xff, 0xfe, 0xff, 0xff, 0xff, 0x03, 0x00, 0x00, 0x00,
  0x24, 0xa9, 0x64, 0xfd, 0xe4, 0x88, 0x33, 0x9e, 0x39, 0xa1, 0xe5, 0x52,
  0x0c, 0x00, 0x00, 0x00, 0xd8, 0x04, 0x00, 0x00, 0x40, 0x03, 0x00, 0x00,
  0x00, 0x00, 0x00, 0x00, 0x20, 0x00, 0x00, 0x00, 0xcc, 0x00, 0x00, 0x00,
  0xb8, 0x02, 0x00, 0x00, 0x49, 0x6e, 0x74, 0x65, 0x67, 0x72, 0x61, 0x6c,
  0x00, 0x00, 0x00, 0x00, 0x01, 0x00, 0x60, 0x00, 0x0c, 0x02, 0x40, 0x20,
  0x00, 0x00, 0x20, 0x00, 0x00, 0x00, 0x00, 0x00, 0x06, 0x80, 0x00, 0x00,
  0x04, 0x00, 0x00, 0x30, 0x00, 0x10, 0x00, 0x16, 0xc0, 0x04, 0xc0, 0x04,
  0x10, 0x00, 0x80, 0x01, 0x24, 0x0a, 0x00, 0x20, 0x74, 0x00, 0x00, 0x1e,
  0x00, 0x00, 0x00, 0x00, 0x10, 0x20, 0x80, 0x01, 0x24, 0x0a, 0x00, 0x20,
  0x74, 0x00, 0x00, 0x1e, 0x00, 0x00, 0x00, 0x00, 0x20, 0x00, 0x01, 0x00,
  0x04, 0x00, 0x00, 0x34, 0x00, 0x14, 0x00, 0x0e, 0xa0, 0x00, 0x00, 0x00,
  0x01, 0x00, 0x00, 0x00, 0x2c, 0x1e, 0x60, 0x20, 0x00, 0x00, 0x00, 0x00,
  0x00, 0x00, 0x00, 0x00, 0x01, 0x00, 0x00, 0x00, 0xec, 0x3e, 0x80, 0x20,
  0x00, 0x00, 0x00, 0x00, 0x00, 0x00, 0x00, 0x00, 0x09, 0x00, 0x00, 0x00,
  0x2c, 0x0a, 0xc0, 0x20, 0x60, 0x00, 0x00, 0x1e, 0x02, 0x00, 0x02, 0x00,
  0x40, 0x00, 0x00, 0x00, 0x2c, 0x0a, 0x60, 0x20, 0x60, 0x00, 0x00, 0x1e,
  0x01, 0x00, 0x01, 0x00, 0x31, 0x00, 0x00, 0x0a, 0x0c, 0x02, 0xa0, 0x20,
  0xc0, 0x00, 0x00, 0x06, 0x00, 0x08, 0x11, 0x02, 0x01, 0x40, 0x00, 0x20,
  0x00, 0x07, 0x06, 0x00, 0x10, 0x00, 0x80, 0x05, 0x26, 0x02, 0x00, 0x20,
  0x60, 0x00, 0x00, 0x02, 0x74, 0x00, 0x00, 0x00, 0x10, 0x20, 0x80, 0x05,
  0x26, 0x02, 0x00, 0x20, 0x60, 0x00, 0x00, 0x02, 0x74, 0x00, 0x00, 0x00,
  0x40, 0x40, 0x02, 0x20, 0x00, 0x04, 0x04, 0x05, 0x33, 0x00, 0x00, 0x0a,
  0x14, 0x40, 0x00, 0x00, 0xe1, 0x00, 0x00, 0x00, 0x01, 0x08, 0x03, 0x02,
  0x20, 0x00, 0x01, 0x00, 0x06, 0x00, 0x00, 0x34, 0x00, 0x14, 0x00, 0x0e,
  0x80, 0xff, 0xff, 0xff, 0x10, 0x00, 0x80, 0x03, 0x26, 0x02, 0x00, 0x20,
  0x70, 0x00, 0x00, 0x16, 0x01, 0x00, 0x01, 0x00, 0x10, 0x20, 0x80, 0x03,
  0x26, 0x02, 0x00, 0x20, 0x70, 0x00, 0x00, 0x16, 0x01, 0x00, 0x01, 0x00,
  0x20, 0x00, 0x11, 0x00, 0x06, 0x00, 0x00, 0x34, 0x00, 0x14, 0x00, 0x0e,
  0x80, 0x01, 0x00, 0x00, 0x01, 0x00, 0x00, 0x00, 0x2c, 0x1e, 0x64, 0x20,
  0x00, 0x00, 0x00, 0x00, 0x01, 0x00, 0x01, 0x00, 0x20, 0x00, 0x01, 0x00,
  0x04, 0x00, 0x00, 0x34, 0x00, 0x14, 0x00, 0x0e, 0x20, 0x01, 0x00, 0x00,
  0x40, 0x00, 0x00, 0x00, 0x2c, 0x0a, 0x6c, 0x20, 0x64, 0x00, 0x00, 0x1e,
  0xff, 0xff, 0xff, 0xff, 0x01, 0x00, 0x00, 0x00, 0x2c, 0x1e, 0x84, 0x20,
  0x00, 0x00, 0x00, 0x00, 0x00, 0x00, 0x00, 0x00, 0x41, 0x00, 0x00, 0x00,
  0x2c, 0x0a, 0x68, 0x20, 0x64, 0x00, 0x00, 0x0a, 0x78, 0x00, 0x00, 0x00,
  0x01, 0x00, 0x00, 0x00, 0xec, 0x3e, 0x88, 0x20, 0x00, 0x00, 0x00, 0x00,
  0x00, 0x00, 0x00, 0x00, 0x41, 0x00, 0x00, 0x00, 0x2c, 0x0a, 0x7c, 0x20,
  0x6c, 0x00, 0x00, 0x0a, 0x78, 0x00, 0x00, 0x00, 0x40, 0x00, 0x00, 0x00,
  0x2c, 0x0a, 0x8c, 0x20, 0x68, 0x00, 0x00, 0x0a, 0x84, 0x00, 0x00, 0x00,
  0x40, 0x00, 0x00, 0x00, 0x2c, 0x0a, 0x90, 0x20, 0x7c, 0x00, 0x00, 0x0a,
  0x84, 0x00, 0x00, 0x00, 0x40, 0x00, 0x00, 0x00, 0x2c, 0x0a, 0x84, 0x20,
  0x84, 0x00, 0x00, 0x1e, 0x01, 0x00, 0x01, 0x00, 0x09, 0x00, 0x00, 0x00,
  0x2c, 0x0a, 0x20, 0x21, 0x8c, 0x00, 0x00, 0x1e, 0x02, 0x00, 0x02, 0x00,
  0x09, 0x00, 0x00, 0x00, 0x2c, 0x0a, 0x40, 0x21, 0x90, 0x00, 0x00, 0x1e,
  0x02, 0x00, 0x02, 0x00, 0x10, 0x00, 0x80, 0x05, 0x26, 0x02, 0x00, 0x20,
  0x84, 0x00, 0x00, 0x02, 0x74, 0x00, 0x00, 0x00, 0x10, 0x20, 0x80, 0x05,
  0x26, 0x02, 0x00, 0x20, 0x84, 0x00, 0x00, 0x02, 0x74, 0x00, 0x00, 0x00,
  0x31, 0x00, 0x00, 0x0a, 0x0c, 0x02, 0x00, 0x21, 0x20, 0x01, 0x00, 0x06,
  0x00, 0x08, 0x11, 0x02, 0x31, 0x00, 0x00, 0x0a, 0x0c, 0x02, 0x60, 0x21,
  0x40, 0x01, 0x00, 0x06, 0x01, 0x08, 0x11, 0x02, 0x01, 0x40, 0x00, 0x20,
  0x00, 0x0d, 0x09, 0x00, 0x40, 0x00, 0x00, 0x00, 0xec, 0x3a, 0x88, 0x20,
  0x88, 0x00, 0x00, 0x3a, 0x00, 0x01, 0x00, 0x00, 0x40, 0x40, 0x1a, 0x20,
  0x00, 0x0c, 0x04, 0x0b, 0x33, 0x00, 0x00, 0x0a, 0x14, 0xc0, 0x00, 0x00,
  0xa1, 0x01, 0x00, 0x00, 0x01, 0x08, 0x03, 0x02, 0x20, 0x00, 0x01, 0x00,
  0x06, 0x00, 0x00, 0x34, 0x00, 0x14, 0x00, 0x0e, 0x30, 0xff, 0xff, 0xff,
  0x40, 0x00, 0x00, 0x00, 0x2c, 0x0a, 0x64, 0x20, 0x64, 0x00, 0x00, 0x1e,
  0x01, 0x00, 0x01, 0x00, 0x10, 0x00, 0x80, 0x05, 0x26, 0x02, 0x00, 0x20,
  0x64, 0x00, 0x00, 0x02, 0x70, 0x00, 0x00, 0x00, 0x10, 0x20, 0x80, 0x05,
  0x26, 0x02, 0x00, 0x20, 0x64, 0x00, 0x00, 0x02, 0x70, 0x00, 0x00, 0x00,
  0x20, 0x00, 0x01, 0x00, 0x06, 0x00, 0x00, 0x34, 0x00, 0x14, 0x00, 0x0e,
  0x90, 0xfe, 0xff, 0xff, 0x01, 0x4d, 0x00, 0x20, 0x07, 0x7f, 0x02, 0x00,
  0x31, 0x00, 0x60, 0x07, 0x04, 0x02, 0x00, 0x20, 0xe0, 0x0f, 0x00, 0x06,
  0x10, 0x00, 0x00, 0x82, 0x00, 0x00, 0x00, 0x00, 0x00, 0x00, 0x00, 0x00,
  0x00, 0x00, 0x00, 0x00, 0x00, 0x00, 0x00, 0x00, 0x00, 0x00, 0x00, 0x00,
  0x00, 0x00, 0x00, 0x00, 0x00, 0x00, 0x00, 0x00, 0x00, 0x00, 0x00, 0x00,
  0x00, 0x00, 0x00, 0x00, 0x00, 0x00, 0x00, 0x00, 0x00, 0x00, 0x00, 0x00,
  0x00, 0x00, 0x00, 0x00, 0x00, 0x00, 0x00, 0x00, 0x00, 0x00, 0x00, 0x00,
  0x00, 0x00, 0x00, 0x00, 0x00, 0x00, 0x00, 0x00, 0x00, 0x00, 0x00, 0x00,
  0x00, 0x00, 0x00, 0x00, 0x00, 0x00, 0x00, 0x00, 0x00, 0x00, 0x00, 0x00,
  0x00, 0x00, 0x00, 0x00, 0x00, 0x00, 0x00, 0x00, 0x00, 0x00, 0x00, 0x00,
  0x00, 0x00, 0x00, 0x00, 0x00, 0x00, 0x00, 0x00, 0x00, 0x00, 0x00, 0x00,
  0x00, 0x00, 0x00, 0x00, 0x00, 0x00, 0x00, 0x00, 0x00, 0x00, 0x00, 0x00,
  0x00, 0x00, 0x00, 0x00, 0x00, 0x00, 0x00, 0x00, 0x00, 0x00, 0x00, 0x00,
  0x00, 0x00, 0x00, 0x00, 0x00, 0x00, 0x00, 0x00, 0x00, 0x00, 0x00, 0x00,
  0x00, 0x00, 0x00, 0x00, 0x00, 0x00, 0x00, 0x00, 0x00, 0x00, 0x00, 0x00,
  0xc3, 0x00, 0x00, 0x00, 0x00, 0x00, 0x00, 0x00, 0x00, 0x00, 0x00, 0x00,
  0x03, 0x00, 0x00, 0x00, 0x00, 0xc0, 0xff, 0x83, 0x00, 0x00, 0x00, 0x03,
  0x7f, 0x00, 0xff, 0x1f, 0x00, 0x00, 0xe0, 0x0f, 0x00, 0x00, 0x00, 0x00,
  0x00, 0x00, 0x00, 0x00, 0x00, 0x00, 0x00, 0x00, 0x00, 0x00, 0x00, 0x00,
  0x00, 0x00, 0x00, 0x00, 0x00, 0x00, 0x00, 0x00, 0x00, 0x00, 0x00, 0x00,
  0x00, 0x00, 0x00, 0x00, 0x00, 0x00, 0x00, 0x00, 0x00, 0x00, 0x00, 0x00,
  0x00, 0x00, 0x00, 0x00, 0x00, 0x00, 0x00, 0x00, 0x00, 0xc0, 0xff, 0x83,
  0x00, 0x00, 0x00, 0x03, 0x7f, 0x00, 0xff, 0x1f, 0x00, 0x00, 0xe0, 0x0f,
  0x00, 0x00, 0x00, 0x00, 0x00, 0x00, 0x00, 0x00, 0x00, 0x00, 0x00, 0x00,
  0x00, 0x00, 0x00, 0x00, 0x00, 0x00, 0x00, 0x00, 0x00, 0x00, 0x00, 0x00,
  0x00, 0x00, 0x00, 0x00, 0x00, 0x00, 0x00, 0x00, 0x00, 0x00, 0x00, 0x00,
  0x00, 0x00, 0x00, 0x00, 0x00, 0x00, 0x00, 0x00, 0x00, 0x00, 0x00, 0x00,
  0x00, 0xc0, 0xff, 0x87, 0x00, 0x00, 0x00, 0x03, 0x7f, 0x00, 0xff, 0x1f,
  0x00, 0x00, 0xe0, 0x0f, 0x00, 0x00, 0x00, 0x00, 0x00, 0x00, 0x00, 0x00,
  0x00, 0x00, 0x00, 0x00, 0x00, 0x00, 0x00, 0x00, 0x00, 0x00, 0x00, 0x00,
  0x00, 0x00, 0x00, 0x00, 0x00, 0x00, 0x00, 0x00, 0x00, 0x00, 0x00, 0x00,
  0x00, 0x00, 0x00, 0x00, 0x00, 0x00, 0x00, 0x00, 0x00, 0x00, 0x00, 0x00,
  0x00, 0x00, 0x00, 0x00, 0x00, 0x00, 0x00, 0x00, 0x40, 0x00, 0x00, 0x00,
  0x80, 0x00, 0x00, 0x00, 0x13, 0x00, 0x00, 0x00, 0x0c, 0x00, 0x00, 0x00,
  0x00, 0x00, 0x00, 0x00, 0x15, 0x00, 0x00, 0x00, 0x18, 0x00, 0x00, 0x00,
  0x00, 0x00, 0x00, 0x00, 0x00, 0x00, 0x00, 0x00, 0x00, 0x00, 0x00, 0x00,
  0xc0, 0x00, 0x00, 0x00, 0x08, 0x00, 0x00, 0x00, 0x14, 0x00, 0x00, 0x00,
  0xc0, 0x00, 0x00, 0x00, 0x03, 0x00, 0x00, 0x00, 0x00, 0x00, 0x00, 0x00,
  0x11, 0x00, 0x00, 0x00, 0x28, 0x00, 0x00, 0x00, 0x10, 0x00, 0x00, 0x00,
  0x00, 0x00, 0x00, 0x00, 0x00, 0x00, 0x00, 0x00, 0x04, 0x00, 0x00, 0x00,
  0x00, 0x00, 0x00, 0x00, 0x00, 0x00, 0x00, 0x00, 0x00, 0x00, 0x00, 0x00,
  0x00, 0x00, 0x00, 0x00, 0x11, 0x00, 0x00, 0x00, 0x28, 0x00, 0x00, 0x00,
  0x10, 0x00, 0x00, 0x00, 0x00, 0x00, 0x00, 0x00, 0x04, 0x00, 0x00, 0x00,
  0x04, 0x00, 0x00, 0x00, 0x04, 0x00, 0x00, 0x00, 0x00, 0x00, 0x00, 0x00,
  0x00, 0x00, 0x00, 0x00, 0x00, 0x00, 0x00, 0x00, 0x11, 0x00, 0x00, 0x00,
  0x28, 0x00, 0x00, 0x00, 0x10, 0x00, 0x00, 0x00, 0x00, 0x00, 0x00, 0x00,
  0x08, 0x00, 0x00, 0x00, 0x04, 0x00, 0x00, 0x00, 0x08, 0x00, 0x00, 0x00,
  0x00, 0x00, 0x00, 0x00, 0x00, 0x00, 0x00, 0x00, 0x00, 0x00, 0x00, 0x00,
  0x11, 0x00, 0x00, 0x00, 0x28, 0x00, 0x00, 0x00, 0x02, 0x00, 0x00, 0x00,
  0x00, 0x00, 0x00, 0x00, 0x0c, 0x00, 0x00, 0x00, 0x04, 0x00, 0x00, 0x00,
  0x00, 0x00, 0x00, 0x00, 0x00, 0x00, 0x00, 0x00, 0x00, 0x00, 0x00, 0x00,
  0x00, 0x00, 0x00, 0x00, 0x11, 0x00, 0x00, 0x00, 0x28, 0x00, 0x00, 0x00,
  0x02, 0x00, 0x00, 0x00, 0x00, 0x00, 0x00, 0x00, 0x10, 0x00, 0x00, 0x00,
  0x04, 0x00, 0x00, 0x00, 0x04, 0x00, 0x00, 0x00, 0x00, 0x00, 0x00, 0x00,
  0x00, 0x00, 0x00, 0x00, 0x00, 0x00, 0x00, 0x00, 0x11, 0x00, 0x00, 0x00,
  0x28, 0x00, 0x00, 0x00, 0x02, 0x00, 0x00, 0x00, 0x00, 0x00, 0x00, 0x00,
  0x14, 0x00, 0x00, 0x00, 0x04, 0x00, 0x00, 0x00, 0x08, 0x00, 0x00, 0x00,
  0x00, 0x00, 0x00, 0x00, 0x00, 0x00, 0x00, 0x00, 0x00, 0x00, 0x00, 0x00,
  0x11, 0x00, 0x00, 0x00, 0x28, 0x00, 0x00, 0x00, 0x2b, 0x00, 0x00, 0x00,
  0x00, 0x00, 0x00, 0x00, 0x20, 0x00, 0x00, 0x00, 0x04, 0x00, 0x00, 0x00,
  0x00, 0x00, 0x00, 0x00, 0x00, 0x00, 0x00, 0x00, 0x00, 0x00, 0x00, 0x00,
  0x00, 0x00, 0x00, 0x00, 0x11, 0x00, 0x00, 0x00, 0x28, 0x00, 0x00, 0x00,
  0x2b, 0x00, 0x00, 0x00, 0x01, 0x00, 0x00, 0x00, 0x28, 0x00, 0x00, 0x00,
  0x04, 0x00, 0x00, 0x00, 0x00, 0x00, 0x00, 0x00, 0x00, 0x00, 0x00, 0x00,
  0x00, 0x00, 0x00, 0x00, 0x00, 0x00, 0x00, 0x00, 0x1e, 0x00, 0x00, 0x00,
  0x24, 0x00, 0x00, 0x00, 0x00, 0x00, 0x00, 0x00, 0x00, 0x00, 0x00, 0x00,
  0x20, 0x00, 0x00, 0x00, 0x08, 0x00, 0x00, 0x00, 0xff, 0xff, 0xff, 0xff,
  0xff, 0xff, 0xff, 0xff, 0x00, 0x00, 0x00, 0x00, 0x1e, 0x00, 0x00, 0x00,
  0x24, 0x00, 0x00, 0x00, 0x01, 0x00, 0x00, 0x00, 0x40, 0x00, 0x00, 0x00,
  0x28, 0x00, 0x00, 0x00, 0x08, 0x00, 0x00, 0x00, 0xff, 0xff, 0xff, 0xff,
  0xff, 0xff, 0xff, 0xff, 0x00, 0x00, 0x00, 0x00, 0x2c, 0x00, 0x00, 0x00,
  0x18, 0x00, 0x00, 0x00, 0x00, 0x00, 0x00, 0x00, 0x80, 0x00, 0x00, 0x00,
  0x40, 0x00, 0x00, 0x00, 0x08, 0x00, 0x00, 0x00, 0x11, 0x00, 0x00, 0x00,
  0x28, 0x00, 0x00, 0x00, 0x01, 0x00, 0x00, 0x00, 0x02, 0x00, 0x00, 0x00,
  0x30, 0x00, 0x00, 0x00, 0x04, 0x00, 0x00, 0x00, 0x00, 0x00, 0x00, 0x00,
  0xff, 0xff, 0xff, 0xff, 0xff, 0xff, 0xff, 0xff, 0x00, 0x00, 0x00, 0x00,
  0x11, 0x00, 0x00, 0x00, 0x28, 0x00, 0x00, 0x00, 0x01, 0x00, 0x00, 0x00,
  0x03, 0x00, 0x00, 0x00, 0x34, 0x00, 0x00, 0x00, 0x04, 0x00, 0x00, 0x00,
  0x00, 0x00, 0x00, 0x00, 0xff, 0xff, 0xff, 0xff, 0xff, 0xff, 0xff, 0xff,
  0x00, 0x00, 0x00, 0x00, 0x11, 0x00, 0x00, 0x00, 0x28, 0x00, 0x00, 0x00,
  0x01, 0x00, 0x00, 0x00, 0x04, 0x00, 0x00, 0x00, 0x38, 0x00, 0x00, 0x00,
  0x04, 0x00, 0x00, 0x00, 0x00, 0x00, 0x00, 0x00, 0xff, 0xff, 0xff, 0xff,
  0xff, 0xff, 0xff, 0xff, 0x00, 0x00, 0x00, 0x00, 0x19, 0x00, 0x00, 0x00,
  0x0c, 0x00, 0x00, 0x00, 0x60, 0x00, 0x00, 0x00, 0x16, 0x00, 0x00, 0x00,
  0x58, 0x00, 0x00, 0x00, 0x00, 0x00, 0x00, 0x00, 0x00, 0x00, 0x00, 0x00,
  0x00, 0x00, 0x00, 0x00, 0x00, 0x00, 0x00, 0x00, 0x00, 0x00, 0x00, 0x00,
  0x01, 0x00, 0x00, 0x00, 0x01, 0x00, 0x00, 0x00, 0x00, 0x00, 0x00, 0x00,
  0x00, 0x00, 0x00, 0x00, 0x00, 0x00, 0x00, 0x00, 0x00, 0x00, 0x00, 0x00,
  0x00, 0x00, 0x00, 0x00, 0x00, 0x00, 0x00, 0x00, 0x00, 0x00, 0x00, 0x00,
  0x00, 0x00, 0x00, 0x00, 0x00, 0x00, 0x00, 0x00, 0x00, 0x00, 0x00, 0x00,
  0x00, 0x00, 0x00, 0x00, 0x00, 0x00, 0x00, 0x00, 0x00, 0x00, 0x00, 0x00,
  0x17, 0x00, 0x00, 0x00, 0x8c, 0x00, 0x00, 0x00, 0x00, 0x00, 0x00, 0x00,
  0x00, 0x00, 0x00, 0x00, 0x00, 0x00, 0x00, 0x00, 0x20, 0x00, 0x00, 0x00,
  0x00, 0x00, 0x00, 0x00, 0x00, 0x00, 0x00, 0x00, 0x00, 0x00, 0x00, 0x00,
  0x00, 0x00, 0x00, 0x00, 0x00, 0x00, 0x00, 0x00, 0x01, 0x00, 0x00, 0x00,
  0x00, 0x00, 0x00, 0x00, 0x00, 0x00, 0x00, 0x00, 0x00, 0x00, 0x00, 0x00,
  0x00, 0x00, 0x00, 0x00, 0x00, 0x00, 0x00, 0x00, 0x00, 0x00, 0x00, 0x00,
  0x00, 0x00, 0x00, 0x00, 0x00, 0x00, 0x00, 0x00, 0x01, 0x00, 0x00, 0x00,
  0x00, 0x00, 0x00, 0x00, 0x80, 0x00, 0x00, 0x00, 0x00, 0x00, 0x00, 0x00,
  0x00, 0x00, 0x00, 0x00, 0x00, 0x00, 0x00, 0x00, 0x00, 0x00, 0x00, 0x00,
  0x07, 0x00, 0x00, 0x00, 0x00, 0x00, 0x00, 0x00, 0x00, 0x00, 0x00, 0x00,
  0x00, 0x00, 0x00, 0x00, 0x00, 0x00, 0x00, 0x00, 0x00, 0x00, 0x15, 0x00,
  0x00, 0x00, 0x00, 0x00, 0x00, 0x00, 0x00, 0x00, 0x1b, 0x00, 0x00, 0x00,
  0x10, 0x00, 0x00, 0x00, 0x04, 0x00, 0x00, 0x00, 0x00, 0x00, 0x00, 0x00,
  0x1a, 0x00, 0x00, 0x00, 0x50, 0x00, 0x00, 0x00, 0x00, 0x00, 0x00, 0x00,
  0x0c, 0x00, 0x00, 0x00, 0x08, 0x00, 0x00, 0x00, 0x08, 0x00, 0x00, 0x00,
  0x0c, 0x00, 0x00, 0x00, 0x08, 0x00, 0x00, 0x00, 0x5f, 0x5f, 0x67, 0x6c,
  0x6f, 0x62, 0x61, 0x6c, 0x00, 0x00, 0x00, 0x00, 0x4e, 0x4f, 0x4e, 0x45,
  0x00, 0x00, 0x00, 0x00, 0x73, 0x6f, 0x75, 0x72, 0x63, 0x65, 0x00, 0x00,
  0x66, 0x6c, 0x6f, 0x61, 0x74, 0x2a, 0x3b, 0x38, 0x00, 0x00, 0x00, 0x00,
  0x4e, 0x4f, 0x4e, 0x45, 0x00, 0x00, 0x00, 0x00, 0x1a, 0x00, 0x00, 0x00,
  0x54, 0x00, 0x00, 0x00, 0x01, 0x00, 0x00, 0x00, 0x0c, 0x00, 0x00, 0x00,
  0x08, 0x00, 0x00, 0x00, 0x0c, 0x00, 0x00, 0x00, 0x0c, 0x00, 0x00, 0x00,
  0x08, 0x00, 0x00, 0x00, 0x5f, 0x5f, 0x67, 0x6c, 0x6f, 0x62, 0x61, 0x6c,
  0x00, 0x00, 0x00, 0x00, 0x4e, 0x4f, 0x4e, 0x45, 0x00, 0x00, 0x00, 0x00,
  0x69, 0x6e, 0x74, 0x49, 0x6d, 0x61, 0x67, 0x65, 0x00, 0x00, 0x00, 0x00,
  0x66, 0x6c, 0x6f, 0x61, 0x74, 0x2a, 0x3b, 0x38, 0x00, 0x00, 0x00, 0x00,
  0x4e, 0x4f, 0x4e, 0x45, 0x00, 0x00, 0x00, 0x00, 0x1a, 0x00, 0x00, 0x00,
  0x4c, 0x00, 0x00, 0x00, 0x02, 0x00, 0x00, 0x00, 0x0c, 0x00, 0x00, 0x00,
  0x08, 0x00, 0x00, 0x00, 0x08, 0x00, 0x00, 0x00, 0x08, 0x00, 0x00, 0x00,
  0x08, 0x00, 0x00, 0x00, 0x5f, 0x5f, 0x70, 0x72, 0x69, 0x76, 0x61, 0x74,
  0x65, 0x00, 0x00, 0x00, 0x4e, 0x4f, 0x4e, 0x45, 0x00, 0x00, 0x00, 0x00,
  0x68, 0x65, 0x69, 0x67, 0x68, 0x74, 0x00, 0x00, 0x75, 0x69, 0x6e, 0x74,
  0x3b, 0x34, 0x00, 0x00, 0x4e, 0x4f, 0x4e, 0x45, 0x00, 0x00, 0x00, 0x00,
  0x1a, 0x00, 0x00, 0x00, 0x4c, 0x00, 0x00, 0x00, 0x03, 0x00, 0x00, 0x00,
  0x0c, 0x00, 0x00, 0x00, 0x08, 0x00, 0x00, 0x00, 0x08, 0x00, 0x00, 0x00,
  0x08, 0x00, 0x00, 0x00, 0x08, 0x00, 0x00, 0x00, 0x5f, 0x5f, 0x70, 0x72,
  0x69, 0x76, 0x61, 0x74, 0x65, 0x00, 0x00, 0x00, 0x4e, 0x4f, 0x4e, 0x45,
  0x00, 0x00, 0x00, 0x00, 0x77, 0x69, 0x64, 0x74, 0x68, 0x00, 0x00, 0x00,
  0x75, 0x69, 0x6e, 0x74, 0x3b, 0x34, 0x00, 0x00, 0x4e, 0x4f, 0x4e, 0x45,
  0x00, 0x00, 0x00, 0x00, 0x1a, 0x00, 0x00, 0x00, 0x4c, 0x00, 0x00, 0x00,
  0x04, 0x00, 0x00, 0x00, 0x0c, 0x00, 0x00, 0x00, 0x08, 0x00, 0x00, 0x00,
  0x08, 0x00, 0x00, 0x00, 0x08, 0x00, 0x00, 0x00, 0x08, 0x00, 0x00, 0x00,
  0x5f, 0x5f, 0x70, 0x72, 0x69, 0x76, 0x61, 0x74, 0x65, 0x00, 0x00, 0x00,
  0x4e, 0x4f, 0x4e, 0x45, 0x00, 0x00, 0x00, 0x00, 0x73, 0x74, 0x72, 0x69,
  0x64, 0x65, 0x00, 0x00, 0x75, 0x69, 0x6e, 0x74, 0x3b, 0x34, 0x00, 0x00,
  0x4e, 0x4f, 0x4e, 0x45, 0x00, 0x00, 0x00, 0x00, 0xcb, 0xc3, 0x01, 0x77,
  0xe4, 0x88, 0x33, 0x9e, 0x39, 0xa1, 0xe5, 0x52, 0x0c, 0x00, 0x00, 0x00,
  0xcc, 0x04, 0x00, 0x00, 0x80, 0x0b, 0x00, 0x00, 0x00, 0x00, 0x00, 0x00,
  0x20, 0x00, 0x00, 0x00, 0xcc, 0x00, 0x00, 0x00, 0xe0, 0x0a, 0x00, 0x00,
  0x72, 0x6f, 0x77, 0x49, 0x6e, 0x74, 0x65, 0x67, 0x72, 0x61, 0x6c, 0x00,
  0x01, 0x00, 0x60, 0x00, 0x0c, 0x02, 0x60, 0x20, 0x00, 0x00, 0x20, 0x00,
  0x00, 0x00, 0x00, 0x00, 0x06, 0x80, 0x00, 0x00, 0x04, 0x00, 0x00, 0x30,
  0x00, 0x10, 0x00, 0x16, 0xc0, 0x04, 0xc0, 0x04, 0x01, 0x00, 0x80, 0x00,
  0x28, 0x12, 0xa0, 0x20, 0x20, 0x00, 0xb1, 0x00, 0x00, 0x00, 0x00, 0x00,
  0x01, 0x20, 0x80, 0x00, 0x28, 0x12, 0x40, 0x21, 0x40, 0x00, 0xb1, 0x00,
  0x00, 0x00, 0x00, 0x00, 0x09, 0x00, 0x00, 0x00, 0x2c, 0x0a, 0x80, 0x20,
  0x28, 0x01, 0x00, 0x1e, 0x01, 0x00, 0x01, 0x00, 0x09, 0x00, 0x80, 0x00,
  0x28, 0x0a, 0x80, 0x21, 0xa0, 0x00, 0x8d, 0x1e, 0x01, 0x00, 0x01, 0x00,
  0x09, 0x20, 0x80, 0x00, 0x28, 0x0a, 0xc0, 0x21, 0x40, 0x01, 0x8d, 0x1e,
  0x01, 0x00, 0x01, 0x00, 0x10, 0x00, 0x80, 0x05, 0x20, 0x02, 0x00, 0x20,
  0x80, 0x01, 0x8d, 0x02, 0x18, 0x01, 0x00, 0x00, 0x01, 0x00, 0x00, 0x00,
  0x0c, 0x00, 0x14, 0x21, 0x00, 0x06, 0x00, 0x00, 0x00, 0x00, 0x00, 0x00,
  0x01, 0x20, 0x28, 0x20, 0x00, 0x31, 0x08, 0x00, 0x10, 0x20, 0x80, 0x05,
  0x22, 0x02, 0x00, 0x20, 0xc0, 0x01, 0x8d, 0x02, 0x18, 0x01, 0x00, 0x00,
  0x01, 0x00, 0x00, 0x00, 0x0c, 0x00, 0x14, 0x21, 0x20, 0x06, 0x00, 0x00,
  0x00, 0x00, 0x00, 0x00, 0x01, 0x20, 0x28, 0x20, 0x00, 0x30, 0x08, 0x00,
  0x22, 0x00, 0xb1, 0x00, 0x00, 0x0e, 0x00, 0x20, 0xa8, 0x00, 0x00, 0x00,
  0x40, 0x00, 0x00, 0x00, 0x01, 0x00, 0x80, 0x00, 0xe8, 0x3e, 0x00, 0x22,
  0x00, 0x00, 0x00, 0x00, 0x00, 0x00, 0x00, 0x00, 0x01, 0x20, 0x80, 0x00,
  0xe8, 0x3e, 0x40, 0x22, 0x00, 0x00, 0x00, 0x00, 0x00, 0x00, 0x00, 0x00,
  0x24, 0x00, 0xa0, 0x00, 0x00, 0x0e, 0x00, 0x20, 0x78, 0x00, 0x00, 0x00,
  0x78, 0x00, 0x00, 0x00, 0x41, 0x00, 0x00, 0x00, 0x2c, 0x0a, 0x84, 0x20,
  0x64, 0x00, 0x00, 0x0a, 0x18, 0x01, 0x00, 0x00, 0x40, 0x96, 0x2d, 0x20,
  0x07, 0x14, 0x0c, 0x04, 0x40, 0x20, 0x80, 0x00, 0x28, 0x0a, 0xc0, 0x22,
  0xc0, 0x01, 0x8d, 0x0a, 0x84, 0x00, 0x00, 0x00, 0x09, 0x00, 0x80, 0x00,
  0x28, 0x0a, 0x80, 0x22, 0x80, 0x02, 0x8d, 0x1e, 0x02, 0x00, 0x02, 0x00,
  0x09, 0x20, 0x80, 0x00, 0x28, 0x0a, 0xc0, 0x22, 0xc0, 0x02, 0x8d, 0x1e,
  0x02, 0x00, 0x02, 0x00, 0x31, 0x00, 0x80, 0x0c, 0x68, 0x02, 0x00, 0x22,
  0x80, 0x02, 0x00, 0x06, 0x00, 0x5e, 0x20, 0x04, 0x31, 0x20, 0x80, 0x0c,
  0x68, 0x02, 0x40, 0x22, 0xc0, 0x02, 0x00, 0x06, 0x00, 0x5e, 0x20, 0x04,
  0x25, 0x00, 0xa0, 0x00, 0x00, 0x00, 0x00, 0x20, 0x00, 0x00, 0x00, 0x0e,
  0x10, 0x00, 0x00, 0x00, 0x40, 0x00, 0x80, 0x00, 0x28, 0x0a, 0x80, 0x23,
  0x80, 0x01, 0x8d, 0x1e, 0x01, 0x00, 0x01, 0x00, 0x40, 0x20, 0x80, 0x00,
  0x28, 0x0a, 0xc0, 0x23, 0xc0, 0x01, 0x8d, 0x1e, 0x01, 0x00, 0x01, 0x00,
  0x09, 0x00, 0x80, 0x00, 0x28, 0x0a, 0x00, 0x23, 0xa0, 0x00, 0x8d, 0x1e,
  0x03, 0x00, 0x03, 0x00, 0x09, 0x20, 0x80, 0x00, 0x28, 0x0a, 0x40, 0x23,
  0x40, 0x01, 0x8d, 0x1e, 0x03, 0x00, 0x03, 0x00, 0x10, 0x00, 0x80, 0x05,
  0x22, 0x02, 0x00, 0x20, 0x80, 0x03, 0x8d, 0x02, 0x18, 0x01, 0x00, 0x00,
  0x33, 0x00, 0x80, 0x0c, 0x70, 0x00, 0x01, 0x00, 0x02, 0x03, 0x00, 0x00,
  0xfe, 0x5e, 0x02, 0x04, 0x33, 0x20, 0x80, 0x0c, 0x70, 0x20, 0x01, 0x00,
  0x42, 0x03, 0x00, 0x00, 0xfe, 0x5e, 0x02, 0x04, 0x01, 0x00, 0x10, 0x20,
  0x00, 0x08, 0x31, 0x00, 0x01, 0x20, 0x20, 0x20, 0x00, 0x30, 0x08, 0x00,
  0x10, 0x20, 0x80, 0x05, 0x20, 0x02, 0x00, 0x20, 0xc0, 0x03, 0x8d, 0x02,
  0x18, 0x01, 0x00, 0x00, 0x01, 0x00, 0x10, 0x20, 0x00, 0x08, 0x30, 0x00,
  0x01, 0x20, 0x20, 0x20, 0x00, 0x31, 0x08, 0x00, 0x22, 0x00, 0xb1, 0x00,
  0x02, 0x0e, 0x00, 0x20, 0xa8, 0x00, 0x00, 0x00, 0x40, 0x00, 0x00, 0x00,
  0x01, 0x00, 0x80, 0x00, 0xe8, 0x3e, 0x00, 0x24, 0x00, 0x00, 0x00, 0x00,
  0x00, 0x00, 0x00, 0x00, 0x01, 0x20, 0x80, 0x00, 0xe8, 0x3e, 0x40, 0x24,
  0x00, 0x00, 0x00, 0x00, 0x00, 0x00, 0x00, 0x00, 0x24, 0x00, 0xa0, 0x00,
  0x00, 0x0e, 0x00, 0x20, 0x78, 0x00, 0x00, 0x00, 0x78, 0x00, 0x00, 0x00,
  0x41, 0x00, 0x00, 0x00, 0x2c, 0x0a, 0x88, 0x20, 0x64, 0x00, 0x00, 0x0a,
  0x18, 0x01, 0x00, 0x00, 0x40, 0x96, 0x5d, 0x20, 0x07, 0x24, 0x1c, 0x04,
  0x40, 0x20, 0x80, 0x00, 0x28, 0x0a, 0xc0, 0x24, 0xc0, 0x03, 0x8d, 0x0a,
  0x88, 0x00, 0x00, 0x00, 0x09, 0x00, 0x80, 0x00, 0x28, 0x0a, 0x80, 0x24,
  0x80, 0x04, 0x8d, 0x1e, 0x02, 0x00, 0x02, 0x00, 0x09, 0x20, 0x80, 0x00,
  0x28, 0x0a, 0xc0, 0x24, 0xc0, 0x04, 0x8d, 0x1e, 0x02, 0x00, 0x02, 0x00,
  0x31, 0x00, 0x80, 0x0c, 0x68, 0x02, 0x00, 0x24, 0x80, 0x04, 0x00, 0x06,
  0x00, 0x5e, 0x20, 0x04, 0x31, 0x20, 0x80, 0x0c, 0x68, 0x02, 0x40, 0x24,
  0xc0, 0x04, 0x00, 0x06, 0x00, 0x5e, 0x20, 0x04, 0x25, 0x00, 0xa0, 0x00,
  0x00, 0x00, 0x00, 0x20, 0x00, 0x00, 0x00, 0x0e, 0x10, 0x00, 0x00, 0x00,
  0x09, 0x00, 0x80, 0x00, 0x28, 0x0a, 0x00, 0x25, 0x80, 0x03, 0x8d, 0x1e,
  0x02, 0x00, 0x02, 0x00, 0x09, 0x20, 0x80, 0x00, 0x28, 0x0a, 0x40, 0x25,
  0xc0, 0x03, 0x8d, 0x1e, 0x02, 0x00, 0x02, 0x00, 0x10, 0x00, 0x80, 0x03,
  0x24, 0x0a, 0x00, 0x20, 0x80, 0x00, 0x00, 0x1e, 0x01, 0x00, 0x01, 0x00,
  0x10, 0x20, 0x80, 0x03, 0x24, 0x0a, 0x00, 0x20, 0x80, 0x00, 0x00, 0x1e,
  0x01, 0x00, 0x01, 0x00, 0x33, 0x00, 0x80, 0x0c, 0x70, 0x00, 0x02, 0x00,
  0x02, 0x05, 0x00, 0x00, 0xfe, 0x5e, 0x02, 0x04, 0x33, 0x20, 0x80, 0x0c,
  0x70, 0x20, 0x02, 0x00, 0x42, 0x05, 0x00, 0x00, 0xfe, 0x5e, 0x02, 0x04,
  0x20, 0x00, 0x01, 0x00, 0x04, 0x00, 0x00, 0x34, 0x00, 0x14, 0x00, 0x0e,
  0x20, 0x00, 0x00, 0x00, 0x01, 0x00, 0x00, 0x00, 0x2c, 0x1e, 0x8c, 0x20,
  0x00, 0x00, 0x00, 0x00, 0x01, 0x00, 0x01, 0x00, 0x20, 0x00, 0x00, 0x00,
  0x04, 0x00, 0x00, 0x34, 0x00, 0x14, 0x00, 0x0e, 0x60, 0x02, 0x00, 0x00,
  0x40, 0x00, 0x80, 0x00, 0x28, 0x0a, 0x80, 0x25, 0x80, 0x01, 0x8d, 0x1e,
  0x02, 0x00, 0x02, 0x00, 0x40, 0x20, 0x80, 0x00, 0x28, 0x0a, 0xc0, 0x25,
  0xc0, 0x01, 0x8d, 0x1e, 0x02, 0x00, 0x02, 0x00, 0x01, 0xc0, 0x12, 0x20,
  0x00, 0x04, 0x04, 0x00, 0x01, 0x00, 0x00, 0x00, 0x2c, 0x1e, 0x94, 0x20,
  0x00, 0x00, 0x00, 0x00, 0x01, 0x00, 0x01, 0x00, 0x0c, 0x00, 0x00, 0x00,
  0x2c, 0x0a, 0x98, 0x20, 0x90, 0x00, 0x00, 0x1e, 0x01, 0x00, 0x01, 0x00,
  0x05, 0x00, 0x60, 0x00, 0x0c, 0x02, 0xe0, 0x20, 0x68, 0x00, 0x00, 0x06,
  0x00, 0x00, 0x00, 0x8f, 0x01, 0x80, 0x00, 0x00, 0x04, 0x06, 0x00, 0x32,
  0x00, 0x00, 0x00, 0x00, 0x00, 0x00, 0x00, 0x00, 0x31, 0x00, 0x00, 0x03,
  0x04, 0x02, 0x00, 0x20, 0xe0, 0x00, 0x00, 0x06, 0x04, 0x00, 0x00, 0x02,
  0x30, 0x00, 0x00, 0x00, 0x04, 0x00, 0x00, 0x32, 0x00, 0x12, 0x00, 0x00,
  0x00, 0x00, 0x00, 0x00, 0x10, 0x00, 0x80, 0x03, 0x22, 0x0a, 0x00, 0x20,
  0x98, 0x00, 0x00, 0x0a, 0xa0, 0x00, 0x8d, 0x00, 0x10, 0x20, 0x80, 0x03,
  0x22, 0x0a, 0x00, 0x20, 0x98, 0x00, 0x00, 0x0a, 0x40, 0x01, 0x8d, 0x00,
  0x22, 0x00, 0xa1, 0x00, 0x02, 0x0e, 0x00, 0x20, 0x38, 0x01, 0x00, 0x00,
  0x38, 0x01, 0x00, 0x00, 0x41, 0x96, 0x29, 0x20, 0xe0, 0x30, 0x04, 0x1c,
  0x41, 0x96, 0x29, 0x20, 0xe0, 0x34, 0x04, 0x2c, 0x41, 0x20, 0x80, 0x00,
  0x28, 0x0a, 0x40, 0x26, 0x94, 0x00, 0x00, 0x0a, 0xc0, 0x03, 0x8d, 0x00,
  0x41, 0x20, 0x80, 0x00, 0x28, 0x0a, 0xc0, 0x26, 0x94, 0x00, 0x00, 0x0a,
  0xc0, 0x05, 0x8d, 0x00, 0x09, 0x00, 0x80, 0x00, 0x28, 0x0a, 0x00, 0x26,
  0x00, 0x06, 0x8d, 0x1e, 0x02, 0x00, 0x02, 0x00, 0x09, 0x00, 0x80, 0x00,
  0x28, 0x0a, 0x80, 0x26, 0x80, 0x06, 0x8d, 0x1e, 0x02, 0x00, 0x02, 0x00,
  0x09, 0x20, 0x80, 0x00, 0x28, 0x0a, 0x40, 0x26, 0x40, 0x06, 0x8d, 0x1e,
  0x02, 0x00, 0x02, 0x00, 0x09, 0x20, 0x80, 0x00, 0x28, 0x0a, 0xc0, 0x26,
  0xc0, 0x06, 0x8d, 0x1e, 0x02, 0x00, 0x02, 0x00, 0x40, 0x00, 0x80, 0x00,
  0x28, 0x0a, 0x00, 0x26, 0x00, 0x06, 0x8d, 0x1e, 0xfc, 0xff, 0xfc, 0xff,
  0x40, 0x00, 0x80, 0x00, 0x28, 0x0a, 0x80, 0x26, 0x80, 0x06, 0x8d, 0x1e,
  0xfc, 0xff, 0xfc, 0xff, 0x40, 0x20, 0x80, 0x00, 0x28, 0x0a, 0x40, 0x26,
  0x40, 0x06, 0x8d, 0x1e, 0xfc, 0xff, 0xfc, 0xff, 0x40, 0x20, 0x80, 0x00,
  0x28, 0x0a, 0xc0, 0x26, 0xc0, 0x06, 0x8d, 0x1e, 0xfc, 0xff, 0xfc, 0xff,
  0x31, 0x00, 0x80, 0x0c, 0x68, 0x02, 0x00, 0x27, 0x00, 0x06, 0x00, 0x06,
  0xfe, 0x5e, 0x20, 0x04, 0x31, 0x00, 0x80, 0x0c, 0x68, 0x02, 0x80, 0x27,
  0x80, 0x06, 0x00, 0x06, 0xfe, 0x5e, 0x20, 0x04, 0x31, 0x20, 0x80, 0x0c,
  0x68, 0x02, 0x40, 0x27, 0x40, 0x06, 0x00, 0x06, 0xfe, 0x5e, 0x20, 0x04,
  0x31, 0x20, 0x80, 0x0c, 0x68, 0x02, 0xc0, 0x27, 0xc0, 0x06, 0x00, 0x06,
  0xfe, 0x5e, 0x20, 0x04, 0x40, 0x56, 0x02, 0x20, 0xe7, 0x3c, 0x3c, 0x38,
  0x40, 0x20, 0x80, 0x00, 0xe8, 0x3a, 0xc0, 0x27, 0xc0, 0x07, 0x8d, 0x3a,
  0x40, 0x07, 0x8d, 0x00, 0x33, 0x00, 0x80, 0x0c, 0x70, 0xc0, 0x03, 0x00,
  0x82, 0x06, 0x00, 0x00, 0xfe, 0x5e, 0x02, 0x04, 0x33, 0x20, 0x80, 0x0c,
  0x70, 0xe0, 0x03, 0x00, 0xc2, 0x06, 0x00, 0x00, 0xfe, 0x5e, 0x02, 0x04,
  0x25, 0x00, 0xa0, 0x00, 0x00, 0x00, 0x00, 0x20, 0x00, 0x00, 0x00, 0x0e,
  0x10, 0x00, 0x00, 0x00, 0x09, 0x00, 0x00, 0x00, 0x2c, 0x0a, 0x94, 0x20,
  0x94, 0x00, 0x00, 0x1e, 0x01, 0x00, 0x01, 0x00, 0x10, 0x00, 0x80, 0x03,
  0x26, 0x0a, 0x00, 0x20, 0x90, 0x00, 0x00, 0x1e, 0x03, 0x00, 0x03, 0x00,
  0x10, 0x20, 0x80, 0x03, 0x26, 0x0a, 0x00, 0x20, 0x90, 0x00, 0x00, 0x1e,
  0x03, 0x00, 0x03, 0x00, 0x01, 0x00, 0x00, 0x00, 0x2c, 0x0a, 0x8c, 0x20,
  0x94, 0x00, 0x00, 0x00, 0x00, 0x00, 0x00, 0x00, 0x28, 0x00, 0xb1, 0x00,
  0x02, 0x0e, 0x00, 0x20, 0x20, 0x00, 0x00, 0x00, 0x20, 0x00, 0x00, 0x00,
  0x01, 0x00, 0x00, 0x00, 0x2c, 0x0a, 0x90, 0x20, 0x98, 0x00, 0x00, 0x00,
  0x00, 0x00, 0x00, 0x00, 0x27, 0x00, 0xa0, 0x10, 0x00, 0x00, 0x00, 0x20,
  0x00, 0x00, 0x00, 0x0e, 0xe8, 0xfd, 0xff, 0xff, 0x10, 0x00, 0x80, 0x01,
  0x62, 0x1a, 0x00, 0x20, 0x20, 0x00, 0xb1, 0x1e, 0x00, 0x00, 0x00, 0x00,
  0x10, 0x20, 0x80, 0x01, 0x62, 0x1a, 0x00, 0x20, 0x40, 0x00, 0xb1, 0x1e,
  0x00, 0x00, 0x00, 0x00, 0x22, 0x00, 0xa1, 0x00, 0x02, 0x0e, 0x00, 0x20,
  0x50, 0x00, 0x00, 0x00, 0x50, 0x00, 0x00, 0x00, 0x09, 0x00, 0x00, 0x00,
  0x2c, 0x0a, 0x9c, 0x20, 0x28, 0x01, 0x00, 0x1e, 0x03, 0x00, 0x03, 0x00,
  0x01, 0x00, 0x00, 0x00, 0xec, 0x3e, 0x20, 0x21, 0x00, 0x00, 0x00, 0x00,
  0x00, 0x00, 0x00, 0x00, 0x40, 0x00, 0x00, 0x00, 0x2c, 0x0a, 0x00, 0x21,
  0x9c, 0x00, 0x00, 0x1e, 0xfc, 0xff, 0xfc, 0xff, 0x33, 0x00, 0x00, 0x0a,
  0x14, 0x90, 0x00, 0x00, 0x01, 0x01, 0x00, 0x00, 0xfe, 0x08, 0x03, 0x02,
  0x25, 0x00, 0xa0, 0x00, 0x00, 0x00, 0x00, 0x20, 0x00, 0x00, 0x00, 0x0e,
  0x10, 0x00, 0x00, 0x00, 0x20, 0x00, 0x11, 0x00, 0x04, 0x00, 0x00, 0x34,
  0x00, 0x14, 0x00, 0x0e, 0x68, 0x02, 0x00, 0x00, 0x40, 0x00, 0x80, 0x00,
  0x28, 0x0a, 0x00, 0x28, 0x80, 0x01, 0x8d, 0x1e, 0x02, 0x00, 0x02, 0x00,
  0x40, 0x20, 0x80, 0x00, 0x28, 0x0a, 0x40, 0x28, 0xc0, 0x01, 0x8d, 0x1e,
  0x02, 0x00, 0x02, 0x00, 0x01, 0x00, 0x00, 0x00, 0x2c, 0x1e, 0x04, 0x21,
  0x00, 0x00, 0x00, 0x00, 0x01, 0x00, 0x01, 0x00, 0x0c, 0x00, 0x00, 0x00,
  0x2c, 0x0a, 0x8c, 0x20, 0x8c, 0x00, 0x00, 0x1e, 0x01, 0x00, 0x01, 0x00,
  0x05, 0x00, 0x60, 0x00, 0x0c, 0x02, 0x80, 0x28, 0x68, 0x00, 0x00, 0x06,
  0x00, 0x00, 0x00, 0x8f, 0x01, 0x80, 0x00, 0x00, 0x04, 0x06, 0x00, 0x32,
  0x00, 0x00, 0x00, 0x00, 0x00, 0x00, 0x00, 0x00, 0x31, 0x00, 0x00, 0x03,
  0x04, 0x02, 0x00, 0x20, 0x80, 0x08, 0x00, 0x06, 0x04, 0x00, 0x00, 0x02,
  0x30, 0x00, 0x00, 0x00, 0x04, 0x00, 0x00, 0x32, 0x00, 0x12, 0x00, 0x00,
  0x00, 0x00, 0x00, 0x00, 0x10, 0x00, 0x80, 0x03, 0x20, 0x02, 0x00, 0x20,
  0x04, 0x01, 0x00, 0x02, 0xa0, 0x00, 0x8d, 0x00, 0x10, 0x20, 0x80, 0x03,
  0x20, 0x02, 0x00, 0x20, 0x04, 0x01, 0x00, 0x02, 0x40, 0x01, 0x8d, 0x00,
  0x22, 0x00, 0xa1, 0x00, 0x00, 0x0e, 0x00, 0x20, 0x78, 0x01, 0x00, 0x00,
  0x78, 0x01, 0x00, 0x00, 0x41, 0x96, 0x1d, 0x20, 0xe0, 0x49, 0x04, 0x40,
  0x41, 0x20, 0x80, 0x00, 0x28, 0x0a, 0x60, 0x29, 0x8c, 0x00, 0x00, 0x0a,
  0x40, 0x08, 0x8d, 0x00, 0x41, 0x96, 0x1d, 0x20, 0xe0, 0x45, 0x04, 0x1c,
  0x41, 0x20, 0x80, 0x00, 0x28, 0x0a, 0xe0, 0x28, 0x8c, 0x00, 0x00, 0x0a,
  0xc0, 0x03, 0x8d, 0x00, 0x09, 0x00, 0x80, 0x00, 0x28, 0x0a, 0x20, 0x29,
  0x20, 0x09, 0x8d, 0x1e, 0x02, 0x00, 0x02, 0x00, 0x09, 0x20, 0x80, 0x00,
  0x28, 0x0a, 0x60, 0x29, 0x60, 0x09, 0x8d, 0x1e, 0x02, 0x00, 0x02, 0x00,
  0x09, 0x00, 0x80, 0x00, 0x28, 0x0a, 0xa0, 0x28, 0xa0, 0x08, 0x8d, 0x1e,
  0x02, 0x00, 0x02, 0x00, 0x09, 0x20, 0x80, 0x00, 0x28, 0x0a, 0xe0, 0x28,
  0xe0, 0x08, 0x8d, 0x1e, 0x02, 0x00, 0x02, 0x00, 0x40, 0x00, 0x80, 0x00,
  0x28, 0x0a, 0x20, 0x29, 0x20, 0x09, 0x8d, 0x1e, 0xfc, 0xff, 0xfc, 0xff,
  0x40, 0x20, 0x80, 0x00, 0x28, 0x0a, 0x60, 0x29, 0x60, 0x09, 0x8d, 0x1e,
  0xfc, 0xff, 0xfc, 0xff, 0x40, 0x00, 0x80, 0x00, 0x28, 0x0a, 0xa0, 0x28,
  0xa0, 0x08, 0x8d, 0x1e, 0xfc, 0xff, 0xfc, 0xff, 0x40, 0x20, 0x80, 0x00,
  0x28, 0x0a, 0xe0, 0x28, 0xe0, 0x08, 0x8d, 0x1e, 0xfc, 0xff, 0xfc, 0xff,
  0x31, 0x00, 0x80, 0x0c, 0x68, 0x02, 0x20, 0x2a, 0x20, 0x09, 0x00, 0x06,
  0xfe, 0x5e, 0x20, 0x04, 0x31, 0x20, 0x80, 0x0c, 0x68, 0x02, 0x60, 0x2a,
  0x60, 0x09, 0x00, 0x06, 0xfe, 0x5e, 0x20, 0x04, 0x31, 0x00, 0x80, 0x0c,
  0x68, 0x02, 0xa0, 0x29, 0xa0, 0x08, 0x00, 0x06, 0xfe, 0x5e, 0x20, 0x04,
  0x31, 0x20, 0x80, 0x0c, 0x68, 0x02, 0xe0, 0x29, 0xe0, 0x08, 0x00, 0x06,
  0xfe, 0x5e, 0x20, 0x04, 0x33, 0x00, 0x80, 0x0c, 0x70, 0x10, 0x05, 0x00,
  0xa2, 0x08, 0x00, 0x00, 0xfe, 0x5e, 0x02, 0x04, 0x33, 0x20, 0x80, 0x0c,
  0x70, 0x30, 0x05, 0x00, 0xe2, 0x08, 0x00, 0x00, 0xfe, 0x5e, 0x02, 0x04,
  0x31, 0x00, 0x80, 0x0c, 0x68, 0x02, 0xa0, 0x2a, 0x20, 0x09, 0x00, 0x06,
  0xfe, 0x5e, 0x20, 0x04, 0x31, 0x20, 0x80, 0x0c, 0x68, 0x02, 0xe0, 0x2a,
  0x60, 0x09, 0x00, 0x06, 0xfe, 0x5e, 0x20, 0x04, 0x40, 0x56, 0x02, 0x20,
  0xe7, 0x55, 0x55, 0x4d, 0x40, 0x20, 0x80, 0x00, 0xe8, 0x3a, 0xe0, 0x2a,
  0xe0, 0x0a, 0x8d, 0x3a, 0xe0, 0x09, 0x8d, 0x00, 0x33, 0x00, 0x80, 0x0c,
  0x70, 0x50, 0x05, 0x00, 0x22, 0x09, 0x00, 0x00, 0xfe, 0x5e, 0x02, 0x04,
  0x33, 0x20, 0x80, 0x0c, 0x70, 0x70, 0x05, 0x00, 0x62, 0x09, 0x00, 0x00,
  0xfe, 0x5e, 0x02, 0x04, 0x25, 0x00, 0xa0, 0x00, 0x00, 0x00, 0x00, 0x20,
  0x00, 0x00, 0x00, 0x0e, 0x10, 0x00, 0x00, 0x00, 0x09, 0x00, 0x00, 0x00,
  0x2c, 0x0a, 0x04, 0x21, 0x04, 0x01, 0x00, 0x1e, 0x01, 0x00, 0x01, 0x00,
  0x10, 0x00, 0x80, 0x05, 0x26, 0x0a, 0x00, 0x20, 0x04, 0x01, 0x00, 0x0a,
  0x80, 0x00, 0x00, 0x00, 0x10, 0x20, 0x80, 0x05, 0x26, 0x0a, 0x00, 0x20,
  0x04, 0x01, 0x00, 0x0a, 0x80, 0x00, 0x00, 0x00, 0x20, 0x00, 0x01, 0x00,
  0x06, 0x00, 0x00, 0x34, 0x00, 0x14, 0x00, 0x0e, 0xc8, 0xfd, 0xff, 0xff,
  0x05, 0x00, 0x60, 0x00, 0x0c, 0x02, 0x20, 0x2b, 0x68, 0x00, 0x00, 0x06,
  0x00, 0x00, 0x00, 0x8f, 0x01, 0x80, 0x00, 0x00, 0x04, 0x06, 0x00, 0x32,
  0x00, 0x00, 0x00, 0x00, 0x00, 0x00, 0x00, 0x00, 0x31, 0x00, 0x00, 0x03,
  0x04, 0x02, 0x00, 0x20, 0x20, 0x0b, 0x00, 0x06, 0x04, 0x00, 0x00, 0x02,
  0x30, 0x00, 0x00, 0x00, 0x04, 0x00, 0x00, 0x32, 0x00, 0x12, 0x00, 0x00,
  0x00, 0x00, 0x00, 0x00, 0x01, 0x20, 0x28, 0x20, 0x00, 0x30, 0x08, 0x00,
  0x22, 0x00, 0xa1, 0x00, 0x00, 0x0e, 0x00, 0x20, 0xd0, 0x00, 0x00, 0x00,
  0xd0, 0x00, 0x00, 0x00, 0x41, 0x00, 0x00, 0x00, 0x2c, 0x0a, 0x08, 0x21,
  0x64, 0x00, 0x00, 0x0a, 0x18, 0x01, 0x00, 0x00, 0x31, 0x00, 0x80, 0x0c,
  0x68, 0x02, 0x40, 0x2b, 0x00, 0x03, 0x00, 0x06, 0xfe, 0x5e, 0x20, 0x04,
  0x31, 0x20, 0x80, 0x0c, 0x68, 0x02, 0x80, 0x2b, 0x40, 0x03, 0x00, 0x06,
  0xfe, 0x5e, 0x20, 0x04, 0x40, 0x96, 0x5d, 0x20, 0x07, 0x5e, 0x0c, 0x08,
  0x40, 0x20, 0x80, 0x00, 0x28, 0x0a, 0x00, 0x2c, 0xc0, 0x01, 0x8d, 0x0a,
  0x08, 0x01, 0x00, 0x00, 0x09, 0x00, 0x80, 0x00, 0x28, 0x0a, 0xc0, 0x2b,
  0xc0, 0x0b, 0x8d, 0x1e, 0x02, 0x00, 0x02, 0x00, 0x09, 0x20, 0x80, 0x00,
  0x28, 0x0a, 0x00, 0x2c, 0x00, 0x0c, 0x8d, 0x1e, 0x02, 0x00, 0x02, 0x00,
  0x31, 0x00, 0x80, 0x0c, 0x68, 0x02, 0x40, 0x2c, 0xc0, 0x0b, 0x00, 0x06,
  0x00, 0x5e, 0x20, 0x04, 0x31, 0x20, 0x80, 0x0c, 0x68, 0x02, 0x80, 0x2c,
  0x00, 0x0c, 0x00, 0x06, 0x00, 0x5e, 0x20, 0x04, 0x40, 0x56, 0x02, 0x20,
  0xe7, 0x62, 0x5a, 0x62, 0x40, 0x20, 0x80, 0x00, 0xe8, 0x3a, 0x80, 0x2c,
  0x80, 0x0b, 0x8d, 0x3a, 0x80, 0x0c, 0x8d, 0x00, 0x33, 0x00, 0x80, 0x0c,
  0x70, 0x20, 0x06, 0x00, 0xc2, 0x0b, 0x00, 0x00, 0x01, 0x5e, 0x02, 0x04,
  0x33, 0x20, 0x80, 0x0c, 0x70, 0x40, 0x06, 0x00, 0x02, 0x0c, 0x00, 0x00,
  0x01, 0x5e, 0x02, 0x04, 0x25, 0x00, 0xa0, 0x00, 0x00, 0x00, 0x00, 0x20,
  0x00, 0x00, 0x00, 0x0e, 0x10, 0x00, 0x00, 0x00, 0x01, 0x20, 0x20, 0x20,
  0x00, 0x31, 0x08, 0x00, 0x22, 0x00, 0xa1, 0x00, 0x02, 0x0e, 0x00, 0x20,
  0xd0, 0x00, 0x00, 0x00, 0xd0, 0x00, 0x00, 0x00, 0x41, 0x00, 0x00, 0x00,
  0x2c, 0x0a, 0x0c, 0x21, 0x64, 0x00, 0x00, 0x0a, 0x18, 0x01, 0x00, 0x00,
  0x31, 0x00, 0x80, 0x0c, 0x68, 0x02, 0xc0, 0x2c, 0x00, 0x05, 0x00, 0x06,
  0xfe, 0x5e, 0x20, 0x04, 0x31, 0x20, 0x80, 0x0c, 0x68, 0x02, 0x00, 0x2d,
  0x40, 0x05, 0x00, 0x06, 0xfe, 0x5e, 0x20, 0x04, 0x40, 0x96, 0x65, 0x20,
  0x07, 0x6a, 0x1c, 0x08, 0x40, 0x20, 0x80, 0x00, 0x28, 0x0a, 0x80, 0x2d,
  0xc0, 0x03, 0x8d, 0x0a, 0x0c, 0x01, 0x00, 0x00, 0x09, 0x00, 0x80, 0x00,
  0x28, 0x0a, 0x40, 0x2d, 0x40, 0x0d, 0x8d, 0x1e, 0x02, 0x00, 0x02, 0x00,
  0x09, 0x20, 0x80, 0x00, 0x28, 0x0a, 0x80, 0x2d, 0x80, 0x0d, 0x8d, 0x1e,
  0x02, 0x00, 0x02, 0x00, 0x31, 0x00, 0x80, 0x0c, 0x68, 0x02, 0xc0, 0x2d,
  0x40, 0x0d, 0x00, 0x06, 0x00, 0x5e, 0x20, 0x04, 0x31, 0x20, 0x80, 0x0c,
  0x68, 0x02, 0x00, 0x2e, 0x80, 0x0d, 0x00, 0x06, 0x00, 0x5e, 0x20, 0x04,
  0x40, 0x56, 0x02, 0x20, 0xe7, 0x6e, 0x66, 0x6e, 0x40, 0x20, 0x80, 0x00,
  0xe8, 0x3a, 0x00, 0x2e, 0x00, 0x0d, 0x8d, 0x3a, 0x00, 0x0e, 0x8d, 0x00,
  0x33, 0x00, 0x80, 0x0c, 0x70, 0xe0, 0x06, 0x00, 0x42, 0x0d, 0x00, 0x00,
  0x01, 0x5e, 0x02, 0x04, 0x33, 0x20, 0x80, 0x0c, 0x70, 0x00, 0x07, 0x00,
  0x82, 0x0d, 0x00, 0x00, 0x01, 0x5e, 0x02, 0x04, 0x25, 0x00, 0xa0, 0x00,
  0x00, 0x00, 0x00, 0x20, 0x00, 0x00, 0x00, 0x0e, 0x10, 0x00, 0x00, 0x00,
  0x01, 0x4d, 0x00, 0x20, 0x07, 0x7f, 0x03, 0x00, 0x31, 0x00, 0x60, 0x07,
  0x04, 0x02, 0x00, 0x20, 0xe0, 0x0f, 0x00, 0x06, 0x10, 0x00, 0x00, 0x82,
  0x00, 0x00, 0x00, 0x00, 0x00, 0x00, 0x00, 0x00, 0x00, 0x00, 0x00, 0x00,
  0x00, 0x00, 0x00, 0x00, 0x00, 0x00, 0x00, 0x00, 0x00, 0x00, 0x00, 0x00,
  0x00, 0x00, 0x00, 0x00, 0x00, 0x00, 0x00, 0x00, 0x00, 0x00, 0x00, 0x00,
  0x00, 0x00, 0x00, 0x00, 0x00, 0x00, 0x00, 0x00, 0x00, 0x00, 0x00, 0x00,
  0x00, 0x00, 0x00, 0x00, 0x00, 0x00, 0x00, 0x00, 0x00, 0x00, 0x00, 0x00,
  0x00, 0x00, 0x00, 0x00, 0x00, 0x00, 0x00, 0x00, 0x00, 0x00, 0x00, 0x00,
  0x00, 0x00, 0x00, 0x00, 0x00, 0x00, 0x00, 0x00, 0x00, 0x00, 0x00, 0x00,
  0x00, 0x00, 0x00, 0x00, 0x00, 0x00, 0x00, 0x00, 0x00, 0x00, 0x00, 0x00,
  0x00, 0x00, 0x00, 0x00, 0x00, 0x00, 0x00, 0x00, 0x00, 0x00, 0x00, 0x00,
  0x00, 0x00, 0x00, 0x00, 0x00, 0x00, 0x00, 0x00, 0x00, 0x00, 0x00, 0x00,
  0x00, 0x00, 0x00, 0x00, 0x00, 0x00, 0x00, 0x00, 0x00, 0x00, 0x00, 0x00,
  0x00, 0x00, 0x00, 0x00, 0x00, 0x00, 0x00, 0x00, 0x00, 0x00, 0x00, 0x00,
  0x00, 0x00, 0x00, 0x00, 0x00, 0x00, 0x00, 0x00, 0x00, 0x00, 0x00, 0x00,
  0x00, 0x00, 0x00, 0x00, 0x00, 0x00, 0x00, 0x00, 0x00, 0x00, 0x00, 0x00,
  0x00, 0x00, 0x00, 0x00, 0x00, 0x00, 0x00, 0x00, 0xc3, 0x00, 0x00, 0x00,
  0x00, 0x00, 0x00, 0x00, 0x00, 0x00, 0x00, 0x00, 0x03, 0x00, 0x00, 0x00,
  0x00, 0xc0, 0xff, 0x83, 0x00, 0x00, 0x00, 0x03, 0x7f, 0x00, 0xff, 0x1f,
  0x00, 0x00, 0xe0, 0x0f, 0x00, 0x00, 0x00, 0x00, 0x00, 0x00, 0x00, 0x00,
  0x00, 0x00, 0x00, 0x00, 0x00, 0x00, 0x00, 0x00, 0x00, 0x00, 0x00, 0x00,
  0x00, 0x00, 0x00, 0x00, 0x00, 0x00, 0x00, 0x00, 0x00, 0x00, 0x00, 0x00,
  0x00, 0x00, 0x00, 0x00, 0x00, 0x00, 0x00, 0x00, 0x00, 0x00, 0x00, 0x00,
  0x00, 0x00, 0x00, 0x00, 0x00, 0xc0, 0xff, 0x83, 0x00, 0x00, 0x00, 0x03,
  0x7f, 0x00, 0xff, 0x1f, 0x00, 0x00, 0xe0, 0x0f, 0x00, 0x00, 0x00, 0x00,
  0x00, 0x00, 0x00, 0x00, 0x00, 0x00, 0x00, 0x00, 0x00, 0x00, 0x00, 0x00,
  0x00, 0x00, 0x00, 0x00, 0x00, 0x00, 0x00, 0x00, 0x00, 0x00, 0x00, 0x00,
  0x00, 0x00, 0x00, 0x00, 0x00, 0x00, 0x00, 0x00, 0x00, 0x00, 0x00, 0x00,
  0x00, 0x00, 0x00, 0x00, 0x00, 0x00, 0x00, 0x00, 0x00, 0xc0, 0xff, 0x87,
  0x00, 0x00, 0x00, 0x03, 0x7f, 0x00, 0xff, 0x1f, 0x00, 0x00, 0xe0, 0x0f,
  0x00, 0x00, 0x00, 0x00, 0x00, 0x00, 0x00, 0x00, 0x00, 0x00, 0x00, 0x00,
  0x00, 0x00, 0x00, 0x00, 0x00, 0x00, 0x00, 0x00, 0x00, 0x00, 0x00, 0x00,
  0x00, 0x00, 0x00, 0x00, 0x00, 0x00, 0x00, 0x00, 0x00, 0x00, 0x00, 0x00,
  0x00, 0x00, 0x00, 0x00, 0x00, 0x00, 0x00, 0x00, 0x00, 0x00, 0x00, 0x00,
  0x00, 0x00, 0x00, 0x00, 0x40, 0x00, 0x00, 0x00, 0x80, 0x00, 0x00, 0x00,
  0x13, 0x00, 0x00, 0x00, 0x0c, 0x00, 0x00, 0x00, 0x00, 0x00, 0x00, 0x00,
  0x15, 0x00, 0x00, 0x00, 0x18, 0x00, 0x00, 0x00, 0x00, 0x00, 0x00, 0x00,
  0x00, 0x00, 0x00, 0x00, 0x00, 0x00, 0x00, 0x00, 0xc0, 0x00, 0x00, 0x00,
  0x08, 0x00, 0x00, 0x00, 0x14, 0x00, 0x00, 0x00, 0xc0, 0x00, 0x00, 0x00,
  0x03, 0x00, 0x00, 0x00, 0x00, 0x00, 0x00, 0x00, 0x11, 0x00, 0x00, 0x00,
  0x28, 0x00, 0x00, 0x00, 0x08, 0x00, 0x00, 0x00, 0x02, 0x00, 0x00, 0x00,
  0x20, 0x00, 0x00, 0x00, 0x08, 0x00, 0x00, 0x00, 0x04, 0x00, 0x00, 0x00,
  0xff, 0xff, 0xff, 0xff, 0xff, 0xff, 0xff, 0xff, 0x00, 0x00, 0x00, 0x00,
  0x11, 0x00, 0x00, 0x00, 0x28, 0x00, 0x00, 0x00, 0x10, 0x00, 0x00, 0x00,
  0x00, 0x00, 0x00, 0x00, 0x00, 0x00, 0x00, 0x00, 0x04, 0x00, 0x00, 0x00,
  0x00, 0x00, 0x00, 0x00, 0x00, 0x00, 0x00, 0x00, 0x00, 0x00, 0x00, 0x00,
  0x00, 0x00, 0x00, 0x00, 0x11, 0x00, 0x00, 0x00, 0x28, 0x00, 0x00, 0x00,
  0x10, 0x00, 0x00, 0x00, 0x00, 0x00, 0x00, 0x00, 0x04, 0x00, 0x00, 0x00,
  0x04, 0x00, 0x00, 0x00, 0x04, 0x00, 0x00, 0x00, 0x00, 0x00, 0x00, 0x00,
  0x00, 0x00, 0x00, 0x00, 0x00, 0x00, 0x00, 0x00, 0x11, 0x00, 0x00, 0x00,
  0x28, 0x00, 0x00, 0x00, 0x10, 0x00, 0x00, 0x00, 0x00, 0x00, 0x00, 0x00,
  0x08, 0x00, 0x00, 0x00, 0x04, 0x00, 0x00, 0x00, 0x08, 0x00, 0x00, 0x00,
  0x00, 0x00, 0x00, 0x00, 0x00, 0x00, 0x00, 0x00, 0x00, 0x00, 0x00, 0x00,
  0x11, 0x00, 0x00, 0x00, 0x28, 0x00, 0x00, 0x00, 0x02, 0x00, 0x00, 0x00,
  0x00, 0x00, 0x00, 0x00, 0x0c, 0x00, 0x00, 0x00, 0x04, 0x00, 0x00, 0x00,
  0x00, 0x00, 0x00, 0x00, 0x00, 0x00, 0x00, 0x00, 0x00, 0x00, 0x00, 0x00,
  0x00, 0x00, 0x00, 0x00, 0x11, 0x00, 0x00, 0x00, 0x28, 0x00, 0x00, 0x00,
  0x02, 0x00, 0x00, 0x00, 0x00, 0x00, 0x00, 0x00, 0x10, 0x00, 0x00, 0x00,
  0x04, 0x00, 0x00, 0x00, 0x04, 0x00, 0x00, 0x00, 0x00, 0x00, 0x00, 0x00,
  0x00, 0x00, 0x00, 0x00, 0x00, 0x00, 0x00, 0x00, 0x11, 0x00, 0x00, 0x00,
  0x28, 0x00, 0x00, 0x00, 0x02, 0x00, 0x00, 0x00, 0x00, 0x00, 0x00, 0x00,
  0x14, 0x00, 0x00, 0x00, 0x04, 0x00, 0x00, 0x00, 0x08, 0x00, 0x00, 0x00,
  0x00, 0x00, 0x00, 0x00, 0x00, 0x00, 0x00, 0x00, 0x00, 0x00, 0x00, 0x00,
  0x11, 0x00, 0x00, 0x00, 0x28, 0x00, 0x00, 0x00, 0x2b, 0x00, 0x00, 0x00,
  0x00, 0x00, 0x00, 0x00, 0x28, 0x00, 0x00, 0x00, 0x04, 0x00, 0x00, 0x00,
  0x00, 0x00, 0x00, 0x00, 0x00, 0x00, 0x00, 0x00, 0x00, 0x00, 0x00, 0x00,
  0x00, 0x00, 0x00, 0x00, 0x11, 0x00, 0x00, 0x00, 0x28, 0x00, 0x00, 0x00,
  0x2b, 0x00, 0x00, 0x00, 0x01, 0x00, 0x00, 0x00, 0x30, 0x00, 0x00, 0x00,
  0x04, 0x00, 0x00, 0x00, 0x00, 0x00, 0x00, 0x00, 0x00, 0x00, 0x00, 0x00,
  0x00, 0x00, 0x00, 0x00, 0x00, 0x00, 0x00, 0x00, 0x11, 0x00, 0x00, 0x00,
  0x28, 0x00, 0x00, 0x00, 0x02, 0x00, 0x00, 0x00, 0x00, 0x00, 0x00, 0x00,
  0x48, 0x00, 0x00, 0x00, 0x04, 0x00, 0x00, 0x00, 0x00, 0x00, 0x00, 0x00,
  0x00, 0x00, 0x00, 0x00, 0x00, 0x00, 0x00, 0x00, 0x00, 0x00, 0x00, 0x00,
  0x11, 0x00, 0x00, 0x00, 0x28, 0x00, 0x00, 0x00, 0x02, 0x00, 0x00, 0x00,
  0x00, 0x00, 0x00, 0x00, 0x4c, 0x00, 0x00, 0x00, 0x04, 0x00, 0x00, 0x00,
  0x04, 0x00, 0x00, 0x00, 0x00, 0x00, 0x00, 0x00, 0x00, 0x00, 0x00, 0x00,
  0x00, 0x00, 0x00, 0x00, 0x11, 0x00, 0x00, 0x00, 0x28, 0x00, 0x00, 0x00,
  0x02, 0x00, 0x00, 0x00, 0x00, 0x00, 0x00, 0x00, 0x50, 0x00, 0x00, 0x00,
  0x04, 0x00, 0x00, 0x00, 0x08, 0x00, 0x00, 0x00, 0x00, 0x00, 0x00, 0x00,
  0x00, 0x00, 0x00, 0x00, 0x00, 0x00, 0x00, 0x00, 0x1e, 0x00, 0x00, 0x00,
  0x24, 0x00, 0x00, 0x00, 0x00, 0x00, 0x00, 0x00, 0x00, 0x00, 0x00, 0x00,
  0x28, 0x00, 0x00, 0x00, 0x08, 0x00, 0x00, 0x00, 0xff, 0xff, 0xff, 0xff,
  0xff, 0xff, 0xff, 0xff, 0x00, 0x00, 0x00, 0x00, 0x1e, 0x00, 0x00, 0x00,
  0x24, 0x00, 0x00, 0x00, 0x01, 0x00, 0x00, 0x00, 0x40, 0x00, 0x00, 0x00,
  0x30, 0x00, 0x00, 0x00, 0x08, 0x00, 0x00, 0x00, 0xff, 0xff, 0xff, 0xff,
  0xff, 0xff, 0xff, 0xff, 0x00, 0x00, 0x00, 0x00, 0x2c, 0x00, 0x00, 0x00,
  0x18, 0x00, 0x00, 0x00, 0x00, 0x00, 0x00, 0x00, 0x80, 0x00, 0x00, 0x00,
  0x40, 0x00, 0x00, 0x00, 0x08, 0x00, 0x00, 0x00, 0x11, 0x00, 0x00, 0x00,
  0x28, 0x00, 0x00, 0x00, 0x01, 0x00, 0x00, 0x00, 0x03, 0x00, 0x00, 0x00,
  0x38, 0x00, 0x00, 0x00, 0x04, 0x00, 0x00, 0x00, 0x00, 0x00, 0x00, 0x00,
  0xff, 0xff, 0xff, 0xff, 0xff, 0xff, 0xff, 0xff, 0x00, 0x00, 0x00, 0x00,
  0x19, 0x00, 0x00, 0x00, 0x0c, 0x00, 0x00, 0x00, 0x60, 0x00, 0x00, 0x00,
  0x16, 0x00, 0x00, 0x00, 0x58, 0x00, 0x00, 0x00, 0x00, 0x00, 0x00, 0x00,
  0x01, 0x00, 0x00, 0x00, 0x01, 0x00, 0x00, 0x00, 0x01, 0x00, 0x00, 0x00,
  0x00, 0x00, 0x00, 0x00, 0x01, 0x00, 0x00, 0x00, 0x00, 0x00, 0x00, 0x00,
  0x00, 0x00, 0x00, 0x00, 0x00, 0x00, 0x00, 0x00, 0x00, 0x00, 0x00, 0x00,
  0x00, 0x00, 0x00, 0x00, 0x00, 0x00, 0x00, 0x00, 0x00, 0x00, 0x00, 0x00,
  0x00, 0x00, 0x00, 0x00, 0x00, 0x00, 0x00, 0x00, 0x00, 0x00, 0x00, 0x00,
  0x00, 0x00, 0x00, 0x00, 0x00, 0x00, 0x00, 0x00, 0x00, 0x00, 0x00, 0x00,
  0x00, 0x00, 0x00, 0x00, 0x17, 0x00, 0x00, 0x00, 0x8c, 0x00, 0x00, 0x00,
  0x00, 0x00, 0x00, 0x00, 0x00, 0x00, 0x00, 0x00, 0x00, 0x00, 0x00, 0x00,
  0x20, 0x00, 0x00, 0x00, 0x00, 0x00, 0x00, 0x00, 0x01, 0x00, 0x00, 0x00,
  0x00, 0x00, 0x00, 0x00, 0x00, 0x00, 0x00, 0x00, 0x00, 0x00, 0x00, 0x00,
  0x01, 0x00, 0x00, 0x00, 0x00, 0x00, 0x00, 0x00, 0x00, 0x00, 0x00, 0x00,
  0x00, 0x00, 0x00, 0x00, 0x00, 0x00, 0x00, 0x00, 0x00, 0x00, 0x00, 0x00,
  0x00, 0x00, 0x00, 0x00, 0x00, 0x00, 0x00, 0x00, 0x00, 0x00, 0x00, 0x00,
  0x01, 0x00, 0x00, 0x00, 0x00, 0x00, 0x00, 0x00, 0x80, 0x00, 0x00, 0x00,
  0x00, 0x00, 0x00, 0x00, 0x00, 0x00, 0x00, 0x00, 0x00, 0x00, 0x00, 0x00,
  0x00, 0x00, 0x00, 0x00, 0x07, 0x00, 0x00, 0x00, 0x00, 0x00, 0x00, 0x00,
  0x00, 0x00, 0x00, 0x00, 0x00, 0x00, 0x00, 0x00, 0x00, 0x00, 0x00, 0x00,
  0x00, 0x00, 0x15, 0x00, 0x00, 0x00, 0x00, 0x00, 0x00, 0x00, 0x00, 0x00,
  0x1b, 0x00, 0x00, 0x00, 0x10, 0x00, 0x00, 0x00, 0x04, 0x00, 0x00, 0x00,
  0x00, 0x00, 0x00, 0x00, 0x1a, 0x00, 0x00, 0x00, 0x4c, 0x00, 0x00, 0x00,
  0x00, 0x00, 0x00, 0x00, 0x0c, 0x00, 0x00, 0x00, 0x08, 0x00, 0x00, 0x00,
  0x04, 0x00, 0x00, 0x00, 0x0c, 0x00, 0x00, 0x00, 0x08, 0x00, 0x00, 0x00,
  0x5f, 0x5f, 0x67, 0x6c, 0x6f, 0x62, 0x61, 0x6c, 0x00, 0x00, 0x00, 0x00,
  0x4e, 0x4f, 0x4e, 0x45, 0x00, 0x00, 0x00, 0x00, 0x73, 0x72, 0x63, 0x00,
  0x66, 0x6c, 0x6f, 0x61, 0x74, 0x2a, 0x3b, 0x38, 0x00, 0x00, 0x00, 0x00,
  0x4e, 0x4f, 0x4e, 0x45, 0x00, 0x00, 0x00, 0x00, 0x1a, 0x00, 0x00, 0x00,
  0x4c, 0x00, 0x00, 0x00, 0x01, 0x00, 0x00, 0x00, 0x0c, 0x00, 0x00, 0x00,
  0x08, 0x00, 0x00, 0x00, 0x04, 0x00, 0x00, 0x00, 0x0c, 0x00, 0x00, 0x00,
  0x08, 0x00, 0x00, 0x00, 0x5f, 0x5f, 0x67, 0x6c, 0x6f, 0x62, 0x61, 0x6c,
  0x00, 0x00, 0x00, 0x00, 0x4e, 0x4f, 0x4e, 0x45, 0x00, 0x00, 0x00, 0x00,
  0x64, 0x73, 0x74, 0x00, 0x66, 0x6c, 0x6f, 0x61, 0x74, 0x2a, 0x3b, 0x38,
  0x00, 0x00, 0x00, 0x00, 0x4e, 0x4f, 0x4e, 0x45, 0x00, 0x00, 0x00, 0x00,
  0x1a, 0x00, 0x00, 0x00, 0x4c, 0x00, 0x00, 0x00, 0x02, 0x00, 0x00, 0x00,
  0x08, 0x00, 0x00, 0x00, 0x08, 0x00, 0x00, 0x00, 0x08, 0x00, 0x00, 0x00,
  0x0c, 0x00, 0x00, 0x00, 0x08, 0x00, 0x00, 0x00, 0x5f, 0x5f, 0x6c, 0x6f,
  0x63, 0x61, 0x6c, 0x00, 0x4e, 0x4f, 0x4e, 0x45, 0x00, 0x00, 0x00, 0x00,
  0x74, 0x65, 0x6d, 0x70, 0x00, 0x00, 0x00, 0x00, 0x66, 0x6c, 0x6f, 0x61,
  0x74, 0x2a, 0x3b, 0x38, 0x00, 0x00, 0x00, 0x00, 0x4e, 0x4f, 0x4e, 0x45,
  0x00, 0x00, 0x00, 0x00, 0x1a, 0x00, 0x00, 0x00, 0x48, 0x00, 0x00, 0x00,
  0x03, 0x00, 0x00, 0x00, 0x0c, 0x00, 0x00, 0x00, 0x08, 0x00, 0x00, 0x00,
  0x04, 0x00, 0x00, 0x00, 0x08, 0x00, 0x00, 0x00, 0x08, 0x00, 0x00, 0x00,
  0x5f, 0x5f, 0x70, 0x72, 0x69, 0x76, 0x61, 0x74, 0x65, 0x00, 0x00, 0x00,
  0x4e, 0x4f, 0x4e, 0x45, 0x00, 0x00, 0x00, 0x00, 0x77, 0x00, 0x00, 0x00,
  0x75, 0x69, 0x6e, 0x74, 0x3b, 0x34, 0x00, 0x00, 0x4e, 0x4f, 0x4e, 0x45,
  0x00, 0x00, 0x00, 0x00, 0x7a, 0x67, 0x2e, 0x2a, 0xe4, 0x88, 0x33, 0x9e,
  0x39, 0xa1, 0xe5, 0x52, 0x0c, 0x00, 0x00, 0x00, 0x3c, 0x05, 0x00, 0x00,
  0xc0, 0x0b, 0x00, 0x00, 0x00, 0x00, 0x00, 0x00, 0x20, 0x00, 0x00, 0x00,
  0xcc, 0x00, 0x00, 0x00, 0x28, 0x0b, 0x00, 0x00, 0x63, 0x6f, 0x6c, 0x49,
  0x6e, 0x74, 0x65, 0x67, 0x72, 0x61, 0x6c, 0x00, 0x01, 0x00, 0x60, 0x00,
  0x0c, 0x02, 0x60, 0x20, 0x00, 0x00, 0x20, 0x00, 0x00, 0x00, 0x00, 0x00,
  0x06, 0x80, 0x00, 0x00, 0x04, 0x00, 0x00, 0x30, 0x00, 0x10, 0x00, 0x16,
  0xc0, 0x04, 0xc0, 0x04, 0x01, 0x00, 0x80, 0x00, 0x28, 0x12, 0xa0, 0x20,
  0x20, 0x00, 0xb1, 0x00, 0x00, 0x00, 0x00, 0x00, 0x01, 0x20, 0x80, 0x00,
  0x28, 0x12, 0x40, 0x21, 0x40, 0x00, 0xb1, 0x00, 0x00, 0x00, 0x00, 0x00,
  0x09, 0x00, 0x00, 0x00, 0x2c, 0x0a, 0x80, 0x20, 0x28, 0x01, 0x00, 0x1e,
  0x01, 0x00, 0x01, 0x00, 0x09, 0x00, 0x80, 0x00, 0x28, 0x0a, 0x80, 0x21,
  0xa0, 0x00, 0x8d, 0x1e, 0x01, 0x00, 0x01, 0x00, 0x09, 0x20, 0x80, 0x00,
  0x28, 0x0a, 0xc0, 0x21, 0x40, 0x01, 0x8d, 0x1e, 0x01, 0x00, 0x01, 0x00,
  0x10, 0x00, 0x80, 0x05, 0x20, 0x02, 0x00, 0x20, 0x80, 0x01, 0x8d, 0x02,
  0x18, 0x01, 0x00, 0x00, 0x01, 0x00, 0x00, 0x00, 0x0c, 0x00, 0x04, 0x21,
  0x00, 0x06, 0x00, 0x00, 0x00, 0x00, 0x00, 0x00, 0x01, 0x20, 0x14, 0x20,
  0x00, 0x31, 0x08, 0x00, 0x10, 0x20, 0x80, 0x05, 0x22, 0x02, 0x00, 0x20,
  0xc0, 0x01, 0x8d, 0x02, 0x18, 0x01, 0x00, 0x00, 0x01, 0x00, 0x00, 0x00,
  0x0c, 0x00, 0x04, 0x21, 0x20, 0x06, 0x00, 0x00, 0x00, 0x00, 0x00, 0x00,
  0x01, 0x20, 0x14, 0x20, 0x00, 0x30, 0x08, 0x00, 0x22, 0x00, 0xb1, 0x00,
  0x00, 0x0e, 0x00, 0x20, 0xb0, 0x00, 0x00, 0x00, 0x40, 0x00, 0x00, 0x00,
  0x01, 0x00, 0x80, 0x00, 0xe8, 0x3e, 0x00, 0x22, 0x00, 0x00, 0x00, 0x00,
  0x00, 0x00, 0x00, 0x00, 0x01, 0x20, 0x80, 0x00, 0xe8, 0x3e, 0x40, 0x22,
  0x00, 0x00, 0x00, 0x00, 0x00, 0x00, 0x00, 0x00, 0x24, 0x00, 0xa0, 0x00,
  0x00, 0x0e, 0x00, 0x20, 0x80, 0x00, 0x00, 0x00, 0x80, 0x00, 0x00, 0x00,
  0x41, 0x96, 0x79, 0x20, 0x07, 0x14, 0x0c, 0x08, 0x41, 0x20, 0x80, 0x00,
  0x28, 0x0a, 0xc0, 0x22, 0xc0, 0x01, 0x8d, 0x0a, 0x1c, 0x01, 0x00, 0x00,
  0x40, 0x96, 0x2d, 0x20, 0x07, 0x14, 0x14, 0x03, 0x40, 0x20, 0x80, 0x00,
  0x28, 0x0a, 0xc0, 0x22, 0xc0, 0x02, 0x8d, 0x0a, 0x64, 0x00, 0x00, 0x00,
  0x09, 0x00, 0x80, 0x00, 0x28, 0x0a, 0x80, 0x22, 0x80, 0x02, 0x8d, 0x1e,
  0x02, 0x00, 0x02, 0x00, 0x09, 0x20, 0x80, 0x00, 0x28, 0x0a, 0xc0, 0x22,
  0xc0, 0x02, 0x8d, 0x1e, 0x02, 0x00, 0x02, 0x00, 0x31, 0x00, 0x80, 0x0c,
  0x68, 0x02, 0x00, 0x22, 0x80, 0x02, 0x00, 0x06, 0x00, 0x5e, 0x20, 0x04,
  0x31, 0x20, 0x80, 0x0c, 0x68, 0x02, 0x40, 0x22, 0xc0, 0x02, 0x00, 0x06,
  0x00, 0x5e, 0x20, 0x04, 0x25, 0x00, 0xa0, 0x00, 0x00, 0x00, 0x00, 0x20,
  0x00, 0x00, 0x00, 0x0e, 0x10, 0x00, 0x00, 0x00, 0x40, 0x00, 0x80, 0x00,
  0x28, 0x0a, 0x80, 0x23, 0x80, 0x01, 0x8d, 0x1e, 0x01, 0x00, 0x01, 0x00,
  0x40, 0x20, 0x80, 0x00, 0x28, 0x0a, 0xc0, 0x23, 0xc0, 0x01, 0x8d, 0x1e,
  0x01, 0x00, 0x01, 0x00, 0x09, 0x00, 0x80, 0x00, 0x28, 0x0a, 0x00, 0x23,
  0xa0, 0x00, 0x8d, 0x1e, 0x03, 0x00, 0x03, 0x00, 0x09, 0x20, 0x80, 0x00,
  0x28, 0x0a, 0x40, 0x23, 0x40, 0x01, 0x8d, 0x1e, 0x03, 0x00, 0x03, 0x00,
  0x10, 0x00, 0x80, 0x05, 0x22, 0x02, 0x00, 0x20, 0x80, 0x03, 0x8d, 0x02,
  0x18, 0x01, 0x00, 0x00, 0x33, 0x00, 0x80, 0x0c, 0x70, 0x00, 0x01, 0x00,
  0x02, 0x03, 0x00, 0x00, 0xfe, 0x5e, 0x02, 0x04, 0x33, 0x20, 0x80, 0x0c,
  0x70, 0x20, 0x01, 0x00, 0x42, 0x03, 0x00, 0x00, 0xfe, 0x5e, 0x02, 0x04,
  0x01, 0x00, 0x00, 0x00, 0x0c, 0x00, 0x9c, 0x20, 0x20, 0x06, 0x00, 0x00,
  0x00, 0x00, 0x00, 0x00, 0x01, 0x00, 0x00, 0x00, 0x04, 0x02, 0x00, 0x26,
  0x9c, 0x00, 0x00, 0x00, 0x00, 0x00, 0x00, 0x00, 0x10, 0x20, 0x80, 0x05,
  0x20, 0x02, 0x00, 0x20, 0xc0, 0x03, 0x8d, 0x02, 0x18, 0x01, 0x00, 0x00,
  0x01, 0x00, 0x00, 0x00, 0x0c, 0x00, 0x9c, 0x20, 0x00, 0x06, 0x00, 0x00,
  0x00, 0x00, 0x00, 0x00, 0x01, 0x00, 0x00, 0x00, 0x04, 0x02, 0x20, 0x26,
  0x9c, 0x00, 0x00, 0x00, 0x00, 0x00, 0x00, 0x00, 0x22, 0x00, 0xb1, 0x00,
  0x02, 0x0e, 0x00, 0x20, 0xb0, 0x00, 0x00, 0x00, 0x40, 0x00, 0x00, 0x00,
  0x01, 0x00, 0x80, 0x00, 0xe8, 0x3e, 0x00, 0x24, 0x00, 0x00, 0x00, 0x00,
  0x00, 0x00, 0x00, 0x00, 0x01, 0x20, 0x80, 0x00, 0xe8, 0x3e, 0x40, 0x24,
  0x00, 0x00, 0x00, 0x00, 0x00, 0x00, 0x00, 0x00, 0x24, 0x00, 0xa0, 0x00,
  0x00, 0x0e, 0x00, 0x20, 0x80, 0x00, 0x00, 0x00, 0x80, 0x00, 0x00, 0x00,
  0x41, 0x96, 0x79, 0x20, 0x07, 0x24, 0x1c, 0x08, 0x41, 0x20, 0x80, 0x00,
  0x28, 0x0a, 0xc0, 0x24, 0xc0, 0x03, 0x8d, 0x0a, 0x1c, 0x01, 0x00, 0x00,
  0x40, 0x96, 0x2d, 0x20, 0x07, 0x24, 0x24, 0x03, 0x40, 0x20, 0x80, 0x00,
  0x28, 0x0a, 0xc0, 0x24, 0xc0, 0x04, 0x8d, 0x0a, 0x64, 0x00, 0x00, 0x00,
  0x09, 0x00, 0x80, 0x00, 0x28, 0x0a, 0x80, 0x24, 0x80, 0x04, 0x8d, 0x1e,
  0x02, 0x00, 0x02, 0x00, 0x09, 0x20, 0x80, 0x00, 0x28, 0x0a, 0xc0, 0x24,
  0xc0, 0x04, 0x8d, 0x1e, 0x02, 0x00, 0x02, 0x00, 0x31, 0x00, 0x80, 0x0c,
  0x68, 0x02, 0x00, 0x24, 0x80, 0x04, 0x00, 0x06, 0x00, 0x5e, 0x20, 0x04,
  0x31, 0x20, 0x80, 0x0c, 0x68, 0x02, 0x40, 0x24, 0xc0, 0x04, 0x00, 0x06,
  0x00, 0x5e, 0x20, 0x04, 0x25, 0x00, 0xa0, 0x00, 0x00, 0x00, 0x00, 0x20,
  0x00, 0x00, 0x00, 0x0e, 0x10, 0x00, 0x00, 0x00, 0x09, 0x00, 0x80, 0x00,
  0x28, 0x0a, 0x00, 0x25, 0x80, 0x03, 0x8d, 0x1e, 0x02, 0x00, 0x02, 0x00,
  0x09, 0x20, 0x80, 0x00, 0x28, 0x0a, 0x40, 0x25, 0xc0, 0x03, 0x8d, 0x1e,
  0x02, 0x00, 0x02, 0x00, 0x10, 0x00, 0x80, 0x03, 0x24, 0x0a, 0x00, 0x20,
  0x80, 0x00, 0x00, 0x1e, 0x01, 0x00, 0x01, 0x00, 0x10, 0x20, 0x80, 0x03,
  0x24, 0x0a, 0x00, 0x20, 0x80, 0x00, 0x00, 0x1e, 0x01, 0x00, 0x01, 0x00,
  0x33, 0x00, 0x80, 0x0c, 0x70, 0x00, 0x02, 0x00, 0x02, 0x05, 0x00, 0x00,
  0xfe, 0x5e, 0x02, 0x04, 0x33, 0x20, 0x80, 0x0c, 0x70, 0x20, 0x02, 0x00,
  0x42, 0x05, 0x00, 0x00, 0xfe, 0x5e, 0x02, 0x04, 0x20, 0x00, 0x01, 0x00,
  0x04, 0x00, 0x00, 0x34, 0x00, 0x14, 0x00, 0x0e, 0x20, 0x00, 0x00, 0x00,
  0x01, 0x00, 0x00, 0x00, 0x2c, 0x1e, 0x84, 0x20, 0x00, 0x00, 0x00, 0x00,
  0x01, 0x00, 0x01, 0x00, 0x20, 0x00, 0x00, 0x00, 0x04, 0x00, 0x00, 0x34,
  0x00, 0x14, 0x00, 0x0e, 0x60, 0x02, 0x00, 0x00, 0x40, 0x00, 0x80, 0x00,
  0x28, 0x0a, 0x80, 0x25, 0x80, 0x01, 0x8d, 0x1e, 0x02, 0x00, 0x02, 0x00,
  0x40, 0x20, 0x80, 0x00, 0x28, 0x0a, 0xc0, 0x25, 0xc0, 0x01, 0x8d, 0x1e,
  0x02, 0x00, 0x02, 0x00, 0x01, 0xc0, 0x0a, 0x20, 0x00, 0x04, 0x04, 0x00,
  0x01, 0x00, 0x00, 0x00, 0x2c, 0x1e, 0x8c, 0x20, 0x00, 0x00, 0x00, 0x00,
  0x01, 0x00, 0x01, 0x00, 0x0c, 0x00, 0x00, 0x00, 0x2c, 0x0a, 0x90, 0x20,
  0x88, 0x00, 0x00, 0x1e, 0x01, 0x00, 0x01, 0x00, 0x05, 0x00, 0x60, 0x00,
  0x0c, 0x02, 0xe0, 0x20, 0x68, 0x00, 0x00, 0x06, 0x00, 0x00, 0x00, 0x8f,
  0x01, 0x80, 0x00, 0x00, 0x04, 0x06, 0x00, 0x32, 0x00, 0x00, 0x00, 0x00,
  0x00, 0x00, 0x00, 0x00, 0x31, 0x00, 0x00, 0x03, 0x04, 0x02, 0x00, 0x20,
  0xe0, 0x00, 0x00, 0x06, 0x04, 0x00, 0x00, 0x02, 0x30, 0x00, 0x00, 0x00,
  0x04, 0x00, 0x00, 0x32, 0x00, 0x12, 0x00, 0x00, 0x00, 0x00, 0x00, 0x00,
  0x10, 0x00, 0x80, 0x03, 0x22, 0x0a, 0x00, 0x20, 0x90, 0x00, 0x00, 0x0a,
  0xa0, 0x00, 0x8d, 0x00, 0x10, 0x20, 0x80, 0x03, 0x22, 0x0a, 0x00, 0x20,
  0x90, 0x00, 0x00, 0x0a, 0x40, 0x01, 0x8d, 0x00, 0x22, 0x00, 0xa1, 0x00,
  0x02, 0x0e, 0x00, 0x20, 0x38, 0x01, 0x00, 0x00, 0x38, 0x01, 0x00, 0x00,
  0x41, 0x96, 0x1d, 0x20, 0xe0, 0x30, 0x04, 0x1c, 0x41, 0x96, 0x1d, 0x20,
  0xe0, 0x34, 0x04, 0x2c, 0x41, 0x20, 0x80, 0x00, 0x28, 0x0a, 0x40, 0x26,
  0x8c, 0x00, 0x00, 0x0a, 0xc0, 0x03, 0x8d, 0x00, 0x41, 0x20, 0x80, 0x00,
  0x28, 0x0a, 0xc0, 0x26, 0x8c, 0x00, 0x00, 0x0a, 0xc0, 0x05, 0x8d, 0x00,
  0x09, 0x00, 0x80, 0x00, 0x28, 0x0a, 0x00, 0x26, 0x00, 0x06, 0x8d, 0x1e,
  0x02, 0x00, 0x02, 0x00, 0x09, 0x00, 0x80, 0x00, 0x28, 0x0a, 0x80, 0x26,
  0x80, 0x06, 0x8d, 0x1e, 0x02, 0x00, 0x02, 0x00, 0x09, 0x20, 0x80, 0x00,
  0x28, 0x0a, 0x40, 0x26, 0x40, 0x06, 0x8d, 0x1e, 0x02, 0x00, 0x02, 0x00,
  0x09, 0x20, 0x80, 0x00, 0x28, 0x0a, 0xc0, 0x26, 0xc0, 0x06, 0x8d, 0x1e,
  0x02, 0x00, 0x02, 0x00, 0x40, 0x00, 0x80, 0x00, 0x28, 0x0a, 0x00, 0x26,
  0x00, 0x06, 0x8d, 0x1e, 0xfc, 0xff, 0xfc, 0xff, 0x40, 0x00, 0x80, 0x00,
  0x28, 0x0a, 0x80, 0x26, 0x80, 0x06, 0x8d, 0x1e, 0xfc, 0xff, 0xfc, 0xff,
  0x40, 0x20, 0x80, 0x00, 0x28, 0x0a, 0x40, 0x26, 0x40, 0x06, 0x8d, 0x1e,
  0xfc, 0xff, 0xfc, 0xff, 0x40, 0x20, 0x80, 0x00, 0x28, 0x0a, 0xc0, 0x26,
  0xc0, 0x06, 0x8d, 0x1e, 0xfc, 0xff, 0xfc, 0xff, 0x31, 0x00, 0x80, 0x0c,
  0x68, 0x02, 0x00, 0x27, 0x00, 0x06, 0x00, 0x06, 0xfe, 0x5e, 0x20, 0x04,
  0x31, 0x00, 0x80, 0x0c, 0x68, 0x02, 0x80, 0x27, 0x80, 0x06, 0x00, 0x06,
  0xfe, 0x5e, 0x20, 0x04, 0x31, 0x20, 0x80, 0x0c, 0x68, 0x02, 0x40, 0x27,
  0x40, 0x06, 0x00, 0x06, 0xfe, 0x5e, 0x20, 0x04, 0x31, 0x20, 0x80, 0x0c,
  0x68, 0x02, 0xc0, 0x27, 0xc0, 0x06, 0x00, 0x06, 0xfe, 0x5e, 0x20, 0x04,
  0x40, 0x56, 0x02, 0x20, 0xe7, 0x3c, 0x3c, 0x38, 0x40, 0x20, 0x80, 0x00,
  0xe8, 0x3a, 0xc0, 0x27, 0xc0, 0x07, 0x8d, 0x3a, 0x40, 0x07, 0x8d, 0x00,
  0x33, 0x00, 0x80, 0x0c, 0x70, 0xc0, 0x03, 0x00, 0x82, 0x06, 0x00, 0x00,
  0xfe, 0x5e, 0x02, 0x04, 0x33, 0x20, 0x80, 0x0c, 0x70, 0xe0, 0x03, 0x00,
  0xc2, 0x06, 0x00, 0x00, 0xfe, 0x5e, 0x02, 0x04, 0x25, 0x00, 0xa0, 0x00,
  0x00, 0x00, 0x00, 0x20, 0x00, 0x00, 0x00, 0x0e, 0x10, 0x00, 0x00, 0x00,
  0x09, 0x00, 0x00, 0x00, 0x2c, 0x0a, 0x8c, 0x20, 0x8c, 0x00, 0x00, 0x1e,
  0x01, 0x00, 0x01, 0x00, 0x10, 0x00, 0x80, 0x03, 0x26, 0x0a, 0x00, 0x20,
  0x88, 0x00, 0x00, 0x1e, 0x03, 0x00, 0x03, 0x00, 0x10, 0x20, 0x80, 0x03,
  0x26, 0x0a, 0x00, 0x20, 0x88, 0x00, 0x00, 0x1e, 0x03, 0x00, 0x03, 0x00,
  0x01, 0x00, 0x00, 0x00, 0x2c, 0x0a, 0x84, 0x20, 0x8c, 0x00, 0x00, 0x00,
  0x00, 0x00, 0x00, 0x00, 0x28, 0x00, 0xb1, 0x00, 0x02, 0x0e, 0x00, 0x20,
  0x20, 0x00, 0x00, 0x00, 0x20, 0x00, 0x00, 0x00, 0x01, 0x00, 0x00, 0x00,
  0x2c, 0x0a, 0x88, 0x20, 0x90, 0x00, 0x00, 0x00, 0x00, 0x00, 0x00, 0x00,
  0x27, 0x00, 0xa0, 0x10, 0x00, 0x00, 0x00, 0x20, 0x00, 0x00, 0x00, 0x0e,
  0xe8, 0xfd, 0xff, 0xff, 0x10, 0x00, 0x80, 0x01, 0x62, 0x1a, 0x00, 0x20,
  0x20, 0x00, 0xb1, 0x1e, 0x00, 0x00, 0x00, 0x00, 0x10, 0x20, 0x80, 0x01,
  0x62, 0x1a, 0x00, 0x20, 0x40, 0x00, 0xb1, 0x1e, 0x00, 0x00, 0x00, 0x00,
  0x22, 0x00, 0xa1, 0x00, 0x02, 0x0e, 0x00, 0x20, 0x50, 0x00, 0x00, 0x00,
  0x50, 0x00, 0x00, 0x00, 0x09, 0x00, 0x00, 0x00, 0x2c, 0x0a, 0x94, 0x20,
  0x28, 0x01, 0x00, 0x1e, 0x03, 0x00, 0x03, 0x00, 0x01, 0x00, 0x00, 0x00,
  0xec, 0x3e, 0x20, 0x21, 0x00, 0x00, 0x00, 0x00, 0x00, 0x00, 0x00, 0x00,
  0x40, 0x00, 0x00, 0x00, 0x2c, 0x0a, 0x00, 0x21, 0x94, 0x00, 0x00, 0x1e,
  0xfc, 0xff, 0xfc, 0xff, 0x33, 0x00, 0x00, 0x0a, 0x14, 0x90, 0x00, 0x00,
  0x01, 0x01, 0x00, 0x00, 0xfe, 0x08, 0x03, 0x02, 0x25, 0x00, 0xa0, 0x00,
  0x00, 0x00, 0x00, 0x20, 0x00, 0x00, 0x00, 0x0e, 0x10, 0x00, 0x00, 0x00,
  0x20, 0x00, 0x11, 0x00, 0x04, 0x00, 0x00, 0x34, 0x00, 0x14, 0x00, 0x0e,
  0x68, 0x02, 0x00, 0x00, 0x40, 0x00, 0x80, 0x00, 0x28, 0x0a, 0x00, 0x28,
  0x80, 0x01, 0x8d, 0x1e, 0x02, 0x00, 0x02, 0x00, 0x40, 0x20, 0x80, 0x00,
  0x28, 0x0a, 0x40, 0x28, 0xc0, 0x01, 0x8d, 0x1e, 0x02, 0x00, 0x02, 0x00,
  0x01, 0x00, 0x00, 0x00, 0x2c, 0x1e, 0x98, 0x20, 0x00, 0x00, 0x00, 0x00,
  0x01, 0x00, 0x01, 0x00, 0x0c, 0x00, 0x00, 0x00, 0x2c, 0x0a, 0x84, 0x20,
  0x84, 0x00, 0x00, 0x1e, 0x01, 0x00, 0x01, 0x00, 0x05, 0x00, 0x60, 0x00,
  0x0c, 0x02, 0x80, 0x28, 0x68, 0x00, 0x00, 0x06, 0x00, 0x00, 0x00, 0x8f,
  0x01, 0x80, 0x00, 0x00, 0x04, 0x06, 0x00, 0x32, 0x00, 0x00, 0x00, 0x00,
  0x00, 0x00, 0x00, 0x00, 0x31, 0x00, 0x00, 0x03, 0x04, 0x02, 0x00, 0x20,
  0x80, 0x08, 0x00, 0x06, 0x04, 0x00, 0x00, 0x02, 0x30, 0x00, 0x00, 0x00,
  0x04, 0x00, 0x00, 0x32, 0x00, 0x12, 0x00, 0x00, 0x00, 0x00, 0x00, 0x00,
  0x10, 0x00, 0x80, 0x03, 0x20, 0x02, 0x00, 0x20, 0x98, 0x00, 0x00, 0x02,
  0xa0, 0x00, 0x8d, 0x00, 0x10, 0x20, 0x80, 0x03, 0x20, 0x02, 0x00, 0x20,
  0x98, 0x00, 0x00, 0x02, 0x40, 0x01, 0x8d, 0x00, 0x22, 0x00, 0xa1, 0x00,
  0x00, 0x0e, 0x00, 0x20, 0x78, 0x01, 0x00, 0x00, 0x78, 0x01, 0x00, 0x00,
  0x41, 0x96, 0x15, 0x20, 0xe0, 0x49, 0x04, 0x40, 0x41, 0x20, 0x80, 0x00,
  0x28, 0x0a, 0x60, 0x29, 0x84, 0x00, 0x00, 0x0a, 0x40, 0x08, 0x8d, 0x00,
  0x41, 0x96, 0x15, 0x20, 0xe0, 0x45, 0x04, 0x1c, 0x41, 0x20, 0x80, 0x00,
  0x28, 0x0a, 0xe0, 0x28, 0x84, 0x00, 0x00, 0x0a, 0xc0, 0x03, 0x8d, 0x00,
  0x09, 0x00, 0x80, 0x00, 0x28, 0x0a, 0x20, 0x29, 0x20, 0x09, 0x8d, 0x1e,
  0x02, 0x00, 0x02, 0x00, 0x09, 0x20, 0x80, 0x00, 0x28, 0x0a, 0x60, 0x29,
  0x60, 0x09, 0x8d, 0x1e, 0x02, 0x00, 0x02, 0x00, 0x09, 0x00, 0x80, 0x00,
  0x28, 0x0a, 0xa0, 0x28, 0xa0, 0x08, 0x8d, 0x1e, 0x02, 0x00, 0x02, 0x00,
  0x09, 0x20, 0x80, 0x00, 0x28, 0x0a, 0xe0, 0x28, 0xe0, 0x08, 0x8d, 0x1e,
  0x02, 0x00, 0x02, 0x00, 0x40, 0x00, 0x80, 0x00, 0x28, 0x0a, 0x20, 0x29,
  0x20, 0x09, 0x8d, 0x1e, 0xfc, 0xff, 0xfc, 0xff, 0x40, 0x20, 0x80, 0x00,
  0x28, 0x0a, 0x60, 0x29, 0x60, 0x09, 0x8d, 0x1e, 0xfc, 0xff, 0xfc, 0xff,
  0x40, 0x00, 0x80, 0x00, 0x28, 0x0a, 0xa0, 0x28, 0xa0, 0x08, 0x8d, 0x1e,
  0xfc, 0xff, 0xfc, 0xff, 0x40, 0x20, 0x80, 0x00, 0x28, 0x0a, 0xe0, 0x28,
  0xe0, 0x08, 0x8d, 0x1e, 0xfc, 0xff, 0xfc, 0xff, 0x31, 0x00, 0x80, 0x0c,
  0x68, 0x02, 0x20, 0x2a, 0x20, 0x09, 0x00, 0x06, 0xfe, 0x5e, 0x20, 0x04,
  0x31, 0x20, 0x80, 0x0c, 0x68, 0x02, 0x60, 0x2a, 0x60, 0x09, 0x00, 0x06,
  0xfe, 0x5e, 0x20, 0x04, 0x31, 0x00, 0x80, 0x0c, 0x68, 0x02, 0xa0, 0x29,
  0xa0, 0x08, 0x00, 0x06, 0xfe, 0x5e, 0x20, 0x04, 0x31, 0x20, 0x80, 0x0c,
  0x68, 0x02, 0xe0, 0x29, 0xe0, 0x08, 0x00, 0x06, 0xfe, 0x5e, 0x20, 0x04,
  0x33, 0x00, 0x80, 0x0c, 0x70, 0x10, 0x05, 0x00, 0xa2, 0x08, 0x00, 0x00,
  0xfe, 0x5e, 0x02, 0x04, 0x33, 0x20, 0x80, 0x0c, 0x70, 0x30, 0x05, 0x00,
  0xe2, 0x08, 0x00, 0x00, 0xfe, 0x5e, 0x02, 0x04, 0x31, 0x00, 0x80, 0x0c,
  0x68, 0x02, 0xa0, 0x2a, 0x20, 0x09, 0x00, 0x06, 0xfe, 0x5e, 0x20, 0x04,
  0x31, 0x20, 0x80, 0x0c, 0x68, 0x02, 0xe0, 0x2a, 0x60, 0x09, 0x00, 0x06,
  0xfe, 0x5e, 0x20, 0x04, 0x40, 0x56, 0x02, 0x20, 0xe7, 0x55, 0x55, 0x4d,
  0x40, 0x20, 0x80, 0x00, 0xe8, 0x3a, 0xe0, 0x2a, 0xe0, 0x0a, 0x8d, 0x3a,
  0xe0, 0x09, 0x8d, 0x00, 0x33, 0x00, 0x80, 0x0c, 0x70, 0x50, 0x05, 0x00,
  0x22, 0x09, 0x00, 0x00, 0xfe, 0x5e, 0x02, 0x04, 0x33, 0x20, 0x80, 0x0c,
  0x70, 0x70, 0x05, 0x00, 0x62, 0x09, 0x00, 0x00, 0xfe, 0x5e, 0x02, 0x04,
  0x25, 0x00, 0xa0, 0x00, 0x00, 0x00, 0x00, 0x20, 0x00, 0x00, 0x00, 0x0e,
  0x10, 0x00, 0x00, 0x00, 0x09, 0x00, 0x00, 0x00, 0x2c, 0x0a, 0x98, 0x20,
  0x98, 0x00, 0x00, 0x1e, 0x01, 0x00, 0x01, 0x00, 0x10, 0x00, 0x80, 0x05,
  0x26, 0x0a, 0x00, 0x20, 0x98, 0x00, 0x00, 0x0a, 0x80, 0x00, 0x00, 0x00,
  0x10, 0x20, 0x80, 0x05, 0x26, 0x0a, 0x00, 0x20, 0x98, 0x00, 0x00, 0x0a,
  0x80, 0x00, 0x00, 0x00, 0x20, 0x00, 0x01, 0x00, 0x06, 0x00, 0x00, 0x34,
  0x00, 0x14, 0x00, 0x0e, 0xc8, 0xfd, 0xff, 0xff, 0x05, 0x00, 0x60, 0x00,
  0x0c, 0x02, 0x20, 0x2b, 0x68, 0x00, 0x00, 0x06, 0x00, 0x00, 0x00, 0x8f,
  0x01, 0x80, 0x00, 0x00, 0x04, 0x06, 0x00, 0x32, 0x00, 0x00, 0x00, 0x00,
  0x00, 0x00, 0x00, 0x00, 0x31, 0x00, 0x00, 0x03, 0x04, 0x02, 0x00, 0x20,
  0x20, 0x0b, 0x00, 0x06, 0x04, 0x00, 0x00, 0x02, 0x30, 0x00, 0x00, 0x00,
  0x04, 0x00, 0x00, 0x32, 0x00, 0x12, 0x00, 0x00, 0x00, 0x00, 0x00, 0x00,
  0x01, 0x20, 0x14, 0x20, 0x00, 0x30, 0x08, 0x00, 0x22, 0x00, 0xa1, 0x00,
  0x00, 0x0e, 0x00, 0x20, 0xd8, 0x00, 0x00, 0x00, 0xd8, 0x00, 0x00, 0x00,
  0x41, 0x96, 0x79, 0x20, 0x07, 0x5e, 0x0c, 0x08, 0x41, 0x20, 0x80, 0x00,
  0x28, 0x0a, 0x00, 0x2c, 0xc0, 0x01, 0x8d, 0x0a, 0x1c, 0x01, 0x00, 0x00,
  0x31, 0x00, 0x80, 0x0c, 0x68, 0x02, 0x40, 0x2b, 0x00, 0x03, 0x00, 0x06,
  0xfe, 0x5e, 0x20, 0x04, 0x31, 0x20, 0x80, 0x0c, 0x68, 0x02, 0x80, 0x2b,
  0x40, 0x03, 0x00, 0x06, 0xfe, 0x5e, 0x20, 0x04, 0x40, 0x96, 0x2d, 0x20,
  0x07, 0x5e, 0x5e, 0x03, 0x40, 0x20, 0x80, 0x00, 0x28, 0x0a, 0x00, 0x2c,
  0x00, 0x0c, 0x8d, 0x0a, 0x64, 0x00, 0x00, 0x00, 0x09, 0x00, 0x80, 0x00,
  0x28, 0x0a, 0xc0, 0x2b, 0xc0, 0x0b, 0x8d, 0x1e, 0x02, 0x00, 0x02, 0x00,
  0x09, 0x20, 0x80, 0x00, 0x28, 0x0a, 0x00, 0x2c, 0x00, 0x0c, 0x8d, 0x1e,
  0x02, 0x00, 0x02, 0x00, 0x31, 0x00, 0x80, 0x0c, 0x68, 0x02, 0x40, 0x2c,
  0xc0, 0x0b, 0x00, 0x06, 0x00, 0x5e, 0x20, 0x04, 0x31, 0x20, 0x80, 0x0c,
  0x68, 0x02, 0x80, 0x2c, 0x00, 0x0c, 0x00, 0x06, 0x00, 0x5e, 0x20, 0x04,
  0x40, 0x56, 0x02, 0x20, 0xe7, 0x62, 0x5a, 0x62, 0x40, 0x20, 0x80, 0x00,
  0xe8, 0x3a, 0x80, 0x2c, 0x80, 0x0b, 0x8d, 0x3a, 0x80, 0x0c, 0x8d, 0x00,
  0x33, 0x00, 0x80, 0x0c, 0x70, 0x20, 0x06, 0x00, 0xc2, 0x0b, 0x00, 0x00,
  0x01, 0x5e, 0x02, 0x04, 0x33, 0x20, 0x80, 0x0c, 0x70, 0x40, 0x06, 0x00,
  0x02, 0x0c, 0x00, 0x00, 0x01, 0x5e, 0x02, 0x04, 0x25, 0x00, 0xa0, 0x00,
  0x00, 0x00, 0x00, 0x20, 0x00, 0x00, 0x00, 0x0e, 0x10, 0x00, 0x00, 0x00,
  0x01, 0x00, 0x00, 0x00, 0x04, 0x02, 0x20, 0x26, 0x9c, 0x00, 0x00, 0x00,
  0x00, 0x00, 0x00, 0x00, 0x22, 0x00, 0xa1, 0x00, 0x02, 0x0e, 0x00, 0x20,
  0xd8, 0x00, 0x00, 0x00, 0xd8, 0x00, 0x00, 0x00, 0x41, 0x96, 0x79, 0x20,
  0x07, 0x6a, 0x1c, 0x08, 0x41, 0x20, 0x80, 0x00, 0x28, 0x0a, 0x80, 0x2d,
  0xc0, 0x03, 0x8d, 0x0a, 0x1c, 0x01, 0x00, 0x00, 0x31, 0x00, 0x80, 0x0c,
  0x68, 0x02, 0xc0, 0x2c, 0x00, 0x05, 0x00, 0x06, 0xfe, 0x5e, 0x20, 0x04,
  0x31, 0x20, 0x80, 0x0c, 0x68, 0x02, 0x00, 0x2d, 0x40, 0x05, 0x00, 0x06,
  0xfe, 0x5e, 0x20, 0x04, 0x40, 0x96, 0x2d, 0x20, 0x07, 0x6a, 0x6a, 0x03,
  0x40, 0x20, 0x80, 0x00, 0x28, 0x0a, 0x80, 0x2d, 0x80, 0x0d, 0x8d, 0x0a,
  0x64, 0x00, 0x00, 0x00, 0x09, 0x00, 0x80, 0x00, 0x28, 0x0a, 0x40, 0x2d,
  0x40, 0x0d, 0x8d, 0x1e, 0x02, 0x00, 0x02, 0x00, 0x09, 0x20, 0x80, 0x00,
  0x28, 0x0a, 0x80, 0x2d, 0x80, 0x0d, 0x8d, 0x1e, 0x02, 0x00, 0x02, 0x00,
  0x31, 0x00, 0x80, 0x0c, 0x68, 0x02, 0xc0, 0x2d, 0x40, 0x0d, 0x00, 0x06,
  0x00, 0x5e, 0x20, 0x04, 0x31, 0x20, 0x80, 0x0c, 0x68, 0x02, 0x00, 0x2e,
  0x80, 0x0d, 0x00, 0x06, 0x00, 0x5e, 0x20, 0x04, 0x40, 0x56, 0x02, 0x20,
  0xe7, 0x6e, 0x66, 0x6e, 0x40, 0x20, 0x80, 0x00, 0xe8, 0x3a, 0x00, 0x2e,
  0x00, 0x0d, 0x8d, 0x3a, 0x00, 0x0e, 0x8d, 0x00, 0x33, 0x00, 0x80, 0x0c,
  0x70, 0xe0, 0x06, 0x00, 0x42, 0x0d, 0x00, 0x00, 0x01, 0x5e, 0x02, 0x04,
  0x33, 0x20, 0x80, 0x0c, 0x70, 0x00, 0x07, 0x00, 0x82, 0x0d, 0x00, 0x00,
  0x01, 0x5e, 0x02, 0x04, 0x25, 0x00, 0xa0, 0x00, 0x00, 0x00, 0x00, 0x20,
  0x00, 0x00, 0x00, 0x0e, 0x10, 0x00, 0x00, 0x00, 0x01, 0x4d, 0x00, 0x20,
  0x07, 0x7f, 0x03, 0x00, 0x31, 0x00, 0x60, 0x07, 0x04, 0x02, 0x00, 0x20,
  0xe0, 0x0f, 0x00, 0x06, 0x10, 0x00, 0x00, 0x82, 0x00, 0x00, 0x00, 0x00,
  0x00, 0x00, 0x00, 0x00, 0x00, 0x00, 0x00, 0x00, 0x00, 0x00, 0x00, 0x00,
  0x00, 0x00, 0x00, 0x00, 0x00, 0x00, 0x00, 0x00, 0x00, 0x00, 0x00, 0x00,
  0x00, 0x00, 0x00, 0x00, 0x00, 0x00, 0x00, 0x00, 0x00, 0x00, 0x00, 0x00,
  0x00, 0x00, 0x00, 0x00, 0x00, 0x00, 0x00, 0x00, 0x00, 0x00, 0x00, 0x00,
  0x00, 0x00, 0x00, 0x00, 0x00, 0x00, 0x00, 0x00, 0x00, 0x00, 0x00, 0x00,
  0x00, 0x00, 0x00, 0x00, 0x00, 0x00, 0x00, 0x00, 0x00, 0x00, 0x00, 0x00,
  0x00, 0x00, 0x00, 0x00, 0x00, 0x00, 0x00, 0x00, 0x00, 0x00, 0x00, 0x00,
  0x00, 0x00, 0x00, 0x00, 0x00, 0x00, 0x00, 0x00, 0x00, 0x00, 0x00, 0x00,
  0x00, 0x00, 0x00, 0x00, 0x00, 0x00, 0x00, 0x00, 0x00, 0x00, 0x00, 0x00,
  0x00, 0x00, 0x00, 0x00, 0x00, 0x00, 0x00, 0x00, 0x00, 0x00, 0x00, 0x00,
  0x00, 0x00, 0x00, 0x00, 0x00, 0x00, 0x00, 0x00, 0x00, 0x00, 0x00, 0x00,
  0x00, 0x00, 0x00, 0x00, 0x00, 0x00, 0x00, 0x00, 0x00, 0x00, 0x00, 0x00,
  0x00, 0x00, 0x00, 0x00, 0x00, 0x00, 0x00, 0x00, 0x00, 0x00, 0x00, 0x00,
  0x00, 0x00, 0x00, 0x00, 0x00, 0x00, 0x00, 0x00, 0xc3, 0x00, 0x00, 0x00,
  0x00, 0x00, 0x00, 0x00, 0x00, 0x00, 0x00, 0x00, 0x03, 0x00, 0x00, 0x00,
  0x00, 0xc0, 0xff, 0x83, 0x00, 0x00, 0x00, 0x03, 0x7f, 0x00, 0xff, 0x1f,
  0x00, 0x00, 0xe0, 0x0f, 0x00, 0x00, 0x00, 0x00, 0x00, 0x00, 0x00, 0x00,
  0x00, 0x00, 0x00, 0x00, 0x00, 0x00, 0x00, 0x00, 0x00, 0x00, 0x00, 0x00,
  0x00, 0x00, 0x00, 0x00, 0x00, 0x00, 0x00, 0x00, 0x00, 0x00, 0x00, 0x00,
  0x00, 0x00, 0x00, 0x00, 0x00, 0x00, 0x00, 0x00, 0x00, 0x00, 0x00, 0x00,
  0x00, 0x00, 0x00, 0x00, 0x00, 0xc0, 0xff, 0x83, 0x00, 0x00, 0x00, 0x03,
  0x7f, 0x00, 0xff, 0x1f, 0x00, 0x00, 0xe0, 0x0f, 0x00, 0x00, 0x00, 0x00,
  0x00, 0x00, 0x00, 0x00, 0x00, 0x00, 0x00, 0x00, 0x00, 0x00, 0x00, 0x00,
  0x00, 0x00, 0x00, 0x00, 0x00, 0x00, 0x00, 0x00, 0x00, 0x00, 0x00, 0x00,
  0x00, 0x00, 0x00, 0x00, 0x00, 0x00, 0x00, 0x00, 0x00, 0x00, 0x00, 0x00,
  0x00, 0x00, 0x00, 0x00, 0x00, 0x00, 0x00, 0x00, 0x00, 0xc0, 0xff, 0x87,
  0x00, 0x00, 0x00, 0x03, 0x7f, 0x00, 0xff, 0x1f, 0x00, 0x00, 0xe0, 0x0f,
  0x00, 0x00, 0x00, 0x00, 0x00, 0x00, 0x00, 0x00, 0x00, 0x00, 0x00, 0x00,
  0x00, 0x00, 0x00, 0x00, 0x00, 0x00, 0x00, 0x00, 0x00, 0x00, 0x00, 0x00,
  0x00, 0x00, 0x00, 0x00, 0x00, 0x00, 0x00, 0x00, 0x00, 0x00, 0x00, 0x00,
  0x00, 0x00, 0x00, 0x00, 0x00, 0x00, 0x00, 0x00, 0x00, 0x00, 0x00, 0x00,
  0x00, 0x00, 0x00, 0x00, 0x40, 0x00, 0x00, 0x00, 0x80, 0x00, 0x00, 0x00,
  0x13, 0x00, 0x00, 0x00, 0x0c, 0x00, 0x00, 0x00, 0x00, 0x00, 0x00, 0x00,
  0x15, 0x00, 0x00, 0x00, 0x18, 0x00, 0x00, 0x00, 0x00, 0x00, 0x00, 0x00,
  0x00, 0x00, 0x00, 0x00, 0x00, 0x00, 0x00, 0x00, 0xc0, 0x00, 0x00, 0x00,
  0x08, 0x00, 0x00, 0x00, 0x14, 0x00, 0x00, 0x00, 0xc0, 0x00, 0x00, 0x00,
  0x03, 0x00, 0x00, 0x00, 0x00, 0x00, 0x00, 0x00, 0x11, 0x00, 0x00, 0x00,
  0x28, 0x00, 0x00, 0x00, 0x08, 0x00, 0x00, 0x00, 0x02, 0x00, 0x00, 0x00,
  0x20, 0x00, 0x00, 0x00, 0x08, 0x00, 0x00, 0x00, 0x04, 0x00, 0x00, 0x00,
  0xff, 0xff, 0xff, 0xff, 0xff, 0xff, 0xff, 0xff, 0x00, 0x00, 0x00, 0x00,
  0x11, 0x00, 0x00, 0x00, 0x28, 0x00, 0x00, 0x00, 0x10, 0x00, 0x00, 0x00,
  0x00, 0x00, 0x00, 0x00, 0x00, 0x00, 0x00, 0x00, 0x04, 0x00, 0x00, 0x00,
  0x00, 0x00, 0x00, 0x00, 0x00, 0x00, 0x00, 0x00, 0x00, 0x00, 0x00, 0x00,
  0x00, 0x00, 0x00, 0x00, 0x11, 0x00, 0x00, 0x00, 0x28, 0x00, 0x00, 0x00,
  0x10, 0x00, 0x00, 0x00, 0x00, 0x00, 0x00, 0x00, 0x04, 0x00, 0x00, 0x00,
  0x04, 0x00, 0x00, 0x00, 0x04, 0x00, 0x00, 0x00, 0x00, 0x00, 0x00, 0x00,
  0x00, 0x00, 0x00, 0x00, 0x00, 0x00, 0x00, 0x00, 0x11, 0x00, 0x00, 0x00,
  0x28, 0x00, 0x00, 0x00, 0x10, 0x00, 0x00, 0x00, 0x00, 0x00, 0x00, 0x00,
  0x08, 0x00, 0x00, 0x00, 0x04, 0x00, 0x00, 0x00, 0x08, 0x00, 0x00, 0x00,
  0x00, 0x00, 0x00, 0x00, 0x00, 0x00, 0x00, 0x00, 0x00, 0x00, 0x00, 0x00,
  0x11, 0x00, 0x00, 0x00, 0x28, 0x00, 0x00, 0x00, 0x02, 0x00, 0x00, 0x00,
  0x00, 0x00, 0x00, 0x00, 0x0c, 0x00, 0x00, 0x00, 0x04, 0x00, 0x00, 0x00,
  0x00, 0x00, 0x00, 0x00, 0x00, 0x00, 0x00, 0x00, 0x00, 0x00, 0x00, 0x00,
  0x00, 0x00, 0x00, 0x00, 0x11, 0x00, 0x00, 0x00, 0x28, 0x00, 0x00, 0x00,
  0x02, 0x00, 0x00, 0x00, 0x00, 0x00, 0x00, 0x00, 0x10, 0x00, 0x00, 0x00,
  0x04, 0x00, 0x00, 0x00, 0x04, 0x00, 0x00, 0x00, 0x00, 0x00, 0x00, 0x00,
  0x00, 0x00, 0x00, 0x00, 0x00, 0x00, 0x00, 0x00, 0x11, 0x00, 0x00, 0x00,
  0x28, 0x00, 0x00, 0x00, 0x02, 0x00, 0x00, 0x00, 0x00, 0x00, 0x00, 0x00,
  0x14, 0x00, 0x00, 0x00, 0x04, 0x00, 0x00, 0x00, 0x08, 0x00, 0x00, 0x00,
  0x00, 0x00, 0x00, 0x00, 0x00, 0x00, 0x00, 0x00, 0x00, 0x00, 0x00, 0x00,
  0x11, 0x00, 0x00, 0x00, 0x28, 0x00, 0x00, 0x00, 0x2b, 0x00, 0x00, 0x00,
  0x00, 0x00, 0x00, 0x00, 0x28, 0x00, 0x00, 0x00, 0x04, 0x00, 0x00, 0x00,
  0x00, 0x00, 0x00, 0x00, 0x00, 0x00, 0x00, 0x00, 0x00, 0x00, 0x00, 0x00,
  0x00, 0x00, 0x00, 0x00, 0x11, 0x00, 0x00, 0x00, 0x28, 0x00, 0x00, 0x00,
  0x2b, 0x00, 0x00, 0x00, 0x01, 0x00, 0x00, 0x00, 0x30, 0x00, 0x00, 0x00,
  0x04, 0x00, 0x00, 0x00, 0x00, 0x00, 0x00, 0x00, 0x00, 0x00, 0x00, 0x00,
  0x00, 0x00, 0x00, 0x00, 0x00, 0x00, 0x00, 0x00, 0x11, 0x00, 0x00, 0x00,
  0x28, 0x00, 0x00, 0x00, 0x02, 0x00, 0x00, 0x00, 0x00, 0x00, 0x00, 0x00,
  0x48, 0x00, 0x00, 0x00, 0x04, 0x00, 0x00, 0x00, 0x00, 0x00, 0x00, 0x00,
  0x00, 0x00, 0x00, 0x00, 0x00, 0x00, 0x00, 0x00, 0x00, 0x00, 0x00, 0x00,
  0x11, 0x00, 0x00, 0x00, 0x28, 0x00, 0x00, 0x00, 0x02, 0x00, 0x00, 0x00,
  0x00, 0x00, 0x00, 0x00, 0x4c, 0x00, 0x00, 0x00, 0x04, 0x00, 0x00, 0x00,
  0x04, 0x00, 0x00, 0x00, 0x00, 0x00, 0x00, 0x00, 0x00, 0x00, 0x00, 0x00,
  0x00, 0x00, 0x00, 0x00, 0x11, 0x00, 0x00, 0x00, 0x28, 0x00, 0x00, 0x00,
  0x02, 0x00, 0x00, 0x00, 0x00, 0x00, 0x00, 0x00, 0x50, 0x00, 0x00, 0x00,
  0x04, 0x00, 0x00, 0x00, 0x08, 0x00, 0x00, 0x00, 0x00, 0x00, 0x00, 0x00,
  0x00, 0x00, 0x00, 0x00, 0x00, 0x00, 0x00, 0x00, 0x1e, 0x00, 0x00, 0x00,
  0x24, 0x00, 0x00, 0x00, 0x00, 0x00, 0x00, 0x00, 0x00, 0x00, 0x00, 0x00,
  0x28, 0x00, 0x00, 0x00, 0x08, 0x00, 0x00, 0x00, 0xff, 0xff, 0xff, 0xff,
  0xff, 0xff, 0xff, 0xff, 0x00, 0x00, 0x00, 0x00, 0x1e, 0x00, 0x00, 0x00,
  0x24, 0x00, 0x00, 0x00, 0x01, 0x00, 0x00, 0x00, 0x40, 0x00, 0x00, 0x00,
  0x30, 0x00, 0x00, 0x00, 0x08, 0x00, 0x00, 0x00, 0xff, 0xff, 0xff, 0xff,
  0xff, 0xff, 0xff, 0xff, 0x00, 0x00, 0x00, 0x00, 0x2c, 0x00, 0x00, 0x00,
  0x18, 0x00, 0x00, 0x00, 0x00, 0x00, 0x00, 0x00, 0x80, 0x00, 0x00, 0x00,
  0x40, 0x00, 0x00, 0x00, 0x08, 0x00, 0x00, 0x00, 0x11, 0x00, 0x00, 0x00,
  0x28, 0x00, 0x00, 0x00, 0x01, 0x00, 0x00, 0x00, 0x03, 0x00, 0x00, 0x00,
  0x38, 0x00, 0x00, 0x00, 0x04, 0x00, 0x00, 0x00, 0x00, 0x00, 0x00, 0x00,
  0xff, 0xff, 0xff, 0xff, 0xff, 0xff, 0xff, 0xff, 0x00, 0x00, 0x00, 0x00,
  0x11, 0x00, 0x00, 0x00, 0x28, 0x00, 0x00, 0x00, 0x01, 0x00, 0x00, 0x00,
  0x04, 0x00, 0x00, 0x00, 0x3c, 0x00, 0x00, 0x00, 0x04, 0x00, 0x00, 0x00,
  0x00, 0x00, 0x00, 0x00, 0xff, 0xff, 0xff, 0xff, 0xff, 0xff, 0xff, 0xff,
  0x00, 0x00, 0x00, 0x00, 0x19, 0x00, 0x00, 0x00, 0x0c, 0x00, 0x00, 0x00,
  0x60, 0x00, 0x00, 0x00, 0x16, 0x00, 0x00, 0x00, 0x58, 0x00, 0x00, 0x00,
  0x00, 0x00, 0x00, 0x00, 0x01, 0x00, 0x00, 0x00, 0x01, 0x00, 0x00, 0x00,
  0x01, 0x00, 0x00, 0x00, 0x00, 0x00, 0x00, 0x00, 0x01, 0x00, 0x00, 0x00,
  0x00, 0x00, 0x00, 0x00, 0x00, 0x00, 0x00, 0x00, 0x00, 0x00, 0x00, 0x00,
  0x00, 0x00, 0x00, 0x00, 0x00, 0x00, 0x00, 0x00, 0x00, 0x00, 0x00, 0x00,
  0x00, 0x00, 0x00, 0x00, 0x00, 0x00, 0x00, 0x00, 0x00, 0x00, 0x00, 0x00,
  0x00, 0x00, 0x00, 0x00, 0x00, 0x00, 0x00, 0x00, 0x00, 0x00, 0x00, 0x00,
  0x00, 0x00, 0x00, 0x00, 0x00, 0x00, 0x00, 0x00, 0x17, 0x00, 0x00, 0x00,
  0x8c, 0x00, 0x00, 0x00, 0x00, 0x00, 0x00, 0x00, 0x00, 0x00, 0x00, 0x00,
  0x00, 0x00, 0x00, 0x00, 0x20, 0x00, 0x00, 0x00, 0x00, 0x00, 0x00, 0x00,
  0x01, 0x00, 0x00, 0x00, 0x00, 0x00, 0x00, 0x00, 0x00, 0x00, 0x00, 0x00,
  0x00, 0x00, 0x00, 0x00, 0x01, 0x00, 0x00, 0x00, 0x00, 0x00, 0x00, 0x00,
  0x00, 0x00, 0x00, 0x00, 0x00, 0x00, 0x00, 0x00, 0x00, 0x00, 0x00, 0x00,
  0x00, 0x00, 0x00, 0x00, 0x00, 0x00, 0x00, 0x00, 0x00, 0x00, 0x00, 0x00,
  0x00, 0x00, 0x00, 0x00, 0x01, 0x00, 0x00, 0x00, 0x00, 0x00, 0x00, 0x00,
  0x80, 0x00, 0x00, 0x00, 0x00, 0x00, 0x00, 0x00, 0x00, 0x00, 0x00, 0x00,
  0x00, 0x00, 0x00, 0x00, 0x00, 0x00, 0x00, 0x00, 0x07, 0x00, 0x00, 0x00,
  0x00, 0x00, 0x00, 0x00, 0x00, 0x00, 0x00, 0x00, 0x00, 0x00, 0x00, 0x00,
  0x00, 0x00, 0x00, 0x00, 0x00, 0x00, 0x15, 0x00, 0x00, 0x00, 0x00, 0x00,
  0x00, 0x00, 0x00, 0x00, 0x1b, 0x00, 0x00, 0x00, 0x10, 0x00, 0x00, 0x00,
  0x04, 0x00, 0x00, 0x00, 0x00, 0x00, 0x00, 0x00, 0x1a, 0x00, 0x00, 0x00,
  0x4c, 0x00, 0x00, 0x00, 0x00, 0x00, 0x00, 0x00, 0x0c, 0x00, 0x00, 0x00,
  0x08, 0x00, 0x00, 0x00, 0x04, 0x00, 0x00, 0x00, 0x0c, 0x00, 0x00, 0x00,
  0x08, 0x00, 0x00, 0x00, 0x5f, 0x5f, 0x67, 0x6c, 0x6f, 0x62, 0x61, 0x6c,
  0x00, 0x00, 0x00, 0x00, 0x4e, 0x4f, 0x4e, 0x45, 0x00, 0x00, 0x00, 0x00,
  0x73, 0x72, 0x63, 0x00, 0x66, 0x6c, 0x6f, 0x61, 0x74, 0x2a, 0x3b, 0x38,
  0x00, 0x00, 0x00, 0x00, 0x4e, 0x4f, 0x4e, 0x45, 0x00, 0x00, 0x00, 0x00,
  0x1a, 0x00, 0x00, 0x00, 0x4c, 0x00, 0x00, 0x00, 0x01, 0x00, 0x00, 0x00,
  0x0c, 0x00, 0x00, 0x00, 0x08, 0x00, 0x00, 0x00, 0x04, 0x00, 0x00, 0x00,
  0x0c, 0x00, 0x00, 0x00, 0x08, 0x00, 0x00, 0x00, 0x5f, 0x5f, 0x67, 0x6c,
  0x6f, 0x62, 0x61, 0x6c, 0x00, 0x00, 0x00, 0x00, 0x4e, 0x4f, 0x4e, 0x45,
  0x00, 0x00, 0x00, 0x00, 0x64, 0x73, 0x74, 0x00, 0x66, 0x6c, 0x6f, 0x61,
  0x74, 0x2a, 0x3b, 0x38, 0x00, 0x00, 0x00, 0x00, 0x4e, 0x4f, 0x4e, 0x45,
  0x00, 0x00, 0x00, 0x00, 0x1a, 0x00, 0x00, 0x00, 0x4c, 0x00, 0x00, 0x00,
  0x02, 0x00, 0x00, 0x00, 0x08, 0x00, 0x00, 0x00, 0x08, 0x00, 0x00, 0x00,
  0x08, 0x00, 0x00, 0x00, 0x0c, 0x00, 0x00, 0x00, 0x08, 0x00, 0x00, 0x00,
  0x5f, 0x5f, 0x6c, 0x6f, 0x63, 0x61, 0x6c, 0x00, 0x4e, 0x4f, 0x4e, 0x45,
  0x00, 0x00, 0x00, 0x00, 0x74, 0x65, 0x6d, 0x70, 0x00, 0x00, 0x00, 0x00,
  0x66, 0x6c, 0x6f, 0x61, 0x74, 0x2a, 0x3b, 0x38, 0x00, 0x00, 0x00, 0x00,
  0x4e, 0x4f, 0x4e, 0x45, 0x00, 0x00, 0x00, 0x00, 0x1a, 0x00, 0x00, 0x00,
  0x48, 0x00, 0x00, 0x00, 0x03, 0x00, 0x00, 0x00, 0x0c, 0x00, 0x00, 0x00,
  0x08, 0x00, 0x00, 0x00, 0x04, 0x00, 0x00, 0x00, 0x08, 0x00, 0x00, 0x00,
  0x08, 0x00, 0x00, 0x00, 0x5f, 0x5f, 0x70, 0x72, 0x69, 0x76, 0x61, 0x74,
  0x65, 0x00, 0x00, 0x00, 0x4e, 0x4f, 0x4e, 0x45, 0x00, 0x00, 0x00, 0x00,
  0x68, 0x00, 0x00, 0x00, 0x75, 0x69, 0x6e, 0x74, 0x3b, 0x34, 0x00, 0x00,
  0x4e, 0x4f, 0x4e, 0x45, 0x00, 0x00, 0x00, 0x00, 0x1a, 0x00, 0x00, 0x00,
  0x48, 0x00, 0x00, 0x00, 0x04, 0x00, 0x00, 0x00, 0x0c, 0x00, 0x00, 0x00,
  0x08, 0x00, 0x00, 0x00, 0x04, 0x00, 0x00, 0x00, 0x08, 0x00, 0x00, 0x00,
  0x08, 0x00, 0x00, 0x00, 0x5f, 0x5f, 0x70, 0x72, 0x69, 0x76, 0x61, 0x74,
  0x65, 0x00, 0x00, 0x00, 0x4e, 0x4f, 0x4e, 0x45, 0x00, 0x00, 0x00, 0x00,
  0x77, 0x00, 0x00, 0x00, 0x75, 0x69, 0x6e, 0x74, 0x3b, 0x34, 0x00, 0x00,
  0x4e, 0x4f, 0x4e, 0x45, 0x00, 0x00, 0x00, 0x00, 0x40, 0x3c, 0x49, 0xed,
  0xe4, 0x88, 0x33, 0x9e, 0x39, 0xa1, 0xe5, 0x52, 0x14, 0x00, 0x00, 0x00,
  0x7c, 0x06, 0x00, 0x00, 0x40, 0x41, 0x00, 0x00, 0x00, 0x00, 0x00, 0x00,
  0x20, 0x00, 0x00, 0x00, 0x10, 0x01, 0x00, 0x00, 0xa8, 0x40, 0x00, 0x00,
  0x42, 0x75, 0x69, 0x6c, 0x64, 0x52, 0x65, 0x73, 0x70, 0x6f, 0x6e, 0x73,
  0x65, 0x4c, 0x61, 0x79, 0x65, 0x72, 0x00, 0x00, 0x01, 0x00, 0x60, 0x00,
  0x0c, 0x02, 0xe0, 0x22, 0x00, 0x00, 0x20, 0x00, 0x00, 0x00, 0x00, 0x00,
  0x01, 0x00, 0x40, 0x00, 0xcc, 0x56, 0xe0, 0x20, 0x00, 0x00, 0x00, 0x00,
  0x00, 0x00, 0xf0, 0x3f, 0x01, 0x00, 0x40, 0x00, 0xcc, 0x56, 0xc0, 0x22,
  0x00, 0x00, 0x00, 0x00, 0x00, 0x00, 0x00, 0x00, 0x06, 0x80, 0x00, 0x00,
  0x04, 0x00, 0x00, 0x30, 0x00, 0x10, 0x00, 0x16, 0xc0, 0x04, 0xc0, 0x04,
  0x41, 0x00, 0x00, 0x00, 0x2c, 0x0a, 0xc0, 0x2f, 0xd4, 0x00, 0x00, 0x0a,
  0xe4, 0x02, 0x00, 0x00, 0x41, 0x00, 0x00, 0x00, 0x2c, 0x0a, 0x00, 0x21,
  0xb8, 0x00, 0x00, 0x0a, 0xbc, 0x00, 0x00, 0x00, 0x40, 0x00, 0x80, 0x00,
  0x28, 0x0a, 0x80, 0x2f, 0xc0, 0x0f, 0x00, 0x12, 0x20, 0x00, 0xb1, 0x00,
  0x40, 0x96, 0x01, 0x20, 0x07, 0x10, 0x7c, 0x04, 0x10, 0x16, 0x03, 0x25,
  0x07, 0x00, 0x10, 0x08, 0x22, 0x00, 0x81, 0x00, 0x00, 0x0e, 0x00, 0x20,
  0x00, 0x40, 0x00, 0x00, 0x00, 0x40, 0x00, 0x00, 0x40, 0x00, 0x00, 0x00,
  0x2c, 0x0a, 0xc0, 0x2f, 0x00, 0x01, 0x00, 0x1e, 0x03, 0x00, 0x03, 0x00,
  0x10, 0x00, 0x80, 0x05, 0x24, 0x0a, 0x00, 0x20, 0x00, 0x01, 0x00, 0x1e,
  0x00, 0x00, 0x00, 0x00, 0x40, 0x00, 0x00, 0x00, 0x2c, 0x0a, 0x84, 0x2f,
  0x00, 0x01, 0x00, 0x1e, 0x0f, 0x00, 0x0f, 0x00, 0x40, 0x00, 0x00, 0x00,
  0x2c, 0x0a, 0x40, 0x2f, 0x00, 0x01, 0x00, 0x1e, 0x3f, 0x00, 0x3f, 0x00,
  0x09, 0x00, 0x20, 0x00, 0x2c, 0x0a, 0x80, 0x20, 0xb8, 0x00, 0x45, 0x1e,
  0x01, 0x00, 0x01, 0x00, 0x08, 0x00, 0x00, 0x00, 0x2c, 0x02, 0xc8, 0x20,
  0xbc, 0x00, 0x00, 0x1e, 0x01, 0x00, 0x01, 0x00, 0x08, 0x00, 0x00, 0x00,
  0x2c, 0x02, 0x9c, 0x20, 0xbc, 0x00, 0x00, 0x1e, 0x03, 0x00, 0x03, 0x00,
  0x02, 0x00, 0x01, 0x00, 0x2c, 0x0a, 0xa0, 0x2f, 0xc0, 0x0f, 0x00, 0x0a,
  0x00, 0x01, 0x00, 0x00, 0x08, 0x00, 0x00, 0x00, 0x2c, 0x02, 0xc0, 0x20,
  0xbc, 0x00, 0x00, 0x1e, 0x02, 0x00, 0x02, 0x00, 0x02, 0x00, 0x01, 0x00,
  0x2c, 0x0a, 0x60, 0x2f, 0x84, 0x0f, 0x00, 0x0a, 0x00, 0x01, 0x00, 0x00,
  0x02, 0x00, 0x01, 0x00, 0x2c, 0x0a, 0x44, 0x20, 0x40, 0x0f, 0x00, 0x0a,
  0x00, 0x01, 0x00, 0x00, 0x01, 0x00, 0x00, 0x00, 0xac, 0x1e, 0x80, 0x47,
  0x00, 0x00, 0x00, 0x00, 0x09, 0x00, 0x09, 0x00, 0x01, 0x00, 0x00, 0x00,
  0xac, 0x1e, 0x81, 0x47, 0x00, 0x00, 0x00, 0x00, 0x0f, 0x00, 0x0f, 0x00,
  0x01, 0x00, 0x00, 0x00, 0xac, 0x1e, 0x82, 0x47, 0x00, 0x00, 0x00, 0x00,
  0x15, 0x00, 0x15, 0x00, 0x0c, 0x00, 0x00, 0x00, 0x2c, 0x0a, 0x80, 0x2f,
  0xa0, 0x0f, 0x00, 0x1e, 0x02, 0x00, 0x02, 0x00, 0x01, 0x00, 0x00, 0x00,
  0xac, 0x1e, 0x83, 0x47, 0x00, 0x00, 0x00, 0x00, 0x1b, 0x00, 0x1b, 0x00,
  0x0c, 0x00, 0x00, 0x00, 0x2c, 0x0a, 0x40, 0x20, 0x60, 0x0f, 0x00, 0x1e,
  0x04, 0x00, 0x04, 0x00, 0x0c, 0x00, 0x00, 0x00, 0x2c, 0x0a, 0x60, 0x20,
  0x44, 0x00, 0x00, 0x1e, 0x06, 0x00, 0x06, 0x00, 0x01, 0x00, 0x00, 0x00,
  0xac, 0x1e, 0x84, 0x47, 0x00, 0x00, 0x00, 0x00, 0x27, 0x00, 0x27, 0x00,
  0x01, 0x00, 0x00, 0x00, 0xac, 0x1e, 0x85, 0x47, 0x00, 0x00, 0x00, 0x00,
  0x33, 0x00, 0x33, 0x00, 0x01, 0x00, 0x00, 0x00, 0xac, 0x1e, 0x86, 0x47,
  0x00, 0x00, 0x00, 0x00, 0x4b, 0x00, 0x4b, 0x00, 0x10, 0x16, 0x03, 0x25,
  0x07, 0x00, 0x10, 0x7c, 0x01, 0x00, 0x00, 0x00, 0xac, 0x1e, 0x87, 0x47,
  0x00, 0x00, 0x00, 0x00, 0x63, 0x00, 0x63, 0x00, 0x01, 0x00, 0x00, 0x00,
  0xac, 0x1e, 0x88, 0x47, 0x00, 0x00, 0x00, 0x00, 0x93, 0xff, 0x93, 0xff,
  0x01, 0x00, 0x00, 0x00, 0xcc, 0x56, 0xd8, 0x20, 0xec, 0x51, 0xb8, 0x1e,
  0x85, 0xeb, 0xe9, 0xbf, 0x01, 0x00, 0x00, 0x00, 0xac, 0x1e, 0x89, 0x47,
  0x00, 0x00, 0x00, 0x00, 0xc3, 0xff, 0xc3, 0xff, 0x01, 0x00, 0x00, 0x00,
  0x2c, 0x1e, 0x88, 0x20, 0x00, 0x00, 0x00, 0x00, 0x00, 0x00, 0x00, 0x00,
  0x01, 0x00, 0x00, 0x00, 0x4c, 0x10, 0x94, 0x27, 0x00, 0x06, 0x00, 0x00,
  0x00, 0x00, 0x00, 0x00, 0x10, 0x16, 0x03, 0x25, 0x07, 0x00, 0x10, 0x02,
  0x01, 0x00, 0x00, 0x00, 0xec, 0x3e, 0x90, 0x27, 0x00, 0x00, 0x00, 0x00,
  0x00, 0x00, 0x40, 0x40, 0x01, 0x00, 0x00, 0x00, 0xcc, 0x56, 0xc0, 0x2f,
  0x00, 0x00, 0x00, 0x00, 0x00, 0x00, 0xf0, 0x3f, 0x01, 0x00, 0x00, 0x00,
  0x4c, 0x10, 0x96, 0x27, 0x00, 0x06, 0x00, 0x00, 0x00, 0x00, 0x00, 0x00,
  0x10, 0x16, 0x03, 0x25, 0x07, 0x00, 0x10, 0x03, 0x01, 0x00, 0x00, 0x00,
  0x4c, 0x10, 0x9e, 0x27, 0x00, 0x06, 0x00, 0x00, 0x00, 0x00, 0x00, 0x00,
  0x10, 0x00, 0x80, 0x05, 0x24, 0x02, 0x00, 0x20, 0x88, 0x00, 0x00, 0x16,
  0x04, 0x00, 0x04, 0x00, 0x20, 0x00, 0x11, 0x00, 0x04, 0x00, 0x00, 0x34,
  0x00, 0x14, 0x00, 0x0e, 0xf8, 0x01, 0x00, 0x00, 0x40, 0x00, 0x00, 0x00,
  0x44, 0x12, 0x00, 0x22, 0x88, 0x00, 0x00, 0x16, 0x80, 0x07, 0x80, 0x07,
  0x38, 0x2b, 0x79, 0x2c, 0x07, 0x7c, 0x10, 0x05, 0x38, 0x34, 0x79, 0x2c,
  0x07, 0x7d, 0x11, 0x05, 0x38, 0x2b, 0x79, 0x2d, 0x07, 0x7a, 0x10, 0x05,
  0x01, 0x00, 0x00, 0x00, 0x2c, 0x22, 0x94, 0x20, 0x00, 0x80, 0x00, 0x00,
  0x00, 0x00, 0x00, 0x00, 0x40, 0x00, 0x00, 0x00, 0x6c, 0x22, 0xc0, 0x2f,
  0x00, 0x80, 0x00, 0x1e, 0xff, 0xff, 0xff, 0xff, 0x38, 0x34, 0x79, 0x2d,
  0x07, 0x7b, 0x11, 0x05, 0x41, 0x00, 0x00, 0x00, 0x2c, 0x0a, 0x60, 0x20,
  0x94, 0x00, 0x00, 0x0a, 0x94, 0x00, 0x00, 0x00, 0x09, 0x00, 0x80, 0x00,
  0x28, 0x0a, 0x40, 0x22, 0x80, 0x0f, 0x8d, 0x1e, 0x01, 0x00, 0x01, 0x00,
  0x41, 0x00, 0x00, 0x00, 0x0c, 0x03, 0xe0, 0x2e, 0x94, 0x00, 0x00, 0x06,
  0xab, 0xaa, 0xaa, 0xaa, 0x0c, 0x00, 0x00, 0x00, 0x6c, 0x1a, 0x20, 0x2f,
  0xc0, 0x0f, 0x00, 0x1e, 0x01, 0x00, 0x01, 0x00, 0x09, 0x00, 0x80, 0x00,
  0x28, 0x0a, 0x80, 0x22, 0x40, 0x0f, 0x8d, 0x1e, 0x01, 0x00, 0x01, 0x00,
  0x01, 0x00, 0x00, 0x00, 0xcc, 0x0a, 0xa0, 0x2f, 0x60, 0x00, 0x00, 0x00,
  0x00, 0x00, 0x00, 0x00, 0x01, 0x40, 0x14, 0x20, 0x00, 0x02, 0x77, 0x00,
  0x40, 0x00, 0x00, 0x00, 0x6c, 0x1a, 0x00, 0x2f, 0x20, 0x0f, 0x00, 0x1e,
  0x01, 0x00, 0x01, 0x00, 0x01, 0x00, 0x40, 0x00, 0xcc, 0x32, 0x40, 0x21,
  0xa0, 0x0f, 0x00, 0x00, 0x00, 0x00, 0x00, 0x00, 0x08, 0x00, 0x00, 0x00,
  0x2c, 0x02, 0xc0, 0x2e, 0x40, 0x00, 0x00, 0x1e, 0x01, 0x00, 0x01, 0x00,
  0x01, 0x00, 0x00, 0x00, 0x2c, 0x1a, 0x8c, 0x20, 0x00, 0x0f, 0x00, 0x00,
  0x00, 0x00, 0x00, 0x00, 0x38, 0x01, 0x40, 0x0e, 0xcc, 0x32, 0x00, 0x01,
  0xe8, 0x00, 0x40, 0x32, 0x48, 0x01, 0x40, 0x00, 0x05, 0x00, 0x00, 0x00,
  0x2c, 0x0a, 0x90, 0x20, 0xc0, 0x0e, 0x00, 0x1e, 0xff, 0x00, 0xff, 0x00,
  0x05, 0x00, 0x00, 0x00, 0x04, 0x10, 0x00, 0x26, 0x00, 0x06, 0x00, 0x06,
  0x01, 0x00, 0x00, 0x00, 0x22, 0x00, 0xbc, 0x00, 0x04, 0x0e, 0x00, 0x20,
  0xb0, 0x00, 0x00, 0x00, 0xb0, 0x00, 0x00, 0x00, 0x5d, 0x01, 0x40, 0x00,
  0x04, 0xd8, 0x02, 0x7e, 0x10, 0x60, 0x01, 0x02, 0x0e, 0x00, 0x00, 0x02,
  0x5d, 0x01, 0x40, 0x00, 0x04, 0xd9, 0x04, 0x7d, 0x10, 0x70, 0x00, 0x02,
  0x14, 0x00, 0x00, 0x02, 0x5d, 0x01, 0x40, 0x00, 0x04, 0xd9, 0x06, 0x7c,
  0x10, 0x70, 0x00, 0x02, 0x14, 0x08, 0x80, 0x1f, 0x5d, 0x01, 0x40, 0x00,
  0x04, 0xd8, 0x08, 0x02, 0x00, 0x80, 0x80, 0x00, 0xfa, 0x00, 0x00, 0x02,
  0x5d, 0x01, 0x40, 0x00, 0x04, 0xd9, 0x0a, 0x7b, 0x10, 0x70, 0x00, 0x02,
  0x14, 0x20, 0x80, 0x00, 0x5d, 0x01, 0x40, 0x00, 0x04, 0xd8, 0x0c, 0x08,
  0x00, 0x80, 0x80, 0x00, 0xfa, 0x20, 0x80, 0x00, 0x5d, 0x01, 0x40, 0x00,
  0x04, 0xd8, 0x0e, 0x7e, 0x02, 0xe0, 0xc7, 0x00, 0xf8, 0x20, 0x80, 0x00,
  0x5d, 0x01, 0x40, 0x00, 0x04, 0xd8, 0x00, 0x02, 0x08, 0x20, 0x80, 0x01,
  0x10, 0x28, 0xc0, 0x1e, 0x5d, 0x01, 0x40, 0x00, 0x04, 0xd9, 0x02, 0x7c,
  0x10, 0x70, 0x00, 0x02, 0x14, 0x38, 0x80, 0x1f, 0x5d, 0x01, 0x40, 0x00,
  0x04, 0xd8, 0x10, 0x08, 0x0e, 0xe0, 0x47, 0x00, 0xf8, 0x00, 0x80, 0x00,
  0x25, 0x00, 0xa0, 0x00, 0x04, 0x00, 0x00, 0x20, 0x00, 0x00, 0x00, 0x0e,
  0x10, 0x00, 0x00, 0x00, 0x01, 0x00, 0x00, 0x00, 0xec, 0x32, 0x98, 0x40,
  0x00, 0x01, 0x00, 0x00, 0x00, 0x00, 0x00, 0x00, 0x10, 0x00, 0x80, 0x01,
  0x27, 0x0a, 0x00, 0x20, 0x88, 0x00, 0x00, 0x1e, 0x04, 0x00, 0x04, 0x00,
  0x20, 0x00, 0x11, 0x00, 0x07, 0x00, 0x00, 0x34, 0x00, 0x14, 0x00, 0x0e,
  0xa0, 0x00, 0x00, 0x00, 0x01, 0x00, 0x00, 0x00, 0x44, 0x12, 0x00, 0x26,
  0x94, 0x07, 0x00, 0x00, 0x00, 0x00, 0x00, 0x00, 0x2e, 0x00, 0x81, 0x00,
  0x00, 0x0e, 0x00, 0x20, 0x90, 0x3b, 0x00, 0x00, 0x90, 0x3b, 0x00, 0x00,
  0x38, 0x2b, 0x5d, 0x2c, 0x07, 0x7c, 0x10, 0x06, 0x38, 0x34, 0x5d, 0x2c,
  0x07, 0x7d, 0x11, 0x06, 0x01, 0x00, 0x00, 0x00, 0x2c, 0x1e, 0x8c, 0x20,
  0x00, 0x00, 0x00, 0x00, 0x14, 0x00, 0x14, 0x00, 0x38, 0x2b, 0x5d, 0x2d,
  0x07, 0x7a, 0x10, 0x06, 0x01, 0x00, 0x00, 0x00, 0x2c, 0x1e, 0x90, 0x20,
  0x00, 0x00, 0x00, 0x00, 0x0d, 0x00, 0x0d, 0x00, 0x38, 0x34, 0x5d, 0x2d,
  0x07, 0x7b, 0x11, 0x06, 0x01, 0x00, 0x00, 0x00, 0x2c, 0x1e, 0x94, 0x20,
  0x00, 0x00, 0x00, 0x00, 0x27, 0x00, 0x27, 0x00, 0x01, 0x00, 0x00, 0x00,
  0xec, 0x3e, 0x98, 0x20, 0x00, 0x00, 0x00, 0x00, 0x8b, 0x59, 0x2c, 0x3a,
  0x09, 0x00, 0x80, 0x00, 0x28, 0x0a, 0x40, 0x22, 0x80, 0x0f, 0x8d, 0x1e,
  0x02, 0x00, 0x02, 0x00, 0x09, 0x00, 0x80, 0x00, 0x28, 0x0a, 0x80, 0x22,
  0x40, 0x0f, 0x8d, 0x1e, 0x02, 0x00, 0x02, 0x00, 0x10, 0x00, 0x80, 0x01,
  0x26, 0x0a, 0x00, 0x20, 0x88, 0x00, 0x00, 0x1e, 0x06, 0x00, 0x06, 0x00,
  0x20, 0x00, 0x11, 0x00, 0x06, 0x00, 0x00, 0x34, 0x00, 0x14, 0x00, 0x0e,
  0xa0, 0x00, 0x00, 0x00, 0x01, 0x00, 0x00, 0x00, 0x44, 0x12, 0x00, 0x26,
  0x96, 0x07, 0x00, 0x00, 0x00, 0x00, 0x00, 0x00, 0x2e, 0x00, 0x81, 0x00,
  0x00, 0x0e, 0x00, 0x20, 0xd0, 0x3a, 0x00, 0x00, 0xd0, 0x3a, 0x00, 0x00,
  0x38, 0x2b, 0x01, 0x2c, 0x07, 0x7c, 0x10, 0x06, 0x38, 0x34, 0x01, 0x2c,
  0x07, 0x7d, 0x11, 0x06, 0x01, 0x00, 0x00, 0x00, 0x2c, 0x1e, 0x8c, 0x20,
  0x00, 0x00, 0x00, 0x00, 0x26, 0x00, 0x26, 0x00, 0x38, 0x2b, 0x01, 0x2d,
  0x07, 0x7a, 0x10, 0x06, 0x01, 0x00, 0x00, 0x00, 0x2c, 0x1e, 0x90, 0x20,
  0x00, 0x00, 0x00, 0x00, 0x19, 0x00, 0x19, 0x00, 0x38, 0x34, 0x01, 0x2d,
  0x07, 0x7b, 0x11, 0x06, 0x01, 0x00, 0x00, 0x00, 0x2c, 0x1e, 0x94, 0x20,
  0x00, 0x00, 0x00, 0x00, 0x4b, 0x00, 0x4b, 0x00, 0x01, 0x00, 0x00, 0x00,
  0xec, 0x3e, 0x98, 0x20, 0x00, 0x00, 0x00, 0x00, 0xdc, 0x69, 0x3a, 0x39,
  0x09, 0x00, 0x80, 0x00, 0x28, 0x0a, 0x40, 0x22, 0x80, 0x0f, 0x8d, 0x1e,
  0x03, 0x00, 0x03, 0x00, 0x09, 0x00, 0x80, 0x00, 0x28, 0x0a, 0x80, 0x22,
  0x40, 0x0f, 0x8d, 0x1e, 0x03, 0x00, 0x03, 0x00, 0x10, 0x00, 0x80, 0x01,
  0x24, 0x0a, 0x00, 0x20, 0x88, 0x00, 0x00, 0x1e, 0x08, 0x00, 0x08, 0x00,
  0x01, 0x00, 0x00, 0x00, 0x4c, 0x10, 0x9c, 0x27, 0x00, 0x06, 0x00, 0x00,
  0x00, 0x00, 0x00, 0x00, 0x20, 0x00, 0x11, 0x00, 0x04, 0x00, 0x00, 0x34,
  0x00, 0x14, 0x00, 0x0e, 0xa0, 0x00, 0x00, 0x00, 0x01, 0x00, 0x00, 0x00,
  0x44, 0x12, 0x00, 0x26, 0x9e, 0x07, 0x00, 0x00, 0x00, 0x00, 0x00, 0x00,
  0x2e, 0x00, 0x81, 0x00, 0x00, 0x0e, 0x00, 0x20, 0x00, 0x3a, 0x00, 0x00,
  0x00, 0x3a, 0x00, 0x00, 0x38, 0x2b, 0x79, 0x2c, 0x07, 0x7c, 0x10, 0x04,
  0x38, 0x34, 0x79, 0x2c, 0x07, 0x7d, 0x11, 0x04, 0x01, 0x00, 0x00, 0x00,
  0x2c, 0x1e, 0x8c, 0x20, 0x00, 0x00, 0x00, 0x00, 0x4a, 0x00, 0x4a, 0x00,
  0x38, 0x2b, 0x79, 0x2d, 0x07, 0x7a, 0x10, 0x04, 0x01, 0x00, 0x00, 0x00,
  0x2c, 0x1e, 0x90, 0x20, 0x00, 0x00, 0x00, 0x00, 0x31, 0x00, 0x31, 0x00,
  0x38, 0x34, 0x79, 0x2d, 0x07, 0x7b, 0x11, 0x04, 0x01, 0x00, 0x00, 0x00,
  0x2c, 0x1e, 0x94, 0x20, 0x00, 0x00, 0x00, 0x00, 0x93, 0x00, 0x93, 0x00,
  0x01, 0x00, 0x00, 0x00, 0xec, 0x3e, 0x98, 0x20, 0x00, 0x00, 0x00, 0x00,
  0x91, 0x19, 0x42, 0x38, 0x09, 0x00, 0x80, 0x00, 0x28, 0x0a, 0x40, 0x22,
  0x80, 0x0f, 0x8d, 0x1e, 0x04, 0x00, 0x04, 0x00, 0x09, 0x00, 0x80, 0x00,
  0x28, 0x0a, 0x80, 0x22, 0x40, 0x0f, 0x8d, 0x1e, 0x04, 0x00, 0x04, 0x00,
  0x40, 0x96, 0x6d, 0x20, 0x0f, 0x0c, 0x12, 0x04, 0x40, 0x96, 0x65, 0x20,
  0x0f, 0x7a, 0x14, 0x04, 0x09, 0x00, 0x00, 0x00, 0x2c, 0x0a, 0x04, 0x25,
  0x90, 0x00, 0x00, 0x1e, 0x01, 0x00, 0x01, 0x00, 0x40, 0x00, 0x80, 0x00,
  0x28, 0x0a, 0x80, 0x2f, 0x80, 0x01, 0x8d, 0x1e, 0x01, 0x00, 0x01, 0x00,
  0x02, 0x96, 0x2d, 0x25, 0x07, 0x1a, 0x7a, 0x04, 0x40, 0x96, 0x71, 0x20,
  0x07, 0x76, 0x7a, 0x04, 0x40, 0x96, 0x2d, 0x20, 0x07, 0x78, 0x0c, 0x28,
  0x02, 0x96, 0x01, 0x25, 0x07, 0x0e, 0x7c, 0x04, 0x10, 0x00, 0x80, 0x03,
  0x20, 0x0a, 0x00, 0x20, 0x40, 0x03, 0x8d, 0x1e, 0x00, 0x00, 0x00, 0x00,
  0x02, 0x96, 0x2d, 0x25, 0x07, 0x20, 0x76, 0x04, 0x02, 0x96, 0x01, 0x25,
  0x07, 0x08, 0x78, 0x04, 0x40, 0x00, 0x80, 0x00, 0x28, 0x0a, 0x00, 0x23,
  0x40, 0x03, 0x8d, 0x1e, 0xff, 0xff, 0xff, 0xff, 0x10, 0x00, 0x81, 0x03,
  0x20, 0x0a, 0x00, 0x20, 0xc0, 0x01, 0x8d, 0x1e, 0x00, 0x00, 0x00, 0x00,
  0x40, 0x00, 0x80, 0x00, 0x28, 0x0a, 0x40, 0x21, 0xc0, 0x01, 0x8d, 0x1e,
  0xff, 0xff, 0xff, 0xff, 0x40, 0x00, 0x80, 0x00, 0x28, 0x0a, 0x40, 0x24,
  0x00, 0x04, 0x8d, 0x1e, 0xff, 0xff, 0xff, 0xff, 0x40, 0x00, 0x80, 0x00,
  0x28, 0x0a, 0x40, 0x20, 0x00, 0x01, 0x8d, 0x1e, 0xff, 0xff, 0xff, 0xff,
  0x22, 0x00, 0x91, 0x00, 0x00, 0x0e, 0x00, 0x20, 0x68, 0x00, 0x00, 0x00,
  0x30, 0x00, 0x00, 0x00, 0x01, 0x00, 0x80, 0x00, 0xe8, 0x3e, 0xc0, 0x23,
  0x00, 0x00, 0x00, 0x00, 0x00, 0x00, 0x00, 0x00, 0x24, 0x00, 0x80, 0x00,
  0x00, 0x0e, 0x00, 0x20, 0x48, 0x00, 0x00, 0x00, 0x48, 0x00, 0x00, 0x00,
  0x41, 0x96, 0x2d, 0x20, 0x07, 0x7c, 0x0a, 0x06, 0x40, 0x96, 0x01, 0x20,
  0xe7, 0x7c, 0x7c, 0x18, 0x09, 0x00, 0x80, 0x00, 0x28, 0x0a, 0x80, 0x2f,
  0x80, 0x0f, 0x8d, 0x1e, 0x02, 0x00, 0x02, 0x00, 0x40, 0x96, 0x6d, 0x20,
  0x07, 0x7c, 0x7c, 0x06, 0x31, 0x00, 0x80, 0x0c, 0x68, 0x02, 0xc0, 0x23,
  0x80, 0x0f, 0x00, 0x06, 0x02, 0x5e, 0x20, 0x04, 0x25, 0x00, 0x80, 0x00,
  0x00, 0x00, 0x00, 0x20, 0x00, 0x00, 0x00, 0x0e, 0x10, 0x00, 0x00, 0x00,
  0x10, 0x00, 0x80, 0x03, 0x20, 0x0a, 0x00, 0x20, 0x00, 0x04, 0x8d, 0x1e,
  0x00, 0x00, 0x00, 0x00, 0x10, 0x00, 0x81, 0x03, 0x20, 0x0a, 0x00, 0x20,
  0xc0, 0x01, 0x8d, 0x1e, 0x00, 0x00, 0x00, 0x00, 0x22, 0x00, 0x91, 0x00,
  0x00, 0x0e, 0x00, 0x20, 0x68, 0x00, 0x00, 0x00, 0x30, 0x00, 0x00, 0x00,
  0x01, 0x00, 0x80, 0x00, 0xe8, 0x3e, 0x80, 0x23, 0x00, 0x00, 0x00, 0x00,
  0x00, 0x00, 0x00, 0x00, 0x24, 0x00, 0x80, 0x00, 0x00, 0x0e, 0x00, 0x20,
  0x48, 0x00, 0x00, 0x00, 0x48, 0x00, 0x00, 0x00, 0x41, 0x96, 0x2d, 0x20,
  0x07, 0x7c, 0x0a, 0x06, 0x40, 0x96, 0x01, 0x20, 0xe7, 0x7c, 0x7c, 0x22,
  0x09, 0x00, 0x80, 0x00, 0x28, 0x0a, 0x80, 0x2f, 0x80, 0x0f, 0x8d, 0x1e,
  0x02, 0x00, 0x02, 0x00, 0x40, 0x96, 0x6d, 0x20, 0x07, 0x7c, 0x7c, 0x06,
  0x31, 0x00, 0x80, 0x0c, 0x68, 0x02, 0x80, 0x23, 0x80, 0x0f, 0x00, 0x06,
  0x02, 0x5e, 0x20, 0x04, 0x25, 0x00, 0x80, 0x00, 0x00, 0x00, 0x00, 0x20,
  0x00, 0x00, 0x00, 0x0e, 0x10, 0x00, 0x00, 0x00, 0x10, 0x00, 0x80, 0x03,
  0x20, 0x0a, 0x00, 0x20, 0x40, 0x03, 0x8d, 0x1e, 0x00, 0x00, 0x00, 0x00,
  0x10, 0x00, 0x81, 0x03, 0x20, 0x0a, 0x00, 0x20, 0x00, 0x01, 0x8d, 0x1e,
  0x00, 0x00, 0x00, 0x00, 0x22, 0x00, 0x91, 0x00, 0x00, 0x0e, 0x00, 0x20,
  0x68, 0x00, 0x00, 0x00, 0x30, 0x00, 0x00, 0x00, 0x01, 0x00, 0x80, 0x00,
  0xe8, 0x3e, 0x40, 0x23, 0x00, 0x00, 0x00, 0x00, 0x00, 0x00, 0x00, 0x00,
  0x24, 0x00, 0x80, 0x00, 0x00, 0x0e, 0x00, 0x20, 0x48, 0x00, 0x00, 0x00,
  0x48, 0x00, 0x00, 0x00, 0x41, 0x96, 0x2d, 0x20, 0x07, 0x7c, 0x02, 0x06,
  0x40, 0x96, 0x01, 0x20, 0xe7, 0x7c, 0x7c, 0x18, 0x09, 0x00, 0x80, 0x00,
  0x28, 0x0a, 0x80, 0x2f, 0x80, 0x0f, 0x8d, 0x1e, 0x02, 0x00, 0x02, 0x00,
  0x40, 0x96, 0x6d, 0x20, 0x07, 0x7c, 0x7c, 0x06, 0x31, 0x00, 0x80, 0x0c,
  0x68, 0x02, 0x40, 0x23, 0x80, 0x0f, 0x00, 0x06, 0x02, 0x5e, 0x20, 0x04,
  0x25, 0x00, 0x80, 0x00, 0x00, 0x00, 0x00, 0x20, 0x00, 0x00, 0x00, 0x0e,
  0x10, 0x00, 0x00, 0x00, 0x10, 0x00, 0x80, 0x03, 0x20, 0x0a, 0x00, 0x20,
  0x00, 0x04, 0x8d, 0x1e, 0x00, 0x00, 0x00, 0x00, 0x10, 0x00, 0x81, 0x03,
  0x20, 0x0a, 0x00, 0x20, 0x00, 0x01, 0x8d, 0x1e, 0x00, 0x00, 0x00, 0x00,
  0x22, 0x00, 0x91, 0x00, 0x00, 0x0e, 0x00, 0x20, 0x68, 0x00, 0x00, 0x00,
  0x30, 0x00, 0x00, 0x00, 0x01, 0x00, 0x80, 0x00, 0xe8, 0x3e, 0x00, 0x23,
  0x00, 0x00, 0x00, 0x00, 0x00, 0x00, 0x00, 0x00, 0x24, 0x00, 0x80, 0x00,
  0x00, 0x0e, 0x00, 0x20, 0x48, 0x00, 0x00, 0x00, 0x48, 0x00, 0x00, 0x00,
  0x41, 0x96, 0x2d, 0x20, 0x07, 0x7c, 0x02, 0x06, 0x40, 0x96, 0x01, 0x20,
  0xe7, 0x7c, 0x7c, 0x22, 0x09, 0x00, 0x80, 0x00, 0x28, 0x0a, 0x80, 0x2f,
  0x80, 0x0f, 0x8d, 0x1e, 0x02, 0x00, 0x02, 0x00, 0x40, 0x96, 0x6d, 0x20,
  0x07, 0x7c, 0x7c, 0x06, 0x31, 0x00, 0x80, 0x0c, 0x68, 0x02, 0x00, 0x23,
  0x80, 0x0f, 0x00, 0x06, 0x02, 0x5e, 0x20, 0x04, 0x25, 0x00, 0x80, 0x00,
  0x00, 0x00, 0x00, 0x20, 0x00, 0x00, 0x00, 0x0e, 0x10, 0x00, 0x00, 0x00,
  0x08, 0x00, 0x00, 0x00, 0x2c, 0x02, 0xc0, 0x2f, 0x90, 0x00, 0x00, 0x1e,
  0x1f, 0x00, 0x1f, 0x00, 0x40, 0x56, 0x02, 0x20, 0xf7, 0x7c, 0x1e, 0x1c,
  0x40, 0x80, 0x21, 0x20, 0x00, 0x7b, 0x04, 0x7e, 0x40, 0x56, 0x02, 0x20,
  0xf7, 0x7c, 0x7c, 0x1a, 0x0c, 0x00, 0x00, 0x00, 0x2c, 0x0a, 0x00, 0x25,
  0x60, 0x0f, 0x00, 0x1e, 0x01, 0x00, 0x01, 0x00, 0x40, 0x56, 0x02, 0x20,
  0xe7, 0x7c, 0x7c, 0x18, 0x40, 0x96, 0x01, 0x20, 0x0f, 0x78, 0x14, 0x28,
  0x02, 0x96, 0x03, 0x24, 0x07, 0x18, 0x7c, 0x00, 0x02, 0x96, 0x2d, 0x25,
  0x07, 0x1e, 0x78, 0x04, 0x40, 0x96, 0x6d, 0x20, 0x07, 0x78, 0x78, 0x04,
  0x10, 0x00, 0x80, 0x03, 0x20, 0x0a, 0x00, 0x20, 0xc0, 0x03, 0x8d, 0x1e,
  0x00, 0x00, 0x00, 0x00, 0x02, 0x96, 0x2d, 0x25, 0x07, 0x22, 0x78, 0x04,
  0x40, 0x00, 0x80, 0x00, 0x28, 0x0a, 0x80, 0x23, 0xc0, 0x03, 0x8d, 0x1e,
  0xff, 0xff, 0xff, 0xff, 0x10, 0x00, 0x81, 0x03, 0x20, 0x0a, 0x00, 0x20,
  0xc0, 0x01, 0x8d, 0x1e, 0x00, 0x00, 0x00, 0x00, 0x40, 0x00, 0x80, 0x00,
  0x28, 0x0a, 0x00, 0x24, 0x40, 0x04, 0x8d, 0x1e, 0xff, 0xff, 0xff, 0xff,
  0x22, 0x00, 0x91, 0x00, 0x00, 0x0e, 0x00, 0x20, 0x68, 0x00, 0x00, 0x00,
  0x30, 0x00, 0x00, 0x00, 0x01, 0x00, 0x80, 0x00, 0xe8, 0x3e, 0x40, 0x23,
  0x00, 0x00, 0x00, 0x00, 0x00, 0x00, 0x00, 0x00, 0x24, 0x00, 0x80, 0x00,
  0x00, 0x0e, 0x00, 0x20, 0x48, 0x00, 0x00, 0x00, 0x48, 0x00, 0x00, 0x00,
  0x41, 0x96, 0x2d, 0x20, 0x07, 0x7c, 0x0a, 0x06, 0x40, 0x96, 0x01, 0x20,
  0xe7, 0x7c, 0x7c, 0x1c, 0x09, 0x00, 0x80, 0x00, 0x28, 0x0a, 0x80, 0x2f,
  0x80, 0x0f, 0x8d, 0x1e, 0x02, 0x00, 0x02, 0x00, 0x40, 0x96, 0x6d, 0x20,
  0x07, 0x7c, 0x7c, 0x06, 0x31, 0x00, 0x80, 0x0c, 0x68, 0x02, 0x40, 0x23,
  0x80, 0x0f, 0x00, 0x06, 0x02, 0x5e, 0x20, 0x04, 0x25, 0x00, 0x80, 0x00,
  0x00, 0x00, 0x00, 0x20, 0x00, 0x00, 0x00, 0x0e, 0x10, 0x00, 0x00, 0x00,
  0x10, 0x00, 0x80, 0x03, 0x20, 0x0a, 0x00, 0x20, 0x40, 0x04, 0x8d, 0x1e,
  0x00, 0x00, 0x00, 0x00, 0x10, 0x00, 0x81, 0x03, 0x20, 0x0a, 0x00, 0x20,
  0xc0, 0x01, 0x8d, 0x1e, 0x00, 0x00, 0x00, 0x00, 0x22, 0x00, 0x91, 0x00,
  0x00, 0x0e, 0x00, 0x20, 0x68, 0x00, 0x00, 0x00, 0x30, 0x00, 0x00, 0x00,
  0x01, 0x00, 0x80, 0x00, 0xe8, 0x3e, 0xc0, 0x21, 0x00, 0x00, 0x00, 0x00,
  0x00, 0x00, 0x00, 0x00, 0x24, 0x00, 0x80, 0x00, 0x00, 0x0e, 0x00, 0x20,
  0x48, 0x00, 0x00, 0x00, 0x48, 0x00, 0x00, 0x00, 0x41, 0x96, 0x2d, 0x20,
  0x07, 0x7c, 0x0a, 0x06, 0x40, 0x96, 0x01, 0x20, 0xe7, 0x7c, 0x7c, 0x20,
  0x09, 0x00, 0x80, 0x00, 0x28, 0x0a, 0x80, 0x2f, 0x80, 0x0f, 0x8d, 0x1e,
  0x02, 0x00, 0x02, 0x00, 0x40, 0x96, 0x6d, 0x20, 0x07, 0x7c, 0x7c, 0x06,
  0x31, 0x00, 0x80, 0x0c, 0x68, 0x02, 0xc0, 0x21, 0x80, 0x0f, 0x00, 0x06,
  0x02, 0x5e, 0x20, 0x04, 0x25, 0x00, 0x80, 0x00, 0x00, 0x00, 0x00, 0x20,
  0x00, 0x00, 0x00, 0x0e, 0x10, 0x00, 0x00, 0x00, 0x10, 0x00, 0x80, 0x03,
  0x20, 0x0a, 0x00, 0x20, 0xc0, 0x03, 0x8d, 0x1e, 0x00, 0x00, 0x00, 0x00,
  0x10, 0x00, 0x81, 0x03, 0x20, 0x0a, 0x00, 0x20, 0x00, 0x01, 0x8d, 0x1e,
  0x00, 0x00, 0x00, 0x00, 0x22, 0x00, 0x91, 0x00, 0x00, 0x0e, 0x00, 0x20,
  0x68, 0x00, 0x00, 0x00, 0x30, 0x00, 0x00, 0x00, 0x01, 0x00, 0x80, 0x00,
  0xe8, 0x3e, 0x40, 0x21, 0x00, 0x00, 0x00, 0x00, 0x00, 0x00, 0x00, 0x00,
  0x24, 0x00, 0x80, 0x00, 0x00, 0x0e, 0x00, 0x20, 0x48, 0x00, 0x00, 0x00,
  0x48, 0x00, 0x00, 0x00, 0x41, 0x96, 0x2d, 0x20, 0x07, 0x7c, 0x02, 0x06,
  0x40, 0x96, 0x01, 0x20, 0xe7, 0x7c, 0x7c, 0x1c, 0x09, 0x00, 0x80, 0x00,
  0x28, 0x0a, 0x80, 0x2f, 0x80, 0x0f, 0x8d, 0x1e, 0x02, 0x00, 0x02, 0x00,
  0x40, 0x96, 0x6d, 0x20, 0x07, 0x7c, 0x7c, 0x06, 0x31, 0x00, 0x80, 0x0c,
  0x68, 0x02, 0x40, 0x21, 0x80, 0x0f, 0x00, 0x06, 0x02, 0x5e, 0x20, 0x04,
  0x25, 0x00, 0x80, 0x00, 0x00, 0x00, 0x00, 0x20, 0x00, 0x00, 0x00, 0x0e,
  0x10, 0x00, 0x00, 0x00, 0x10, 0x00, 0x80, 0x03, 0x20, 0x0a, 0x00, 0x20,
  0x40, 0x04, 0x8d, 0x1e, 0x00, 0x00, 0x00, 0x00, 0x10, 0x00, 0x81, 0x03,
  0x20, 0x0a, 0x00, 0x20, 0x00, 0x01, 0x8d, 0x1e, 0x00, 0x00, 0x00, 0x00,
  0x22, 0x00, 0x91, 0x00, 0x00, 0x0e, 0x00, 0x20, 0x68, 0x00, 0x00, 0x00,
  0x30, 0x00, 0x00, 0x00, 0x01, 0x00, 0x80, 0x00, 0xe8, 0x3e, 0x40, 0x20,
  0x00, 0x00, 0x00, 0x00, 0x00, 0x00, 0x00, 0x00, 0x24, 0x00, 0x80, 0x00,
  0x00, 0x0e, 0x00, 0x20, 0x48, 0x00, 0x00, 0x00, 0x48, 0x00, 0x00, 0x00,
  0x41, 0x96, 0x2d, 0x20, 0x07, 0x7c, 0x02, 0x06, 0x40, 0x96, 0x01, 0x20,
  0xe7, 0x7c, 0x7c, 0x20, 0x09, 0x00, 0x80, 0x00, 0x28, 0x0a, 0x80, 0x2f,
  0x80, 0x0f, 0x8d, 0x1e, 0x02, 0x00, 0x02, 0x00, 0x40, 0x96, 0x6d, 0x20,
  0x07, 0x7c, 0x7c, 0x06, 0x31, 0x00, 0x80, 0x0c, 0x68, 0x02, 0x40, 0x20,
  0x80, 0x0f, 0x00, 0x06, 0x02, 0x5e, 0x20, 0x04, 0x25, 0x00, 0x80, 0x00,
  0x00, 0x00, 0x00, 0x20, 0x00, 0x00, 0x00, 0x0e, 0x10, 0x00, 0x00, 0x00,
  0x40, 0x56, 0x02, 0x20, 0xf7, 0x7c, 0x1a, 0x0e, 0x40, 0x96, 0x65, 0x20,
  0x0f, 0x7a, 0x12, 0x04, 0x40, 0x56, 0x02, 0x20, 0xf7, 0x7c, 0x7c, 0x0a,
  0x40, 0x96, 0x6d, 0x20, 0x0f, 0x0a, 0x14, 0x04, 0x40, 0x96, 0x71, 0x20,
  0x07, 0x76, 0x7a, 0x04, 0x02, 0x96, 0x01, 0x25, 0x07, 0x0e, 0x7a, 0x04,
  0x40, 0x56, 0x02, 0x20, 0xe7, 0x7c, 0x7c, 0x02, 0x40, 0x00, 0x80, 0x00,
  0x28, 0x0a, 0x00, 0x2f, 0x40, 0x01, 0x8d, 0x1e, 0x01, 0x00, 0x01, 0x00,
  0x40, 0x96, 0x2d, 0x20, 0x07, 0x74, 0x0a, 0x28, 0x02, 0x96, 0x01, 0x25,
  0x07, 0x22, 0x76, 0x04, 0x02, 0x96, 0x03, 0x24, 0x07, 0x7c, 0x7c, 0x00,
  0x02, 0x96, 0x2d, 0x25, 0x07, 0x1a, 0x78, 0x04, 0x02, 0x96, 0x2d, 0x25,
  0x07, 0x1e, 0x74, 0x04, 0x40, 0x00, 0x80, 0x00, 0x28, 0x0a, 0x00, 0x21,
  0xc0, 0x01, 0x8d, 0x1e, 0xff, 0xff, 0xff, 0xff, 0x5b, 0x2e, 0x00, 0x20,
  0x81, 0xc0, 0xf0, 0xf8, 0x10, 0x00, 0x80, 0x03, 0x20, 0x0a, 0x00, 0x20,
  0x40, 0x03, 0x8d, 0x1e, 0x00, 0x00, 0x00, 0x00, 0x40, 0x00, 0x80, 0x00,
  0x28, 0x0a, 0x00, 0x24, 0x40, 0x04, 0x8d, 0x1e, 0xff, 0xff, 0xff, 0xff,
  0x40, 0x00, 0x80, 0x00, 0x28, 0x0a, 0x00, 0x23, 0x40, 0x03, 0x8d, 0x1e,
  0xff, 0xff, 0xff, 0xff, 0x40, 0x00, 0x80, 0x00, 0x28, 0x0a, 0x80, 0x23,
  0xc0, 0x03, 0x8d, 0x1e, 0xff, 0xff, 0xff, 0xff, 0x10, 0x00, 0x81, 0x03,
  0x20, 0x0a, 0x00, 0x20, 0xc0, 0x01, 0x8d, 0x1e, 0x00, 0x00, 0x00, 0x00,
  0x22, 0x00, 0x91, 0x00, 0x00, 0x0e, 0x00, 0x20, 0x68, 0x00, 0x00, 0x00,
  0x30, 0x00, 0x00, 0x00, 0x01, 0x00, 0x80, 0x00, 0xe8, 0x3e, 0x80, 0x24,
  0x00, 0x00, 0x00, 0x00, 0x00, 0x00, 0x00, 0x00, 0x24, 0x00, 0x80, 0x00,
  0x00, 0x0e, 0x00, 0x20, 0x48, 0x00, 0x00, 0x00, 0x48, 0x00, 0x00, 0x00,
  0x41, 0x96, 0x2d, 0x20, 0x07, 0x7c, 0x08, 0x06, 0x40, 0x96, 0x01, 0x20,
  0xe7, 0x7c, 0x7c, 0x18, 0x09, 0x00, 0x80, 0x00, 0x28, 0x0a, 0x80, 0x2f,
  0x80, 0x0f, 0x8d, 0x1e, 0x02, 0x00, 0x02, 0x00, 0x40, 0x96, 0x6d, 0x20,
  0x07, 0x7c, 0x7c, 0x06, 0x31, 0x00, 0x80, 0x0c, 0x68, 0x02, 0x80, 0x24,
  0x80, 0x0f, 0x00, 0x06, 0x02, 0x5e, 0x20, 0x04, 0x25, 0x00, 0x80, 0x00,
  0x00, 0x00, 0x00, 0x20, 0x00, 0x00, 0x00, 0x0e, 0x10, 0x00, 0x00, 0x00,
  0x10, 0x00, 0x80, 0x03, 0x20, 0x0a, 0x00, 0x20, 0xc0, 0x03, 0x8d, 0x1e,
  0x00, 0x00, 0x00, 0x00, 0x10, 0x00, 0x81, 0x03, 0x20, 0x0a, 0x00, 0x20,
  0xc0, 0x01, 0x8d, 0x1e, 0x00, 0x00, 0x00, 0x00, 0x22, 0x00, 0x91, 0x00,
  0x00, 0x0e, 0x00, 0x20, 0x68, 0x00, 0x00, 0x00, 0x30, 0x00, 0x00, 0x00,
  0x01, 0x00, 0x80, 0x00, 0xe8, 0x3e, 0xc0, 0x24, 0x00, 0x00, 0x00, 0x00,
  0x00, 0x00, 0x00, 0x00, 0x24, 0x00, 0x80, 0x00, 0x00, 0x0e, 0x00, 0x20,
  0x48, 0x00, 0x00, 0x00, 0x48, 0x00, 0x00, 0x00, 0x41, 0x96, 0x2d, 0x20,
  0x07, 0x7c, 0x08, 0x06, 0x40, 0x96, 0x01, 0x20, 0xe7, 0x7c, 0x7c, 0x1c,
  0x09, 0x00, 0x80, 0x00, 0x28, 0x0a, 0x80, 0x2f, 0x80, 0x0f, 0x8d, 0x1e,
  0x02, 0x00, 0x02, 0x00, 0x40, 0x96, 0x6d, 0x20, 0x07, 0x7c, 0x7c, 0x06,
  0x31, 0x00, 0x80, 0x0c, 0x68, 0x02, 0xc0, 0x24, 0x80, 0x0f, 0x00, 0x06,
  0x02, 0x5e, 0x20, 0x04, 0x25, 0x00, 0x80, 0x00, 0x00, 0x00, 0x00, 0x20,
  0x00, 0x00, 0x00, 0x0e, 0x10, 0x00, 0x00, 0x00, 0x10, 0x00, 0x80, 0x03,
  0x20, 0x0a, 0x00, 0x20, 0x40, 0x03, 0x8d, 0x1e, 0x00, 0x00, 0x00, 0x00,
  0x10, 0x00, 0x81, 0x03, 0x20, 0x0a, 0x00, 0x20, 0x40, 0x04, 0x8d, 0x1e,
  0x00, 0x00, 0x00, 0x00, 0x22, 0x00, 0x91, 0x00, 0x00, 0x0e, 0x00, 0x20,
  0x68, 0x00, 0x00, 0x00, 0x30, 0x00, 0x00, 0x00, 0x01, 0x00, 0x80, 0x00,
  0xe8, 0x3e, 0xc0, 0x21, 0x00, 0x00, 0x00, 0x00, 0x00, 0x00, 0x00, 0x00,
  0x24, 0x00, 0x80, 0x00, 0x00, 0x0e, 0x00, 0x20, 0x48, 0x00, 0x00, 0x00,
  0x48, 0x00, 0x00, 0x00, 0x41, 0x96, 0x2d, 0x20, 0x07, 0x7c, 0x20, 0x06,
  0x40, 0x96, 0x01, 0x20, 0xe7, 0x7c, 0x7c, 0x18, 0x09, 0x00, 0x80, 0x00,
  0x28, 0x0a, 0x80, 0x2f, 0x80, 0x0f, 0x8d, 0x1e, 0x02, 0x00, 0x02, 0x00,
  0x40, 0x96, 0x6d, 0x20, 0x07, 0x7c, 0x7c, 0x06, 0x31, 0x00, 0x80, 0x0c,
  0x68, 0x02, 0xc0, 0x21, 0x80, 0x0f, 0x00, 0x06, 0x02, 0x5e, 0x20, 0x04,
  0x25, 0x00, 0x80, 0x00, 0x00, 0x00, 0x00, 0x20, 0x00, 0x00, 0x00, 0x0e,
  0x10, 0x00, 0x00, 0x00, 0x10, 0x00, 0x80, 0x03, 0x20, 0x0a, 0x00, 0x20,
  0xc0, 0x03, 0x8d, 0x1e, 0x00, 0x00, 0x00, 0x00, 0x10, 0x00, 0x81, 0x03,
  0x20, 0x0a, 0x00, 0x20, 0x40, 0x04, 0x8d, 0x1e, 0x00, 0x00, 0x00, 0x00,
  0x22, 0x00, 0x91, 0x00, 0x00, 0x0e, 0x00, 0x20, 0x68, 0x00, 0x00, 0x00,
  0x30, 0x00, 0x00, 0x00, 0x01, 0x00, 0x80, 0x00, 0xe8, 0x3e, 0x00, 0x21,
  0x00, 0x00, 0x00, 0x00, 0x00, 0x00, 0x00, 0x00, 0x24, 0x00, 0x80, 0x00,
  0x00, 0x0e, 0x00, 0x20, 0x48, 0x00, 0x00, 0x00, 0x48, 0x00, 0x00, 0x00,
  0x41, 0x96, 0x2d, 0x20, 0x07, 0x7c, 0x20, 0x06, 0x40, 0x96, 0x01, 0x20,
  0xe7, 0x7c, 0x7c, 0x1c, 0x09, 0x00, 0x80, 0x00, 0x28, 0x0a, 0x80, 0x2f,
  0x80, 0x0f, 0x8d, 0x1e, 0x02, 0x00, 0x02, 0x00, 0x40, 0x96, 0x6d, 0x20,
  0x07, 0x7c, 0x7c, 0x06, 0x31, 0x00, 0x80, 0x0c, 0x68, 0x02, 0x00, 0x21,
  0x80, 0x0f, 0x00, 0x06, 0x02, 0x5e, 0x20, 0x04, 0x25, 0x00, 0x80, 0x00,
  0x00, 0x00, 0x00, 0x20, 0x00, 0x00, 0x00, 0x0e, 0x10, 0x00, 0x00, 0x00,
  0x40, 0x56, 0x02, 0x20, 0xf7, 0x7c, 0x24, 0x26, 0x40, 0x96, 0x01, 0x20,
  0x0f, 0x7a, 0x12, 0x28, 0x10, 0x00, 0x80, 0x03, 0x20, 0x0a, 0x00, 0x20,
  0x40, 0x03, 0x8d, 0x1e, 0x00, 0x00, 0x00, 0x00, 0x40, 0x56, 0x02, 0x20,
  0xf7, 0x7c, 0x7c, 0x0e, 0x02, 0x96, 0x01, 0x25, 0x07, 0x0e, 0x7a, 0x04,
  0x40, 0x96, 0x6d, 0x20, 0x07, 0x7a, 0x7a, 0x04, 0x40, 0x56, 0x02, 0x20,
  0xe7, 0x7c, 0x7c, 0x08, 0x10, 0x00, 0x81, 0x03, 0x20, 0x0a, 0x00, 0x20,
  0xc0, 0x01, 0x8d, 0x1e, 0x00, 0x00, 0x00, 0x00, 0x02, 0x96, 0x01, 0x25,
  0x07, 0x26, 0x7a, 0x04, 0x40, 0x00, 0x80, 0x00, 0x28, 0x0a, 0x00, 0x21,
  0xc0, 0x01, 0x8d, 0x1e, 0xff, 0xff, 0xff, 0xff, 0x02, 0x96, 0x03, 0x24,
  0x07, 0x20, 0x7c, 0x00, 0x40, 0x00, 0x80, 0x00, 0x28, 0x0a, 0x80, 0x24,
  0xc0, 0x04, 0x8d, 0x1e, 0xff, 0xff, 0xff, 0xff, 0x22, 0x00, 0x91, 0x00,
  0x00, 0x0e, 0x00, 0x20, 0x68, 0x00, 0x00, 0x00, 0x30, 0x00, 0x00, 0x00,
  0x01, 0x00, 0x80, 0x00, 0xe8, 0x3e, 0x40, 0x24, 0x00, 0x00, 0x00, 0x00,
  0x00, 0x00, 0x00, 0x00, 0x24, 0x00, 0x80, 0x00, 0x00, 0x0e, 0x00, 0x20,
  0x48, 0x00, 0x00, 0x00, 0x48, 0x00, 0x00, 0x00, 0x41, 0x96, 0x2d, 0x20,
  0x07, 0x7c, 0x08, 0x06, 0x40, 0x96, 0x01, 0x20, 0xe7, 0x7c, 0x7c, 0x18,
  0x09, 0x00, 0x80, 0x00, 0x28, 0x0a, 0x80, 0x2f, 0x80, 0x0f, 0x8d, 0x1e,
  0x02, 0x00, 0x02, 0x00, 0x40, 0x96, 0x6d, 0x20, 0x07, 0x7c, 0x7c, 0x06,
  0x31, 0x00, 0x80, 0x0c, 0x68, 0x02, 0x40, 0x24, 0x80, 0x0f, 0x00, 0x06,
  0x02, 0x5e, 0x20, 0x04, 0x25, 0x00, 0x80, 0x00, 0x00, 0x00, 0x00, 0x20,
  0x00, 0x00, 0x00, 0x0e, 0x10, 0x00, 0x00, 0x00, 0x10, 0x00, 0x80, 0x03,
  0x20, 0x0a, 0x00, 0x20, 0xc0, 0x03, 0x8d, 0x1e, 0x00, 0x00, 0x00, 0x00,
  0x10, 0x00, 0x81, 0x03, 0x20, 0x0a, 0x00, 0x20, 0xc0, 0x01, 0x8d, 0x1e,
  0x00, 0x00, 0x00, 0x00, 0x22, 0x00, 0x91, 0x00, 0x00, 0x0e, 0x00, 0x20,
  0x68, 0x00, 0x00, 0x00, 0x30, 0x00, 0x00, 0x00, 0x01, 0x00, 0x80, 0x00,
  0xe8, 0x3e, 0x00, 0x25, 0x00, 0x00, 0x00, 0x00, 0x00, 0x00, 0x00, 0x00,
  0x24, 0x00, 0x80, 0x00, 0x00, 0x0e, 0x00, 0x20, 0x48, 0x00, 0x00, 0x00,
  0x48, 0x00, 0x00, 0x00, 0x41, 0x96, 0x2d, 0x20, 0x07, 0x7c, 0x08, 0x06,
  0x40, 0x96, 0x01, 0x20, 0xe7, 0x7c, 0x7c, 0x1c, 0x09, 0x00, 0x80, 0x00,
  0x28, 0x0a, 0x80, 0x2f, 0x80, 0x0f, 0x8d, 0x1e, 0x02, 0x00, 0x02, 0x00,
  0x40, 0x96, 0x6d, 0x20, 0x07, 0x7c, 0x7c, 0x06, 0x31, 0x00, 0x80, 0x0c,
  0x68, 0x02, 0x00, 0x25, 0x80, 0x0f, 0x00, 0x06, 0x02, 0x5e, 0x20, 0x04,
  0x25, 0x00, 0x80, 0x00, 0x00, 0x00, 0x00, 0x20, 0x00, 0x00, 0x00, 0x0e,
  0x10, 0x00, 0x00, 0x00, 0x10, 0x00, 0x80, 0x03, 0x20, 0x0a, 0x00, 0x20,
  0x40, 0x03, 0x8d, 0x1e, 0x00, 0x00, 0x00, 0x00, 0x10, 0x00, 0x81, 0x03,
  0x20, 0x0a, 0x00, 0x20, 0xc0, 0x04, 0x8d, 0x1e, 0x00, 0x00, 0x00, 0x00,
  0x22, 0x00, 0x91, 0x00, 0x00, 0x0e, 0x00, 0x20, 0x68, 0x00, 0x00, 0x00,
  0x30, 0x00, 0x00, 0x00, 0x01, 0x00, 0x80, 0x00, 0xe8, 0x3e, 0xc0, 0x21,
  0x00, 0x00, 0x00, 0x00, 0x00, 0x00, 0x00, 0x00, 0x24, 0x00, 0x80, 0x00,
  0x00, 0x0e, 0x00, 0x20, 0x48, 0x00, 0x00, 0x00, 0x48, 0x00, 0x00, 0x00,
  0x41, 0x96, 0x2d, 0x20, 0x07, 0x7c, 0x24, 0x06, 0x40, 0x96, 0x01, 0x20,
  0xe7, 0x7c, 0x7c, 0x18, 0x09, 0x00, 0x80, 0x00, 0x28, 0x0a, 0x80, 0x2f,
  0x80, 0x0f, 0x8d, 0x1e, 0x02, 0x00, 0x02, 0x00, 0x40, 0x96, 0x6d, 0x20,
  0x07, 0x7c, 0x7c, 0x06, 0x31, 0x00, 0x80, 0x0c, 0x68, 0x02, 0xc0, 0x21,
  0x80, 0x0f, 0x00, 0x06, 0x02, 0x5e, 0x20, 0x04, 0x25, 0x00, 0x80, 0x00,
  0x00, 0x00, 0x00, 0x20, 0x00, 0x00, 0x00, 0x0e, 0x10, 0x00, 0x00, 0x00,
  0x10, 0x00, 0x80, 0x03, 0x20, 0x0a, 0x00, 0x20, 0xc0, 0x03, 0x8d, 0x1e,
  0x00, 0x00, 0x00, 0x00, 0x10, 0x00, 0x81, 0x03, 0x20, 0x0a, 0x00, 0x20,
  0xc0, 0x04, 0x8d, 0x1e, 0x00, 0x00, 0x00, 0x00, 0x22, 0x00, 0x91, 0x00,
  0x00, 0x0e, 0x00, 0x20, 0x68, 0x00, 0x00, 0x00, 0x30, 0x00, 0x00, 0x00,
  0x01, 0x00, 0x80, 0x00, 0xe8, 0x3e, 0x00, 0x21, 0x00, 0x00, 0x00, 0x00,
  0x00, 0x00, 0x00, 0x00, 0x24, 0x00, 0x80, 0x00, 0x00, 0x0e, 0x00, 0x20,
  0x48, 0x00, 0x00, 0x00, 0x48, 0x00, 0x00, 0x00, 0x41, 0x96, 0x2d, 0x20,
  0x07, 0x7c, 0x24, 0x06, 0x40, 0x96, 0x01, 0x20, 0xe7, 0x7c, 0x7c, 0x1c,
  0x09, 0x00, 0x80, 0x00, 0x28, 0x0a, 0x80, 0x2f, 0x80, 0x0f, 0x8d, 0x1e,
  0x02, 0x00, 0x02, 0x00, 0x40, 0x96, 0x6d, 0x20, 0x07, 0x7c, 0x7c, 0x06,
  0x31, 0x00, 0x80, 0x0c, 0x68, 0x02, 0x00, 0x21, 0x80, 0x0f, 0x00, 0x06,
  0x02, 0x5e, 0x20, 0x04, 0x25, 0x00, 0x80, 0x00, 0x00, 0x00, 0x00, 0x20,
  0x00, 0x00, 0x00, 0x0e, 0x10, 0x00, 0x00, 0x00, 0x40, 0x56, 0x02, 0x20,
  0xf7, 0x7c, 0x22, 0x28, 0x40, 0x00, 0x80, 0x00, 0x28, 0x0a, 0x40, 0x2f,
  0x80, 0x02, 0x8d, 0x1e, 0x01, 0x00, 0x01, 0x00, 0x02, 0x96, 0x01, 0x25,
  0x07, 0x2a, 0x0c, 0x04, 0x02, 0x96, 0x01, 0x25, 0x07, 0x22, 0x12, 0x04,
  0x40, 0x56, 0x02, 0x20, 0xf7, 0x7c, 0x7c, 0x0e, 0x02, 0x96, 0x2d, 0x25,
  0x07, 0x26, 0x7a, 0x04, 0x40, 0x96, 0x6d, 0x20, 0x07, 0x78, 0x7a, 0x04,
  0x40, 0x00, 0x80, 0x00, 0x28, 0x0a, 0x00, 0x25, 0x40, 0x05, 0x8d, 0x1e,
  0xff, 0xff, 0xff, 0xff, 0x40, 0x56, 0x02, 0x20, 0xe7, 0x7c, 0x7c, 0x08,
  0x10, 0x00, 0x80, 0x03, 0x20, 0x0a, 0x00, 0x20, 0xc0, 0x04, 0x8d, 0x1e,
  0x00, 0x00, 0x00, 0x00, 0x02, 0x96, 0x2d, 0x25, 0x07, 0x1e, 0x78, 0x04,
  0x40, 0x00, 0x80, 0x00, 0x28, 0x0a, 0x80, 0x24, 0xc0, 0x04, 0x8d, 0x1e,
  0xff, 0xff, 0xff, 0xff, 0x02, 0x96, 0x03, 0x24, 0x07, 0x7c, 0x7c, 0x00,
  0x10, 0x00, 0x81, 0x03, 0x20, 0x0a, 0x00, 0x20, 0x40, 0x05, 0x8d, 0x1e,
  0x00, 0x00, 0x00, 0x00, 0x40, 0x00, 0x80, 0x00, 0x28, 0x0a, 0x80, 0x23,
  0xc0, 0x03, 0x8d, 0x1e, 0xff, 0xff, 0xff, 0xff, 0x5b, 0x8e, 0x00, 0x20,
  0x81, 0x00, 0xf1, 0xf8, 0x40, 0x00, 0x80, 0x00, 0x28, 0x0a, 0x00, 0x24,
  0x40, 0x04, 0x8d, 0x1e, 0xff, 0xff, 0xff, 0xff, 0x22, 0x00, 0x91, 0x00,
  0x00, 0x0e, 0x00, 0x20, 0x68, 0x00, 0x00, 0x00, 0x30, 0x00, 0x00, 0x00,
  0x01, 0x00, 0x80, 0x00, 0xe8, 0x3e, 0x40, 0x23, 0x00, 0x00, 0x00, 0x00,
  0x00, 0x00, 0x00, 0x00, 0x24, 0x00, 0x80, 0x00, 0x00, 0x0e, 0x00, 0x20,
  0x48, 0x00, 0x00, 0x00, 0x48, 0x00, 0x00, 0x00, 0x41, 0x96, 0x2d, 0x20,
  0x07, 0x7c, 0x28, 0x06, 0x40, 0x96, 0x01, 0x20, 0xe7, 0x7c, 0x7c, 0x24,
  0x09, 0x00, 0x80, 0x00, 0x28, 0x0a, 0x80, 0x2f, 0x80, 0x0f, 0x8d, 0x1e,
  0x02, 0x00, 0x02, 0x00, 0x40, 0x96, 0x6d, 0x20, 0x07, 0x7c, 0x7c, 0x06,
  0x31, 0x00, 0x80, 0x0c, 0x68, 0x02, 0x40, 0x23, 0x80, 0x0f, 0x00, 0x06,
  0x02, 0x5e, 0x20, 0x04, 0x25, 0x00, 0x80, 0x00, 0x00, 0x00, 0x00, 0x20,
  0x00, 0x00, 0x00, 0x0e, 0x10, 0x00, 0x00, 0x00, 0x10, 0x00, 0x80, 0x03,
  0x20, 0x0a, 0x00, 0x20, 0xc0, 0x03, 0x8d, 0x1e, 0x00, 0x00, 0x00, 0x00,
  0x10, 0x00, 0x81, 0x03, 0x20, 0x0a, 0x00, 0x20, 0x40, 0x05, 0x8d, 0x1e,
  0x00, 0x00, 0x00, 0x00, 0x22, 0x00, 0x91, 0x00, 0x00, 0x0e, 0x00, 0x20,
  0x68, 0x00, 0x00, 0x00, 0x30, 0x00, 0x00, 0x00, 0x01, 0x00, 0x80, 0x00,
  0xe8, 0x3e, 0x00, 0x23, 0x00, 0x00, 0x00, 0x00, 0x00, 0x00, 0x00, 0x00,
  0x24, 0x00, 0x80, 0x00, 0x00, 0x0e, 0x00, 0x20, 0x48, 0x00, 0x00, 0x00,
  0x48, 0x00, 0x00, 0x00, 0x41, 0x96, 0x2d, 0x20, 0x07, 0x7c, 0x28, 0x06,
  0x40, 0x96, 0x01, 0x20, 0xe7, 0x7c, 0x7c, 0x1c, 0x09, 0x00, 0x80, 0x00,
  0x28, 0x0a, 0x80, 0x2f, 0x80, 0x0f, 0x8d, 0x1e, 0x02, 0x00, 0x02, 0x00,
  0x40, 0x96, 0x6d, 0x20, 0x07, 0x7c, 0x7c, 0x06, 0x31, 0x00, 0x80, 0x0c,
  0x68, 0x02, 0x00, 0x23, 0x80, 0x0f, 0x00, 0x06, 0x02, 0x5e, 0x20, 0x04,
  0x25, 0x00, 0x80, 0x00, 0x00, 0x00, 0x00, 0x20, 0x00, 0x00, 0x00, 0x0e,
  0x10, 0x00, 0x00, 0x00, 0x10, 0x00, 0x80, 0x03, 0x20, 0x0a, 0x00, 0x20,
  0xc0, 0x04, 0x8d, 0x1e, 0x00, 0x00, 0x00, 0x00, 0x10, 0x00, 0x81, 0x03,
  0x20, 0x0a, 0x00, 0x20, 0x40, 0x04, 0x8d, 0x1e, 0x00, 0x00, 0x00, 0x00,
  0x22, 0x00, 0x91, 0x00, 0x00, 0x0e, 0x00, 0x20, 0x68, 0x00, 0x00, 0x00,
  0x30, 0x00, 0x00, 0x00, 0x01, 0x00, 0x80, 0x00, 0xe8, 0x3e, 0xc0, 0x21,
  0x00, 0x00, 0x00, 0x00, 0x00, 0x00, 0x00, 0x00, 0x24, 0x00, 0x80, 0x00,
  0x00, 0x0e, 0x00, 0x20, 0x48, 0x00, 0x00, 0x00, 0x48, 0x00, 0x00, 0x00,
  0x41, 0x96, 0x2d, 0x20, 0x07, 0x7c, 0x20, 0x06, 0x40, 0x96, 0x01, 0x20,
  0xe7, 0x7c, 0x7c, 0x24, 0x09, 0x00, 0x80, 0x00, 0x28, 0x0a, 0x80, 0x2f,
  0x80, 0x0f, 0x8d, 0x1e, 0x02, 0x00, 0x02, 0x00, 0x40, 0x96, 0x6d, 0x20,
  0x07, 0x7c, 0x7c, 0x06, 0x31, 0x00, 0x80, 0x0c, 0x68, 0x02, 0xc0, 0x21,
  0x80, 0x0f, 0x00, 0x06, 0x02, 0x5e, 0x20, 0x04, 0x25, 0x00, 0x80, 0x00,
  0x00, 0x00, 0x00, 0x20, 0x00, 0x00, 0x00, 0x0e, 0x10, 0x00, 0x00, 0x00,
  0x10, 0x00, 0x80, 0x03, 0x20, 0x0a, 0x00, 0x20, 0xc0, 0x03, 0x8d, 0x1e,
  0x00, 0x00, 0x00, 0x00, 0x10, 0x00, 0x81, 0x03, 0x20, 0x0a, 0x00, 0x20,
  0x40, 0x04, 0x8d, 0x1e, 0x00, 0x00, 0x00, 0x00, 0x22, 0x00, 0x91, 0x00,
  0x00, 0x0e, 0x00, 0x20, 0x68, 0x00, 0x00, 0x00, 0x30, 0x00, 0x00, 0x00,
  0x01, 0x00, 0x80, 0x00, 0xe8, 0x3e, 0x80, 0x21, 0x00, 0x00, 0x00, 0x00,
  0x00, 0x00, 0x00, 0x00, 0x24, 0x00, 0x80, 0x00, 0x00, 0x0e, 0x00, 0x20,
  0x48, 0x00, 0x00, 0x00, 0x48, 0x00, 0x00, 0x00, 0x41, 0x96, 0x2d, 0x20,
  0x07, 0x7c, 0x20, 0x06, 0x40, 0x96, 0x01, 0x20, 0xe7, 0x7c, 0x7c, 0x1c,
  0x09, 0x00, 0x80, 0x00, 0x28, 0x0a, 0x80, 0x2f, 0x80, 0x0f, 0x8d, 0x1e,
  0x02, 0x00, 0x02, 0x00, 0x40, 0x96, 0x6d, 0x20, 0x07, 0x7c, 0x7c, 0x06,
  0x31, 0x00, 0x80, 0x0c, 0x68, 0x02, 0x80, 0x21, 0x80, 0x0f, 0x00, 0x06,
  0x02, 0x5e, 0x20, 0x04, 0x25, 0x00, 0x80, 0x00, 0x00, 0x00, 0x00, 0x20,
  0x00, 0x00, 0x00, 0x0e, 0x10, 0x00, 0x00, 0x00, 0x40, 0x56, 0x02, 0x20,
  0xf7, 0x7c, 0x1a, 0x18, 0x40, 0x00, 0x80, 0x00, 0x28, 0x0a, 0x40, 0x2f,
  0x40, 0x02, 0x8d, 0x1e, 0x01, 0x00, 0x01, 0x00, 0x02, 0x96, 0x2d, 0x25,
  0x07, 0x36, 0x14, 0x04, 0x40, 0x56, 0x02, 0x20, 0xf7, 0x7c, 0x7c, 0x0e,
  0x40, 0x96, 0x6d, 0x20, 0x07, 0x78, 0x7a, 0x04, 0x02, 0x96, 0x01, 0x25,
  0x07, 0x18, 0x7a, 0x04, 0x40, 0x00, 0x80, 0x00, 0x28, 0x0a, 0x80, 0x26,
  0xc0, 0x06, 0x8d, 0x1e, 0xff, 0xff, 0xff, 0xff, 0x40, 0x56, 0x02, 0x20,
  0xe7, 0x7c, 0x7c, 0x0c, 0x02, 0x96, 0x2d, 0x25, 0x07, 0x0c, 0x0a, 0x04,
  0x02, 0x96, 0x01, 0x25, 0x07, 0x3a, 0x78, 0x04, 0x40, 0x00, 0x80, 0x00,
  0x28, 0x0a, 0xc0, 0x21, 0x00, 0x03, 0x8d, 0x1e, 0xff, 0xff, 0xff, 0xff,
  0x02, 0x96, 0x03, 0x24, 0x07, 0x1a, 0x7c, 0x00, 0x10, 0x00, 0x80, 0x03,
  0x20, 0x0a, 0x00, 0x20, 0x80, 0x01, 0x8d, 0x1e, 0x00, 0x00, 0x00, 0x00,
  0x40, 0x00, 0x80, 0x00, 0x28, 0x0a, 0x40, 0x21, 0x80, 0x01, 0x8d, 0x1e,
  0xff, 0xff, 0xff, 0xff, 0x40, 0x00, 0x80, 0x00, 0x28, 0x0a, 0x00, 0x27,
  0x40, 0x07, 0x8d, 0x1e, 0xff, 0xff, 0xff, 0xff, 0x10, 0x00, 0x81, 0x03,
  0x20, 0x0a, 0x00, 0x20, 0x00, 0x03, 0x8d, 0x1e, 0x00, 0x00, 0x00, 0x00,
  0x22, 0x00, 0x91, 0x00, 0x00, 0x0e, 0x00, 0x20, 0x68, 0x00, 0x00, 0x00,
  0x30, 0x00, 0x00, 0x00, 0x01, 0x00, 0x80, 0x00, 0xe8, 0x3e, 0x40, 0x26,
  0x00, 0x00, 0x00, 0x00, 0x00, 0x00, 0x00, 0x00, 0x24, 0x00, 0x80, 0x00,
  0x00, 0x0e, 0x00, 0x20, 0x48, 0x00, 0x00, 0x00, 0x48, 0x00, 0x00, 0x00,
  0x41, 0x96, 0x2d, 0x20, 0x07, 0x7c, 0x0e, 0x06, 0x40, 0x96, 0x01, 0x20,
  0xe7, 0x7c, 0x7c, 0x0a, 0x09, 0x00, 0x80, 0x00, 0x28, 0x0a, 0x80, 0x2f,
  0x80, 0x0f, 0x8d, 0x1e, 0x02, 0x00, 0x02, 0x00, 0x40, 0x96, 0x6d, 0x20,
  0x07, 0x7c, 0x7c, 0x06, 0x31, 0x00, 0x80, 0x0c, 0x68, 0x02, 0x40, 0x26,
  0x80, 0x0f, 0x00, 0x06, 0x02, 0x5e, 0x20, 0x04, 0x25, 0x00, 0x80, 0x00,
  0x00, 0x00, 0x00, 0x20, 0x00, 0x00, 0x00, 0x0e, 0x10, 0x00, 0x00, 0x00,
  0x10, 0x00, 0x80, 0x03, 0x20, 0x0a, 0x00, 0x20, 0xc0, 0x06, 0x8d, 0x1e,
  0x00, 0x00, 0x00, 0x00, 0x10, 0x00, 0x81, 0x03, 0x20, 0x0a, 0x00, 0x20,
  0x00, 0x03, 0x8d, 0x1e, 0x00, 0x00, 0x00, 0x00, 0x22, 0x00, 0x91, 0x00,
  0x00, 0x0e, 0x00, 0x20, 0x68, 0x00, 0x00, 0x00, 0x30, 0x00, 0x00, 0x00,
  0x01, 0x00, 0x80, 0x00, 0xe8, 0x3e, 0x00, 0x26, 0x00, 0x00, 0x00, 0x00,
  0x00, 0x00, 0x00, 0x00, 0x24, 0x00, 0x80, 0x00, 0x00, 0x0e, 0x00, 0x20,
  0x48, 0x00, 0x00, 0x00, 0x48, 0x00, 0x00, 0x00, 0x41, 0x96, 0x2d, 0x20,
  0x07, 0x7c, 0x0e, 0x06, 0x40, 0x96, 0x01, 0x20, 0xe7, 0x7c, 0x7c, 0x34,
  0x09, 0x00, 0x80, 0x00, 0x28, 0x0a, 0x80, 0x2f, 0x80, 0x0f, 0x8d, 0x1e,
  0x02, 0x00, 0x02, 0x00, 0x40, 0x96, 0x6d, 0x20, 0x07, 0x7c, 0x7c, 0x06,
  0x31, 0x00, 0x80, 0x0c, 0x68, 0x02, 0x00, 0x26, 0x80, 0x0f, 0x00, 0x06,
  0x02, 0x5e, 0x20, 0x04, 0x25, 0x00, 0x80, 0x00, 0x00, 0x00, 0x00, 0x20,
  0x00, 0x00, 0x00, 0x0e, 0x10, 0x00, 0x00, 0x00, 0x10, 0x00, 0x80, 0x03,
  0x20, 0x0a, 0x00, 0x20, 0x80, 0x01, 0x8d, 0x1e, 0x00, 0x00, 0x00, 0x00,
  0x10, 0x00, 0x81, 0x03, 0x20, 0x0a, 0x00, 0x20, 0x40, 0x07, 0x8d, 0x1e,
  0x00, 0x00, 0x00, 0x00, 0x22, 0x00, 0x91, 0x00, 0x00, 0x0e, 0x00, 0x20,
  0x68, 0x00, 0x00, 0x00, 0x30, 0x00, 0x00, 0x00, 0x01, 0x00, 0x80, 0x00,
  0xe8, 0x3e, 0xc0, 0x25, 0x00, 0x00, 0x00, 0x00, 0x00, 0x00, 0x00, 0x00,
  0x24, 0x00, 0x80, 0x00, 0x00, 0x0e, 0x00, 0x20, 0x48, 0x00, 0x00, 0x00,
  0x48, 0x00, 0x00, 0x00, 0x41, 0x96, 0x2d, 0x20, 0x07, 0x7c, 0x38, 0x06,
  0x40, 0x96, 0x01, 0x20, 0xe7, 0x7c, 0x7c, 0x0a, 0x09, 0x00, 0x80, 0x00,
  0x28, 0x0a, 0x80, 0x2f, 0x80, 0x0f, 0x8d, 0x1e, 0x02, 0x00, 0x02, 0x00,
  0x40, 0x96, 0x6d, 0x20, 0x07, 0x7c, 0x7c, 0x06, 0x31, 0x00, 0x80, 0x0c,
  0x68, 0x02, 0xc0, 0x25, 0x80, 0x0f, 0x00, 0x06, 0x02, 0x5e, 0x20, 0x04,
  0x25, 0x00, 0x80, 0x00, 0x00, 0x00, 0x00, 0x20, 0x00, 0x00, 0x00, 0x0e,
  0x10, 0x00, 0x00, 0x00, 0x10, 0x00, 0x80, 0x03, 0x20, 0x0a, 0x00, 0x20,
  0xc0, 0x06, 0x8d, 0x1e, 0x00, 0x00, 0x00, 0x00, 0x10, 0x00, 0x81, 0x03,
  0x20, 0x0a, 0x00, 0x20, 0x40, 0x07, 0x8d, 0x1e, 0x00, 0x00, 0x00, 0x00,
  0x22, 0x00, 0x91, 0x00, 0x00, 0x0e, 0x00, 0x20, 0x68, 0x00, 0x00, 0x00,
  0x30, 0x00, 0x00, 0x00, 0x01, 0x00, 0x80, 0x00, 0xe8, 0x3e, 0x80, 0x25,
  0x00, 0x00, 0x00, 0x00, 0x00, 0x00, 0x00, 0x00, 0x24, 0x00, 0x80, 0x00,
  0x00, 0x0e, 0x00, 0x20, 0x48, 0x00, 0x00, 0x00, 0x48, 0x00, 0x00, 0x00,
  0x41, 0x96, 0x2d, 0x20, 0x07, 0x7c, 0x38, 0x06, 0x40, 0x96, 0x01, 0x20,
  0xe7, 0x7c, 0x7c, 0x34, 0x09, 0x00, 0x80, 0x00, 0x28, 0x0a, 0x80, 0x2f,
  0x80, 0x0f, 0x8d, 0x1e, 0x02, 0x00, 0x02, 0x00, 0x40, 0x96, 0x6d, 0x20,
  0x07, 0x7c, 0x7c, 0x06, 0x31, 0x00, 0x80, 0x0c, 0x68, 0x02, 0x80, 0x25,
  0x80, 0x0f, 0x00, 0x06, 0x02, 0x5e, 0x20, 0x04, 0x25, 0x00, 0x80, 0x00,
  0x00, 0x00, 0x00, 0x20, 0x00, 0x00, 0x00, 0x0e, 0x10, 0x00, 0x00, 0x00,
  0x40, 0x56, 0x02, 0x20, 0xf7, 0x7c, 0x32, 0x30, 0x10, 0x00, 0x80, 0x03,
  0x20, 0x0a, 0x00, 0x20, 0x80, 0x01, 0x8d, 0x1e, 0x00, 0x00, 0x00, 0x00,
  0x40, 0x56, 0x02, 0x20, 0xf7, 0x7c, 0x7c, 0x2e, 0x10, 0x00, 0x81, 0x03,
  0x20, 0x0a, 0x00, 0x20, 0x40, 0x05, 0x8d, 0x1e, 0x00, 0x00, 0x00, 0x00,
  0x40, 0x56, 0x02, 0x20, 0xe7, 0x7c, 0x7c, 0x2c, 0x02, 0x96, 0x03, 0x24,
  0x07, 0x7c, 0x7c, 0x00, 0x40, 0x56, 0x02, 0x20, 0xe7, 0x2c, 0x1a, 0x7c,
  0x22, 0x00, 0x91, 0x00, 0x00, 0x0e, 0x00, 0x20, 0x68, 0x00, 0x00, 0x00,
  0x30, 0x00, 0x00, 0x00, 0x01, 0x00, 0x80, 0x00, 0xe8, 0x3e, 0x40, 0x23,
  0x00, 0x00, 0x00, 0x00, 0x00, 0x00, 0x00, 0x00, 0x24, 0x00, 0x80, 0x00,
  0x00, 0x0e, 0x00, 0x20, 0x48, 0x00, 0x00, 0x00, 0x48, 0x00, 0x00, 0x00,
  0x41, 0x96, 0x2d, 0x20, 0x07, 0x7c, 0x28, 0x06, 0x40, 0x96, 0x01, 0x20,
  0xe7, 0x7c, 0x7c, 0x0a, 0x09, 0x00, 0x80, 0x00, 0x28, 0x0a, 0x80, 0x2f,
  0x80, 0x0f, 0x8d, 0x1e, 0x02, 0x00, 0x02, 0x00, 0x40, 0x96, 0x6d, 0x20,
  0x07, 0x7c, 0x7c, 0x06, 0x31, 0x00, 0x80, 0x0c, 0x68, 0x02, 0x40, 0x23,
  0x80, 0x0f, 0x00, 0x06, 0x02, 0x5e, 0x20, 0x04, 0x25, 0x00, 0x80, 0x00,
  0x00, 0x00, 0x00, 0x20, 0x00, 0x00, 0x00, 0x0e, 0x10, 0x00, 0x00, 0x00,
  0x10, 0x00, 0x80, 0x03, 0x20, 0x0a, 0x00, 0x20, 0xc0, 0x06, 0x8d, 0x1e,
  0x00, 0x00, 0x00, 0x00, 0x10, 0x00, 0x81, 0x03, 0x20, 0x0a, 0x00, 0x20,
  0x40, 0x05, 0x8d, 0x1e, 0x00, 0x00, 0x00, 0x00, 0x22, 0x00, 0x91, 0x00,
  0x00, 0x0e, 0x00, 0x20, 0x68, 0x00, 0x00, 0x00, 0x30, 0x00, 0x00, 0x00,
  0x01, 0x00, 0x80, 0x00, 0xe8, 0x3e, 0x00, 0x25, 0x00, 0x00, 0x00, 0x00,
  0x00, 0x00, 0x00, 0x00, 0x24, 0x00, 0x80, 0x00, 0x00, 0x0e, 0x00, 0x20,
  0x48, 0x00, 0x00, 0x00, 0x48, 0x00, 0x00, 0x00, 0x41, 0x96, 0x2d, 0x20,
  0x07, 0x7c, 0x28, 0x06, 0x40, 0x96, 0x01, 0x20, 0xe7, 0x7c, 0x7c, 0x34,
  0x09, 0x00, 0x80, 0x00, 0x28, 0x0a, 0x80, 0x2f, 0x80, 0x0f, 0x8d, 0x1e,
  0x02, 0x00, 0x02, 0x00, 0x40, 0x96, 0x6d, 0x20, 0x07, 0x7c, 0x7c, 0x06,
  0x31, 0x00, 0x80, 0x0c, 0x68, 0x02, 0x00, 0x25, 0x80, 0x0f, 0x00, 0x06,
  0x02, 0x5e, 0x20, 0x04, 0x25, 0x00, 0x80, 0x00, 0x00, 0x00, 0x00, 0x20,
  0x00, 0x00, 0x00, 0x0e, 0x10, 0x00, 0x00, 0x00, 0x10, 0x00, 0x80, 0x03,
  0x20, 0x0a, 0x00, 0x20, 0x80, 0x01, 0x8d, 0x1e, 0x00, 0x00, 0x00, 0x00,
  0x10, 0x00, 0x81, 0x03, 0x20, 0x0a, 0x00, 0x20, 0x40, 0x04, 0x8d, 0x1e,
  0x00, 0x00, 0x00, 0x00, 0x22, 0x00, 0x91, 0x00, 0x00, 0x0e, 0x00, 0x20,
  0x68, 0x00, 0x00, 0x00, 0x30, 0x00, 0x00, 0x00, 0x01, 0x00, 0x80, 0x00,
  0xe8, 0x3e, 0x40, 0x21, 0x00, 0x00, 0x00, 0x00, 0x00, 0x00, 0x00, 0x00,
  0x24, 0x00, 0x80, 0x00, 0x00, 0x0e, 0x00, 0x20, 0x48, 0x00, 0x00, 0x00,
  0x48, 0x00, 0x00, 0x00, 0x41, 0x96, 0x2d, 0x20, 0x07, 0x7c, 0x20, 0x06,
  0x40, 0x96, 0x01, 0x20, 0xe7, 0x7c, 0x7c, 0x0a, 0x09, 0x00, 0x80, 0x00,
  0x28, 0x0a, 0x80, 0x2f, 0x80, 0x0f, 0x8d, 0x1e, 0x02, 0x00, 0x02, 0x00,
  0x40, 0x96, 0x6d, 0x20, 0x07, 0x7c, 0x7c, 0x06, 0x31, 0x00, 0x80, 0x0c,
  0x68, 0x02, 0x40, 0x21, 0x80, 0x0f, 0x00, 0x06, 0x02, 0x5e, 0x20, 0x04,
  0x25, 0x00, 0x80, 0x00, 0x00, 0x00, 0x00, 0x20, 0x00, 0x00, 0x00, 0x0e,
  0x10, 0x00, 0x00, 0x00, 0x10, 0x00, 0x80, 0x03, 0x20, 0x0a, 0x00, 0x20,
  0xc0, 0x06, 0x8d, 0x1e, 0x00, 0x00, 0x00, 0x00, 0x10, 0x00, 0x81, 0x03,
  0x20, 0x0a, 0x00, 0x20, 0x40, 0x04, 0x8d, 0x1e, 0x00, 0x00, 0x00, 0x00,
  0x22, 0x00, 0x91, 0x00, 0x00, 0x0e, 0x00, 0x20, 0x68, 0x00, 0x00, 0x00,
  0x30, 0x00, 0x00, 0x00, 0x01, 0x00, 0x80, 0x00, 0xe8, 0x3e, 0x80, 0x21,
  0x00, 0x00, 0x00, 0x00, 0x00, 0x00, 0x00, 0x00, 0x24, 0x00, 0x80, 0x00,
  0x00, 0x0e, 0x00, 0x20, 0x48, 0x00, 0x00, 0x00, 0x48, 0x00, 0x00, 0x00,
  0x41, 0x96, 0x2d, 0x20, 0x07, 0x7c, 0x20, 0x06, 0x40, 0x96, 0x01, 0x20,
  0xe7, 0x7c, 0x7c, 0x34, 0x09, 0x00, 0x80, 0x00, 0x28, 0x0a, 0x80, 0x2f,
  0x80, 0x0f, 0x8d, 0x1e, 0x02, 0x00, 0x02, 0x00, 0x40, 0x96, 0x6d, 0x20,
  0x07, 0x7c, 0x7c, 0x06, 0x31, 0x00, 0x80, 0x0c, 0x68, 0x02, 0x80, 0x21,
  0x80, 0x0f, 0x00, 0x06, 0x02, 0x5e, 0x20, 0x04, 0x25, 0x00, 0x80, 0x00,
  0x00, 0x00, 0x00, 0x20, 0x00, 0x00, 0x00, 0x0e, 0x10, 0x00, 0x00, 0x00,
  0x40, 0x56, 0x02, 0x20, 0xf7, 0x7c, 0x1a, 0x28, 0x10, 0x00, 0x80, 0x03,
  0x20, 0x0a, 0x00, 0x20, 0xc0, 0x04, 0x8d, 0x1e, 0x00, 0x00, 0x00, 0x00,
  0x40, 0x56, 0x02, 0x20, 0xf7, 0x7c, 0x7c, 0x0a, 0x10, 0x00, 0x81, 0x03,
  0x20, 0x0a, 0x00, 0x20, 0x00, 0x03, 0x8d, 0x1e, 0x00, 0x00, 0x00, 0x00,
  0x40, 0x56, 0x02, 0x20, 0xe7, 0x7c, 0x7c, 0x0c, 0x02, 0x96, 0x03, 0x24,
  0x07, 0x7c, 0x7c, 0x00, 0x40, 0x56, 0x02, 0x20, 0xf7, 0x0c, 0x2c, 0x7c,
  0x22, 0x00, 0x91, 0x00, 0x00, 0x0e, 0x00, 0x20, 0x68, 0x00, 0x00, 0x00,
  0x30, 0x00, 0x00, 0x00, 0x01, 0x00, 0x80, 0x00, 0xe8, 0x3e, 0x40, 0x21,
  0x00, 0x00, 0x00, 0x00, 0x00, 0x00, 0x00, 0x00, 0x24, 0x00, 0x80, 0x00,
  0x00, 0x0e, 0x00, 0x20, 0x48, 0x00, 0x00, 0x00, 0x48, 0x00, 0x00, 0x00,
  0x41, 0x96, 0x2d, 0x20, 0x07, 0x7c, 0x0e, 0x06, 0x40, 0x96, 0x01, 0x20,
  0xe7, 0x7c, 0x7c, 0x24, 0x09, 0x00, 0x80, 0x00, 0x28, 0x0a, 0x80, 0x2f,
  0x80, 0x0f, 0x8d, 0x1e, 0x02, 0x00, 0x02, 0x00, 0x40, 0x96, 0x6d, 0x20,
  0x07, 0x7c, 0x7c, 0x06, 0x31, 0x00, 0x80, 0x0c, 0x68, 0x02, 0x40, 0x21,
  0x80, 0x0f, 0x00, 0x06, 0x02, 0x5e, 0x20, 0x04, 0x25, 0x00, 0x80, 0x00,
  0x00, 0x00, 0x00, 0x20, 0x00, 0x00, 0x00, 0x0e, 0x10, 0x00, 0x00, 0x00,
  0x10, 0x00, 0x80, 0x03, 0x20, 0x0a, 0x00, 0x20, 0xc0, 0x03, 0x8d, 0x1e,
  0x00, 0x00, 0x00, 0x00, 0x10, 0x00, 0x81, 0x03, 0x20, 0x0a, 0x00, 0x20,
  0x00, 0x03, 0x8d, 0x1e, 0x00, 0x00, 0x00, 0x00, 0x22, 0x00, 0x91, 0x00,
  0x00, 0x0e, 0x00, 0x20, 0x68, 0x00, 0x00, 0x00, 0x30, 0x00, 0x00, 0x00,
  0x01, 0x00, 0x80, 0x00, 0xe8, 0x3e, 0x40, 0x23, 0x00, 0x00, 0x00, 0x00,
  0x00, 0x00, 0x00, 0x00, 0x24, 0x00, 0x80, 0x00, 0x00, 0x0e, 0x00, 0x20,
  0x48, 0x00, 0x00, 0x00, 0x48, 0x00, 0x00, 0x00, 0x41, 0x96, 0x2d, 0x20,
  0x07, 0x7c, 0x0e, 0x06, 0x40, 0x96, 0x01, 0x20, 0xe7, 0x7c, 0x7c, 0x1c,
  0x09, 0x00, 0x80, 0x00, 0x28, 0x0a, 0x80, 0x2f, 0x80, 0x0f, 0x8d, 0x1e,
  0x02, 0x00, 0x02, 0x00, 0x40, 0x96, 0x6d, 0x20, 0x07, 0x7c, 0x7c, 0x06,
  0x31, 0x00, 0x80, 0x0c, 0x68, 0x02, 0x40, 0x23, 0x80, 0x0f, 0x00, 0x06,
  0x02, 0x5e, 0x20, 0x04, 0x25, 0x00, 0x80, 0x00, 0x00, 0x00, 0x00, 0x20,
  0x00, 0x00, 0x00, 0x0e, 0x10, 0x00, 0x00, 0x00, 0x10, 0x00, 0x80, 0x03,
  0x20, 0x0a, 0x00, 0x20, 0xc0, 0x04, 0x8d, 0x1e, 0x00, 0x00, 0x00, 0x00,
  0x10, 0x00, 0x81, 0x03, 0x20, 0x0a, 0x00, 0x20, 0x40, 0x07, 0x8d, 0x1e,
  0x00, 0x00, 0x00, 0x00, 0x22, 0x00, 0x91, 0x00, 0x00, 0x0e, 0x00, 0x20,
  0x68, 0x00, 0x00, 0x00, 0x30, 0x00, 0x00, 0x00, 0x01, 0x00, 0x80, 0x00,
  0xe8, 0x3e, 0x00, 0x23, 0x00, 0x00, 0x00, 0x00, 0x00, 0x00, 0x00, 0x00,
  0x24, 0x00, 0x80, 0x00, 0x00, 0x0e, 0x00, 0x20, 0x48, 0x00, 0x00, 0x00,
  0x48, 0x00, 0x00, 0x00, 0x41, 0x96, 0x2d, 0x20, 0x07, 0x7c, 0x38, 0x06,
  0x40, 0x96, 0x01, 0x20, 0xe7, 0x7c, 0x7c, 0x24, 0x09, 0x00, 0x80, 0x00,
  0x28, 0x0a, 0x80, 0x2f, 0x80, 0x0f, 0x8d, 0x1e, 0x02, 0x00, 0x02, 0x00,
  0x40, 0x96, 0x6d, 0x20, 0x07, 0x7c, 0x7c, 0x06, 0x31, 0x00, 0x80, 0x0c,
  0x68, 0x02, 0x00, 0x23, 0x80, 0x0f, 0x00, 0x06, 0x02, 0x5e, 0x20, 0x04,
  0x25, 0x00, 0x80, 0x00, 0x00, 0x00, 0x00, 0x20, 0x00, 0x00, 0x00, 0x0e,
  0x10, 0x00, 0x00, 0x00, 0x10, 0x00, 0x80, 0x03, 0x20, 0x0a, 0x00, 0x20,
  0xc0, 0x03, 0x8d, 0x1e, 0x00, 0x00, 0x00, 0x00, 0x10, 0x00, 0x81, 0x03,
  0x20, 0x0a, 0x00, 0x20, 0x40, 0x07, 0x8d, 0x1e, 0x00, 0x00, 0x00, 0x00,
  0x22, 0x00, 0x91, 0x00, 0x00, 0x0e, 0x00, 0x20, 0x68, 0x00, 0x00, 0x00,
  0x30, 0x00, 0x00, 0x00, 0x01, 0x00, 0x80, 0x00, 0xe8, 0x3e, 0xc0, 0x21,
  0x00, 0x00, 0x00, 0x00, 0x00, 0x00, 0x00, 0x00, 0x24, 0x00, 0x80, 0x00,
  0x00, 0x0e, 0x00, 0x20, 0x48, 0x00, 0x00, 0x00, 0x48, 0x00, 0x00, 0x00,
  0x41, 0x96, 0x2d, 0x20, 0x07, 0x7c, 0x38, 0x06, 0x40, 0x96, 0x01, 0x20,
  0xe7, 0x7c, 0x7c, 0x1c, 0x09, 0x00, 0x80, 0x00, 0x28, 0x0a, 0x80, 0x2f,
  0x80, 0x0f, 0x8d, 0x1e, 0x02, 0x00, 0x02, 0x00, 0x40, 0x96, 0x6d, 0x20,
  0x07, 0x7c, 0x7c, 0x06, 0x31, 0x00, 0x80, 0x0c, 0x68, 0x02, 0xc0, 0x21,
  0x80, 0x0f, 0x00, 0x06, 0x02, 0x5e, 0x20, 0x04, 0x25, 0x00, 0x80, 0x00,
  0x00, 0x00, 0x00, 0x20, 0x00, 0x00, 0x00, 0x0e, 0x10, 0x00, 0x00, 0x00,
  0x40, 0x56, 0x02, 0x20, 0xf7, 0x7c, 0x0a, 0x1a, 0x41, 0x56, 0x76, 0x20,
  0x07, 0x7a, 0x02, 0x04, 0x41, 0x56, 0x76, 0x20, 0x07, 0x02, 0x08, 0x04,
  0x41, 0x00, 0x00, 0x00, 0x2c, 0x0a, 0xc0, 0x2f, 0x88, 0x00, 0x00, 0x0a,
  0xb8, 0x00, 0x00, 0x00, 0x40, 0x56, 0x02, 0x20, 0xf7, 0x7c, 0x7c, 0x18,
  0x06, 0x00, 0x00, 0x00, 0x2c, 0x0a, 0x98, 0x27, 0x88, 0x00, 0x00, 0x1e,
  0x01, 0x00, 0x01, 0x00, 0x41, 0x56, 0x02, 0x20, 0xe7, 0x78, 0x7a, 0x02,
  0x40, 0x36, 0x02, 0x24, 0xe7, 0x00, 0x7a, 0x02, 0x40, 0x56, 0x02, 0x20,
  0xe7, 0x7c, 0x7c, 0x0e, 0x01, 0x00, 0x60, 0x00, 0xc8, 0x3a, 0x40, 0x2e,
  0x00, 0x0f, 0x8d, 0x00, 0x00, 0x00, 0x00, 0x00, 0x01, 0x10, 0x60, 0x00,
  0xc8, 0x3a, 0x00, 0x2e, 0x20, 0x0f, 0x8d, 0x00, 0x00, 0x00, 0x00, 0x00,
  0x02, 0x96, 0x03, 0x24, 0x07, 0x7c, 0x7c, 0x00, 0x40, 0x56, 0x02, 0x20,
  0xf7, 0x7c, 0x0c, 0x7c, 0x41, 0x56, 0x76, 0x20, 0x07, 0x7c, 0x7c, 0x04,
  0x01, 0x00, 0x60, 0x00, 0xc8, 0x3a, 0x00, 0x21, 0x80, 0x0f, 0x8d, 0x00,
  0x00, 0x00, 0x00, 0x00, 0x01, 0x10, 0x60, 0x00, 0xc8, 0x3a, 0xc0, 0x2e,
  0xa0, 0x0f, 0x8d, 0x00, 0x00, 0x00, 0x00, 0x00, 0x41, 0x80, 0x79, 0x20,
  0x00, 0x7d, 0x7e, 0x05, 0x01, 0x00, 0x00, 0x00, 0xec, 0x3e, 0x80, 0x2f,
  0x00, 0x00, 0x00, 0x00, 0x00, 0x00, 0x80, 0x3f, 0x41, 0x00, 0x60, 0x00,
  0xc8, 0x32, 0x80, 0x2e, 0x00, 0x01, 0x69, 0x32, 0xd8, 0x00, 0x00, 0x00,
  0x41, 0x10, 0x60, 0x00, 0xc8, 0x32, 0x40, 0x21, 0xc0, 0x0e, 0x69, 0x32,
  0xd8, 0x00, 0x00, 0x00, 0x40, 0x96, 0x01, 0x20, 0xe0, 0x0c, 0x7d, 0x10,
  0x02, 0x99, 0x03, 0x20, 0x00, 0x78, 0x7c, 0x00, 0x10, 0x00, 0x80, 0x05,
  0x24, 0x02, 0x00, 0x20, 0x88, 0x00, 0x00, 0x16, 0x03, 0x00, 0x03, 0x00,
  0x5b, 0x01, 0x60, 0x00, 0x00, 0xd8, 0x1e, 0x6e, 0xc8, 0x21, 0x07, 0x39,
  0x10, 0x20, 0x07, 0x1d, 0x5b, 0x11, 0x60, 0x00, 0x00, 0xd8, 0x1e, 0x6c,
  0xc8, 0x01, 0x07, 0x39, 0xec, 0x20, 0x87, 0x02, 0x09, 0x00, 0x80, 0x00,
  0x28, 0x0a, 0xc0, 0x21, 0x80, 0x01, 0x8d, 0x1e, 0x02, 0x00, 0x02, 0x00,
  0x01, 0x00, 0x60, 0x00, 0xe8, 0x32, 0x40, 0x4d, 0xc0, 0x0d, 0x69, 0x00,
  0x00, 0x00, 0x00, 0x00, 0x01, 0x10, 0x60, 0x00, 0xe8, 0x32, 0xc0, 0x4c,
  0x80, 0x0d, 0x69, 0x00, 0x00, 0x00, 0x00, 0x00, 0x01, 0x00, 0x60, 0x00,
  0xe8, 0x3a, 0x00, 0x2d, 0x40, 0x0d, 0x40, 0x00, 0x00, 0x00, 0x00, 0x00,
  0x01, 0x10, 0x60, 0x00, 0xe8, 0x3a, 0x20, 0x2d, 0xc0, 0x0c, 0x40, 0x00,
  0x00, 0x00, 0x00, 0x00, 0x33, 0x00, 0x80, 0x0c, 0x70, 0x80, 0x06, 0x00,
  0xc2, 0x01, 0x00, 0x00, 0x00, 0x5e, 0x02, 0x04, 0x33, 0x00, 0x80, 0x0c,
  0x70, 0x80, 0x07, 0x00, 0xc2, 0x01, 0x00, 0x00, 0x01, 0x5e, 0x02, 0x04,
  0x20, 0x00, 0x11, 0x00, 0x04, 0x00, 0x00, 0x34, 0x00, 0x14, 0x00, 0x0e,
  0xf8, 0x01, 0x00, 0x00, 0x40, 0x00, 0x00, 0x00, 0x44, 0x12, 0x00, 0x22,
  0x98, 0x07, 0x00, 0x16, 0x80, 0x07, 0x80, 0x07, 0x38, 0x2b, 0x79, 0x2c,
  0x07, 0x7c, 0x10, 0x05, 0x38, 0x34, 0x79, 0x2c, 0x07, 0x7d, 0x11, 0x05,
  0x38, 0x2b, 0x79, 0x2d, 0x07, 0x7a, 0x10, 0x05, 0x01, 0x00, 0x00, 0x00,
  0x2c, 0x22, 0x94, 0x20, 0x00, 0x80, 0x00, 0x00, 0x00, 0x00, 0x00, 0x00,
  0x40, 0x00, 0x00, 0x00, 0x6c, 0x22, 0xc0, 0x2f, 0x00, 0x80, 0x00, 0x1e,
  0xff, 0xff, 0xff, 0xff, 0x38, 0x34, 0x79, 0x2d, 0x07, 0x7b, 0x11, 0x05,
  0x41, 0x00, 0x00, 0x00, 0x2c, 0x0a, 0x60, 0x20, 0x94, 0x00, 0x00, 0x0a,
  0x94, 0x00, 0x00, 0x00, 0x09, 0x00, 0x80, 0x00, 0x28, 0x0a, 0x40, 0x22,
  0x80, 0x0f, 0x8d, 0x1e, 0x01, 0x00, 0x01, 0x00, 0x41, 0x00, 0x00, 0x00,
  0x0c, 0x03, 0xe0, 0x2e, 0x94, 0x00, 0x00, 0x06, 0xab, 0xaa, 0xaa, 0xaa,
  0x0c, 0x00, 0x00, 0x00, 0x6c, 0x1a, 0x20, 0x2f, 0xc0, 0x0f, 0x00, 0x1e,
  0x01, 0x00, 0x01, 0x00, 0x09, 0x00, 0x80, 0x00, 0x28, 0x0a, 0x80, 0x22,
  0x40, 0x0f, 0x8d, 0x1e, 0x01, 0x00, 0x01, 0x00, 0x01, 0x00, 0x00, 0x00,
  0xcc, 0x0a, 0xa0, 0x2f, 0x60, 0x00, 0x00, 0x00, 0x00, 0x00, 0x00, 0x00,
  0x01, 0x40, 0x14, 0x20, 0x00, 0x02, 0x77, 0x00, 0x40, 0x00, 0x00, 0x00,
  0x6c, 0x1a, 0x00, 0x2f, 0x20, 0x0f, 0x00, 0x1e, 0x01, 0x00, 0x01, 0x00,
  0x01, 0x00, 0x40, 0x00, 0xcc, 0x32, 0x40, 0x21, 0xa0, 0x0f, 0x00, 0x00,
  0x00, 0x00, 0x00, 0x00, 0x08, 0x00, 0x00, 0x00, 0x2c, 0x02, 0xc0, 0x2e,
  0x40, 0x00, 0x00, 0x1e, 0x01, 0x00, 0x01, 0x00, 0x01, 0x00, 0x00, 0x00,
  0x2c, 0x1a, 0x8c, 0x20, 0x00, 0x0f, 0x00, 0x00, 0x00, 0x00, 0x00, 0x00,
  0x38, 0x01, 0x40, 0x0e, 0xcc, 0x32, 0x00, 0x01, 0xe8, 0x00, 0x40, 0x32,
  0x48, 0x01, 0x40, 0x00, 0x05, 0x00, 0x00, 0x00, 0x2c, 0x0a, 0x90, 0x20,
  0xc0, 0x0e, 0x00, 0x1e, 0xff, 0x00, 0xff, 0x00, 0x05, 0x00, 0x00, 0x00,
  0x04, 0x10, 0x00, 0x26, 0x00, 0x06, 0x00, 0x06, 0x01, 0x00, 0x00, 0x00,
  0x22, 0x00, 0xbc, 0x00, 0x04, 0x0e, 0x00, 0x20, 0xb0, 0x00, 0x00, 0x00,
  0xb0, 0x00, 0x00, 0x00, 0x5d, 0x01, 0x40, 0x00, 0x04, 0xd8, 0x02, 0x7e,
  0x10, 0x60, 0x01, 0x02, 0x0e, 0x00, 0x00, 0x02, 0x5d, 0x01, 0x40, 0x00,
  0x04, 0xd9, 0x04, 0x7d, 0x10, 0x70, 0x00, 0x02, 0x14, 0x00, 0x00, 0x02,
  0x5d, 0x01, 0x40, 0x00, 0x04, 0xd9, 0x06, 0x7c, 0x10, 0x70, 0x00, 0x02,
  0x14, 0x08, 0x80, 0x1f, 0x5d, 0x01, 0x40, 0x00, 0x04, 0xd8, 0x08, 0x02,
  0x00, 0x80, 0x80, 0x00, 0xfa, 0x00, 0x00, 0x02, 0x5d, 0x01, 0x40, 0x00,
  0x04, 0xd9, 0x0a, 0x7b, 0x10, 0x70, 0x00, 0x02, 0x14, 0x20, 0x80, 0x00,
  0x5d, 0x01, 0x40, 0x00, 0x04, 0xd8, 0x0c, 0x08, 0x00, 0x80, 0x80, 0x00,
  0xfa, 0x20, 0x80, 0x00, 0x5d, 0x01, 0x40, 0x00, 0x04, 0xd8, 0x0e, 0x7e,
  0x02, 0xe0, 0xc7, 0x00, 0xf8, 0x20, 0x80, 0x00, 0x5d, 0x01, 0x40, 0x00,
  0x04, 0xd8, 0x00, 0x02, 0x08, 0x20, 0x80, 0x01, 0x10, 0x28, 0xc0, 0x1e,
  0x5d, 0x01, 0x40, 0x00, 0x04, 0xd9, 0x02, 0x7c, 0x10, 0x70, 0x00, 0x02,
  0x14, 0x38, 0x80, 0x1f, 0x5d, 0x01, 0x40, 0x00, 0x04, 0xd8, 0x10, 0x08,
  0x0e, 0xe0, 0x47, 0x00, 0xf8, 0x00, 0x80, 0x00, 0x25, 0x00, 0xa0, 0x00,
  0x04, 0x00, 0x00, 0x20, 0x00, 0x00, 0x00, 0x0e, 0x10, 0x00, 0x00, 0x00,
  0x01, 0x00, 0x00, 0x00, 0xec, 0x32, 0x98, 0x40, 0x00, 0x01, 0x00, 0x00,
  0x00, 0x00, 0x00, 0x00, 0x20, 0x00, 0x11, 0x00, 0x07, 0x00, 0x00, 0x34,
  0x00, 0x14, 0x00, 0x0e, 0x18, 0x02, 0x00, 0x00, 0x01, 0x00, 0x00, 0x00,
  0x44, 0x12, 0x00, 0x26, 0x94, 0x07, 0x00, 0x00, 0x00, 0x00, 0x00, 0x00,
  0x2e, 0x00, 0x81, 0x00, 0x00, 0x0e, 0x00, 0x20, 0xe8, 0x1e, 0x00, 0x00,
  0xe8, 0x1e, 0x00, 0x00, 0x40, 0x00, 0x00, 0x00, 0x44, 0x12, 0x00, 0x22,
  0x98, 0x07, 0x00, 0x16, 0x80, 0x07, 0x80, 0x07, 0x38, 0x2b, 0x5d, 0x2c,
  0x07, 0x7c, 0x10, 0x06, 0x38, 0x34, 0x5d, 0x2c, 0x07, 0x7d, 0x11, 0x06,
  0x38, 0x2b, 0x5d, 0x2d, 0x07, 0x7a, 0x10, 0x06, 0x01, 0x00, 0x00, 0x00,
  0x2c, 0x22, 0x94, 0x20, 0x00, 0x80, 0x00, 0x00, 0x00, 0x00, 0x00, 0x00,
  0x40, 0x00, 0x00, 0x00, 0x6c, 0x22, 0xc0, 0x2f, 0x00, 0x80, 0x00, 0x1e,
  0xff, 0xff, 0xff, 0xff, 0x38, 0x34, 0x5d, 0x2d, 0x07, 0x7b, 0x11, 0x06,
  0x41, 0x00, 0x00, 0x00, 0x2c, 0x0a, 0x60, 0x20, 0x94, 0x00, 0x00, 0x0a,
  0x94, 0x00, 0x00, 0x00, 0x09, 0x00, 0x80, 0x00, 0x28, 0x0a, 0x40, 0x22,
  0x80, 0x0f, 0x8d, 0x1e, 0x02, 0x00, 0x02, 0x00, 0x41, 0x00, 0x00, 0x00,
  0x0c, 0x03, 0xe0, 0x2e, 0x94, 0x00, 0x00, 0x06, 0xab, 0xaa, 0xaa, 0xaa,
  0x0c, 0x00, 0x00, 0x00, 0x6c, 0x1a, 0x20, 0x2f, 0xc0, 0x0f, 0x00, 0x1e,
  0x01, 0x00, 0x01, 0x00, 0x09, 0x00, 0x80, 0x00, 0x28, 0x0a, 0x80, 0x22,
  0x40, 0x0f, 0x8d, 0x1e, 0x02, 0x00, 0x02, 0x00, 0x01, 0x00, 0x00, 0x00,
  0xcc, 0x0a, 0xa0, 0x2f, 0x60, 0x00, 0x00, 0x00, 0x00, 0x00, 0x00, 0x00,
  0x01, 0x40, 0x14, 0x20, 0x00, 0x02, 0x77, 0x00, 0x40, 0x00, 0x00, 0x00,
  0x6c, 0x1a, 0x00, 0x2f, 0x20, 0x0f, 0x00, 0x1e, 0x01, 0x00, 0x01, 0x00,
  0x01, 0x00, 0x40, 0x00, 0xcc, 0x32, 0x40, 0x21, 0xa0, 0x0f, 0x00, 0x00,
  0x00, 0x00, 0x00, 0x00, 0x08, 0x00, 0x00, 0x00, 0x2c, 0x02, 0xc0, 0x2e,
  0x40, 0x00, 0x00, 0x1e, 0x01, 0x00, 0x01, 0x00, 0x01, 0x00, 0x00, 0x00,
  0x2c, 0x1a, 0x8c, 0x20, 0x00, 0x0f, 0x00, 0x00, 0x00, 0x00, 0x00, 0x00,
  0x38, 0x01, 0x40, 0x0e, 0xcc, 0x32, 0x00, 0x01, 0xe8, 0x00, 0x40, 0x32,
  0x48, 0x01, 0x40, 0x00, 0x05, 0x00, 0x00, 0x00, 0x2c, 0x0a, 0x90, 0x20,
  0xc0, 0x0e, 0x00, 0x1e, 0xff, 0x00, 0xff, 0x00, 0x05, 0x00, 0x00, 0x00,
  0x04, 0x10, 0x00, 0x26, 0x00, 0x06, 0x00, 0x06, 0x01, 0x00, 0x00, 0x00,
  0x22, 0x00, 0xbc, 0x00, 0x04, 0x0e, 0x00, 0x20, 0xb0, 0x00, 0x00, 0x00,
  0xb0, 0x00, 0x00, 0x00, 0x5d, 0x01, 0x40, 0x00, 0x04, 0xd8, 0x02, 0x7e,
  0x10, 0x60, 0x01, 0x02, 0x0e, 0x00, 0x00, 0x02, 0x5d, 0x01, 0x40, 0x00,
  0x04, 0xd9, 0x04, 0x7d, 0x10, 0x70, 0x00, 0x02, 0x14, 0x00, 0x00, 0x02,
  0x5d, 0x01, 0x40, 0x00, 0x04, 0xd9, 0x06, 0x7c, 0x10, 0x70, 0x00, 0x02,
  0x14, 0x08, 0x80, 0x1f, 0x5d, 0x01, 0x40, 0x00, 0x04, 0xd8, 0x08, 0x02,
  0x00, 0x80, 0x80, 0x00, 0xfa, 0x00, 0x00, 0x02, 0x5d, 0x01, 0x40, 0x00,
  0x04, 0xd9, 0x0a, 0x7b, 0x10, 0x70, 0x00, 0x02, 0x14, 0x20, 0x80, 0x00,
  0x5d, 0x01, 0x40, 0x00, 0x04, 0xd8, 0x0c, 0x08, 0x00, 0x80, 0x80, 0x00,
  0xfa, 0x20, 0x80, 0x00, 0x5d, 0x01, 0x40, 0x00, 0x04, 0xd8, 0x0e, 0x7e,
  0x02, 0xe0, 0xc7, 0x00, 0xf8, 0x20, 0x80, 0x00, 0x5d, 0x01, 0x40, 0x00,
  0x04, 0xd8, 0x00, 0x02, 0x08, 0x20, 0x80, 0x01, 0x10, 0x28, 0xc0, 0x1e,
  0x5d, 0x01, 0x40, 0x00, 0x04, 0xd9, 0x02, 0x7c, 0x10, 0x70, 0x00, 0x02,
  0x14, 0x38, 0x80, 0x1f, 0x5d, 0x01, 0x40, 0x00, 0x04, 0xd8, 0x10, 0x08,
  0x0e, 0xe0, 0x47, 0x00, 0xf8, 0x00, 0x80, 0x00, 0x25, 0x00, 0xa0, 0x00,
  0x04, 0x00, 0x00, 0x20, 0x00, 0x00, 0x00, 0x0e, 0x10, 0x00, 0x00, 0x00,
  0x01, 0x00, 0x00, 0x00, 0xec, 0x32, 0x98, 0x40, 0x00, 0x01, 0x00, 0x00,
  0x00, 0x00, 0x00, 0x00, 0x20, 0x00, 0x11, 0x00, 0x06, 0x00, 0x00, 0x34,
  0x00, 0x14, 0x00, 0x0e, 0x18, 0x02, 0x00, 0x00, 0x01, 0x00, 0x00, 0x00,
  0x44, 0x12, 0x00, 0x26, 0x96, 0x07, 0x00, 0x00, 0x00, 0x00, 0x00, 0x00,
  0x2e, 0x00, 0x81, 0x00, 0x00, 0x0e, 0x00, 0x20, 0xc0, 0x1c, 0x00, 0x00,
  0xc0, 0x1c, 0x00, 0x00, 0x40, 0x00, 0x00, 0x00, 0x44, 0x12, 0x00, 0x22,
  0x98, 0x07, 0x00, 0x16, 0x80, 0x07, 0x80, 0x07, 0x38, 0x2b, 0x01, 0x2c,
  0x07, 0x7c, 0x10, 0x06, 0x38, 0x34, 0x01, 0x2c, 0x07, 0x7d, 0x11, 0x06,
  0x38, 0x2b, 0x01, 0x2d, 0x07, 0x7a, 0x10, 0x06, 0x01, 0x00, 0x00, 0x00,
  0x2c, 0x22, 0x94, 0x20, 0x00, 0x80, 0x00, 0x00, 0x00, 0x00, 0x00, 0x00,
  0x40, 0x00, 0x00, 0x00, 0x6c, 0x22, 0xc0, 0x2f, 0x00, 0x80, 0x00, 0x1e,
  0xff, 0xff, 0xff, 0xff, 0x38, 0x34, 0x01, 0x2d, 0x07, 0x7b, 0x11, 0x06,
  0x41, 0x00, 0x00, 0x00, 0x2c, 0x0a, 0x60, 0x20, 0x94, 0x00, 0x00, 0x0a,
  0x94, 0x00, 0x00, 0x00, 0x09, 0x00, 0x80, 0x00, 0x28, 0x0a, 0x40, 0x22,
  0x80, 0x0f, 0x8d, 0x1e, 0x03, 0x00, 0x03, 0x00, 0x41, 0x00, 0x00, 0x00,
  0x0c, 0x03, 0xe0, 0x2e, 0x94, 0x00, 0x00, 0x06, 0xab, 0xaa, 0xaa, 0xaa,
  0x0c, 0x00, 0x00, 0x00, 0x6c, 0x1a, 0x20, 0x2f, 0xc0, 0x0f, 0x00, 0x1e,
  0x01, 0x00, 0x01, 0x00, 0x09, 0x00, 0x80, 0x00, 0x28, 0x0a, 0x80, 0x22,
  0x40, 0x0f, 0x8d, 0x1e, 0x03, 0x00, 0x03, 0x00, 0x01, 0x00, 0x00, 0x00,
  0xcc, 0x0a, 0xa0, 0x2f, 0x60, 0x00, 0x00, 0x00, 0x00, 0x00, 0x00, 0x00,
  0x01, 0x40, 0x14, 0x20, 0x00, 0x02, 0x77, 0x00, 0x40, 0x00, 0x00, 0x00,
  0x6c, 0x1a, 0x00, 0x2f, 0x20, 0x0f, 0x00, 0x1e, 0x01, 0x00, 0x01, 0x00,
  0x01, 0x00, 0x40, 0x00, 0xcc, 0x32, 0x40, 0x21, 0xa0, 0x0f, 0x00, 0x00,
  0x00, 0x00, 0x00, 0x00, 0x08, 0x00, 0x00, 0x00, 0x2c, 0x02, 0xc0, 0x2e,
  0x40, 0x00, 0x00, 0x1e, 0x01, 0x00, 0x01, 0x00, 0x01, 0x00, 0x00, 0x00,
  0x2c, 0x1a, 0x8c, 0x20, 0x00, 0x0f, 0x00, 0x00, 0x00, 0x00, 0x00, 0x00,
  0x38, 0x01, 0x40, 0x0e, 0xcc, 0x32, 0x00, 0x01, 0xe8, 0x00, 0x40, 0x32,
  0x48, 0x01, 0x40, 0x00, 0x05, 0x00, 0x00, 0x00, 0x2c, 0x0a, 0x90, 0x20,
  0xc0, 0x0e, 0x00, 0x1e, 0xff, 0x00, 0xff, 0x00, 0x05, 0x00, 0x00, 0x00,
  0x04, 0x10, 0x00, 0x26, 0x00, 0x06, 0x00, 0x06, 0x01, 0x00, 0x00, 0x00,
  0x22, 0x00, 0xbc, 0x00, 0x04, 0x0e, 0x00, 0x20, 0xb0, 0x00, 0x00, 0x00,
  0xb0, 0x00, 0x00, 0x00, 0x5d, 0x01, 0x40, 0x00, 0x04, 0xd8, 0x02, 0x7e,
  0x10, 0x60, 0x01, 0x02, 0x0e, 0x00, 0x00, 0x02, 0x5d, 0x01, 0x40, 0x00,
  0x04, 0xd9, 0x04, 0x7d, 0x10, 0x70, 0x00, 0x02, 0x14, 0x00, 0x00, 0x02,
  0x5d, 0x01, 0x40, 0x00, 0x04, 0xd9, 0x06, 0x7c, 0x10, 0x70, 0x00, 0x02,
  0x14, 0x08, 0x80, 0x1f, 0x5d, 0x01, 0x40, 0x00, 0x04, 0xd8, 0x08, 0x02,
  0x00, 0x80, 0x80, 0x00, 0xfa, 0x00, 0x00, 0x02, 0x5d, 0x01, 0x40, 0x00,
  0x04, 0xd9, 0x0a, 0x7b, 0x10, 0x70, 0x00, 0x02, 0x14, 0x20, 0x80, 0x00,
  0x5d, 0x01, 0x40, 0x00, 0x04, 0xd8, 0x0c, 0x08, 0x00, 0x80, 0x80, 0x00,
  0xfa, 0x20, 0x80, 0x00, 0x5d, 0x01, 0x40, 0x00, 0x04, 0xd8, 0x0e, 0x7e,
  0x02, 0xe0, 0xc7, 0x00, 0xf8, 0x20, 0x80, 0x00, 0x5d, 0x01, 0x40, 0x00,
  0x04, 0xd8, 0x00, 0x02, 0x08, 0x20, 0x80, 0x01, 0x10, 0x28, 0xc0, 0x1e,
  0x5d, 0x01, 0x40, 0x00, 0x04, 0xd9, 0x02, 0x7c, 0x10, 0x70, 0x00, 0x02,
  0x14, 0x38, 0x80, 0x1f, 0x5d, 0x01, 0x40, 0x00, 0x04, 0xd8, 0x10, 0x08,
  0x0e, 0xe0, 0x47, 0x00, 0xf8, 0x00, 0x80, 0x00, 0x25, 0x00, 0xa0, 0x00,
  0x04, 0x00, 0x00, 0x20, 0x00, 0x00, 0x00, 0x0e, 0x10, 0x00, 0x00, 0x00,
  0x01, 0x00, 0x00, 0x00, 0xec, 0x32, 0x98, 0x40, 0x00, 0x01, 0x00, 0x00,
  0x00, 0x00, 0x00, 0x00, 0x01, 0x00, 0x00, 0x00, 0x44, 0x12, 0x00, 0x26,
  0x9c, 0x07, 0x00, 0x00, 0x00, 0x00, 0x00, 0x00, 0x20, 0x00, 0x11, 0x00,
  0x04, 0x00, 0x00, 0x34, 0x00, 0x14, 0x00, 0x0e, 0x18, 0x02, 0x00, 0x00,
  0x01, 0x00, 0x00, 0x00, 0x44, 0x12, 0x00, 0x26, 0x9e, 0x07, 0x00, 0x00,
  0x00, 0x00, 0x00, 0x00, 0x2e, 0x00, 0x81, 0x00, 0x00, 0x0e, 0x00, 0x20,
  0x88, 0x1a, 0x00, 0x00, 0x88, 0x1a, 0x00, 0x00, 0x40, 0x00, 0x00, 0x00,
  0x44, 0x12, 0x00, 0x22, 0x98, 0x07, 0x00, 0x16, 0x80, 0x07, 0x80, 0x07,
  0x38, 0x2b, 0x79, 0x2c, 0x07, 0x7c, 0x10, 0x04, 0x38, 0x34, 0x79, 0x2c,
  0x07, 0x7d, 0x11, 0x04, 0x38, 0x2b, 0x79, 0x2d, 0x07, 0x7a, 0x10, 0x04,
  0x01, 0x00, 0x00, 0x00, 0x2c, 0x22, 0x94, 0x20, 0x00, 0x80, 0x00, 0x00,
  0x00, 0x00, 0x00, 0x00, 0x40, 0x00, 0x00, 0x00, 0x6c, 0x22, 0xc0, 0x2f,
  0x00, 0x80, 0x00, 0x1e, 0xff, 0xff, 0xff, 0xff, 0x38, 0x34, 0x79, 0x2d,
  0x07, 0x7b, 0x11, 0x04, 0x41, 0x00, 0x00, 0x00, 0x2c, 0x0a, 0x60, 0x20,
  0x94, 0x00, 0x00, 0x0a, 0x94, 0x00, 0x00, 0x00, 0x09, 0x00, 0x80, 0x00,
  0x28, 0x0a, 0x40, 0x22, 0x80, 0x0f, 0x8d, 0x1e, 0x04, 0x00, 0x04, 0x00,
  0x41, 0x00, 0x00, 0x00, 0x0c, 0x03, 0xe0, 0x2e, 0x94, 0x00, 0x00, 0x06,
  0xab, 0xaa, 0xaa, 0xaa, 0x0c, 0x00, 0x00, 0x00, 0x6c, 0x1a, 0x20, 0x2f,
  0xc0, 0x0f, 0x00, 0x1e, 0x01, 0x00, 0x01, 0x00, 0x09, 0x00, 0x80, 0x00,
  0x28, 0x0a, 0x80, 0x22, 0x40, 0x0f, 0x8d, 0x1e, 0x04, 0x00, 0x04, 0x00,
  0x01, 0x00, 0x00, 0x00, 0xcc, 0x0a, 0xa0, 0x2f, 0x60, 0x00, 0x00, 0x00,
  0x00, 0x00, 0x00, 0x00, 0x01, 0x40, 0x14, 0x20, 0x00, 0x02, 0x77, 0x00,
  0x40, 0x00, 0x00, 0x00, 0x6c, 0x1a, 0x00, 0x2f, 0x20, 0x0f, 0x00, 0x1e,
  0x01, 0x00, 0x01, 0x00, 0x01, 0x00, 0x40, 0x00, 0xcc, 0x32, 0x40, 0x21,
  0xa0, 0x0f, 0x00, 0x00, 0x00, 0x00, 0x00, 0x00, 0x08, 0x00, 0x00, 0x00,
  0x2c, 0x02, 0xc0, 0x2e, 0x40, 0x00, 0x00, 0x1e, 0x01, 0x00, 0x01, 0x00,
  0x01, 0x00, 0x00, 0x00, 0x2c, 0x1a, 0x8c, 0x20, 0x00, 0x0f, 0x00, 0x00,
  0x00, 0x00, 0x00, 0x00, 0x38, 0x01, 0x40, 0x0e, 0xcc, 0x32, 0x00, 0x01,
  0xe8, 0x00, 0x40, 0x32, 0x48, 0x01, 0x40, 0x00, 0x05, 0x00, 0x00, 0x00,
  0x2c, 0x0a, 0x90, 0x20, 0xc0, 0x0e, 0x00, 0x1e, 0xff, 0x00, 0xff, 0x00,
  0x05, 0x00, 0x00, 0x00, 0x04, 0x10, 0x00, 0x26, 0x00, 0x06, 0x00, 0x06,
  0x01, 0x00, 0x00, 0x00, 0x22, 0x00, 0xbc, 0x00, 0x04, 0x0e, 0x00, 0x20,
  0xb0, 0x00, 0x00, 0x00, 0xb0, 0x00, 0x00, 0x00, 0x5d, 0x01, 0x40, 0x00,
  0x04, 0xd8, 0x02, 0x7e, 0x10, 0x60, 0x01, 0x02, 0x0e, 0x00, 0x00, 0x02,
  0x5d, 0x01, 0x40, 0x00, 0x04, 0xd9, 0x04, 0x7d, 0x10, 0x70, 0x00, 0x02,
  0x14, 0x00, 0x00, 0x02, 0x5d, 0x01, 0x40, 0x00, 0x04, 0xd9, 0x06, 0x7c,
  0x10, 0x70, 0x00, 0x02, 0x14, 0x08, 0x80, 0x1f, 0x5d, 0x01, 0x40, 0x00,
  0x04, 0xd8, 0x08, 0x02, 0x00, 0x80, 0x80, 0x00, 0xfa, 0x00, 0x00, 0x02,
  0x5d, 0x01, 0x40, 0x00, 0x04, 0xd9, 0x0a, 0x7b, 0x10, 0x70, 0x00, 0x02,
  0x14, 0x20, 0x80, 0x00, 0x5d, 0x01, 0x40, 0x00, 0x04, 0xd8, 0x0c, 0x08,
  0x00, 0x80, 0x80, 0x00, 0xfa, 0x20, 0x80, 0x00, 0x5d, 0x01, 0x40, 0x00,
  0x04, 0xd8, 0x0e, 0x7e, 0x02, 0xe0, 0xc7, 0x00, 0xf8, 0x20, 0x80, 0x00,
  0x5d, 0x01, 0x40, 0x00, 0x04, 0xd8, 0x00, 0x02, 0x08, 0x20, 0x80, 0x01,
  0x10, 0x28, 0xc0, 0x1e, 0x5d, 0x01, 0x40, 0x00, 0x04, 0xd9, 0x02, 0x7c,
  0x10, 0x70, 0x00, 0x02, 0x14, 0x38, 0x80, 0x1f, 0x5d, 0x01, 0x40, 0x00,
  0x04, 0xd8, 0x10, 0x08, 0x0e, 0xe0, 0x47, 0x00, 0xf8, 0x00, 0x80, 0x00,
  0x25, 0x00, 0xa0, 0x00, 0x04, 0x00, 0x00, 0x20, 0x00, 0x00, 0x00, 0x0e,
  0x10, 0x00, 0x00, 0x00, 0x01, 0x00, 0x00, 0x00, 0xec, 0x32, 0x98, 0x40,
  0x00, 0x01, 0x00, 0x00, 0x00, 0x00, 0x00, 0x00, 0x40, 0x96, 0x6d, 0x20,
  0x0f, 0x0c, 0x12, 0x04, 0x40, 0x96, 0x65, 0x20, 0x0f, 0x7a, 0x14, 0x04,
  0x09, 0x00, 0x00, 0x00, 0x2c, 0x0a, 0x04, 0x25, 0x90, 0x00, 0x00, 0x1e,
  0x01, 0x00, 0x01, 0x00, 0x40, 0x00, 0x80, 0x00, 0x28, 0x0a, 0x80, 0x2f,
  0x80, 0x01, 0x8d, 0x1e, 0x01, 0x00, 0x01, 0x00, 0x02, 0x96, 0x2d, 0x25,
  0x07, 0x1a, 0x7a, 0x04, 0x40, 0x96, 0x71, 0x20, 0x07, 0x76, 0x7a, 0x04,
  0x40, 0x96, 0x2d, 0x20, 0x07, 0x78, 0x0c, 0x28, 0x02, 0x96, 0x01, 0x25,
  0x07, 0x0e, 0x7c, 0x04, 0x10, 0x00, 0x80, 0x03, 0x20, 0x0a, 0x00, 0x20,
  0x40, 0x03, 0x8d, 0x1e, 0x00, 0x00, 0x00, 0x00, 0x02, 0x96, 0x2d, 0x25,
  0x07, 0x20, 0x76, 0x04, 0x02, 0x96, 0x01, 0x25, 0x07, 0x08, 0x78, 0x04,
  0x40, 0x00, 0x80, 0x00, 0x28, 0x0a, 0x00, 0x23, 0x40, 0x03, 0x8d, 0x1e,
  0xff, 0xff, 0xff, 0xff, 0x10, 0x00, 0x81, 0x03, 0x20, 0x0a, 0x00, 0x20,
  0xc0, 0x01, 0x8d, 0x1e, 0x00, 0x00, 0x00, 0x00, 0x40, 0x00, 0x80, 0x00,
  0x28, 0x0a, 0x40, 0x21, 0xc0, 0x01, 0x8d, 0x1e, 0xff, 0xff, 0xff, 0xff,
  0x40, 0x00, 0x80, 0x00, 0x28, 0x0a, 0x40, 0x24, 0x00, 0x04, 0x8d, 0x1e,
  0xff, 0xff, 0xff, 0xff, 0x40, 0x00, 0x80, 0x00, 0x28, 0x0a, 0x40, 0x20,
  0x00, 0x01, 0x8d, 0x1e, 0xff, 0xff, 0xff, 0xff, 0x22, 0x00, 0x91, 0x00,
  0x00, 0x0e, 0x00, 0x20, 0x68, 0x00, 0x00, 0x00, 0x30, 0x00, 0x00, 0x00,
  0x01, 0x00, 0x80, 0x00, 0xe8, 0x3e, 0xc0, 0x23, 0x00, 0x00, 0x00, 0x00,
  0x00, 0x00, 0x00, 0x00, 0x24, 0x00, 0x80, 0x00, 0x00, 0x0e, 0x00, 0x20,
  0x48, 0x00, 0x00, 0x00, 0x48, 0x00, 0x00, 0x00, 0x41, 0x96, 0x2d, 0x20,
  0x07, 0x7c, 0x0a, 0x06, 0x40, 0x96, 0x01, 0x20, 0xe7, 0x7c, 0x7c, 0x18,
  0x09, 0x00, 0x80, 0x00, 0x28, 0x0a, 0x80, 0x2f, 0x80, 0x0f, 0x8d, 0x1e,
  0x02, 0x00, 0x02, 0x00, 0x40, 0x96, 0x6d, 0x20, 0x07, 0x7c, 0x7c, 0x06,
  0x31, 0x00, 0x80, 0x0c, 0x68, 0x02, 0xc0, 0x23, 0x80, 0x0f, 0x00, 0x06,
  0x02, 0x5e, 0x20, 0x04, 0x25, 0x00, 0x80, 0x00, 0x00, 0x00, 0x00, 0x20,
  0x00, 0x00, 0x00, 0x0e, 0x10, 0x00, 0x00, 0x00, 0x10, 0x00, 0x80, 0x03,
  0x20, 0x0a, 0x00, 0x20, 0x00, 0x04, 0x8d, 0x1e, 0x00, 0x00, 0x00, 0x00,
  0x10, 0x00, 0x81, 0x03, 0x20, 0x0a, 0x00, 0x20, 0xc0, 0x01, 0x8d, 0x1e,
  0x00, 0x00, 0x00, 0x00, 0x22, 0x00, 0x91, 0x00, 0x00, 0x0e, 0x00, 0x20,
  0x68, 0x00, 0x00, 0x00, 0x30, 0x00, 0x00, 0x00, 0x01, 0x00, 0x80, 0x00,
  0xe8, 0x3e, 0x80, 0x23, 0x00, 0x00, 0x00, 0x00, 0x00, 0x00, 0x00, 0x00,
  0x24, 0x00, 0x80, 0x00, 0x00, 0x0e, 0x00, 0x20, 0x48, 0x00, 0x00, 0x00,
  0x48, 0x00, 0x00, 0x00, 0x41, 0x96, 0x2d, 0x20, 0x07, 0x7c, 0x0a, 0x06,
  0x40, 0x96, 0x01, 0x20, 0xe7, 0x7c, 0x7c, 0x22, 0x09, 0x00, 0x80, 0x00,
  0x28, 0x0a, 0x80, 0x2f, 0x80, 0x0f, 0x8d, 0x1e, 0x02, 0x00, 0x02, 0x00,
  0x40, 0x96, 0x6d, 0x20, 0x07, 0x7c, 0x7c, 0x06, 0x31, 0x00, 0x80, 0x0c,
  0x68, 0x02, 0x80, 0x23, 0x80, 0x0f, 0x00, 0x06, 0x02, 0x5e, 0x20, 0x04,
  0x25, 0x00, 0x80, 0x00, 0x00, 0x00, 0x00, 0x20, 0x00, 0x00, 0x00, 0x0e,
  0x10, 0x00, 0x00, 0x00, 0x10, 0x00, 0x80, 0x03, 0x20, 0x0a, 0x00, 0x20,
  0x40, 0x03, 0x8d, 0x1e, 0x00, 0x00, 0x00, 0x00, 0x10, 0x00, 0x81, 0x03,
  0x20, 0x0a, 0x00, 0x20, 0x00, 0x01, 0x8d, 0x1e, 0x00, 0x00, 0x00, 0x00,
  0x22, 0x00, 0x91, 0x00, 0x00, 0x0e, 0x00, 0x20, 0x68, 0x00, 0x00, 0x00,
  0x30, 0x00, 0x00, 0x00, 0x01, 0x00, 0x80, 0x00, 0xe8, 0x3e, 0x40, 0x23,
  0x00, 0x00, 0x00, 0x00, 0x00, 0x00, 0x00, 0x00, 0x24, 0x00, 0x80, 0x00,
  0x00, 0x0e, 0x00, 0x20, 0x48, 0x00, 0x00, 0x00, 0x48, 0x00, 0x00, 0x00,
  0x41, 0x96, 0x2d, 0x20, 0x07, 0x7c, 0x02, 0x06, 0x40, 0x96, 0x01, 0x20,
  0xe7, 0x7c, 0x7c, 0x18, 0x09, 0x00, 0x80, 0x00, 0x28, 0x0a, 0x80, 0x2f,
  0x80, 0x0f, 0x8d, 0x1e, 0x02, 0x00, 0x02, 0x00, 0x40, 0x96, 0x6d, 0x20,
  0x07, 0x7c, 0x7c, 0x06, 0x31, 0x00, 0x80, 0x0c, 0x68, 0x02, 0x40, 0x23,
  0x80, 0x0f, 0x00, 0x06, 0x02, 0x5e, 0x20, 0x04, 0x25, 0x00, 0x80, 0x00,
  0x00, 0x00, 0x00, 0x20, 0x00, 0x00, 0x00, 0x0e, 0x10, 0x00, 0x00, 0x00,
  0x10, 0x00, 0x80, 0x03, 0x20, 0x0a, 0x00, 0x20, 0x00, 0x04, 0x8d, 0x1e,
  0x00, 0x00, 0x00, 0x00, 0x10, 0x00, 0x81, 0x03, 0x20, 0x0a, 0x00, 0x20,
  0x00, 0x01, 0x8d, 0x1e, 0x00, 0x00, 0x00, 0x00, 0x22, 0x00, 0x91, 0x00,
  0x00, 0x0e, 0x00, 0x20, 0x68, 0x00, 0x00, 0x00, 0x30, 0x00, 0x00, 0x00,
  0x01, 0x00, 0x80, 0x00, 0xe8, 0x3e, 0x00, 0x23, 0x00, 0x00, 0x00, 0x00,
  0x00, 0x00, 0x00, 0x00, 0x24, 0x00, 0x80, 0x00, 0x00, 0x0e, 0x00, 0x20,
  0x48, 0x00, 0x00, 0x00, 0x48, 0x00, 0x00, 0x00, 0x41, 0x96, 0x2d, 0x20,
  0x07, 0x7c, 0x02, 0x06, 0x40, 0x96, 0x01, 0x20, 0xe7, 0x7c, 0x7c, 0x22,
  0x09, 0x00, 0x80, 0x00, 0x28, 0x0a, 0x80, 0x2f, 0x80, 0x0f, 0x8d, 0x1e,
  0x02, 0x00, 0x02, 0x00, 0x40, 0x96, 0x6d, 0x20, 0x07, 0x7c, 0x7c, 0x06,
  0x31, 0x00, 0x80, 0x0c, 0x68, 0x02, 0x00, 0x23, 0x80, 0x0f, 0x00, 0x06,
  0x02, 0x5e, 0x20, 0x04, 0x25, 0x00, 0x80, 0x00, 0x00, 0x00, 0x00, 0x20,
  0x00, 0x00, 0x00, 0x0e, 0x10, 0x00, 0x00, 0x00, 0x08, 0x00, 0x00, 0x00,
  0x2c, 0x02, 0xc0, 0x2f, 0x90, 0x00, 0x00, 0x1e, 0x1f, 0x00, 0x1f, 0x00,
  0x40, 0x56, 0x02, 0x20, 0xf7, 0x7c, 0x1e, 0x1c, 0x40, 0x80, 0x21, 0x20,
  0x00, 0x7b, 0x04, 0x7e, 0x40, 0x56, 0x02, 0x20, 0xf7, 0x7c, 0x7c, 0x1a,
  0x0c, 0x00, 0x00, 0x00, 0x2c, 0x0a, 0x00, 0x25, 0x60, 0x0f, 0x00, 0x1e,
  0x01, 0x00, 0x01, 0x00, 0x40, 0x56, 0x02, 0x20, 0xe7, 0x7c, 0x7c, 0x18,
  0x40, 0x96, 0x01, 0x20, 0x0f, 0x78, 0x14, 0x28, 0x02, 0x96, 0x03, 0x24,
  0x07, 0x18, 0x7c, 0x00, 0x02, 0x96, 0x2d, 0x25, 0x07, 0x1e, 0x78, 0x04,
  0x40, 0x96, 0x6d, 0x20, 0x07, 0x78, 0x78, 0x04, 0x10, 0x00, 0x80, 0x03,
  0x20, 0x0a, 0x00, 0x20, 0xc0, 0x03, 0x8d, 0x1e, 0x00, 0x00, 0x00, 0x00,
  0x02, 0x96, 0x2d, 0x25, 0x07, 0x22, 0x78, 0x04, 0x40, 0x00, 0x80, 0x00,
  0x28, 0x0a, 0x80, 0x23, 0xc0, 0x03, 0x8d, 0x1e, 0xff, 0xff, 0xff, 0xff,
  0x10, 0x00, 0x81, 0x03, 0x20, 0x0a, 0x00, 0x20, 0xc0, 0x01, 0x8d, 0x1e,
  0x00, 0x00, 0x00, 0x00, 0x40, 0x00, 0x80, 0x00, 0x28, 0x0a, 0x00, 0x24,
  0x40, 0x04, 0x8d, 0x1e, 0xff, 0xff, 0xff, 0xff, 0x22, 0x00, 0x91, 0x00,
  0x00, 0x0e, 0x00, 0x20, 0x68, 0x00, 0x00, 0x00, 0x30, 0x00, 0x00, 0x00,
  0x01, 0x00, 0x80, 0x00, 0xe8, 0x3e, 0x40, 0x23, 0x00, 0x00, 0x00, 0x00,
  0x00, 0x00, 0x00, 0x00, 0x24, 0x00, 0x80, 0x00, 0x00, 0x0e, 0x00, 0x20,
  0x48, 0x00, 0x00, 0x00, 0x48, 0x00, 0x00, 0x00, 0x41, 0x96, 0x2d, 0x20,
  0x07, 0x7c, 0x0a, 0x06, 0x40, 0x96, 0x01, 0x20, 0xe7, 0x7c, 0x7c, 0x1c,
  0x09, 0x00, 0x80, 0x00, 0x28, 0x0a, 0x80, 0x2f, 0x80, 0x0f, 0x8d, 0x1e,
  0x02, 0x00, 0x02, 0x00, 0x40, 0x96, 0x6d, 0x20, 0x07, 0x7c, 0x7c, 0x06,
  0x31, 0x00, 0x80, 0x0c, 0x68, 0x02, 0x40, 0x23, 0x80, 0x0f, 0x00, 0x06,
  0x02, 0x5e, 0x20, 0x04, 0x25, 0x00, 0x80, 0x00, 0x00, 0x00, 0x00, 0x20,
  0x00, 0x00, 0x00, 0x0e, 0x10, 0x00, 0x00, 0x00, 0x10, 0x00, 0x80, 0x03,
  0x20, 0x0a, 0x00, 0x20, 0x40, 0x04, 0x8d, 0x1e, 0x00, 0x00, 0x00, 0x00,
  0x10, 0x00, 0x81, 0x03, 0x20, 0x0a, 0x00, 0x20, 0xc0, 0x01, 0x8d, 0x1e,
  0x00, 0x00, 0x00, 0x00, 0x22, 0x00, 0x91, 0x00, 0x00, 0x0e, 0x00, 0x20,
  0x68, 0x00, 0x00, 0x00, 0x30, 0x00, 0x00, 0x00, 0x01, 0x00, 0x80, 0x00,
  0xe8, 0x3e, 0xc0, 0x21, 0x00, 0x00, 0x00, 0x00, 0x00, 0x00, 0x00, 0x00,
  0x24, 0x00, 0x80, 0x00, 0x00, 0x0e, 0x00, 0x20, 0x48, 0x00, 0x00, 0x00,
  0x48, 0x00, 0x00, 0x00, 0x41, 0x96, 0x2d, 0x20, 0x07, 0x7c, 0x0a, 0x06,
  0x40, 0x96, 0x01, 0x20, 0xe7, 0x7c, 0x7c, 0x20, 0x09, 0x00, 0x80, 0x00,
  0x28, 0x0a, 0x80, 0x2f, 0x80, 0x0f, 0x8d, 0x1e, 0x02, 0x00, 0x02, 0x00,
  0x40, 0x96, 0x6d, 0x20, 0x07, 0x7c, 0x7c, 0x06, 0x31, 0x00, 0x80, 0x0c,
  0x68, 0x02, 0xc0, 0x21, 0x80, 0x0f, 0x00, 0x06, 0x02, 0x5e, 0x20, 0x04,
  0x25, 0x00, 0x80, 0x00, 0x00, 0x00, 0x00, 0x20, 0x00, 0x00, 0x00, 0x0e,
  0x10, 0x00, 0x00, 0x00, 0x10, 0x00, 0x80, 0x03, 0x20, 0x0a, 0x00, 0x20,
  0xc0, 0x03, 0x8d, 0x1e, 0x00, 0x00, 0x00, 0x00, 0x10, 0x00, 0x81, 0x03,
  0x20, 0x0a, 0x00, 0x20, 0x00, 0x01, 0x8d, 0x1e, 0x00, 0x00, 0x00, 0x00,
  0x22, 0x00, 0x91, 0x00, 0x00, 0x0e, 0x00, 0x20, 0x68, 0x00, 0x00, 0x00,
  0x30, 0x00, 0x00, 0x00, 0x01, 0x00, 0x80, 0x00, 0xe8, 0x3e, 0x40, 0x21,
  0x00, 0x00, 0x00, 0x00, 0x00, 0x00, 0x00, 0x00, 0x24, 0x00, 0x80, 0x00,
  0x00, 0x0e, 0x00, 0x20, 0x48, 0x00, 0x00, 0x00, 0x48, 0x00, 0x00, 0x00,
  0x41, 0x96, 0x2d, 0x20, 0x07, 0x7c, 0x02, 0x06, 0x40, 0x96, 0x01, 0x20,
  0xe7, 0x7c, 0x7c, 0x1c, 0x09, 0x00, 0x80, 0x00, 0x28, 0x0a, 0x80, 0x2f,
  0x80, 0x0f, 0x8d, 0x1e, 0x02, 0x00, 0x02, 0x00, 0x40, 0x96, 0x6d, 0x20,
  0x07, 0x7c, 0x7c, 0x06, 0x31, 0x00, 0x80, 0x0c, 0x68, 0x02, 0x40, 0x21,
  0x80, 0x0f, 0x00, 0x06, 0x02, 0x5e, 0x20, 0x04, 0x25, 0x00, 0x80, 0x00,
  0x00, 0x00, 0x00, 0x20, 0x00, 0x00, 0x00, 0x0e, 0x10, 0x00, 0x00, 0x00,
  0x10, 0x00, 0x80, 0x03, 0x20, 0x0a, 0x00, 0x20, 0x40, 0x04, 0x8d, 0x1e,
  0x00, 0x00, 0x00, 0x00, 0x10, 0x00, 0x81, 0x03, 0x20, 0x0a, 0x00, 0x20,
  0x00, 0x01, 0x8d, 0x1e, 0x00, 0x00, 0x00, 0x00, 0x22, 0x00, 0x91, 0x00,
  0x00, 0x0e, 0x00, 0x20, 0x68, 0x00, 0x00, 0x00, 0x30, 0x00, 0x00, 0x00,
  0x01, 0x00, 0x80, 0x00, 0xe8, 0x3e, 0x40, 0x20, 0x00, 0x00, 0x00, 0x00,
  0x00, 0x00, 0x00, 0x00, 0x24, 0x00, 0x80, 0x00, 0x00, 0x0e, 0x00, 0x20,
  0x48, 0x00, 0x00, 0x00, 0x48, 0x00, 0x00, 0x00, 0x41, 0x96, 0x2d, 0x20,
  0x07, 0x7c, 0x02, 0x06, 0x40, 0x96, 0x01, 0x20, 0xe7, 0x7c, 0x7c, 0x20,
  0x09, 0x00, 0x80, 0x00, 0x28, 0x0a, 0x80, 0x2f, 0x80, 0x0f, 0x8d, 0x1e,
  0x02, 0x00, 0x02, 0x00, 0x40, 0x96, 0x6d, 0x20, 0x07, 0x7c, 0x7c, 0x06,
  0x31, 0x00, 0x80, 0x0c, 0x68, 0x02, 0x40, 0x20, 0x80, 0x0f, 0x00, 0x06,
  0x02, 0x5e, 0x20, 0x04, 0x25, 0x00, 0x80, 0x00, 0x00, 0x00, 0x00, 0x20,
  0x00, 0x00, 0x00, 0x0e, 0x10, 0x00, 0x00, 0x00, 0x40, 0x56, 0x02, 0x20,
  0xf7, 0x7c, 0x1a, 0x0e, 0x40, 0x96, 0x65, 0x20, 0x0f, 0x7a, 0x12, 0x04,
  0x40, 0x56, 0x02, 0x20, 0xf7, 0x7c, 0x7c, 0x0a, 0x40, 0x96, 0x6d, 0x20,
  0x0f, 0x0a, 0x14, 0x04, 0x40, 0x96, 0x71, 0x20, 0x07, 0x76, 0x7a, 0x04,
  0x02, 0x96, 0x01, 0x25, 0x07, 0x0e, 0x7a, 0x04, 0x40, 0x56, 0x02, 0x20,
  0xe7, 0x7c, 0x7c, 0x02, 0x40, 0x00, 0x80, 0x00, 0x28, 0x0a, 0x00, 0x2f,
  0x40, 0x01, 0x8d, 0x1e, 0x01, 0x00, 0x01, 0x00, 0x40, 0x96, 0x2d, 0x20,
  0x07, 0x74, 0x0a, 0x28, 0x02, 0x96, 0x01, 0x25, 0x07, 0x22, 0x76, 0x04,
  0x02, 0x96, 0x03, 0x24, 0x07, 0x7c, 0x7c, 0x00, 0x02, 0x96, 0x2d, 0x25,
  0x07, 0x1a, 0x78, 0x04, 0x02, 0x96, 0x2d, 0x25, 0x07, 0x1e, 0x74, 0x04,
  0x40, 0x00, 0x80, 0x00, 0x28, 0x0a, 0x00, 0x21, 0xc0, 0x01, 0x8d, 0x1e,
  0xff, 0xff, 0xff, 0xff, 0x5b, 0x2e, 0x00, 0x20, 0x81, 0xc0, 0xf0, 0xf8,
  0x10, 0x00, 0x80, 0x03, 0x20, 0x0a, 0x00, 0x20, 0x40, 0x03, 0x8d, 0x1e,
  0x00, 0x00, 0x00, 0x00, 0x40, 0x00, 0x80, 0x00, 0x28, 0x0a, 0x00, 0x24,
  0x40, 0x04, 0x8d, 0x1e, 0xff, 0xff, 0xff, 0xff, 0x40, 0x00, 0x80, 0x00,
  0x28, 0x0a, 0x00, 0x23, 0x40, 0x03, 0x8d, 0x1e, 0xff, 0xff, 0xff, 0xff,
  0x40, 0x00, 0x80, 0x00, 0x28, 0x0a, 0x80, 0x23, 0xc0, 0x03, 0x8d, 0x1e,
  0xff, 0xff, 0xff, 0xff, 0x10, 0x00, 0x81, 0x03, 0x20, 0x0a, 0x00, 0x20,
  0xc0, 0x01, 0x8d, 0x1e, 0x00, 0x00, 0x00, 0x00, 0x22, 0x00, 0x91, 0x00,
  0x00, 0x0e, 0x00, 0x20, 0x68, 0x00, 0x00, 0x00, 0x30, 0x00, 0x00, 0x00,
  0x01, 0x00, 0x80, 0x00, 0xe8, 0x3e, 0x80, 0x24, 0x00, 0x00, 0x00, 0x00,
  0x00, 0x00, 0x00, 0x00, 0x24, 0x00, 0x80, 0x00, 0x00, 0x0e, 0x00, 0x20,
  0x48, 0x00, 0x00, 0x00, 0x48, 0x00, 0x00, 0x00, 0x41, 0x96, 0x2d, 0x20,
  0x07, 0x7c, 0x08, 0x06, 0x40, 0x96, 0x01, 0x20, 0xe7, 0x7c, 0x7c, 0x18,
  0x09, 0x00, 0x80, 0x00, 0x28, 0x0a, 0x80, 0x2f, 0x80, 0x0f, 0x8d, 0x1e,
  0x02, 0x00, 0x02, 0x00, 0x40, 0x96, 0x6d, 0x20, 0x07, 0x7c, 0x7c, 0x06,
  0x31, 0x00, 0x80, 0x0c, 0x68, 0x02, 0x80, 0x24, 0x80, 0x0f, 0x00, 0x06,
  0x02, 0x5e, 0x20, 0x04, 0x25, 0x00, 0x80, 0x00, 0x00, 0x00, 0x00, 0x20,
  0x00, 0x00, 0x00, 0x0e, 0x10, 0x00, 0x00, 0x00, 0x10, 0x00, 0x80, 0x03,
  0x20, 0x0a, 0x00, 0x20, 0xc0, 0x03, 0x8d, 0x1e, 0x00, 0x00, 0x00, 0x00,
  0x10, 0x00, 0x81, 0x03, 0x20, 0x0a, 0x00, 0x20, 0xc0, 0x01, 0x8d, 0x1e,
  0x00, 0x00, 0x00, 0x00, 0x22, 0x00, 0x91, 0x00, 0x00, 0x0e, 0x00, 0x20,
  0x68, 0x00, 0x00, 0x00, 0x30, 0x00, 0x00, 0x00, 0x01, 0x00, 0x80, 0x00,
  0xe8, 0x3e, 0xc0, 0x24, 0x00, 0x00, 0x00, 0x00, 0x00, 0x00, 0x00, 0x00,
  0x24, 0x00, 0x80, 0x00, 0x00, 0x0e, 0x00, 0x20, 0x48, 0x00, 0x00, 0x00,
  0x48, 0x00, 0x00, 0x00, 0x41, 0x96, 0x2d, 0x20, 0x07, 0x7c, 0x08, 0x06,
  0x40, 0x96, 0x01, 0x20, 0xe7, 0x7c, 0x7c, 0x1c, 0x09, 0x00, 0x80, 0x00,
  0x28, 0x0a, 0x80, 0x2f, 0x80, 0x0f, 0x8d, 0x1e, 0x02, 0x00, 0x02, 0x00,
  0x40, 0x96, 0x6d, 0x20, 0x07, 0x7c, 0x7c, 0x06, 0x31, 0x00, 0x80, 0x0c,
  0x68, 0x02, 0xc0, 0x24, 0x80, 0x0f, 0x00, 0x06, 0x02, 0x5e, 0x20, 0x04,
  0x25, 0x00, 0x80, 0x00, 0x00, 0x00, 0x00, 0x20, 0x00, 0x00, 0x00, 0x0e,
  0x10, 0x00, 0x00, 0x00, 0x10, 0x00, 0x80, 0x03, 0x20, 0x0a, 0x00, 0x20,
  0x40, 0x03, 0x8d, 0x1e, 0x00, 0x00, 0x00, 0x00, 0x10, 0x00, 0x81, 0x03,
  0x20, 0x0a, 0x00, 0x20, 0x40, 0x04, 0x8d, 0x1e, 0x00, 0x00, 0x00, 0x00,
  0x22, 0x00, 0x91, 0x00, 0x00, 0x0e, 0x00, 0x20, 0x68, 0x00, 0x00, 0x00,
  0x30, 0x00, 0x00, 0x00, 0x01, 0x00, 0x80, 0x00, 0xe8, 0x3e, 0xc0, 0x21,
  0x00, 0x00, 0x00, 0x00, 0x00, 0x00, 0x00, 0x00, 0x24, 0x00, 0x80, 0x00,
  0x00, 0x0e, 0x00, 0x20, 0x48, 0x00, 0x00, 0x00, 0x48, 0x00, 0x00, 0x00,
  0x41, 0x96, 0x2d, 0x20, 0x07, 0x7c, 0x20, 0x06, 0x40, 0x96, 0x01, 0x20,
  0xe7, 0x7c, 0x7c, 0x18, 0x09, 0x00, 0x80, 0x00, 0x28, 0x0a, 0x80, 0x2f,
  0x80, 0x0f, 0x8d, 0x1e, 0x02, 0x00, 0x02, 0x00, 0x40, 0x96, 0x6d, 0x20,
  0x07, 0x7c, 0x7c, 0x06, 0x31, 0x00, 0x80, 0x0c, 0x68, 0x02, 0xc0, 0x21,
  0x80, 0x0f, 0x00, 0x06, 0x02, 0x5e, 0x20, 0x04, 0x25, 0x00, 0x80, 0x00,
  0x00, 0x00, 0x00, 0x20, 0x00, 0x00, 0x00, 0x0e, 0x10, 0x00, 0x00, 0x00,
  0x10, 0x00, 0x80, 0x03, 0x20, 0x0a, 0x00, 0x20, 0xc0, 0x03, 0x8d, 0x1e,
  0x00, 0x00, 0x00, 0x00, 0x10, 0x00, 0x81, 0x03, 0x20, 0x0a, 0x00, 0x20,
  0x40, 0x04, 0x8d, 0x1e, 0x00, 0x00, 0x00, 0x00, 0x22, 0x00, 0x91, 0x00,
  0x00, 0x0e, 0x00, 0x20, 0x68, 0x00, 0x00, 0x00, 0x30, 0x00, 0x00, 0x00,
  0x01, 0x00, 0x80, 0x00, 0xe8, 0x3e, 0x00, 0x21, 0x00, 0x00, 0x00, 0x00,
  0x00, 0x00, 0x00, 0x00, 0x24, 0x00, 0x80, 0x00, 0x00, 0x0e, 0x00, 0x20,
  0x48, 0x00, 0x00, 0x00, 0x48, 0x00, 0x00, 0x00, 0x41, 0x96, 0x2d, 0x20,
  0x07, 0x7c, 0x20, 0x06, 0x40, 0x96, 0x01, 0x20, 0xe7, 0x7c, 0x7c, 0x1c,
  0x09, 0x00, 0x80, 0x00, 0x28, 0x0a, 0x80, 0x2f, 0x80, 0x0f, 0x8d, 0x1e,
  0x02, 0x00, 0x02, 0x00, 0x40, 0x96, 0x6d, 0x20, 0x07, 0x7c, 0x7c, 0x06,
  0x31, 0x00, 0x80, 0x0c, 0x68, 0x02, 0x00, 0x21, 0x80, 0x0f, 0x00, 0x06,
  0x02, 0x5e, 0x20, 0x04, 0x25, 0x00, 0x80, 0x00, 0x00, 0x00, 0x00, 0x20,
  0x00, 0x00, 0x00, 0x0e, 0x10, 0x00, 0x00, 0x00, 0x40, 0x56, 0x02, 0x20,
  0xf7, 0x7c, 0x24, 0x26, 0x40, 0x96, 0x01, 0x20, 0x0f, 0x7a, 0x12, 0x28,
  0x10, 0x00, 0x80, 0x03, 0x20, 0x0a, 0x00, 0x20, 0x40, 0x03, 0x8d, 0x1e,
  0x00, 0x00, 0x00, 0x00, 0x40, 0x56, 0x02, 0x20, 0xf7, 0x7c, 0x7c, 0x0e,
  0x02, 0x96, 0x01, 0x25, 0x07, 0x0e, 0x7a, 0x04, 0x40, 0x96, 0x6d, 0x20,
  0x07, 0x7a, 0x7a, 0x04, 0x40, 0x56, 0x02, 0x20, 0xe7, 0x7c, 0x7c, 0x08,
  0x10, 0x00, 0x81, 0x03, 0x20, 0x0a, 0x00, 0x20, 0xc0, 0x01, 0x8d, 0x1e,
  0x00, 0x00, 0x00, 0x00, 0x02, 0x96, 0x01, 0x25, 0x07, 0x26, 0x7a, 0x04,
  0x40, 0x00, 0x80, 0x00, 0x28, 0x0a, 0x00, 0x21, 0xc0, 0x01, 0x8d, 0x1e,
  0xff, 0xff, 0xff, 0xff, 0x02, 0x96, 0x03, 0x24, 0x07, 0x20, 0x7c, 0x00,
  0x40, 0x00, 0x80, 0x00, 0x28, 0x0a, 0x80, 0x24, 0xc0, 0x04, 0x8d, 0x1e,
  0xff, 0xff, 0xff, 0xff, 0x22, 0x00, 0x91, 0x00, 0x00, 0x0e, 0x00, 0x20,
  0x68, 0x00, 0x00, 0x00, 0x30, 0x00, 0x00, 0x00, 0x01, 0x00, 0x80, 0x00,
  0xe8, 0x3e, 0x40, 0x24, 0x00, 0x00, 0x00, 0x00, 0x00, 0x00, 0x00, 0x00,
  0x24, 0x00, 0x80, 0x00, 0x00, 0x0e, 0x00, 0x20, 0x48, 0x00, 0x00, 0x00,
  0x48, 0x00, 0x00, 0x00, 0x41, 0x96, 0x2d, 0x20, 0x07, 0x7c, 0x08, 0x06,
  0x40, 0x96, 0x01, 0x20, 0xe7, 0x7c, 0x7c, 0x18, 0x09, 0x00, 0x80, 0x00,
  0x28, 0x0a, 0x80, 0x2f, 0x80, 0x0f, 0x8d, 0x1e, 0x02, 0x00, 0x02, 0x00,
  0x40, 0x96, 0x6d, 0x20, 0x07, 0x7c, 0x7c, 0x06, 0x31, 0x00, 0x80, 0x0c,
  0x68, 0x02, 0x40, 0x24, 0x80, 0x0f, 0x00, 0x06, 0x02, 0x5e, 0x20, 0x04,
  0x25, 0x00, 0x80, 0x00, 0x00, 0x00, 0x00, 0x20, 0x00, 0x00, 0x00, 0x0e,
  0x10, 0x00, 0x00, 0x00, 0x10, 0x00, 0x80, 0x03, 0x20, 0x0a, 0x00, 0x20,
  0xc0, 0x03, 0x8d, 0x1e, 0x00, 0x00, 0x00, 0x00, 0x10, 0x00, 0x81, 0x03,
  0x20, 0x0a, 0x00, 0x20, 0xc0, 0x01, 0x8d, 0x1e, 0x00, 0x00, 0x00, 0x00,
  0x22, 0x00, 0x91, 0x00, 0x00, 0x0e, 0x00, 0x20, 0x68, 0x00, 0x00, 0x00,
  0x30, 0x00, 0x00, 0x00, 0x01, 0x00, 0x80, 0x00, 0xe8, 0x3e, 0x00, 0x25,
  0x00, 0x00, 0x00, 0x00, 0x00, 0x00, 0x00, 0x00, 0x24, 0x00, 0x80, 0x00,
  0x00, 0x0e, 0x00, 0x20, 0x48, 0x00, 0x00, 0x00, 0x48, 0x00, 0x00, 0x00,
  0x41, 0x96, 0x2d, 0x20, 0x07, 0x7c, 0x08, 0x06, 0x40, 0x96, 0x01, 0x20,
  0xe7, 0x7c, 0x7c, 0x1c, 0x09, 0x00, 0x80, 0x00, 0x28, 0x0a, 0x80, 0x2f,
  0x80, 0x0f, 0x8d, 0x1e, 0x02, 0x00, 0x02, 0x00, 0x40, 0x96, 0x6d, 0x20,
  0x07, 0x7c, 0x7c, 0x06, 0x31, 0x00, 0x80, 0x0c, 0x68, 0x02, 0x00, 0x25,
  0x80, 0x0f, 0x00, 0x06, 0x02, 0x5e, 0x20, 0x04, 0x25, 0x00, 0x80, 0x00,
  0x00, 0x00, 0x00, 0x20, 0x00, 0x00, 0x00, 0x0e, 0x10, 0x00, 0x00, 0x00,
  0x10, 0x00, 0x80, 0x03, 0x20, 0x0a, 0x00, 0x20, 0x40, 0x03, 0x8d, 0x1e,
  0x00, 0x00, 0x00, 0x00, 0x10, 0x00, 0x81, 0x03, 0x20, 0x0a, 0x00, 0x20,
  0xc0, 0x04, 0x8d, 0x1e, 0x00, 0x00, 0x00, 0x00, 0x22, 0x00, 0x91, 0x00,
  0x00, 0x0e, 0x00, 0x20, 0x68, 0x00, 0x00, 0x00, 0x30, 0x00, 0x00, 0x00,
  0x01, 0x00, 0x80, 0x00, 0xe8, 0x3e, 0xc0, 0x21, 0x00, 0x00, 0x00, 0x00,
  0x00, 0x00, 0x00, 0x00, 0x24, 0x00, 0x80, 0x00, 0x00, 0x0e, 0x00, 0x20,
  0x48, 0x00, 0x00, 0x00, 0x48, 0x00, 0x00, 0x00, 0x41, 0x96, 0x2d, 0x20,
  0x07, 0x7c, 0x24, 0x06, 0x40, 0x96, 0x01, 0x20, 0xe7, 0x7c, 0x7c, 0x18,
  0x09, 0x00, 0x80, 0x00, 0x28, 0x0a, 0x80, 0x2f, 0x80, 0x0f, 0x8d, 0x1e,
  0x02, 0x00, 0x02, 0x00, 0x40, 0x96, 0x6d, 0x20, 0x07, 0x7c, 0x7c, 0x06,
  0x31, 0x00, 0x80, 0x0c, 0x68, 0x02, 0xc0, 0x21, 0x80, 0x0f, 0x00, 0x06,
  0x02, 0x5e, 0x20, 0x04, 0x25, 0x00, 0x80, 0x00, 0x00, 0x00, 0x00, 0x20,
  0x00, 0x00, 0x00, 0x0e, 0x10, 0x00, 0x00, 0x00, 0x10, 0x00, 0x80, 0x03,
  0x20, 0x0a, 0x00, 0x20, 0xc0, 0x03, 0x8d, 0x1e, 0x00, 0x00, 0x00, 0x00,
  0x10, 0x00, 0x81, 0x03, 0x20, 0x0a, 0x00, 0x20, 0xc0, 0x04, 0x8d, 0x1e,
  0x00, 0x00, 0x00, 0x00, 0x22, 0x00, 0x91, 0x00, 0x00, 0x0e, 0x00, 0x20,
  0x68, 0x00, 0x00, 0x00, 0x30, 0x00, 0x00, 0x00, 0x01, 0x00, 0x80, 0x00,
  0xe8, 0x3e, 0x00, 0x21, 0x00, 0x00, 0x00, 0x00, 0x00, 0x00, 0x00, 0x00,
  0x24, 0x00, 0x80, 0x00, 0x00, 0x0e, 0x00, 0x20, 0x48, 0x00, 0x00, 0x00,
  0x48, 0x00, 0x00, 0x00, 0x41, 0x96, 0x2d, 0x20, 0x07, 0x7c, 0x24, 0x06,
  0x40, 0x96, 0x01, 0x20, 0xe7, 0x7c, 0x7c, 0x1c, 0x09, 0x00, 0x80, 0x00,
  0x28, 0x0a, 0x80, 0x2f, 0x80, 0x0f, 0x8d, 0x1e, 0x02, 0x00, 0x02, 0x00,
  0x40, 0x96, 0x6d, 0x20, 0x07, 0x7c, 0x7c, 0x06, 0x31, 0x00, 0x80, 0x0c,
  0x68, 0x02, 0x00, 0x21, 0x80, 0x0f, 0x00, 0x06, 0x02, 0x5e, 0x20, 0x04,
  0x25, 0x00, 0x80, 0x00, 0x00, 0x00, 0x00, 0x20, 0x00, 0x00, 0x00, 0x0e,
  0x10, 0x00, 0x00, 0x00, 0x40, 0x56, 0x02, 0x20, 0xf7, 0x7c, 0x22, 0x28,
  0x40, 0x00, 0x80, 0x00, 0x28, 0x0a, 0x40, 0x2f, 0x80, 0x02, 0x8d, 0x1e,
  0x01, 0x00, 0x01, 0x00, 0x02, 0x96, 0x01, 0x25, 0x07, 0x2a, 0x0c, 0x04,
  0x02, 0x96, 0x01, 0x25, 0x07, 0x22, 0x12, 0x04, 0x40, 0x56, 0x02, 0x20,
  0xf7, 0x7c, 0x7c, 0x0e, 0x02, 0x96, 0x2d, 0x25, 0x07, 0x26, 0x7a, 0x04,
  0x40, 0x96, 0x6d, 0x20, 0x07, 0x78, 0x7a, 0x04, 0x40, 0x00, 0x80, 0x00,
  0x28, 0x0a, 0x00, 0x25, 0x40, 0x05, 0x8d, 0x1e, 0xff, 0xff, 0xff, 0xff,
  0x40, 0x56, 0x02, 0x20, 0xe7, 0x7c, 0x7c, 0x08, 0x10, 0x00, 0x80, 0x03,
  0x20, 0x0a, 0x00, 0x20, 0xc0, 0x04, 0x8d, 0x1e, 0x00, 0x00, 0x00, 0x00,
  0x02, 0x96, 0x2d, 0x25, 0x07, 0x1e, 0x78, 0x04, 0x40, 0x00, 0x80, 0x00,
  0x28, 0x0a, 0x80, 0x24, 0xc0, 0x04, 0x8d, 0x1e, 0xff, 0xff, 0xff, 0xff,
  0x02, 0x96, 0x03, 0x24, 0x07, 0x7c, 0x7c, 0x00, 0x10, 0x00, 0x81, 0x03,
  0x20, 0x0a, 0x00, 0x20, 0x40, 0x05, 0x8d, 0x1e, 0x00, 0x00, 0x00, 0x00,
  0x40, 0x00, 0x80, 0x00, 0x28, 0x0a, 0x80, 0x23, 0xc0, 0x03, 0x8d, 0x1e,
  0xff, 0xff, 0xff, 0xff, 0x5b, 0x8e, 0x00, 0x20, 0x81, 0x00, 0xf1, 0xf8,
  0x40, 0x00, 0x80, 0x00, 0x28, 0x0a, 0x00, 0x24, 0x40, 0x04, 0x8d, 0x1e,
  0xff, 0xff, 0xff, 0xff, 0x22, 0x00, 0x91, 0x00, 0x00, 0x0e, 0x00, 0x20,
  0x68, 0x00, 0x00, 0x00, 0x30, 0x00, 0x00, 0x00, 0x01, 0x00, 0x80, 0x00,
  0xe8, 0x3e, 0x40, 0x23, 0x00, 0x00, 0x00, 0x00, 0x00, 0x00, 0x00, 0x00,
  0x24, 0x00, 0x80, 0x00, 0x00, 0x0e, 0x00, 0x20, 0x48, 0x00, 0x00, 0x00,
  0x48, 0x00, 0x00, 0x00, 0x41, 0x96, 0x2d, 0x20, 0x07, 0x7c, 0x28, 0x06,
  0x40, 0x96, 0x01, 0x20, 0xe7, 0x7c, 0x7c, 0x24, 0x09, 0x00, 0x80, 0x00,
  0x28, 0x0a, 0x80, 0x2f, 0x80, 0x0f, 0x8d, 0x1e, 0x02, 0x00, 0x02, 0x00,
  0x40, 0x96, 0x6d, 0x20, 0x07, 0x7c, 0x7c, 0x06, 0x31, 0x00, 0x80, 0x0c,
  0x68, 0x02, 0x40, 0x23, 0x80, 0x0f, 0x00, 0x06, 0x02, 0x5e, 0x20, 0x04,
  0x25, 0x00, 0x80, 0x00, 0x00, 0x00, 0x00, 0x20, 0x00, 0x00, 0x00, 0x0e,
  0x10, 0x00, 0x00, 0x00, 0x10, 0x00, 0x80, 0x03, 0x20, 0x0a, 0x00, 0x20,
  0xc0, 0x03, 0x8d, 0x1e, 0x00, 0x00, 0x00, 0x00, 0x10, 0x00, 0x81, 0x03,
  0x20, 0x0a, 0x00, 0x20, 0x40, 0x05, 0x8d, 0x1e, 0x00, 0x00, 0x00, 0x00,
  0x22, 0x00, 0x91, 0x00, 0x00, 0x0e, 0x00, 0x20, 0x68, 0x00, 0x00, 0x00,
  0x30, 0x00, 0x00, 0x00, 0x01, 0x00, 0x80, 0x00, 0xe8, 0x3e, 0x00, 0x23,
  0x00, 0x00, 0x00, 0x00, 0x00, 0x00, 0x00, 0x00, 0x24, 0x00, 0x80, 0x00,
  0x00, 0x0e, 0x00, 0x20, 0x48, 0x00, 0x00, 0x00, 0x48, 0x00, 0x00, 0x00,
  0x41, 0x96, 0x2d, 0x20, 0x07, 0x7c, 0x28, 0x06, 0x40, 0x96, 0x01, 0x20,
  0xe7, 0x7c, 0x7c, 0x1c, 0x09, 0x00, 0x80, 0x00, 0x28, 0x0a, 0x80, 0x2f,
  0x80, 0x0f, 0x8d, 0x1e, 0x02, 0x00, 0x02, 0x00, 0x40, 0x96, 0x6d, 0x20,
  0x07, 0x7c, 0x7c, 0x06, 0x31, 0x00, 0x80, 0x0c, 0x68, 0x02, 0x00, 0x23,
  0x80, 0x0f, 0x00, 0x06, 0x02, 0x5e, 0x20, 0x04, 0x25, 0x00, 0x80, 0x00,
  0x00, 0x00, 0x00, 0x20, 0x00, 0x00, 0x00, 0x0e, 0x10, 0x00, 0x00, 0x00,
  0x10, 0x00, 0x80, 0x03, 0x20, 0x0a, 0x00, 0x20, 0xc0, 0x04, 0x8d, 0x1e,
  0x00, 0x00, 0x00, 0x00, 0x10, 0x00, 0x81, 0x03, 0x20, 0x0a, 0x00, 0x20,
  0x40, 0x04, 0x8d, 0x1e, 0x00, 0x00, 0x00, 0x00, 0x22, 0x00, 0x91, 0x00,
  0x00, 0x0e, 0x00, 0x20, 0x68, 0x00, 0x00, 0x00, 0x30, 0x00, 0x00, 0x00,
  0x01, 0x00, 0x80, 0x00, 0xe8, 0x3e, 0xc0, 0x21, 0x00, 0x00, 0x00, 0x00,
  0x00, 0x00, 0x00, 0x00, 0x24, 0x00, 0x80, 0x00, 0x00, 0x0e, 0x00, 0x20,
  0x48, 0x00, 0x00, 0x00, 0x48, 0x00, 0x00, 0x00, 0x41, 0x96, 0x2d, 0x20,
  0x07, 0x7c, 0x20, 0x06, 0x40, 0x96, 0x01, 0x20, 0xe7, 0x7c, 0x7c, 0x24,
  0x09, 0x00, 0x80, 0x00, 0x28, 0x0a, 0x80, 0x2f, 0x80, 0x0f, 0x8d, 0x1e,
  0x02, 0x00, 0x02, 0x00, 0x40, 0x96, 0x6d, 0x20, 0x07, 0x7c, 0x7c, 0x06,
  0x31, 0x00, 0x80, 0x0c, 0x68, 0x02, 0xc0, 0x21, 0x80, 0x0f, 0x00, 0x06,
  0x02, 0x5e, 0x20, 0x04, 0x25, 0x00, 0x80, 0x00, 0x00, 0x00, 0x00, 0x20,
  0x00, 0x00, 0x00, 0x0e, 0x10, 0x00, 0x00, 0x00, 0x10, 0x00, 0x80, 0x03,
  0x20, 0x0a, 0x00, 0x20, 0xc0, 0x03, 0x8d, 0x1e, 0x00, 0x00, 0x00, 0x00,
  0x10, 0x00, 0x81, 0x03, 0x20, 0x0a, 0x00, 0x20, 0x40, 0x04, 0x8d, 0x1e,
  0x00, 0x00, 0x00, 0x00, 0x22, 0x00, 0x91, 0x00, 0x00, 0x0e, 0x00, 0x20,
  0x68, 0x00, 0x00, 0x00, 0x30, 0x00, 0x00, 0x00, 0x01, 0x00, 0x80, 0x00,
  0xe8, 0x3e, 0x80, 0x21, 0x00, 0x00, 0x00, 0x00, 0x00, 0x00, 0x00, 0x00,
  0x24, 0x00, 0x80, 0x00, 0x00, 0x0e, 0x00, 0x20, 0x48, 0x00, 0x00, 0x00,
  0x48, 0x00, 0x00, 0x00, 0x41, 0x96, 0x2d, 0x20, 0x07, 0x7c, 0x20, 0x06,
  0x40, 0x96, 0x01, 0x20, 0xe7, 0x7c, 0x7c, 0x1c, 0x09, 0x00, 0x80, 0x00,
  0x28, 0x0a, 0x80, 0x2f, 0x80, 0x0f, 0x8d, 0x1e, 0x02, 0x00, 0x02, 0x00,
  0x40, 0x96, 0x6d, 0x20, 0x07, 0x7c, 0x7c, 0x06, 0x31, 0x00, 0x80, 0x0c,
  0x68, 0x02, 0x80, 0x21, 0x80, 0x0f, 0x00, 0x06, 0x02, 0x5e, 0x20, 0x04,
  0x25, 0x00, 0x80, 0x00, 0x00, 0x00, 0x00, 0x20, 0x00, 0x00, 0x00, 0x0e,
  0x10, 0x00, 0x00, 0x00, 0x40, 0x56, 0x02, 0x20, 0xf7, 0x7c, 0x1a, 0x18,
  0x40, 0x00, 0x80, 0x00, 0x28, 0x0a, 0x40, 0x2f, 0x40, 0x02, 0x8d, 0x1e,
  0x01, 0x00, 0x01, 0x00, 0x02, 0x96, 0x2d, 0x25, 0x07, 0x36, 0x14, 0x04,
  0x40, 0x56, 0x02, 0x20, 0xf7, 0x7c, 0x7c, 0x0e, 0x40, 0x96, 0x6d, 0x20,
  0x07, 0x78, 0x7a, 0x04, 0x02, 0x96, 0x01, 0x25, 0x07, 0x18, 0x7a, 0x04,
  0x40, 0x00, 0x80, 0x00, 0x28, 0x0a, 0x80, 0x26, 0xc0, 0x06, 0x8d, 0x1e,
  0xff, 0xff, 0xff, 0xff, 0x40, 0x56, 0x02, 0x20, 0xe7, 0x7c, 0x7c, 0x0c,
  0x02, 0x96, 0x2d, 0x25, 0x07, 0x0c, 0x0a, 0x04, 0x02, 0x96, 0x01, 0x25,
  0x07, 0x3a, 0x78, 0x04, 0x40, 0x00, 0x80, 0x00, 0x28, 0x0a, 0xc0, 0x21,
  0x00, 0x03, 0x8d, 0x1e, 0xff, 0xff, 0xff, 0xff, 0x02, 0x96, 0x03, 0x24,
  0x07, 0x1a, 0x7c, 0x00, 0x10, 0x00, 0x80, 0x03, 0x20, 0x0a, 0x00, 0x20,
  0x80, 0x01, 0x8d, 0x1e, 0x00, 0x00, 0x00, 0x00, 0x40, 0x00, 0x80, 0x00,
  0x28, 0x0a, 0x40, 0x21, 0x80, 0x01, 0x8d, 0x1e, 0xff, 0xff, 0xff, 0xff,
  0x40, 0x00, 0x80, 0x00, 0x28, 0x0a, 0x00, 0x27, 0x40, 0x07, 0x8d, 0x1e,
  0xff, 0xff, 0xff, 0xff, 0x10, 0x00, 0x81, 0x03, 0x20, 0x0a, 0x00, 0x20,
  0x00, 0x03, 0x8d, 0x1e, 0x00, 0x00, 0x00, 0x00, 0x22, 0x00, 0x91, 0x00,
  0x00, 0x0e, 0x00, 0x20, 0x68, 0x00, 0x00, 0x00, 0x30, 0x00, 0x00, 0x00,
  0x01, 0x00, 0x80, 0x00, 0xe8, 0x3e, 0x40, 0x26, 0x00, 0x00, 0x00, 0x00,
  0x00, 0x00, 0x00, 0x00, 0x24, 0x00, 0x80, 0x00, 0x00, 0x0e, 0x00, 0x20,
  0x48, 0x00, 0x00, 0x00, 0x48, 0x00, 0x00, 0x00, 0x41, 0x96, 0x2d, 0x20,
  0x07, 0x7c, 0x0e, 0x06, 0x40, 0x96, 0x01, 0x20, 0xe7, 0x7c, 0x7c, 0x0a,
  0x09, 0x00, 0x80, 0x00, 0x28, 0x0a, 0x80, 0x2f, 0x80, 0x0f, 0x8d, 0x1e,
  0x02, 0x00, 0x02, 0x00, 0x40, 0x96, 0x6d, 0x20, 0x07, 0x7c, 0x7c, 0x06,
  0x31, 0x00, 0x80, 0x0c, 0x68, 0x02, 0x40, 0x26, 0x80, 0x0f, 0x00, 0x06,
  0x02, 0x5e, 0x20, 0x04, 0x25, 0x00, 0x80, 0x00, 0x00, 0x00, 0x00, 0x20,
  0x00, 0x00, 0x00, 0x0e, 0x10, 0x00, 0x00, 0x00, 0x10, 0x00, 0x80, 0x03,
  0x20, 0x0a, 0x00, 0x20, 0xc0, 0x06, 0x8d, 0x1e, 0x00, 0x00, 0x00, 0x00,
  0x10, 0x00, 0x81, 0x03, 0x20, 0x0a, 0x00, 0x20, 0x00, 0x03, 0x8d, 0x1e,
  0x00, 0x00, 0x00, 0x00, 0x22, 0x00, 0x91, 0x00, 0x00, 0x0e, 0x00, 0x20,
  0x68, 0x00, 0x00, 0x00, 0x30, 0x00, 0x00, 0x00, 0x01, 0x00, 0x80, 0x00,
  0xe8, 0x3e, 0x00, 0x26, 0x00, 0x00, 0x00, 0x00, 0x00, 0x00, 0x00, 0x00,
  0x24, 0x00, 0x80, 0x00, 0x00, 0x0e, 0x00, 0x20, 0x48, 0x00, 0x00, 0x00,
  0x48, 0x00, 0x00, 0x00, 0x41, 0x96, 0x2d, 0x20, 0x07, 0x7c, 0x0e, 0x06,
  0x40, 0x96, 0x01, 0x20, 0xe7, 0x7c, 0x7c, 0x34, 0x09, 0x00, 0x80, 0x00,
  0x28, 0x0a, 0x80, 0x2f, 0x80, 0x0f, 0x8d, 0x1e, 0x02, 0x00, 0x02, 0x00,
  0x40, 0x96, 0x6d, 0x20, 0x07, 0x7c, 0x7c, 0x06, 0x31, 0x00, 0x80, 0x0c,
  0x68, 0x02, 0x00, 0x26, 0x80, 0x0f, 0x00, 0x06, 0x02, 0x5e, 0x20, 0x04,
  0x25, 0x00, 0x80, 0x00, 0x00, 0x00, 0x00, 0x20, 0x00, 0x00, 0x00, 0x0e,
  0x10, 0x00, 0x00, 0x00, 0x10, 0x00, 0x80, 0x03, 0x20, 0x0a, 0x00, 0x20,
  0x80, 0x01, 0x8d, 0x1e, 0x00, 0x00, 0x00, 0x00, 0x10, 0x00, 0x81, 0x03,
  0x20, 0x0a, 0x00, 0x20, 0x40, 0x07, 0x8d, 0x1e, 0x00, 0x00, 0x00, 0x00,
  0x22, 0x00, 0x91, 0x00, 0x00, 0x0e, 0x00, 0x20, 0x68, 0x00, 0x00, 0x00,
  0x30, 0x00, 0x00, 0x00, 0x01, 0x00, 0x80, 0x00, 0xe8, 0x3e, 0xc0, 0x25,
  0x00, 0x00, 0x00, 0x00, 0x00, 0x00, 0x00, 0x00, 0x24, 0x00, 0x80, 0x00,
  0x00, 0x0e, 0x00, 0x20, 0x48, 0x00, 0x00, 0x00, 0x48, 0x00, 0x00, 0x00,
  0x41, 0x96, 0x2d, 0x20, 0x07, 0x7c, 0x38, 0x06, 0x40, 0x96, 0x01, 0x20,
  0xe7, 0x7c, 0x7c, 0x0a, 0x09, 0x00, 0x80, 0x00, 0x28, 0x0a, 0x80, 0x2f,
  0x80, 0x0f, 0x8d, 0x1e, 0x02, 0x00, 0x02, 0x00, 0x40, 0x96, 0x6d, 0x20,
  0x07, 0x7c, 0x7c, 0x06, 0x31, 0x00, 0x80, 0x0c, 0x68, 0x02, 0xc0, 0x25,
  0x80, 0x0f, 0x00, 0x06, 0x02, 0x5e, 0x20, 0x04, 0x25, 0x00, 0x80, 0x00,
  0x00, 0x00, 0x00, 0x20, 0x00, 0x00, 0x00, 0x0e, 0x10, 0x00, 0x00, 0x00,
  0x10, 0x00, 0x80, 0x03, 0x20, 0x0a, 0x00, 0x20, 0xc0, 0x06, 0x8d, 0x1e,
  0x00, 0x00, 0x00, 0x00, 0x10, 0x00, 0x81, 0x03, 0x20, 0x0a, 0x00, 0x20,
  0x40, 0x07, 0x8d, 0x1e, 0x00, 0x00, 0x00, 0x00, 0x22, 0x00, 0x91, 0x00,
  0x00, 0x0e, 0x00, 0x20, 0x68, 0x00, 0x00, 0x00, 0x30, 0x00, 0x00, 0x00,
  0x01, 0x00, 0x80, 0x00, 0xe8, 0x3e, 0x80, 0x25, 0x00, 0x00, 0x00, 0x00,
  0x00, 0x00, 0x00, 0x00, 0x24, 0x00, 0x80, 0x00, 0x00, 0x0e, 0x00, 0x20,
  0x48, 0x00, 0x00, 0x00, 0x48, 0x00, 0x00, 0x00, 0x41, 0x96, 0x2d, 0x20,
  0x07, 0x7c, 0x38, 0x06, 0x40, 0x96, 0x01, 0x20, 0xe7, 0x7c, 0x7c, 0x34,
  0x09, 0x00, 0x80, 0x00, 0x28, 0x0a, 0x80, 0x2f, 0x80, 0x0f, 0x8d, 0x1e,
  0x02, 0x00, 0x02, 0x00, 0x40, 0x96, 0x6d, 0x20, 0x07, 0x7c, 0x7c, 0x06,
  0x31, 0x00, 0x80, 0x0c, 0x68, 0x02, 0x80, 0x25, 0x80, 0x0f, 0x00, 0x06,
  0x02, 0x5e, 0x20, 0x04, 0x25, 0x00, 0x80, 0x00, 0x00, 0x00, 0x00, 0x20,
  0x00, 0x00, 0x00, 0x0e, 0x10, 0x00, 0x00, 0x00, 0x40, 0x56, 0x02, 0x20,
  0xf7, 0x7c, 0x32, 0x30, 0x10, 0x00, 0x80, 0x03, 0x20, 0x0a, 0x00, 0x20,
  0x80, 0x01, 0x8d, 0x1e, 0x00, 0x00, 0x00, 0x00, 0x40, 0x56, 0x02, 0x20,
  0xf7, 0x7c, 0x7c, 0x2e, 0x10, 0x00, 0x81, 0x03, 0x20, 0x0a, 0x00, 0x20,
  0x40, 0x05, 0x8d, 0x1e, 0x00, 0x00, 0x00, 0x00, 0x40, 0x56, 0x02, 0x20,
  0xe7, 0x7c, 0x7c, 0x2c, 0x02, 0x96, 0x03, 0x24, 0x07, 0x7c, 0x7c, 0x00,
  0x40, 0x56, 0x02, 0x20, 0xe7, 0x2c, 0x1a, 0x7c, 0x22, 0x00, 0x91, 0x00,
  0x00, 0x0e, 0x00, 0x20, 0x68, 0x00, 0x00, 0x00, 0x30, 0x00, 0x00, 0x00,
  0x01, 0x00, 0x80, 0x00, 0xe8, 0x3e, 0x40, 0x23, 0x00, 0x00, 0x00, 0x00,
  0x00, 0x00, 0x00, 0x00, 0x24, 0x00, 0x80, 0x00, 0x00, 0x0e, 0x00, 0x20,
  0x48, 0x00, 0x00, 0x00, 0x48, 0x00, 0x00, 0x00, 0x41, 0x96, 0x2d, 0x20,
  0x07, 0x7c, 0x28, 0x06, 0x40, 0x96, 0x01, 0x20, 0xe7, 0x7c, 0x7c, 0x0a,
  0x09, 0x00, 0x80, 0x00, 0x28, 0x0a, 0x80, 0x2f, 0x80, 0x0f, 0x8d, 0x1e,
  0x02, 0x00, 0x02, 0x00, 0x40, 0x96, 0x6d, 0x20, 0x07, 0x7c, 0x7c, 0x06,
  0x31, 0x00, 0x80, 0x0c, 0x68, 0x02, 0x40, 0x23, 0x80, 0x0f, 0x00, 0x06,
  0x02, 0x5e, 0x20, 0x04, 0x25, 0x00, 0x80, 0x00, 0x00, 0x00, 0x00, 0x20,
  0x00, 0x00, 0x00, 0x0e, 0x10, 0x00, 0x00, 0x00, 0x10, 0x00, 0x80, 0x03,
  0x20, 0x0a, 0x00, 0x20, 0xc0, 0x06, 0x8d, 0x1e, 0x00, 0x00, 0x00, 0x00,
  0x10, 0x00, 0x81, 0x03, 0x20, 0x0a, 0x00, 0x20, 0x40, 0x05, 0x8d, 0x1e,
  0x00, 0x00, 0x00, 0x00, 0x22, 0x00, 0x91, 0x00, 0x00, 0x0e, 0x00, 0x20,
  0x68, 0x00, 0x00, 0x00, 0x30, 0x00, 0x00, 0x00, 0x01, 0x00, 0x80, 0x00,
  0xe8, 0x3e, 0x00, 0x25, 0x00, 0x00, 0x00, 0x00, 0x00, 0x00, 0x00, 0x00,
  0x24, 0x00, 0x80, 0x00, 0x00, 0x0e, 0x00, 0x20, 0x48, 0x00, 0x00, 0x00,
  0x48, 0x00, 0x00, 0x00, 0x41, 0x96, 0x2d, 0x20, 0x07, 0x7c, 0x28, 0x06,
  0x40, 0x96, 0x01, 0x20, 0xe7, 0x7c, 0x7c, 0x34, 0x09, 0x00, 0x80, 0x00,
  0x28, 0x0a, 0x80, 0x2f, 0x80, 0x0f, 0x8d, 0x1e, 0x02, 0x00, 0x02, 0x00,
  0x40, 0x96, 0x6d, 0x20, 0x07, 0x7c, 0x7c, 0x06, 0x31, 0x00, 0x80, 0x0c,
  0x68, 0x02, 0x00, 0x25, 0x80, 0x0f, 0x00, 0x06, 0x02, 0x5e, 0x20, 0x04,
  0x25, 0x00, 0x80, 0x00, 0x00, 0x00, 0x00, 0x20, 0x00, 0x00, 0x00, 0x0e,
  0x10, 0x00, 0x00, 0x00, 0x10, 0x00, 0x80, 0x03, 0x20, 0x0a, 0x00, 0x20,
  0x80, 0x01, 0x8d, 0x1e, 0x00, 0x00, 0x00, 0x00, 0x10, 0x00, 0x81, 0x03,
  0x20, 0x0a, 0x00, 0x20, 0x40, 0x04, 0x8d, 0x1e, 0x00, 0x00, 0x00, 0x00,
  0x22, 0x00, 0x91, 0x00, 0x00, 0x0e, 0x00, 0x20, 0x68, 0x00, 0x00, 0x00,
  0x30, 0x00, 0x00, 0x00, 0x01, 0x00, 0x80, 0x00, 0xe8, 0x3e, 0x40, 0x21,
  0x00, 0x00, 0x00, 0x00, 0x00, 0x00, 0x00, 0x00, 0x24, 0x00, 0x80, 0x00,
  0x00, 0x0e, 0x00, 0x20, 0x48, 0x00, 0x00, 0x00, 0x48, 0x00, 0x00, 0x00,
  0x41, 0x96, 0x2d, 0x20, 0x07, 0x7c, 0x20, 0x06, 0x40, 0x96, 0x01, 0x20,
  0xe7, 0x7c, 0x7c, 0x0a, 0x09, 0x00, 0x80, 0x00, 0x28, 0x0a, 0x80, 0x2f,
  0x80, 0x0f, 0x8d, 0x1e, 0x02, 0x00, 0x02, 0x00, 0x40, 0x96, 0x6d, 0x20,
  0x07, 0x7c, 0x7c, 0x06, 0x31, 0x00, 0x80, 0x0c, 0x68, 0x02, 0x40, 0x21,
  0x80, 0x0f, 0x00, 0x06, 0x02, 0x5e, 0x20, 0x04, 0x25, 0x00, 0x80, 0x00,
  0x00, 0x00, 0x00, 0x20, 0x00, 0x00, 0x00, 0x0e, 0x10, 0x00, 0x00, 0x00,
  0x10, 0x00, 0x80, 0x03, 0x20, 0x0a, 0x00, 0x20, 0xc0, 0x06, 0x8d, 0x1e,
  0x00, 0x00, 0x00, 0x00, 0x10, 0x00, 0x81, 0x03, 0x20, 0x0a, 0x00, 0x20,
  0x40, 0x04, 0x8d, 0x1e, 0x00, 0x00, 0x00, 0x00, 0x22, 0x00, 0x91, 0x00,
  0x00, 0x0e, 0x00, 0x20, 0x68, 0x00, 0x00, 0x00, 0x30, 0x00, 0x00, 0x00,
  0x01, 0x00, 0x80, 0x00, 0xe8, 0x3e, 0x80, 0x21, 0x00, 0x00, 0x00, 0x00,
  0x00, 0x00, 0x00, 0x00, 0x24, 0x00, 0x80, 0x00, 0x00, 0x0e, 0x00, 0x20,
  0x48, 0x00, 0x00, 0x00, 0x48, 0x00, 0x00, 0x00, 0x41, 0x96, 0x2d, 0x20,
  0x07, 0x7c, 0x20, 0x06, 0x40, 0x96, 0x01, 0x20, 0xe7, 0x7c, 0x7c, 0x34,
  0x09, 0x00, 0x80, 0x00, 0x28, 0x0a, 0x80, 0x2f, 0x80, 0x0f, 0x8d, 0x1e,
  0x02, 0x00, 0x02, 0x00, 0x40, 0x96, 0x6d, 0x20, 0x07, 0x7c, 0x7c, 0x06,
  0x31, 0x00, 0x80, 0x0c, 0x68, 0x02, 0x80, 0x21, 0x80, 0x0f, 0x00, 0x06,
  0x02, 0x5e, 0x20, 0x04, 0x25, 0x00, 0x80, 0x00, 0x00, 0x00, 0x00, 0x20,
  0x00, 0x00, 0x00, 0x0e, 0x10, 0x00, 0x00, 0x00, 0x40, 0x56, 0x02, 0x20,
  0xf7, 0x7c, 0x1a, 0x28, 0x10, 0x00, 0x80, 0x03, 0x20, 0x0a, 0x00, 0x20,
  0xc0, 0x04, 0x8d, 0x1e, 0x00, 0x00, 0x00, 0x00, 0x40, 0x56, 0x02, 0x20,
  0xf7, 0x7c, 0x7c, 0x0a, 0x10, 0x00, 0x81, 0x03, 0x20, 0x0a, 0x00, 0x20,
  0x00, 0x03, 0x8d, 0x1e, 0x00, 0x00, 0x00, 0x00, 0x40, 0x56, 0x02, 0x20,
  0xe7, 0x7c, 0x7c, 0x0c, 0x02, 0x96, 0x03, 0x24, 0x07, 0x7c, 0x7c, 0x00,
  0x40, 0x56, 0x02, 0x20, 0xf7, 0x0c, 0x2c, 0x7c, 0x22, 0x00, 0x91, 0x00,
  0x00, 0x0e, 0x00, 0x20, 0x68, 0x00, 0x00, 0x00, 0x30, 0x00, 0x00, 0x00,
  0x01, 0x00, 0x80, 0x00, 0xe8, 0x3e, 0x40, 0x21, 0x00, 0x00, 0x00, 0x00,
  0x00, 0x00, 0x00, 0x00, 0x24, 0x00, 0x80, 0x00, 0x00, 0x0e, 0x00, 0x20,
  0x48, 0x00, 0x00, 0x00, 0x48, 0x00, 0x00, 0x00, 0x41, 0x96, 0x2d, 0x20,
  0x07, 0x7c, 0x0e, 0x06, 0x40, 0x96, 0x01, 0x20, 0xe7, 0x7c, 0x7c, 0x24,
  0x09, 0x00, 0x80, 0x00, 0x28, 0x0a, 0x80, 0x2f, 0x80, 0x0f, 0x8d, 0x1e,
  0x02, 0x00, 0x02, 0x00, 0x40, 0x96, 0x6d, 0x20, 0x07, 0x7c, 0x7c, 0x06,
  0x31, 0x00, 0x80, 0x0c, 0x68, 0x02, 0x40, 0x21, 0x80, 0x0f, 0x00, 0x06,
  0x02, 0x5e, 0x20, 0x04, 0x25, 0x00, 0x80, 0x00, 0x00, 0x00, 0x00, 0x20,
  0x00, 0x00, 0x00, 0x0e, 0x10, 0x00, 0x00, 0x00, 0x10, 0x00, 0x80, 0x03,
  0x20, 0x0a, 0x00, 0x20, 0xc0, 0x03, 0x8d, 0x1e, 0x00, 0x00, 0x00, 0x00,
  0x10, 0x00, 0x81, 0x03, 0x20, 0x0a, 0x00, 0x20, 0x00, 0x03, 0x8d, 0x1e,
  0x00, 0x00, 0x00, 0x00, 0x22, 0x00, 0x91, 0x00, 0x00, 0x0e, 0x00, 0x20,
  0x68, 0x00, 0x00, 0x00, 0x30, 0x00, 0x00, 0x00, 0x01, 0x00, 0x80, 0x00,
  0xe8, 0x3e, 0x40, 0x23, 0x00, 0x00, 0x00, 0x00, 0x00, 0x00, 0x00, 0x00,
  0x24, 0x00, 0x80, 0x00, 0x00, 0x0e, 0x00, 0x20, 0x48, 0x00, 0x00, 0x00,
  0x48, 0x00, 0x00, 0x00, 0x41, 0x96, 0x2d, 0x20, 0x07, 0x7c, 0x0e, 0x06,
  0x40, 0x96, 0x01, 0x20, 0xe7, 0x7c, 0x7c, 0x1c, 0x09, 0x00, 0x80, 0x00,
  0x28, 0x0a, 0x80, 0x2f, 0x80, 0x0f, 0x8d, 0x1e, 0x02, 0x00, 0x02, 0x00,
  0x40, 0x96, 0x6d, 0x20, 0x07, 0x7c, 0x7c, 0x06, 0x31, 0x00, 0x80, 0x0c,
  0x68, 0x02, 0x40, 0x23, 0x80, 0x0f, 0x00, 0x06, 0x02, 0x5e, 0x20, 0x04,
  0x25, 0x00, 0x80, 0x00, 0x00, 0x00, 0x00, 0x20, 0x00, 0x00, 0x00, 0x0e,
  0x10, 0x00, 0x00, 0x00, 0x10, 0x00, 0x80, 0x03, 0x20, 0x0a, 0x00, 0x20,
  0xc0, 0x04, 0x8d, 0x1e, 0x00, 0x00, 0x00, 0x00, 0x10, 0x00, 0x81, 0x03,
  0x20, 0x0a, 0x00, 0x20, 0x40, 0x07, 0x8d, 0x1e, 0x00, 0x00, 0x00, 0x00,
  0x22, 0x00, 0x91, 0x00, 0x00, 0x0e, 0x00, 0x20, 0x68, 0x00, 0x00, 0x00,
  0x30, 0x00, 0x00, 0x00, 0x01, 0x00, 0x80, 0x00, 0xe8, 0x3e, 0x00, 0x23,
  0x00, 0x00, 0x00, 0x00, 0x00, 0x00, 0x00, 0x00, 0x24, 0x00, 0x80, 0x00,
  0x00, 0x0e, 0x00, 0x20, 0x48, 0x00, 0x00, 0x00, 0x48, 0x00, 0x00, 0x00,
  0x41, 0x96, 0x2d, 0x20, 0x07, 0x7c, 0x38, 0x06, 0x40, 0x96, 0x01, 0x20,
  0xe7, 0x7c, 0x7c, 0x24, 0x09, 0x00, 0x80, 0x00, 0x28, 0x0a, 0x80, 0x2f,
  0x80, 0x0f, 0x8d, 0x1e, 0x02, 0x00, 0x02, 0x00, 0x40, 0x96, 0x6d, 0x20,
  0x07, 0x7c, 0x7c, 0x06, 0x31, 0x00, 0x80, 0x0c, 0x68, 0x02, 0x00, 0x23,
  0x80, 0x0f, 0x00, 0x06, 0x02, 0x5e, 0x20, 0x04, 0x25, 0x00, 0x80, 0x00,
  0x00, 0x00, 0x00, 0x20, 0x00, 0x00, 0x00, 0x0e, 0x10, 0x00, 0x00, 0x00,
  0x10, 0x00, 0x80, 0x03, 0x20, 0x0a, 0x00, 0x20, 0xc0, 0x03, 0x8d, 0x1e,
  0x00, 0x00, 0x00, 0x00, 0x10, 0x00, 0x81, 0x03, 0x20, 0x0a, 0x00, 0x20,
  0x40, 0x07, 0x8d, 0x1e, 0x00, 0x00, 0x00, 0x00, 0x22, 0x00, 0x91, 0x00,
  0x00, 0x0e, 0x00, 0x20, 0x68, 0x00, 0x00, 0x00, 0x30, 0x00, 0x00, 0x00,
  0x01, 0x00, 0x80, 0x00, 0xe8, 0x3e, 0xc0, 0x21, 0x00, 0x00, 0x00, 0x00,
  0x00, 0x00, 0x00, 0x00, 0x24, 0x00, 0x80, 0x00, 0x00, 0x0e, 0x00, 0x20,
  0x48, 0x00, 0x00, 0x00, 0x48, 0x00, 0x00, 0x00, 0x41, 0x96, 0x2d, 0x20,
  0x07, 0x7c, 0x38, 0x06, 0x40, 0x96, 0x01, 0x20, 0xe7, 0x7c, 0x7c, 0x1c,
  0x09, 0x00, 0x80, 0x00, 0x28, 0x0a, 0x80, 0x2f, 0x80, 0x0f, 0x8d, 0x1e,
  0x02, 0x00, 0x02, 0x00, 0x40, 0x96, 0x6d, 0x20, 0x07, 0x7c, 0x7c, 0x06,
  0x31, 0x00, 0x80, 0x0c, 0x68, 0x02, 0xc0, 0x21, 0x80, 0x0f, 0x00, 0x06,
  0x02, 0x5e, 0x20, 0x04, 0x25, 0x00, 0x80, 0x00, 0x00, 0x00, 0x00, 0x20,
  0x00, 0x00, 0x00, 0x0e, 0x10, 0x00, 0x00, 0x00, 0x40, 0x56, 0x02, 0x20,
  0xf7, 0x7c, 0x0a, 0x1a, 0x41, 0x56, 0x76, 0x20, 0x07, 0x7a, 0x02, 0x04,
  0x41, 0x56, 0x76, 0x20, 0x07, 0x02, 0x08, 0x04, 0x41, 0x00, 0x00, 0x00,
  0x2c, 0x0a, 0xc0, 0x2f, 0x98, 0x07, 0x00, 0x0a, 0xb8, 0x00, 0x00, 0x00,
  0x40, 0x56, 0x02, 0x20, 0xf7, 0x7c, 0x7c, 0x18, 0x41, 0x56, 0x02, 0x20,
  0xe7, 0x78, 0x7a, 0x02, 0x40, 0x36, 0x02, 0x24, 0xe7, 0x00, 0x7a, 0x02,
  0x40, 0x56, 0x02, 0x20, 0xe7, 0x7c, 0x7c, 0x0e, 0x01, 0x00, 0x60, 0x00,
  0xc8, 0x3a, 0x40, 0x2e, 0x00, 0x0f, 0x8d, 0x00, 0x00, 0x00, 0x00, 0x00,
  0x01, 0x10, 0x60, 0x00, 0xc8, 0x3a, 0x00, 0x2e, 0x20, 0x0f, 0x8d, 0x00,
  0x00, 0x00, 0x00, 0x00, 0x02, 0x96, 0x03, 0x24, 0x07, 0x7c, 0x7c, 0x00,
  0x40, 0x56, 0x02, 0x20, 0xf7, 0x7c, 0x0c, 0x7c, 0x41, 0x56, 0x76, 0x20,
  0x07, 0x7c, 0x7c, 0x04, 0x01, 0x00, 0x60, 0x00, 0xc8, 0x3a, 0x00, 0x21,
  0x80, 0x0f, 0x8d, 0x00, 0x00, 0x00, 0x00, 0x00, 0x01, 0x10, 0x60, 0x00,
  0xc8, 0x3a, 0xc0, 0x2e, 0xa0, 0x0f, 0x8d, 0x00, 0x00, 0x00, 0x00, 0x00,
  0x41, 0x80, 0x79, 0x20, 0x00, 0x7d, 0x7e, 0x05, 0x01, 0x00, 0x00, 0x00,
  0xec, 0x3e, 0x80, 0x2f, 0x00, 0x00, 0x00, 0x00, 0x00, 0x00, 0x80, 0x3f,
  0x41, 0x00, 0x60, 0x00, 0xc8, 0x32, 0x80, 0x2e, 0x00, 0x01, 0x69, 0x32,
  0xd8, 0x00, 0x00, 0x00, 0x41, 0x10, 0x60, 0x00, 0xc8, 0x32, 0x40, 0x21,
  0xc0, 0x0e, 0x69, 0x32, 0xd8, 0x00, 0x00, 0x00, 0x40, 0x96, 0x01, 0x20,
  0xe0, 0x0c, 0x7d, 0x10, 0x02, 0x99, 0x03, 0x20, 0x00, 0x78, 0x7c, 0x00,
  0x10, 0x00, 0x80, 0x05, 0x24, 0x02, 0x00, 0x20, 0x98, 0x07, 0x00, 0x16,
  0x09, 0x00, 0x09, 0x00, 0x5b, 0x01, 0x60, 0x00, 0x00, 0xd8, 0x1e, 0x6e,
  0xc8, 0x21, 0x07, 0x39, 0x10, 0x20, 0x07, 0x1d, 0x5b, 0x11, 0x60, 0x00,
  0x00, 0xd8, 0x1e, 0x6c, 0xc8, 0x01, 0x07, 0x39, 0xec, 0x20, 0x87, 0x02,
  0x09, 0x00, 0x80, 0x00, 0x28, 0x0a, 0xc0, 0x21, 0x80, 0x01, 0x8d, 0x1e,
  0x02, 0x00, 0x02, 0x00, 0x01, 0x00, 0x60, 0x00, 0xe8, 0x32, 0x40, 0x4d,
  0xc0, 0x0d, 0x69, 0x00, 0x00, 0x00, 0x00, 0x00, 0x01, 0x10, 0x60, 0x00,
  0xe8, 0x32, 0xc0, 0x4c, 0x80, 0x0d, 0x69, 0x00, 0x00, 0x00, 0x00, 0x00,
  0x01, 0x00, 0x60, 0x00, 0xe8, 0x3a, 0x00, 0x2d, 0x40, 0x0d, 0x40, 0x00,
  0x00, 0x00, 0x00, 0x00, 0x01, 0x10, 0x60, 0x00, 0xe8, 0x3a, 0x20, 0x2d,
  0xc0, 0x0c, 0x40, 0x00, 0x00, 0x00, 0x00, 0x00, 0x33, 0x00, 0x80, 0x0c,
  0x70, 0x80, 0x06, 0x00, 0xc2, 0x01, 0x00, 0x00, 0x00, 0x5e, 0x02, 0x04,
  0x33, 0x00, 0x80, 0x0c, 0x70, 0x80, 0x07, 0x00, 0xc2, 0x01, 0x00, 0x00,
  0x01, 0x5e, 0x02, 0x04, 0x20, 0x00, 0x11, 0x00, 0x04, 0x00, 0x00, 0x34,
  0x00, 0x14, 0x00, 0x0e, 0x20, 0x00, 0x00, 0x00, 0x40, 0x00, 0x00, 0x00,
  0x2c, 0x0a, 0x88, 0x20, 0x88, 0x00, 0x00, 0x1e, 0x02, 0x00, 0x02, 0x00,
  0x2e, 0x00, 0x80, 0x10, 0x00, 0x0e, 0x00, 0x20, 0x38, 0xc2, 0xff, 0xff,
  0x10, 0x00, 0x00, 0x00, 0x2f, 0x00, 0x80, 0x00, 0x00, 0x00, 0x00, 0x20,
  0x00, 0x00, 0x00, 0x0e, 0x00, 0x00, 0x00, 0x00, 0x25, 0x00, 0x80, 0x00,
  0x00, 0x00, 0x00, 0x20, 0x00, 0x00, 0x00, 0x0e, 0x10, 0x00, 0x00, 0x00,
  0x01, 0x4d, 0x00, 0x20, 0x07, 0x7f, 0x17, 0x00, 0x31, 0x00, 0x60, 0x07,
  0x04, 0x02, 0x00, 0x20, 0xe0, 0x0f, 0x00, 0x06, 0x10, 0x00, 0x00, 0x82,
  0x00, 0x00, 0x00, 0x00, 0x00, 0x00, 0x00, 0x00, 0x00, 0x00, 0x00, 0x00,
  0x00, 0x00, 0x00, 0x00, 0x00, 0x00, 0x00, 0x00, 0x00, 0x00, 0x00, 0x00,
  0x00, 0x00, 0x00, 0x00, 0x00, 0x00, 0x00, 0x00, 0x00, 0x00, 0x00, 0x00,
  0x00, 0x00, 0x00, 0x00, 0x00, 0x00, 0x00, 0x00, 0x00, 0x00, 0x00, 0x00,
  0x00, 0x00, 0x00, 0x00, 0x00, 0x00, 0x00, 0x00, 0x00, 0x00, 0x00, 0x00,
  0x00, 0x00, 0x00, 0x00, 0x00, 0x00, 0x00, 0x00, 0x00, 0x00, 0x00, 0x00,
  0x00, 0x00, 0x00, 0x00, 0x00, 0x00, 0x00, 0x00, 0x00, 0x00, 0x00, 0x00,
  0x00, 0x00, 0x00, 0x00, 0x00, 0x00, 0x00, 0x00, 0x00, 0x00, 0x00, 0x00,
  0x00, 0x00, 0x00, 0x00, 0x00, 0x00, 0x00, 0x00, 0x00, 0x00, 0x00, 0x00,
  0x00, 0x00, 0x00, 0x00, 0x00, 0x00, 0x00, 0x00, 0x00, 0x00, 0x00, 0x00,
  0x00, 0x00, 0x00, 0x00, 0x00, 0x00, 0x00, 0x00, 0x00, 0x00, 0x00, 0x00,
  0x00, 0x00, 0x00, 0x00, 0x00, 0x00, 0x00, 0x00, 0x00, 0x00, 0x00, 0x00,
  0x00, 0x00, 0x00, 0x00, 0x00, 0x00, 0x00, 0x00, 0x00, 0x00, 0x00, 0x00,
  0x00, 0x00, 0x00, 0x00, 0x00, 0x00, 0x00, 0x00, 0x00, 0x00, 0x00, 0x00,
  0x04, 0x01, 0x00, 0x00, 0x00, 0x00, 0x00, 0x00, 0x00, 0x00, 0x00, 0x00,
  0x03, 0x00, 0x00, 0x00, 0x00, 0xc0, 0xff, 0x83, 0x00, 0x00, 0x00, 0x03,
  0x7f, 0x00, 0xff, 0x1f, 0x00, 0x00, 0xe0, 0x0f, 0x00, 0x00, 0x00, 0x00,
  0x00, 0x00, 0x00, 0x00, 0x00, 0x00, 0x00, 0x00, 0x00, 0x00, 0x00, 0x00,
  0x00, 0x00, 0x00, 0x00, 0x00, 0x00, 0x00, 0x00, 0x00, 0x00, 0x00, 0x00,
  0x00, 0x00, 0x00, 0x00, 0x00, 0x00, 0x00, 0x00, 0x00, 0x00, 0x00, 0x00,
  0x00, 0x00, 0x00, 0x00, 0x00, 0x00, 0x00, 0x00, 0x00, 0xc0, 0xff, 0x83,
  0x00, 0x00, 0x00, 0x03, 0x7f, 0x00, 0xff, 0x1f, 0x00, 0x00, 0xe0, 0x0f,
  0x00, 0x00, 0x00, 0x00, 0x00, 0x00, 0x00, 0x00, 0x00, 0x00, 0x00, 0x00,
  0x00, 0x00, 0x00, 0x00, 0x00, 0x00, 0x00, 0x00, 0x00, 0x00, 0x00, 0x00,
  0x00, 0x00, 0x00, 0x00, 0x00, 0x00, 0x00, 0x00, 0x00, 0x00, 0x00, 0x00,
  0x00, 0x00, 0x00, 0x00, 0x00, 0x00, 0x00, 0x00, 0x00, 0x00, 0x00, 0x00,
  0x00, 0xc0, 0xff, 0x83, 0x00, 0x00, 0x00, 0x03, 0x7f, 0x00, 0xff, 0x1f,
  0x00, 0x00, 0xe0, 0x0f, 0x00, 0x00, 0x00, 0x00, 0x00, 0x00, 0x00, 0x00,
  0x00, 0x00, 0x00, 0x00, 0x00, 0x00, 0x00, 0x00, 0x00, 0x00, 0x00, 0x00,
  0x00, 0x00, 0x00, 0x00, 0x00, 0x00, 0x00, 0x00, 0x00, 0x00, 0x00, 0x00,
  0x00, 0x00, 0x00, 0x00, 0x00, 0x00, 0x00, 0x00, 0x00, 0x00, 0x00, 0x00,
  0x00, 0x00, 0x00, 0x00, 0x00, 0xc0, 0xff, 0x87, 0x00, 0x00, 0x00, 0x03,
  0x7f, 0x00, 0xff, 0x1f, 0x00, 0x00, 0xe0, 0x0f, 0x00, 0x00, 0x00, 0x00,
  0x00, 0x00, 0x00, 0x00, 0x00, 0x00, 0x00, 0x00, 0x00, 0x00, 0x00, 0x00,
  0x00, 0x00, 0x00, 0x00, 0x00, 0x00, 0x00, 0x00, 0x00, 0x00, 0x00, 0x00,
  0x00, 0x00, 0x00, 0x00, 0x00, 0x00, 0x00, 0x00, 0x00, 0x00, 0x00, 0x00,
  0x00, 0x00, 0x00, 0x00, 0x00, 0x00, 0x00, 0x00, 0x00, 0x00, 0x00, 0x00,
  0x40, 0x00, 0x00, 0x00, 0x80, 0x00, 0x00, 0x00, 0xc0, 0x00, 0x00, 0x00,
  0x13, 0x00, 0x00, 0x00, 0x0c, 0x00, 0x00, 0x00, 0x00, 0x00, 0x00, 0x00,
  0x15, 0x00, 0x00, 0x00, 0x18, 0x00, 0x00, 0x00, 0x00, 0x00, 0x00, 0x00,
  0x00, 0x00, 0x00, 0x00, 0x00, 0x00, 0x00, 0x00, 0x00, 0x01, 0x00, 0x00,
  0x08, 0x00, 0x00, 0x00, 0x14, 0x00, 0x00, 0x00, 0x00, 0x01, 0x00, 0x00,
  0x04, 0x00, 0x00, 0x00, 0x00, 0x00, 0x00, 0x00, 0x11, 0x00, 0x00, 0x00,
  0x28, 0x00, 0x00, 0x00, 0x10, 0x00, 0x00, 0x00, 0x00, 0x00, 0x00, 0x00,
  0x00, 0x00, 0x00, 0x00, 0x04, 0x00, 0x00, 0x00, 0x00, 0x00, 0x00, 0x00,
  0x00, 0x00, 0x00, 0x00, 0x00, 0x00, 0x00, 0x00, 0x00, 0x00, 0x00, 0x00,
  0x11, 0x00, 0x00, 0x00, 0x28, 0x00, 0x00, 0x00, 0x10, 0x00, 0x00, 0x00,
  0x00, 0x00, 0x00, 0x00, 0x04, 0x00, 0x00, 0x00, 0x04, 0x00, 0x00, 0x00,
  0x04, 0x00, 0x00, 0x00, 0x00, 0x00, 0x00, 0x00, 0x00, 0x00, 0x00, 0x00,
  0x00, 0x00, 0x00, 0x00, 0x11, 0x00, 0x00, 0x00, 0x28, 0x00, 0x00, 0x00,
  0x10, 0x00, 0x00, 0x00, 0x00, 0x00, 0x00, 0x00, 0x08, 0x00, 0x00, 0x00,
  0x04, 0x00, 0x00, 0x00, 0x08, 0x00, 0x00, 0x00, 0x00, 0x00, 0x00, 0x00,
  0x00, 0x00, 0x00, 0x00, 0x00, 0x00, 0x00, 0x00, 0x11, 0x00, 0x00, 0x00,
  0x28, 0x00, 0x00, 0x00, 0x02, 0x00, 0x00, 0x00, 0x00, 0x00, 0x00, 0x00,
  0x0c, 0x00, 0x00, 0x00, 0x04, 0x00, 0x00, 0x00, 0x00, 0x00, 0x00, 0x00,
  0x00, 0x00, 0x00, 0x00, 0x00, 0x00, 0x00, 0x00, 0x00, 0x00, 0x00, 0x00,
  0x11, 0x00, 0x00, 0x00, 0x28, 0x00, 0x00, 0x00, 0x02, 0x00, 0x00, 0x00,
  0x00, 0x00, 0x00, 0x00, 0x10, 0x00, 0x00, 0x00, 0x04, 0x00, 0x00, 0x00,
  0x04, 0x00, 0x00, 0x00, 0x00, 0x00, 0x00, 0x00, 0x00, 0x00, 0x00, 0x00,
  0x00, 0x00, 0x00, 0x00, 0x11, 0x00, 0x00, 0x00, 0x28, 0x00, 0x00, 0x00,
  0x02, 0x00, 0x00, 0x00, 0x00, 0x00, 0x00, 0x00, 0x14, 0x00, 0x00, 0x00,
  0x04, 0x00, 0x00, 0x00, 0x08, 0x00, 0x00, 0x00, 0x00, 0x00, 0x00, 0x00,
  0x00, 0x00, 0x00, 0x00, 0x00, 0x00, 0x00, 0x00, 0x11, 0x00, 0x00, 0x00,
  0x28, 0x00, 0x00, 0x00, 0x2b, 0x00, 0x00, 0x00, 0x00, 0x00, 0x00, 0x00,
  0x20, 0x00, 0x00, 0x00, 0x04, 0x00, 0x00, 0x00, 0x00, 0x00, 0x00, 0x00,
  0x00, 0x00, 0x00, 0x00, 0x00, 0x00, 0x00, 0x00, 0x00, 0x00, 0x00, 0x00,
  0x11, 0x00, 0x00, 0x00, 0x28, 0x00, 0x00, 0x00, 0x2b, 0x00, 0x00, 0x00,
  0x01, 0x00, 0x00, 0x00, 0x28, 0x00, 0x00, 0x00, 0x04, 0x00, 0x00, 0x00,
  0x00, 0x00, 0x00, 0x00, 0x00, 0x00, 0x00, 0x00, 0x00, 0x00, 0x00, 0x00,
  0x00, 0x00, 0x00, 0x00, 0x11, 0x00, 0x00, 0x00, 0x28, 0x00, 0x00, 0x00,
  0x2b, 0x00, 0x00, 0x00, 0x02, 0x00, 0x00, 0x00, 0x30, 0x00, 0x00, 0x00,
  0x04, 0x00, 0x00, 0x00, 0x00, 0x00, 0x00, 0x00, 0x00, 0x00, 0x00, 0x00,
  0x00, 0x00, 0x00, 0x00, 0x00, 0x00, 0x00, 0x00, 0x11, 0x00, 0x00, 0x00,
  0x28, 0x00, 0x00, 0x00, 0x2a, 0x00, 0x00, 0x00, 0x02, 0x00, 0x00, 0x00,
  0x50, 0x00, 0x00, 0x00, 0x04, 0x00, 0x00, 0x00, 0x00, 0x00, 0x00, 0x00,
  0x00, 0x00, 0x00, 0x00, 0x00, 0x00, 0x00, 0x00, 0x00, 0x00, 0x00, 0x00,
  0x11, 0x00, 0x00, 0x00, 0x28, 0x00, 0x00, 0x00, 0x1c, 0x00, 0x00, 0x00,
  0x00, 0x00, 0x00, 0x00, 0x54, 0x00, 0x00, 0x00, 0x04, 0x00, 0x00, 0x00,
  0x00, 0x00, 0x00, 0x00, 0x00, 0x00, 0x00, 0x00, 0x00, 0x00, 0x00, 0x00,
  0x00, 0x00, 0x00, 0x00, 0x11, 0x00, 0x00, 0x00, 0x28, 0x00, 0x00, 0x00,
  0x1c, 0x00, 0x00, 0x00, 0x00, 0x00, 0x00, 0x00, 0x58, 0x00, 0x00, 0x00,
  0x04, 0x00, 0x00, 0x00, 0x04, 0x00, 0x00, 0x00, 0x00, 0x00, 0x00, 0x00,
  0x00, 0x00, 0x00, 0x00, 0x00, 0x00, 0x00, 0x00, 0x11, 0x00, 0x00, 0x00,
  0x28, 0x00, 0x00, 0x00, 0x1c, 0x00, 0x00, 0x00, 0x00, 0x00, 0x00, 0x00,
  0x5c, 0x00, 0x00, 0x00, 0x04, 0x00, 0x00, 0x00, 0x08, 0x00, 0x00, 0x00,
  0x00, 0x00, 0x00, 0x00, 0x00, 0x00, 0x00, 0x00, 0x00, 0x00, 0x00, 0x00,
  0x1e, 0x00, 0x00, 0x00, 0x24, 0x00, 0x00, 0x00, 0x00, 0x00, 0x00, 0x00,
  0x00, 0x00, 0x00, 0x00, 0x20, 0x00, 0x00, 0x00, 0x08, 0x00, 0x00, 0x00,
  0xff, 0xff, 0xff, 0xff, 0xff, 0xff, 0xff, 0xff, 0x00, 0x00, 0x00, 0x00,
  0x1e, 0x00, 0x00, 0x00, 0x24, 0x00, 0x00, 0x00, 0x01, 0x00, 0x00, 0x00,
  0x40, 0x00, 0x00, 0x00, 0x28, 0x00, 0x00, 0x00, 0x08, 0x00, 0x00, 0x00,
  0xff, 0xff, 0xff, 0xff, 0xff, 0xff, 0xff, 0xff, 0x00, 0x00, 0x00, 0x00,
  0x1e, 0x00, 0x00, 0x00, 0x24, 0x00, 0x00, 0x00, 0x02, 0x00, 0x00, 0x00,
  0x80, 0x00, 0x00, 0x00, 0x30, 0x00, 0x00, 0x00, 0x08, 0x00, 0x00, 0x00,
  0xff, 0xff, 0xff, 0xff, 0xff, 0xff, 0xff, 0xff, 0x00, 0x00, 0x00, 0x00,
  0x2c, 0x00, 0x00, 0x00, 0x18, 0x00, 0x00, 0x00, 0x00, 0x00, 0x00, 0x00,
  0xc0, 0x00, 0x00, 0x00, 0x48, 0x00, 0x00, 0x00, 0x08, 0x00, 0x00, 0x00,
  0x11, 0x00, 0x00, 0x00, 0x28, 0x00, 0x00, 0x00, 0x01, 0x00, 0x00, 0x00,
  0x03, 0x00, 0x00, 0x00, 0x38, 0x00, 0x00, 0x00, 0x04, 0x00, 0x00, 0x00,
  0x00, 0x00, 0x00, 0x00, 0xff, 0xff, 0xff, 0xff, 0xff, 0xff, 0xff, 0xff,
  0x00, 0x00, 0x00, 0x00, 0x11, 0x00, 0x00, 0x00, 0x28, 0x00, 0x00, 0x00,
  0x01, 0x00, 0x00, 0x00, 0x04, 0x00, 0x00, 0x00, 0x3c, 0x00, 0x00, 0x00,
  0x04, 0x00, 0x00, 0x00, 0x00, 0x00, 0x00, 0x00, 0xff, 0xff, 0xff, 0xff,
  0xff, 0xff, 0xff, 0xff, 0x00, 0x00, 0x00, 0x00, 0x11, 0x00, 0x00, 0x00,
  0x28, 0x00, 0x00, 0x00, 0x01, 0x00, 0x00, 0x00, 0x05, 0x00, 0x00, 0x00,
  0x40, 0x00, 0x00, 0x00, 0x04, 0x00, 0x00, 0x00, 0x00, 0x00, 0x00, 0x00,
  0xff, 0xff, 0xff, 0xff, 0xff, 0xff, 0xff, 0xff, 0x00, 0x00, 0x00, 0x00,
  0x11, 0x00, 0x00, 0x00, 0x28, 0x00, 0x00, 0x00, 0x01, 0x00, 0x00, 0x00,
  0x06, 0x00, 0x00, 0x00, 0x44, 0x00, 0x00, 0x00, 0x04, 0x00, 0x00, 0x00,
  0x00, 0x00, 0x00, 0x00, 0xff, 0xff, 0xff, 0xff, 0xff, 0xff, 0xff, 0xff,
  0x00, 0x00, 0x00, 0x00, 0x19, 0x00, 0x00, 0x00, 0x0c, 0x00, 0x00, 0x00,
  0x60, 0x00, 0x00, 0x00, 0x16, 0x00, 0x00, 0x00, 0x58, 0x00, 0x00, 0x00,
  0x00, 0x00, 0x00, 0x00, 0x01, 0x00, 0x00, 0x00, 0x01, 0x00, 0x00, 0x00,
  0x01, 0x00, 0x00, 0x00, 0x00, 0x00, 0x00, 0x00, 0x01, 0x00, 0x00, 0x00,
  0x00, 0x00, 0x00, 0x00, 0x00, 0x00, 0x00, 0x00, 0x00, 0x00, 0x00, 0x00,
  0x00, 0x00, 0x00, 0x00, 0x00, 0x00, 0x00, 0x00, 0x00, 0x00, 0x00, 0x00,
  0x00, 0x00, 0x00, 0x00, 0x00, 0x00, 0x00, 0x00, 0x00, 0x00, 0x00, 0x00,
  0x00, 0x00, 0x00, 0x00, 0x00, 0x00, 0x00, 0x00, 0x00, 0x00, 0x00, 0x00,
  0x00, 0x00, 0x00, 0x00, 0x00, 0x00, 0x00, 0x00, 0x17, 0x00, 0x00, 0x00,
  0x8c, 0x00, 0x00, 0x00, 0x00, 0x00, 0x00, 0x00, 0x00, 0x00, 0x00, 0x00,
  0x00, 0x00, 0x00, 0x00, 0x10, 0x00, 0x00, 0x00, 0x00, 0x00, 0x00, 0x00,
  0x00, 0x00, 0x00, 0x00, 0x01, 0x00, 0x00, 0x00, 0x00, 0x00, 0x00, 0x00,
  0x01, 0x00, 0x00, 0x00, 0x00, 0x00, 0x00, 0x00, 0x00, 0x00, 0x00, 0x00,
  0x00, 0x00, 0x00, 0x00, 0x00, 0x00, 0x00, 0x00, 0x00, 0x00, 0x00, 0x00,
  0x00, 0x00, 0x00, 0x00, 0x00, 0x00, 0x00, 0x00, 0x00, 0x00, 0x00, 0x00,
  0x00, 0x00, 0x00, 0x00, 0x01, 0x00, 0x00, 0x00, 0x00, 0x00, 0x00, 0x00,
  0x80, 0x00, 0x00, 0x00, 0x00, 0x00, 0x00, 0x00, 0x00, 0x00, 0x00, 0x00,
  0x00, 0x00, 0x00, 0x00, 0x00, 0x00, 0x00, 0x00, 0x07, 0x00, 0x00, 0x00,
  0x00, 0x00, 0x00, 0x00, 0x00, 0x00, 0x00, 0x00, 0x00, 0x00, 0x00, 0x00,
  0x00, 0x00, 0x00, 0x00, 0x00, 0x01, 0x15, 0x00, 0x00, 0x00, 0x00, 0x00,
  0x00, 0x00, 0x00, 0x00, 0x1b, 0x00, 0x00, 0x00, 0x10, 0x00, 0x00, 0x00,
  0x04, 0x00, 0x00, 0x00, 0x00, 0x00, 0x00, 0x00, 0x1a, 0x00, 0x00, 0x00,
  0x54, 0x00, 0x00, 0x00, 0x00, 0x00, 0x00, 0x00, 0x0c, 0x00, 0x00, 0x00,
  0x08, 0x00, 0x00, 0x00, 0x0c, 0x00, 0x00, 0x00, 0x0c, 0x00, 0x00, 0x00,
  0x08, 0x00, 0x00, 0x00, 0x5f, 0x5f, 0x67, 0x6c, 0x6f, 0x62, 0x61, 0x6c,
  0x00, 0x00, 0x00, 0x00, 0x4e, 0x4f, 0x4e, 0x45, 0x00, 0x00, 0x00, 0x00,
  0x72, 0x65, 0x73, 0x70, 0x6f, 0x6e, 0x73, 0x65, 0x73, 0x00, 0x00, 0x00,
  0x66, 0x6c, 0x6f, 0x61, 0x74, 0x2a, 0x3b, 0x38, 0x00, 0x00, 0x00, 0x00,
  0x4e, 0x4f, 0x4e, 0x45, 0x00, 0x00, 0x00, 0x00, 0x1a, 0x00, 0x00, 0x00,
  0x54, 0x00, 0x00, 0x00, 0x01, 0x00, 0x00, 0x00, 0x0c, 0x00, 0x00, 0x00,
  0x08, 0x00, 0x00, 0x00, 0x0c, 0x00, 0x00, 0x00, 0x0c, 0x00, 0x00, 0x00,
  0x08, 0x00, 0x00, 0x00, 0x5f, 0x5f, 0x67, 0x6c, 0x6f, 0x62, 0x61, 0x6c,
  0x00, 0x00, 0x00, 0x00, 0x4e, 0x4f, 0x4e, 0x45, 0x00, 0x00, 0x00, 0x00,
  0x6c, 0x61, 0x70, 0x6c, 0x61, 0x63, 0x69, 0x61, 0x6e, 0x00, 0x00, 0x00,
  0x66, 0x6c, 0x6f, 0x61, 0x74, 0x2a, 0x3b, 0x38, 0x00, 0x00, 0x00, 0x00,
  0x4e, 0x4f, 0x4e, 0x45, 0x00, 0x00, 0x00, 0x00, 0x1a, 0x00, 0x00, 0x00,
  0x4c, 0x00, 0x00, 0x00, 0x02, 0x00, 0x00, 0x00, 0x0c, 0x00, 0x00, 0x00,
  0x08, 0x00, 0x00, 0x00, 0x04, 0x00, 0x00, 0x00, 0x0c, 0x00, 0x00, 0x00,
  0x08, 0x00, 0x00, 0x00, 0x5f, 0x5f, 0x67, 0x6c, 0x6f, 0x62, 0x61, 0x6c,
  0x00, 0x00, 0x00, 0x00, 0x4e, 0x4f, 0x4e, 0x45, 0x00, 0x00, 0x00, 0x00,
  0x69, 0x6d, 0x67, 0x00, 0x66, 0x6c, 0x6f, 0x61, 0x74, 0x2a, 0x3b, 0x38,
  0x00, 0x00, 0x00, 0x00, 0x4e, 0x4f, 0x4e, 0x45, 0x00, 0x00, 0x00, 0x00,
  0x1a, 0x00, 0x00, 0x00, 0x48, 0x00, 0x00, 0x00, 0x03, 0x00, 0x00, 0x00,
  0x0c, 0x00, 0x00, 0x00, 0x08, 0x00, 0x00, 0x00, 0x04, 0x00, 0x00, 0x00,
  0x08, 0x00, 0x00, 0x00, 0x08, 0x00, 0x00, 0x00, 0x5f, 0x5f, 0x70, 0x72,
  0x69, 0x76, 0x61, 0x74, 0x65, 0x00, 0x00, 0x00, 0x4e, 0x4f, 0x4e, 0x45,
  0x00, 0x00, 0x00, 0x00, 0x68, 0x00, 0x00, 0x00, 0x75, 0x69, 0x6e, 0x74,
  0x3b, 0x34, 0x00, 0x00, 0x4e, 0x4f, 0x4e, 0x45, 0x00, 0x00, 0x00, 0x00,
  0x1a, 0x00, 0x00, 0x00, 0x48, 0x00, 0x00, 0x00, 0x04, 0x00, 0x00, 0x00,
  0x0c, 0x00, 0x00, 0x00, 0x08, 0x00, 0x00, 0x00, 0x04, 0x00, 0x00, 0x00,
  0x08, 0x00, 0x00, 0x00, 0x08, 0x00, 0x00, 0x00, 0x5f, 0x5f, 0x70, 0x72,
  0x69, 0x76, 0x61, 0x74, 0x65, 0x00, 0x00, 0x00, 0x4e, 0x4f, 0x4e, 0x45,
  0x00, 0x00, 0x00, 0x00, 0x77, 0x00, 0x00, 0x00, 0x75, 0x69, 0x6e, 0x74,
  0x3b, 0x34, 0x00, 0x00, 0x4e, 0x4f, 0x4e, 0x45, 0x00, 0x00, 0x00, 0x00,
  0x1a, 0x00, 0x00, 0x00, 0x48, 0x00, 0x00, 0x00, 0x05, 0x00, 0x00, 0x00,
  0x0c, 0x00, 0x00, 0x00, 0x08, 0x00, 0x00, 0x00, 0x04, 0x00, 0x00, 0x00,
  0x08, 0x00, 0x00, 0x00, 0x08, 0x00, 0x00, 0x00, 0x5f, 0x5f, 0x70, 0x72,
  0x69, 0x76, 0x61, 0x74, 0x65, 0x00, 0x00, 0x00, 0x4e, 0x4f, 0x4e, 0x45,
  0x00, 0x00, 0x00, 0x00, 0x73, 0x00, 0x00, 0x00, 0x75, 0x69, 0x6e, 0x74,
  0x3b, 0x34, 0x00, 0x00, 0x4e, 0x4f, 0x4e, 0x45, 0x00, 0x00, 0x00, 0x00,
  0x1a, 0x00, 0x00, 0x00, 0x4c, 0x00, 0x00, 0x00, 0x06, 0x00, 0x00, 0x00,
  0x0c, 0x00, 0x00, 0x00, 0x08, 0x00, 0x00, 0x00, 0x08, 0x00, 0x00, 0x00,
  0x08, 0x00, 0x00, 0x00, 0x08, 0x00, 0x00, 0x00, 0x5f, 0x5f, 0x70, 0x72,
  0x69, 0x76, 0x61, 0x74, 0x65, 0x00, 0x00, 0x00, 0x4e, 0x4f, 0x4e, 0x45,
  0x00, 0x00, 0x00, 0x00, 0x73, 0x74, 0x72, 0x69, 0x64, 0x65, 0x00, 0x00,
  0x75, 0x69, 0x6e, 0x74, 0x3b, 0x34, 0x00, 0x00, 0x4e, 0x4f, 0x4e, 0x45,
  0x00, 0x00, 0x00, 0x00, 0x47, 0x28, 0x38, 0x72, 0xe4, 0x88, 0x33, 0x9e,
  0x39, 0xa1, 0xe5, 0x52, 0x10, 0x00, 0x00, 0x00, 0x48, 0x08, 0x00, 0x00,
  0x40, 0x15, 0x00, 0x00, 0x00, 0x00, 0x00, 0x00, 0x20, 0x00, 0x00, 0x00,
  0x98, 0x01, 0x00, 0x00, 0x98, 0x14, 0x00, 0x00, 0x49, 0x6e, 0x74, 0x65,
  0x72, 0x45, 0x78, 0x74, 0x72, 0x65, 0x6d, 0x75, 0x6d, 0x00, 0x00, 0x00,
  0x01, 0x00, 0x60, 0x00, 0x0c, 0x02, 0x00, 0x23, 0x00, 0x00, 0x20, 0x00,
  0x00, 0x00, 0x00, 0x00, 0x06, 0x80, 0x00, 0x00, 0x04, 0x00, 0x00, 0x30,
  0x00, 0x10, 0x00, 0x16, 0xc0, 0x04, 0xc0, 0x04, 0x01, 0x00, 0x00, 0x00,
  0x0c, 0x16, 0xc8, 0x2f, 0x00, 0x00, 0x00, 0x00, 0xb4, 0x00, 0xb4, 0x00,
  0x05, 0x00, 0x00, 0x00, 0x2c, 0x0a, 0x20, 0x23, 0x14, 0x03, 0x00, 0x1e,
  0x00, 0xfc, 0x00, 0xfc, 0x09, 0x00, 0x00, 0x00, 0x2c, 0x0a, 0x24, 0x23,
  0x8c, 0x00, 0x00, 0x1e, 0x02, 0x00, 0x02, 0x00, 0x09, 0x00, 0x00, 0x00,
  0x2c, 0x0a, 0x28, 0x23, 0x88, 0x00, 0x00, 0x1e, 0x02, 0x00, 0x02, 0x00,
  0x40, 0x00, 0x00, 0x00, 0x2c, 0x0a, 0xa4, 0x20, 0x80, 0x00, 0x00, 0x1e,
  0x01, 0x00, 0x01, 0x00, 0x09, 0x00, 0x00, 0x00, 0x2c, 0x0a, 0x30, 0x23,
  0x90, 0x00, 0x00, 0x1e, 0x02, 0x00, 0x02, 0x00, 0x40, 0x00, 0x00, 0x00,
  0x2c, 0x0a, 0xa8, 0x20, 0x84, 0x00, 0x00, 0x1e, 0x01, 0x00, 0x01, 0x00,
  0x31, 0x00, 0x60, 0x0a, 0x2c, 0x02, 0xa0, 0x2f, 0xc0, 0x0f, 0x00, 0x06,
  0x04, 0x42, 0x18, 0x02, 0x01, 0x56, 0x00, 0x20, 0x00, 0x7a, 0x19, 0x00,
  0x01, 0x20, 0x80, 0x00, 0x08, 0x02, 0x00, 0x2f, 0x20, 0x03, 0x00, 0x00,
  0x00, 0x00, 0x00, 0x00, 0x01, 0x00, 0x00, 0x00, 0x4c, 0x16, 0xc4, 0x2f,
  0x00, 0x00, 0x00, 0x00, 0xd4, 0x00, 0xd4, 0x00, 0x06, 0x00, 0x00, 0x00,
  0x2c, 0x0a, 0xc0, 0x2f, 0x20, 0x03, 0x00, 0x1e, 0x20, 0x00, 0x20, 0x00,
  0x40, 0x00, 0x00, 0x00, 0x2c, 0x0a, 0x40, 0x20, 0x24, 0x03, 0x00, 0x1e,
  0x04, 0x00, 0x04, 0x00, 0x40, 0x00, 0x80, 0x00, 0x08, 0x02, 0xc0, 0x2e,
  0x40, 0x0f, 0x8d, 0x16, 0x10, 0x00, 0x10, 0x00, 0x40, 0x20, 0x80, 0x00,
  0x08, 0x02, 0xc0, 0x22, 0x00, 0x0f, 0x8d, 0x16, 0x10, 0x00, 0x10, 0x00,
  0x40, 0x00, 0x20, 0x00, 0x0c, 0x12, 0x80, 0x2f, 0xc4, 0x0f, 0x00, 0x26,
  0x00, 0x04, 0x00, 0x00, 0x01, 0x00, 0x20, 0x00, 0x6c, 0x26, 0xd0, 0x2f,
  0x00, 0x00, 0x00, 0x00, 0x40, 0x00, 0x00, 0x00, 0x40, 0x00, 0x00, 0x00,
  0x2c, 0x0a, 0xac, 0x20, 0x84, 0x00, 0x00, 0x1e, 0xff, 0xff, 0xff, 0xff,
  0x01, 0x00, 0x00, 0x00, 0xec, 0x02, 0x2c, 0x23, 0x80, 0x00, 0x00, 0x00,
  0x00, 0x00, 0x00, 0x00, 0x01, 0x00, 0x00, 0x00, 0xec, 0x02, 0x54, 0x20,
  0xa4, 0x00, 0x00, 0x00, 0x00, 0x00, 0x00, 0x00, 0x01, 0x00, 0x00, 0x00,
  0xec, 0x0a, 0x5c, 0x20, 0x98, 0x00, 0x00, 0x00, 0x00, 0x00, 0x00, 0x00,
  0x41, 0x00, 0x00, 0x00, 0x2c, 0x0a, 0x70, 0x20, 0x88, 0x00, 0x00, 0x0a,
  0x94, 0x00, 0x00, 0x00, 0x40, 0x00, 0x20, 0x00, 0x0c, 0x02, 0xa0, 0x2c,
  0xc0, 0x0f, 0x00, 0x1a, 0xd0, 0x0f, 0x45, 0x00, 0x01, 0xd6, 0x02, 0x20,
  0x00, 0x06, 0x7d, 0x00, 0x01, 0xd6, 0x16, 0x20, 0x00, 0x08, 0x7d, 0x00,
  0x01, 0xd6, 0x1a, 0x20, 0x00, 0x0a, 0x7d, 0x00, 0x01, 0xd6, 0x1e, 0x20,
  0x00, 0x0c, 0x7d, 0x00, 0x01, 0xd6, 0x22, 0x20, 0x00, 0x0e, 0x7d, 0x00,
  0x01, 0xd6, 0x2a, 0x20, 0x00, 0x10, 0x7d, 0x00, 0x01, 0x00, 0x80, 0x00,
  0x28, 0x0a, 0x40, 0x22, 0xb8, 0x0f, 0x00, 0x00, 0x00, 0x00, 0x00, 0x00,
  0x01, 0x00, 0x80, 0x00, 0x28, 0x0a, 0x80, 0x22, 0xbc, 0x0f, 0x00, 0x00,
  0x00, 0x00, 0x00, 0x00, 0x01, 0x20, 0x80, 0x00, 0x28, 0x0a, 0xc0, 0x2c,
  0xa0, 0x0f, 0x00, 0x00, 0x00, 0x00, 0x00, 0x00, 0x01, 0x20, 0x80, 0x00,
  0x28, 0x0a, 0x00, 0x2d, 0xa4, 0x0f, 0x00, 0x00, 0x00, 0x00, 0x00, 0x00,
  0x01, 0x20, 0x80, 0x00, 0x28, 0x0a, 0x40, 0x2d, 0xa8, 0x0f, 0x00, 0x00,
  0x00, 0x00, 0x00, 0x00, 0x01, 0x20, 0x80, 0x00, 0x28, 0x0a, 0x80, 0x2d,
  0xac, 0x0f, 0x00, 0x00, 0x00, 0x00, 0x00, 0x00, 0x01, 0x20, 0x80, 0x00,
  0x28, 0x0a, 0xc0, 0x2d, 0xb0, 0x0f, 0x00, 0x00, 0x00, 0x00, 0x00, 0x00,
  0x01, 0x20, 0x80, 0x00, 0x28, 0x0a, 0x00, 0x2e, 0xb4, 0x0f, 0x00, 0x00,
  0x00, 0x00, 0x00, 0x00, 0x01, 0x20, 0x80, 0x00, 0x28, 0x0a, 0x40, 0x2e,
  0xb8, 0x0f, 0x00, 0x00, 0x00, 0x00, 0x00, 0x00, 0x01, 0x20, 0x80, 0x00,
  0x28, 0x0a, 0x80, 0x2e, 0xbc, 0x0f, 0x00, 0x00, 0x00, 0x00, 0x00, 0x00,
  0x33, 0x00, 0x80, 0x0c, 0x70, 0x60, 0x00, 0x00, 0x48, 0x0f, 0x00, 0x00,
  0xff, 0x50, 0x02, 0x04, 0x40, 0x00, 0x00, 0x00, 0x2c, 0x0a, 0xa0, 0x2f,
  0x28, 0x03, 0x00, 0x1e, 0x04, 0x00, 0x04, 0x00, 0x33, 0x00, 0x80, 0x0c,
  0x70, 0xe0, 0x00, 0x00, 0xc8, 0x0e, 0x00, 0x00, 0xff, 0x50, 0x02, 0x04,
  0x40, 0x00, 0x00, 0x00, 0x2c, 0x0a, 0xc0, 0x20, 0x30, 0x03, 0x00, 0x1e,
  0x04, 0x00, 0x04, 0x00, 0x33, 0x20, 0x80, 0x0c, 0x70, 0x60, 0x06, 0x00,
  0x08, 0x0f, 0x00, 0x00, 0xff, 0x50, 0x02, 0x04, 0x33, 0x20, 0x80, 0x0c,
  0x70, 0xe0, 0x06, 0x00, 0xc8, 0x02, 0x00, 0x00, 0xff, 0x50, 0x02, 0x04,
  0x41, 0x00, 0x00, 0x00, 0x2c, 0x0a, 0xb0, 0x2f, 0x70, 0x00, 0x00, 0x0a,
  0x98, 0x00, 0x00, 0x00, 0x31, 0x00, 0x20, 0x0a, 0x0c, 0x02, 0x80, 0x2c,
  0x80, 0x0f, 0x00, 0x06, 0x04, 0x08, 0x11, 0x02, 0x33, 0x00, 0x20, 0x0a,
  0x14, 0x40, 0x06, 0x00, 0xa1, 0x0c, 0x00, 0x00, 0xff, 0x08, 0x03, 0x02,
  0x31, 0x00, 0x00, 0x0a, 0x0c, 0x02, 0x60, 0x20, 0x40, 0x00, 0x00, 0x06,
  0x04, 0x08, 0x11, 0x02, 0x31, 0x00, 0x00, 0x0a, 0x0c, 0x02, 0xa0, 0x20,
  0xa0, 0x0f, 0x00, 0x06, 0x04, 0x08, 0x11, 0x02, 0x31, 0x00, 0x00, 0x0a,
  0x0c, 0x02, 0x60, 0x2f, 0xc0, 0x00, 0x00, 0x06, 0x04, 0x08, 0x11, 0x02,
  0x40, 0x00, 0x00, 0x00, 0x2c, 0x0a, 0x40, 0x20, 0x80, 0x00, 0x00, 0x1e,
  0xff, 0xff, 0xff, 0xff, 0x01, 0x00, 0x00, 0x00, 0xec, 0x02, 0x58, 0x20,
  0x40, 0x00, 0x00, 0x00, 0x00, 0x00, 0x00, 0x00, 0x38, 0x00, 0x00, 0x09,
  0xec, 0x3a, 0x64, 0x20, 0x60, 0x00, 0x00, 0x3a, 0xa0, 0x00, 0x00, 0x00,
  0x41, 0x00, 0x00, 0x00, 0xec, 0x3a, 0xc8, 0x20, 0xa0, 0x00, 0x00, 0x3a,
  0x2c, 0x03, 0x00, 0x00, 0x38, 0x40, 0x0a, 0x29, 0x00, 0x03, 0x7b, 0x05,
  0x41, 0x00, 0x00, 0x00, 0xec, 0x3a, 0xcc, 0x20, 0xa0, 0x00, 0x00, 0x3a,
  0x54, 0x00, 0x00, 0x00, 0x41, 0x00, 0x00, 0x00, 0xec, 0x3a, 0xd0, 0x20,
  0xa0, 0x00, 0x00, 0x3a, 0x58, 0x00, 0x00, 0x00, 0x41, 0x00, 0x00, 0x00,
  0xec, 0x3a, 0x74, 0x20, 0xc8, 0x00, 0x00, 0x3a, 0x5c, 0x00, 0x00, 0x00,
  0x01, 0x00, 0x00, 0x00, 0x2c, 0x3a, 0x9c, 0x20, 0x64, 0x00, 0x00, 0x00,
  0x00, 0x00, 0x00, 0x00, 0x41, 0x00, 0x00, 0x00, 0xec, 0x3a, 0xc8, 0x2f,
  0xcc, 0x00, 0x00, 0x3a, 0x5c, 0x00, 0x00, 0x00, 0x41, 0x00, 0x00, 0x00,
  0xec, 0x3a, 0xcc, 0x2f, 0xd0, 0x00, 0x00, 0x3a, 0x5c, 0x00, 0x00, 0x00,
  0x01, 0x00, 0x00, 0x00, 0x2c, 0x3a, 0xb4, 0x2f, 0x74, 0x00, 0x00, 0x00,
  0x00, 0x00, 0x00, 0x00, 0x41, 0x00, 0x00, 0x00, 0x2c, 0x0a, 0xcc, 0x20,
  0x90, 0x00, 0x00, 0x0a, 0x94, 0x00, 0x00, 0x00, 0x01, 0x00, 0x00, 0x00,
  0x2c, 0x3a, 0x50, 0x20, 0x68, 0x00, 0x00, 0x00, 0x00, 0x00, 0x00, 0x00,
  0x41, 0x00, 0x00, 0x00, 0x2c, 0x0a, 0x68, 0x20, 0x8c, 0x00, 0x00, 0x0a,
  0x94, 0x00, 0x00, 0x00, 0x41, 0x00, 0x00, 0x00, 0x2c, 0x0a, 0xbc, 0x20,
  0xa4, 0x00, 0x00, 0x0a, 0x9c, 0x00, 0x00, 0x00, 0x41, 0x00, 0x00, 0x00,
  0x2c, 0x0a, 0xc0, 0x2f, 0xa8, 0x00, 0x00, 0x0a, 0x9c, 0x00, 0x00, 0x00,
  0x41, 0x00, 0x00, 0x00, 0x2c, 0x0a, 0x44, 0x20, 0xac, 0x00, 0x00, 0x0a,
  0x9c, 0x00, 0x00, 0x00, 0x41, 0x00, 0x00, 0x00, 0x2c, 0x0a, 0x6c, 0x20,
  0x9c, 0x00, 0x00, 0x0a, 0x80, 0x00, 0x00, 0x00, 0x41, 0x00, 0x00, 0x00,
  0x2c, 0x0a, 0x4c, 0x20, 0x40, 0x00, 0x00, 0x0a, 0x9c, 0x00, 0x00, 0x00,
  0x41, 0x00, 0x00, 0x00, 0x2c, 0x0a, 0x64, 0x20, 0xa4, 0x00, 0x00, 0x0a,
  0x50, 0x00, 0x00, 0x00, 0x41, 0x00, 0x00, 0x00, 0x2c, 0x0a, 0xc4, 0x2f,
  0xa8, 0x00, 0x00, 0x0a, 0x50, 0x00, 0x00, 0x00, 0x01, 0x00, 0x00, 0x00,
  0xec, 0x02, 0x48, 0x20, 0xbc, 0x00, 0x00, 0x00, 0x00, 0x00, 0x00, 0x00,
  0x01, 0xa0, 0x02, 0x20, 0x00, 0x06, 0x7e, 0x00, 0x41, 0x00, 0x00, 0x00,
  0x2c, 0x0a, 0xbc, 0x20, 0x50, 0x00, 0x00, 0x0a, 0x80, 0x00, 0x00, 0x00,
  0x01, 0xa0, 0x16, 0x20, 0x00, 0x7d, 0x02, 0x00, 0x01, 0x00, 0x00, 0x00,
  0xec, 0x02, 0xc4, 0x20, 0x4c, 0x00, 0x00, 0x00, 0x00, 0x00, 0x00, 0x00,
  0x41, 0x00, 0x00, 0x00, 0x2c, 0x0a, 0xd4, 0x2f, 0x40, 0x00, 0x00, 0x0a,
  0x50, 0x00, 0x00, 0x00, 0x41, 0x00, 0x00, 0x00, 0x2c, 0x0a, 0xc0, 0x2f,
  0x50, 0x00, 0x00, 0x0a, 0x84, 0x00, 0x00, 0x00, 0x41, 0x00, 0x00, 0x00,
  0xec, 0x3a, 0xa4, 0x2f, 0x60, 0x00, 0x00, 0x3a, 0x48, 0x00, 0x00, 0x00,
  0x01, 0x00, 0x00, 0x00, 0xec, 0x02, 0xd0, 0x2f, 0x64, 0x00, 0x00, 0x00,
  0x00, 0x00, 0x00, 0x00, 0x01, 0x00, 0x00, 0x00, 0xec, 0x02, 0xe0, 0x20,
  0xbc, 0x00, 0x00, 0x00, 0x00, 0x00, 0x00, 0x00, 0x41, 0x00, 0x00, 0x00,
  0x2c, 0x0a, 0xd8, 0x2f, 0x68, 0x00, 0x00, 0x0a, 0x98, 0x00, 0x00, 0x00,
  0x41, 0x00, 0x00, 0x00, 0xec, 0x3a, 0xa8, 0x2f, 0x60, 0x00, 0x00, 0x3a,
  0xc4, 0x00, 0x00, 0x00, 0x01, 0x00, 0x00, 0x00, 0x2c, 0x3a, 0xc8, 0x20,
  0xcc, 0x0f, 0x00, 0x00, 0x00, 0x00, 0x00, 0x00, 0x41, 0x00, 0x00, 0x00,
  0x2c, 0x0a, 0xac, 0x2f, 0x9c, 0x00, 0x00, 0x0a, 0x84, 0x00, 0x00, 0x00,
  0x5b, 0x01, 0x40, 0x00, 0x04, 0x00, 0x82, 0x07, 0xc9, 0x61, 0x20, 0xf9,
  0x05, 0x24, 0x4f, 0x1f, 0x5b, 0x01, 0x40, 0x00, 0x04, 0x00, 0x02, 0x08,
  0xc9, 0xd1, 0x27, 0xf9, 0x05, 0x24, 0x4f, 0x1f, 0x01, 0x00, 0x00, 0x00,
  0xec, 0x02, 0xdc, 0x2f, 0x6c, 0x00, 0x00, 0x00, 0x00, 0x00, 0x00, 0x00,
  0x01, 0x00, 0x00, 0x00, 0xec, 0x02, 0xa4, 0x20, 0xc4, 0x0f, 0x00, 0x00,
  0x00, 0x00, 0x00, 0x00, 0x01, 0x00, 0x00, 0x00, 0x2c, 0x3a, 0xc4, 0x20,
  0xc8, 0x0f, 0x00, 0x00, 0x00, 0x00, 0x00, 0x00, 0x41, 0x00, 0x00, 0x00,
  0x2c, 0x0a, 0xbc, 0x20, 0xac, 0x00, 0x00, 0x0a, 0x50, 0x00, 0x00, 0x00,
  0x01, 0xa0, 0x2a, 0x20, 0x00, 0x04, 0x7e, 0x00, 0x01, 0xe0, 0x20, 0x20,
  0x00, 0x7c, 0x07, 0x00, 0x01, 0x00, 0x00, 0x00, 0xec, 0x02, 0xbc, 0x2f,
  0xc0, 0x0f, 0x00, 0x00, 0x00, 0x00, 0x00, 0x00, 0x41, 0x00, 0x00, 0x00,
  0xec, 0x3a, 0x84, 0x2f, 0x60, 0x0f, 0x00, 0x3a, 0xd0, 0x0f, 0x00, 0x00,
  0x41, 0x00, 0x00, 0x00, 0xec, 0x3a, 0xb8, 0x2f, 0x60, 0x0f, 0x00, 0x3a,
  0xe0, 0x00, 0x00, 0x00, 0x5b, 0x01, 0x40, 0x00, 0x04, 0x00, 0x82, 0x06,
  0xc9, 0x61, 0x20, 0xf9, 0x05, 0x24, 0x57, 0x1f, 0x01, 0xe0, 0x00, 0x20,
  0x00, 0x05, 0x08, 0x00, 0x40, 0x00, 0x00, 0x00, 0x2c, 0x0a, 0x8c, 0x20,
  0xb0, 0x0f, 0x00, 0x0a, 0xb4, 0x0f, 0x00, 0x00, 0x40, 0x00, 0x00, 0x00,
  0x2c, 0x0a, 0x64, 0x2f, 0xd8, 0x0f, 0x00, 0x0a, 0x80, 0x0f, 0x00, 0x00,
  0x40, 0x00, 0x00, 0x00, 0x2c, 0x0a, 0x48, 0x20, 0xb0, 0x0f, 0x00, 0x0a,
  0xc8, 0x00, 0x00, 0x00, 0x5b, 0x01, 0x40, 0x00, 0x04, 0x00, 0x82, 0x7b,
  0xc9, 0xd1, 0x27, 0xf9, 0x05, 0x24, 0x57, 0x1f, 0x01, 0x00, 0x00, 0x00,
  0xec, 0x02, 0x88, 0x20, 0xac, 0x0f, 0x00, 0x00, 0x00, 0x00, 0x00, 0x00,
  0x41, 0x00, 0x00, 0x00, 0xec, 0x3a, 0x88, 0x2f, 0x60, 0x00, 0x00, 0x3a,
  0xdc, 0x0f, 0x00, 0x00, 0x40, 0x00, 0x00, 0x00, 0x2c, 0x0a, 0x44, 0x20,
  0xb0, 0x0f, 0x00, 0x0a, 0xc4, 0x00, 0x00, 0x00, 0x41, 0x40, 0x02, 0x20,
  0x00, 0x7e, 0x7b, 0x04, 0x01, 0x00, 0x00, 0x00, 0xec, 0x02, 0x40, 0x20,
  0xbc, 0x00, 0x00, 0x00, 0x00, 0x00, 0x00, 0x00, 0x5b, 0x01, 0x40, 0x00,
  0x04, 0x00, 0x02, 0x07, 0xc9, 0xdf, 0x27, 0xf9, 0x05, 0x24, 0x77, 0x1f,
  0x5b, 0x01, 0x40, 0x00, 0x04, 0x00, 0x82, 0x02, 0xc9, 0xdf, 0x27, 0xf9,
  0x05, 0x24, 0x0f, 0x1f, 0x5b, 0x01, 0x40, 0x00, 0x04, 0x00, 0x02, 0x7a,
  0xc9, 0x53, 0x20, 0xf9, 0x05, 0x24, 0x77, 0x1f, 0x01, 0x00, 0x00, 0x00,
  0x2c, 0x3a, 0x6c, 0x2f, 0xd0, 0x00, 0x00, 0x00, 0x00, 0x00, 0x00, 0x00,
  0x40, 0x00, 0x00, 0x00, 0x2c, 0x0a, 0x70, 0x20, 0x8c, 0x00, 0x00, 0x0a,
  0xa8, 0x00, 0x00, 0x00, 0x40, 0x00, 0x00, 0x00, 0x2c, 0x0a, 0x68, 0x2f,
  0xd8, 0x0f, 0x00, 0x0a, 0xa0, 0x00, 0x00, 0x00, 0x40, 0x00, 0x00, 0x00,
  0x2c, 0x0a, 0x74, 0x20, 0x8c, 0x00, 0x00, 0x0a, 0xac, 0x00, 0x00, 0x00,
  0x09, 0x00, 0x00, 0x00, 0x2c, 0x0a, 0x58, 0x20, 0x64, 0x0f, 0x00, 0x1e,
  0x02, 0x00, 0x02, 0x00, 0x40, 0x00, 0x00, 0x00, 0x2c, 0x0a, 0xc8, 0x2f,
  0x48, 0x00, 0x00, 0x0a, 0x84, 0x00, 0x00, 0x00, 0x41, 0x00, 0x00, 0x00,
  0x2c, 0x0a, 0x4c, 0x20, 0xcc, 0x00, 0x00, 0x0a, 0x98, 0x00, 0x00, 0x00,
  0x01, 0x00, 0x00, 0x00, 0x2c, 0x3a, 0x6c, 0x20, 0x70, 0x0f, 0x00, 0x00,
  0x00, 0x00, 0x00, 0x00, 0x40, 0x80, 0x41, 0x20, 0x00, 0x7e, 0x02, 0x04,
  0x5b, 0x01, 0x40, 0x00, 0x04, 0x00, 0x02, 0x03, 0xc9, 0x45, 0x20, 0xf9,
  0x05, 0x24, 0x17, 0x1f, 0x5b, 0x01, 0x40, 0x00, 0x04, 0x00, 0x02, 0x7c,
  0xc9, 0xdf, 0x27, 0xf9, 0x05, 0x24, 0x87, 0x1f, 0x5b, 0x01, 0x40, 0x00,
  0x04, 0x00, 0x82, 0x7e, 0xc9, 0x21, 0x20, 0xf9, 0x05, 0x24, 0x77, 0x1f,
  0x01, 0x00, 0x00, 0x00, 0x2c, 0x3a, 0x54, 0x20, 0xe0, 0x00, 0x00, 0x00,
  0x00, 0x00, 0x00, 0x00, 0x01, 0x00, 0x00, 0x00, 0x2c, 0x3a, 0xcc, 0x2f,
  0x50, 0x00, 0x00, 0x00, 0x00, 0x00, 0x00, 0x00, 0x01, 0xe0, 0x00, 0x20,
  0x00, 0x08, 0x7a, 0x00, 0x40, 0x00, 0x00, 0x00, 0x2c, 0x0a, 0x68, 0x20,
  0xd8, 0x0f, 0x00, 0x0a, 0x6c, 0x0f, 0x00, 0x00, 0x5b, 0x01, 0x40, 0x00,
  0x04, 0x00, 0x82, 0x7c, 0xc9, 0x45, 0x20, 0xf9, 0x05, 0x24, 0x4f, 0x1f,
  0x09, 0x00, 0x00, 0x00, 0x2c, 0x0a, 0x64, 0x20, 0x68, 0x0f, 0x00, 0x1e,
  0x02, 0x00, 0x02, 0x00, 0x5b, 0x01, 0x40, 0x00, 0x04, 0x00, 0x02, 0x79,
  0xc9, 0x45, 0x20, 0xf9, 0x05, 0x24, 0x57, 0x1f, 0x09, 0x00, 0x00, 0x00,
  0x2c, 0x0a, 0x94, 0x2f, 0x70, 0x00, 0x00, 0x1e, 0x02, 0x00, 0x02, 0x00,
  0x40, 0x00, 0x00, 0x00, 0x2c, 0x0a, 0xa0, 0x20, 0x58, 0x00, 0x00, 0x0a,
  0xb0, 0x00, 0x00, 0x00, 0x09, 0x00, 0x00, 0x00, 0x2c, 0x0a, 0x98, 0x2f,
  0x74, 0x00, 0x00, 0x1e, 0x02, 0x00, 0x02, 0x00, 0x40, 0x00, 0x00, 0x00,
  0x2c, 0x0a, 0xc4, 0x20, 0x8c, 0x00, 0x00, 0x0a, 0x84, 0x00, 0x00, 0x00,
  0x40, 0x00, 0x00, 0x00, 0x2c, 0x0a, 0x8c, 0x2f, 0xd8, 0x0f, 0x00, 0x0a,
  0x6c, 0x00, 0x00, 0x00, 0x01, 0x00, 0x00, 0x00, 0x2c, 0x3a, 0xcc, 0x20,
  0x60, 0x00, 0x00, 0x00, 0x00, 0x00, 0x00, 0x00, 0x09, 0x00, 0x00, 0x00,
  0x2c, 0x0a, 0xa4, 0x2f, 0xc4, 0x0f, 0x00, 0x1e, 0x02, 0x00, 0x02, 0x00,
  0x01, 0x00, 0x00, 0x00, 0x2c, 0x3a, 0x9c, 0x2f, 0xd0, 0x0f, 0x00, 0x00,
  0x00, 0x00, 0x00, 0x00, 0x01, 0xe0, 0x10, 0x20, 0x00, 0x7d, 0x7c, 0x00,
  0x40, 0x00, 0x00, 0x00, 0x2c, 0x0a, 0xc8, 0x20, 0x4c, 0x00, 0x00, 0x0a,
  0x54, 0x00, 0x00, 0x00, 0x09, 0x00, 0x00, 0x00, 0x2c, 0x0a, 0xa8, 0x2f,
  0xc8, 0x0f, 0x00, 0x1e, 0x02, 0x00, 0x02, 0x00, 0x40, 0x80, 0x1d, 0x20,
  0x00, 0x7e, 0x02, 0x08, 0x40, 0x00, 0x00, 0x00, 0x2c, 0x0a, 0xac, 0x2f,
  0x4c, 0x00, 0x00, 0x0a, 0xcc, 0x0f, 0x00, 0x00, 0x09, 0x00, 0x00, 0x00,
  0x2c, 0x0a, 0x84, 0x2f, 0x68, 0x00, 0x00, 0x1e, 0x02, 0x00, 0x02, 0x00,
  0x40, 0x00, 0x00, 0x00, 0x2c, 0x0a, 0xe0, 0x20, 0x64, 0x00, 0x00, 0x0a,
  0xb0, 0x00, 0x00, 0x00, 0x31, 0x00, 0x00, 0x0a, 0x0c, 0x02, 0x60, 0x2f,
  0xa0, 0x00, 0x00, 0x06, 0x00, 0x08, 0x11, 0x02, 0x40, 0x00, 0x00, 0x00,
  0x2c, 0x0a, 0x80, 0x20, 0x94, 0x0f, 0x00, 0x0a, 0xb0, 0x00, 0x00, 0x00,
  0x40, 0x00, 0x00, 0x00, 0x2c, 0x0a, 0x00, 0x21, 0x98, 0x0f, 0x00, 0x0a,
  0xb0, 0x00, 0x00, 0x00, 0x01, 0x00, 0x00, 0x00, 0x2c, 0x3a, 0x44, 0x20,
  0x90, 0x0f, 0x00, 0x00, 0x00, 0x00, 0x00, 0x00, 0x01, 0xe0, 0x08, 0x20,
  0x00, 0x02, 0x79, 0x00, 0x09, 0x00, 0x00, 0x00, 0x2c, 0x0a, 0x50, 0x20,
  0xc4, 0x00, 0x00, 0x1e, 0x02, 0x00, 0x02, 0x00, 0x31, 0x00, 0x00, 0x0a,
  0x0c, 0x02, 0x40, 0x20, 0xe0, 0x00, 0x00, 0x06, 0x00, 0x08, 0x11, 0x02,
  0x40, 0x00, 0x00, 0x00, 0x2c, 0x0a, 0x58, 0x20, 0xd8, 0x0f, 0x00, 0x0a,
  0xcc, 0x00, 0x00, 0x00, 0x40, 0x00, 0x00, 0x00, 0x2c, 0x0a, 0x40, 0x2f,
  0xa4, 0x0f, 0x00, 0x0a, 0xb0, 0x00, 0x00, 0x00, 0x40, 0x00, 0x00, 0x00,
  0x2c, 0x0a, 0xb8, 0x2f, 0x4c, 0x00, 0x00, 0x0a, 0x9c, 0x0f, 0x00, 0x00,
  0x09, 0x00, 0x00, 0x00, 0x2c, 0x0a, 0x64, 0x20, 0x8c, 0x0f, 0x00, 0x1e,
  0x02, 0x00, 0x02, 0x00, 0x09, 0x00, 0x00, 0x00, 0x2c, 0x0a, 0x54, 0x20,
  0xc8, 0x00, 0x00, 0x1e, 0x02, 0x00, 0x02, 0x00, 0x40, 0x00, 0x00, 0x00,
  0x2c, 0x0a, 0x6c, 0x20, 0x4c, 0x00, 0x00, 0x0a, 0xb0, 0x0f, 0x00, 0x00,
  0x40, 0x00, 0x00, 0x00, 0x2c, 0x0a, 0xa0, 0x20, 0xa8, 0x0f, 0x00, 0x0a,
  0xb0, 0x00, 0x00, 0x00, 0x09, 0x00, 0x00, 0x00, 0x2c, 0x0a, 0xb4, 0x2f,
  0xc0, 0x0f, 0x00, 0x1e, 0x02, 0x00, 0x02, 0x00, 0x09, 0x00, 0x00, 0x00,
  0x2c, 0x0a, 0x68, 0x20, 0xac, 0x0f, 0x00, 0x1e, 0x02, 0x00, 0x02, 0x00,
  0x31, 0x00, 0x00, 0x0a, 0x0c, 0x02, 0x20, 0x2f, 0x80, 0x00, 0x00, 0x06,
  0x00, 0x08, 0x11, 0x02, 0x40, 0x00, 0x00, 0x00, 0x2c, 0x0a, 0x60, 0x20,
  0x84, 0x0f, 0x00, 0x0a, 0xb0, 0x00, 0x00, 0x00, 0x31, 0x00, 0x00, 0x0a,
  0x0c, 0x02, 0x20, 0x21, 0x00, 0x01, 0x00, 0x06, 0x00, 0x08, 0x11, 0x02,
  0x5b, 0x01, 0x40, 0x00, 0x04, 0x00, 0x82, 0x7b, 0xc9, 0x61, 0x20, 0xf9,
  0x05, 0x24, 0x17, 0x1f, 0x31, 0x00, 0x00, 0x0a, 0x0c, 0x02, 0x00, 0x2f,
  0x40, 0x0f, 0x00, 0x06, 0x00, 0x08, 0x11, 0x02, 0x40, 0x00, 0x00, 0x00,
  0x2c, 0x0a, 0xc4, 0x2f, 0xd8, 0x0f, 0x00, 0x0a, 0x44, 0x00, 0x00, 0x00,
  0x31, 0x00, 0x00, 0x0a, 0x0c, 0x02, 0x40, 0x21, 0xa0, 0x00, 0x00, 0x06,
  0x00, 0x08, 0x11, 0x02, 0x40, 0x00, 0x00, 0x00, 0x2c, 0x0a, 0xc8, 0x2f,
  0xd8, 0x0f, 0x00, 0x0a, 0x48, 0x00, 0x00, 0x00, 0x31, 0x00, 0x00, 0x0a,
  0x0c, 0x02, 0xe0, 0x20, 0x60, 0x00, 0x00, 0x06, 0x00, 0x08, 0x11, 0x02,
  0x40, 0x00, 0x00, 0x00, 0x2c, 0x0a, 0xe0, 0x2e, 0x50, 0x00, 0x00, 0x0a,
  0xb0, 0x00, 0x00, 0x00, 0x09, 0x00, 0x00, 0x00, 0x2c, 0x0a, 0x34, 0x23,
  0x58, 0x00, 0x00, 0x1e, 0x02, 0x00, 0x02, 0x00, 0x5b, 0x01, 0x40, 0x00,
  0x04, 0x00, 0x02, 0x7e, 0xc9, 0xd1, 0x27, 0xf9, 0x05, 0x24, 0x17, 0x1f,
  0x09, 0x00, 0x00, 0x00, 0x2c, 0x0a, 0x88, 0x20, 0xb8, 0x0f, 0x00, 0x1e,
  0x02, 0x00, 0x02, 0x00, 0x40, 0x00, 0x00, 0x00, 0x2c, 0x0a, 0xc0, 0x2e,
  0x64, 0x00, 0x00, 0x0a, 0xb0, 0x00, 0x00, 0x00, 0x40, 0x00, 0x00, 0x00,
  0x2c, 0x0a, 0x60, 0x21, 0x54, 0x00, 0x00, 0x0a, 0xb0, 0x00, 0x00, 0x00,
  0x09, 0x00, 0x00, 0x00, 0x2c, 0x0a, 0xcc, 0x2f, 0x6c, 0x00, 0x00, 0x1e,
  0x02, 0x00, 0x02, 0x00, 0x40, 0x00, 0x00, 0x00, 0x2c, 0x0a, 0x80, 0x20,
  0xb4, 0x0f, 0x00, 0x0a, 0xb0, 0x00, 0x00, 0x00, 0x40, 0x00, 0x00, 0x00,
  0x2c, 0x0a, 0x00, 0x21, 0x68, 0x00, 0x00, 0x0a, 0xb0, 0x00, 0x00, 0x00,
  0x31, 0x00, 0x00, 0x0a, 0x0c, 0x02, 0xc0, 0x23, 0xe0, 0x0e, 0x00, 0x06,
  0x00, 0x08, 0x11, 0x02, 0x01, 0xe0, 0x24, 0x20, 0x00, 0x7e, 0x7b, 0x00,
  0x31, 0x00, 0x00, 0x0a, 0x0c, 0x02, 0x80, 0x2f, 0xc0, 0x0e, 0x00, 0x06,
  0x00, 0x08, 0x11, 0x02, 0x09, 0x00, 0x00, 0x00, 0x2c, 0x0a, 0x88, 0x2f,
  0xc4, 0x0f, 0x00, 0x1e, 0x02, 0x00, 0x02, 0x00, 0x31, 0x00, 0x00, 0x0a,
  0x0c, 0x02, 0xe0, 0x23, 0x60, 0x01, 0x00, 0x06, 0x00, 0x08, 0x11, 0x02,
  0x09, 0x00, 0x00, 0x00, 0x2c, 0x0a, 0x8c, 0x2f, 0xc8, 0x0f, 0x00, 0x1e,
  0x02, 0x00, 0x02, 0x00, 0x31, 0x00, 0x00, 0x0a, 0x0c, 0x02, 0xa0, 0x20,
  0x80, 0x00, 0x00, 0x06, 0x00, 0x08, 0x11, 0x02, 0x40, 0x00, 0x00, 0x00,
  0x2c, 0x0a, 0xa0, 0x2f, 0x34, 0x03, 0x00, 0x0a, 0xb0, 0x00, 0x00, 0x00,
  0x31, 0x00, 0x00, 0x0a, 0x0c, 0x02, 0xc0, 0x20, 0x00, 0x01, 0x00, 0x06,
  0x00, 0x08, 0x11, 0x02, 0x01, 0x00, 0x00, 0x00, 0x2c, 0x3a, 0x84, 0x2f,
  0xc0, 0x0f, 0x00, 0x00, 0x00, 0x00, 0x00, 0x00, 0x40, 0x00, 0x00, 0x00,
  0x2c, 0x0a, 0x80, 0x21, 0x88, 0x00, 0x00, 0x0a, 0xb0, 0x00, 0x00, 0x00,
  0x40, 0x00, 0x00, 0x00, 0x2c, 0x0a, 0x40, 0x2f, 0xcc, 0x0f, 0x00, 0x0a,
  0xb0, 0x00, 0x00, 0x00, 0x40, 0x00, 0x00, 0x00, 0x2c, 0x0a, 0x44, 0x20,
  0xd8, 0x0f, 0x00, 0x0a, 0xd0, 0x0f, 0x00, 0x00, 0x40, 0x00, 0x00, 0x00,
  0x2c, 0x0a, 0x00, 0x21, 0x88, 0x0f, 0x00, 0x0a, 0xb0, 0x00, 0x00, 0x00,
  0x31, 0x00, 0x00, 0x0a, 0x0c, 0x02, 0xe0, 0x2e, 0xa0, 0x0f, 0x00, 0x06,
  0x00, 0x08, 0x11, 0x02, 0x40, 0x00, 0x00, 0x00, 0x2c, 0x0a, 0xc0, 0x2e,
  0x8c, 0x0f, 0x00, 0x0a, 0xb0, 0x00, 0x00, 0x00, 0x40, 0x00, 0x00, 0x00,
  0x2c, 0x0a, 0x48, 0x20, 0xd8, 0x0f, 0x00, 0x0a, 0x84, 0x0f, 0x00, 0x00,
  0x31, 0x00, 0x00, 0x0a, 0x0c, 0x02, 0x60, 0x20, 0x80, 0x01, 0x00, 0x06,
  0x00, 0x08, 0x11, 0x02, 0x31, 0x00, 0x00, 0x0a, 0x0c, 0x02, 0x60, 0x21,
  0x40, 0x0f, 0x00, 0x06, 0x00, 0x08, 0x11, 0x02, 0x09, 0x00, 0x00, 0x00,
  0x2c, 0x0a, 0x64, 0x20, 0x44, 0x00, 0x00, 0x1e, 0x02, 0x00, 0x02, 0x00,
  0x31, 0x00, 0x00, 0x0a, 0x0c, 0x02, 0x80, 0x23, 0x00, 0x01, 0x00, 0x06,
  0x00, 0x08, 0x11, 0x02, 0x01, 0x00, 0x00, 0x00, 0xec, 0x3e, 0xd0, 0x20,
  0x00, 0x00, 0x00, 0x00, 0x00, 0x00, 0x00, 0xc0, 0x31, 0x00, 0x00, 0x0a,
  0x0c, 0x02, 0xa0, 0x23, 0xc0, 0x0e, 0x00, 0x06, 0x00, 0x08, 0x11, 0x02,
  0x09, 0x00, 0x00, 0x00, 0x2c, 0x0a, 0x68, 0x20, 0x48, 0x00, 0x00, 0x1e,
  0x02, 0x00, 0x02, 0x00, 0x40, 0x00, 0x00, 0x00, 0x2c, 0x0a, 0x80, 0x20,
  0x64, 0x00, 0x00, 0x0a, 0xb0, 0x00, 0x00, 0x00, 0x40, 0x00, 0x00, 0x00,
  0x2c, 0x0a, 0xa0, 0x21, 0x68, 0x00, 0x00, 0x0a, 0xb0, 0x00, 0x00, 0x00,
  0x31, 0x00, 0x00, 0x0a, 0x0c, 0x02, 0x40, 0x23, 0x80, 0x00, 0x00, 0x06,
  0x00, 0x08, 0x11, 0x02, 0x31, 0x00, 0x00, 0x0a, 0x0c, 0x02, 0x60, 0x23,
  0xa0, 0x01, 0x00, 0x06, 0x00, 0x08, 0x11, 0x02, 0x40, 0x40, 0x02, 0x20,
  0x08, 0x7d, 0x7b, 0x02, 0x40, 0x40, 0x0a, 0x20, 0x08, 0x06, 0x79, 0x09,
  0x40, 0x00, 0x00, 0x00, 0xec, 0x3a, 0xcc, 0x20, 0x00, 0x0f, 0x00, 0x3a,
  0x40, 0x41, 0x00, 0x00, 0x40, 0x00, 0x00, 0x00, 0xec, 0x3a, 0xc4, 0x20,
  0xa0, 0x0f, 0x00, 0x3a, 0xe0, 0x40, 0x00, 0x00, 0x40, 0x40, 0x16, 0x20,
  0x00, 0x08, 0x06, 0x7c, 0x40, 0x00, 0x00, 0x00, 0xec, 0x3a, 0xd4, 0x20,
  0xc0, 0x03, 0x00, 0x3a, 0xe0, 0x03, 0x00, 0x00, 0x40, 0x40, 0x1a, 0x20,
  0x08, 0x7e, 0x06, 0x05, 0x40, 0x00, 0x00, 0x00, 0xec, 0x3a, 0x04, 0x21,
  0xcc, 0x00, 0x00, 0x3a, 0xc0, 0x40, 0x00, 0x00, 0x41, 0x00, 0x00, 0x00,
  0xec, 0x3a, 0x44, 0x23, 0x00, 0x01, 0x00, 0x3e, 0x00, 0x00, 0x80, 0x3e,
  0x5b, 0x01, 0x40, 0x00, 0x04, 0x00, 0x82, 0x1a, 0xc9, 0x6b, 0x20, 0x39,
  0x0d, 0x24, 0xc7, 0x1d, 0x40, 0x40, 0x02, 0x20, 0x00, 0x04, 0x7e, 0x03,
  0x40, 0x40, 0x16, 0x20, 0x00, 0x02, 0x08, 0x0b, 0x41, 0x00, 0x00, 0x00,
  0xec, 0x3a, 0xe0, 0x20, 0x50, 0x03, 0x00, 0x3a, 0x44, 0x43, 0x00, 0x00,
  0x40, 0x40, 0x02, 0x20, 0x00, 0x7d, 0x1c, 0x1d, 0x41, 0x00, 0x00, 0x00,
  0xec, 0x3a, 0x38, 0x23, 0x80, 0x00, 0x00, 0x3e, 0x00, 0x00, 0x80, 0x3e,
  0x41, 0x00, 0x00, 0x00, 0xec, 0x3a, 0x3c, 0x23, 0x40, 0x00, 0x00, 0x3e,
  0x00, 0x00, 0x80, 0x3e, 0x5b, 0x01, 0x40, 0x00, 0x04, 0x00, 0x82, 0x1d,
  0xc9, 0xd1, 0x27, 0x39, 0x0d, 0x24, 0xc7, 0x1d, 0x5b, 0x01, 0x40, 0x00,
  0x04, 0x00, 0x02, 0x7c, 0xc9, 0x71, 0x20, 0xf9, 0x33, 0x24, 0x77, 0x06,
  0x41, 0x00, 0x00, 0x00, 0xec, 0x3a, 0xa4, 0x20, 0x3c, 0x03, 0x00, 0x3a,
  0x3c, 0x43, 0x00, 0x00, 0x41, 0x00, 0x00, 0x00, 0xec, 0x3a, 0xa8, 0x20,
  0x38, 0x03, 0x00, 0x3a, 0xb0, 0x43, 0x00, 0x00, 0x40, 0x40, 0x02, 0x20,
  0x00, 0x05, 0x1a, 0x1b, 0x01, 0x00, 0x00, 0x00, 0xec, 0x3a, 0x04, 0x24,
  0x80, 0x0f, 0x00, 0x00, 0x00, 0x00, 0x00, 0x00, 0x5b, 0x01, 0x40, 0x00,
  0x04, 0x00, 0x02, 0x20, 0xc9, 0x53, 0x20, 0x39, 0x35, 0x24, 0x67, 0x07,
  0x5b, 0x01, 0x40, 0x00, 0x04, 0x00, 0x02, 0x03, 0xc9, 0x55, 0x20, 0xf9,
  0x33, 0x24, 0x8f, 0x06, 0x5b, 0x01, 0x40, 0x00, 0x04, 0x00, 0x82, 0x1b,
  0xc9, 0x51, 0x20, 0x39, 0x0d, 0x24, 0xc7, 0x1d, 0x41, 0x40, 0x42, 0x20,
  0x00, 0x03, 0x1a, 0x20, 0x01, 0x00, 0x09, 0x20, 0x00, 0x20, 0x03, 0x00,
  0x5b, 0x01, 0x40, 0x00, 0x04, 0x00, 0x02, 0x02, 0xc9, 0x33, 0x20, 0x39,
  0x40, 0x24, 0xe7, 0x06, 0x5b, 0x01, 0x40, 0x00, 0x04, 0x00, 0x82, 0x1c,
  0xc9, 0x21, 0x20, 0xb9, 0x40, 0x24, 0x77, 0x06, 0x10, 0x00, 0x80, 0x02,
  0xe6, 0x3a, 0x00, 0x20, 0x90, 0x03, 0x00, 0x3e, 0x00, 0x00, 0x00, 0x00,
  0x10, 0x20, 0x80, 0x02, 0xe6, 0x3a, 0x00, 0x20, 0x90, 0x03, 0x00, 0x3e,
  0x00, 0x00, 0x00, 0x00, 0x20, 0x00, 0x11, 0x00, 0x06, 0x00, 0x00, 0x34,
  0x00, 0x14, 0x00, 0x0e, 0x98, 0x01, 0x00, 0x00, 0x41, 0x00, 0x00, 0x00,
  0xec, 0x3a, 0x60, 0x2f, 0x38, 0x03, 0x00, 0x3a, 0x38, 0x43, 0x00, 0x00,
  0x41, 0x40, 0x4a, 0x20, 0x08, 0x03, 0x1a, 0x1a, 0x38, 0x00, 0x21, 0x21,
  0x00, 0x05, 0x1c, 0x00, 0x40, 0x00, 0x00, 0x00, 0xec, 0x3a, 0xa4, 0x2f,
  0x80, 0x03, 0x00, 0x3a, 0xa0, 0x43, 0x00, 0x00, 0x41, 0x00, 0x00, 0x00,
  0xec, 0x3a, 0x44, 0x20, 0x3c, 0x03, 0x00, 0x3a, 0x70, 0x43, 0x00, 0x00,
  0x40, 0x40, 0x02, 0x20, 0x08, 0x7e, 0x1a, 0x1b, 0x5b, 0x01, 0x40, 0x00,
  0x04, 0x00, 0x02, 0x7a, 0xc9, 0xb1, 0x27, 0x39, 0x35, 0x24, 0xe7, 0x06,
  0x5b, 0x01, 0x40, 0x00, 0x04, 0x00, 0x02, 0x04, 0xc9, 0x35, 0x20, 0x39,
  0x3b, 0x24, 0xe7, 0x06, 0x40, 0x00, 0x00, 0x00, 0xec, 0x3a, 0x84, 0x2f,
  0xc0, 0x03, 0x00, 0x3a, 0xe0, 0x43, 0x00, 0x00, 0x41, 0x00, 0x00, 0x00,
  0xec, 0x3a, 0x80, 0x2f, 0xa4, 0x0f, 0x00, 0x3e, 0x00, 0x00, 0x00, 0x3f,
  0x5b, 0x01, 0x40, 0x00, 0x04, 0x00, 0x02, 0x03, 0xc9, 0x23, 0x20, 0x79,
  0x34, 0x24, 0x77, 0x06, 0x41, 0x00, 0x00, 0x00, 0xec, 0x3a, 0xa0, 0x2f,
  0xc0, 0x0f, 0x00, 0x3e, 0x00, 0x00, 0x00, 0x3f, 0x01, 0x00, 0x00, 0x00,
  0xec, 0x3a, 0x0c, 0x24, 0x40, 0x0f, 0x00, 0x00, 0x00, 0x00, 0x00, 0x00,
  0x01, 0x00, 0x00, 0x00, 0xec, 0x3a, 0x64, 0x20, 0x80, 0x00, 0x00, 0x00,
  0x00, 0x00, 0x00, 0x00, 0x41, 0x00, 0x00, 0x00, 0xec, 0x3a, 0x40, 0x20,
  0x84, 0x0f, 0x00, 0x3e, 0x00, 0x00, 0x00, 0x3f, 0x41, 0x43, 0x02, 0x20,
  0xa8, 0x06, 0x05, 0x20, 0x41, 0x00, 0x20, 0x00, 0xec, 0x3a, 0xc0, 0x2f,
  0xa0, 0x00, 0x00, 0x3a, 0x60, 0x00, 0x45, 0x00, 0x41, 0x00, 0x00, 0x00,
  0xec, 0x3a, 0xc8, 0x2f, 0xcc, 0x00, 0x00, 0x3a, 0x80, 0x0f, 0x00, 0x00,
  0x41, 0x00, 0x00, 0x00, 0xec, 0x3a, 0xd0, 0x20, 0xc4, 0x00, 0x00, 0x3a,
  0x80, 0x0f, 0x00, 0x00, 0x41, 0x40, 0x02, 0x20, 0x00, 0x7b, 0x7e, 0x7c,
  0x5b, 0x01, 0x40, 0x00, 0x04, 0x00, 0x82, 0x7d, 0xc9, 0xe5, 0x27, 0x39,
  0xfa, 0x24, 0x8f, 0x01, 0x5b, 0x01, 0x40, 0x00, 0x04, 0x00, 0x02, 0x07,
  0xc9, 0x69, 0x20, 0x39, 0xfa, 0x24, 0x87, 0x01, 0x5b, 0x01, 0x40, 0x00,
  0x04, 0x00, 0x82, 0x02, 0xc9, 0xb1, 0x27, 0x39, 0xfa, 0x24, 0x97, 0x01,
  0x5b, 0x01, 0x40, 0x00, 0x04, 0x00, 0x82, 0x7c, 0xc9, 0xd9, 0x27, 0x39,
  0x04, 0x24, 0x87, 0x1f, 0x5b, 0x01, 0x40, 0x00, 0x04, 0x00, 0x82, 0x1f,
  0xc9, 0x71, 0x20, 0x39, 0x04, 0x24, 0x97, 0x01, 0x5b, 0x01, 0x40, 0x00,
  0x04, 0x00, 0x82, 0x1e, 0xc9, 0x29, 0x20, 0x39, 0x04, 0x24, 0x8f, 0x1f,
  0x01, 0x00, 0x00, 0x00, 0xec, 0x3a, 0xf4, 0x23, 0x90, 0x0f, 0x00, 0x00,
  0x00, 0x00, 0x00, 0x00, 0x20, 0x00, 0x00, 0x00, 0x04, 0x00, 0x00, 0x34,
  0x00, 0x14, 0x00, 0x0e, 0x20, 0x00, 0x00, 0x00, 0x01, 0x00, 0x20, 0x00,
  0xec, 0x3e, 0xf0, 0x23, 0x00, 0x00, 0x00, 0x00, 0x00, 0x00, 0x00, 0x00,
  0x01, 0x00, 0x00, 0x00, 0xec, 0x3e, 0xd0, 0x23, 0x00, 0x00, 0x00, 0x00,
  0x00, 0x00, 0x00, 0x00, 0x10, 0x00, 0x80, 0x05, 0xe4, 0x3a, 0x00, 0x20,
  0xd0, 0x23, 0x00, 0x3e, 0x00, 0x00, 0x00, 0x3f, 0x10, 0x20, 0x80, 0x05,
  0xe4, 0x3a, 0x00, 0x20, 0xd0, 0x23, 0x00, 0x3e, 0x00, 0x00, 0x00, 0x3f,
  0x20, 0x00, 0x11, 0x00, 0x04, 0x00, 0x00, 0x34, 0x00, 0x14, 0x00, 0x0e,
  0x68, 0x04, 0x00, 0x00, 0x10, 0x00, 0x80, 0x05, 0xe6, 0x3a, 0x00, 0x20,
  0xf4, 0x23, 0x00, 0x3e, 0x00, 0x00, 0x00, 0x3f, 0x10, 0x20, 0x80, 0x05,
  0xe6, 0x3a, 0x00, 0x20, 0xf4, 0x23, 0x00, 0x3e, 0x00, 0x00, 0x00, 0x3f,
  0x20, 0x00, 0x11, 0x00, 0x06, 0x00, 0x00, 0x34, 0x00, 0x14, 0x00, 0x0e,
  0x38, 0x04, 0x00, 0x00, 0x10, 0x00, 0x80, 0x05, 0xe4, 0x3a, 0x00, 0x20,
  0xf0, 0x23, 0x00, 0x3e, 0x00, 0x00, 0x00, 0x3f, 0x10, 0x20, 0x80, 0x05,
  0xe4, 0x3a, 0x00, 0x20, 0xf0, 0x23, 0x00, 0x3e, 0x00, 0x00, 0x00, 0x3f,
  0x20, 0x00, 0x11, 0x00, 0x04, 0x00, 0x00, 0x34, 0x00, 0x14, 0x00, 0x0e,
  0x08, 0x04, 0x00, 0x00, 0x31, 0x00, 0x60, 0x0a, 0x0c, 0x02, 0xc0, 0x2f,
  0x00, 0x03, 0x00, 0x06, 0x00, 0xe0, 0x19, 0x02, 0x01, 0x2d, 0x00, 0x20,
  0x07, 0x00, 0x7e, 0x00, 0x01, 0x00, 0x80, 0x00, 0x2c, 0x1e, 0x80, 0x2f,
  0x00, 0x00, 0x00, 0x00, 0x00, 0x00, 0x00, 0x00, 0x01, 0x20, 0x80, 0x00,
  0x2c, 0x1e, 0x40, 0x2f, 0x00, 0x00, 0x00, 0x00, 0x00, 0x00, 0x00, 0x00,
  0x01, 0x00, 0x80, 0x00, 0x28, 0x1e, 0x80, 0x2f, 0x00, 0x00, 0x00, 0x00,
  0x01, 0x00, 0x01, 0x00, 0x01, 0x20, 0x80, 0x00, 0x28, 0x1e, 0x40, 0x2f,
  0x00, 0x00, 0x00, 0x00, 0x01, 0x00, 0x01, 0x00, 0x01, 0x00, 0x00, 0x00,
  0x0c, 0x43, 0x40, 0x20, 0x78, 0x00, 0x00, 0x00, 0x00, 0x00, 0x00, 0x00,
  0x40, 0x20, 0x60, 0x00, 0x2c, 0x0a, 0x84, 0x4f, 0x80, 0x0f, 0x40, 0x0a,
  0x84, 0x0f, 0x40, 0x00, 0x40, 0x20, 0x60, 0x00, 0x2c, 0x0a, 0x44, 0x4f,
  0x40, 0x0f, 0x40, 0x0a, 0x44, 0x0f, 0x40, 0x00, 0x40, 0x20, 0x40, 0x00,
  0x2c, 0x0a, 0x88, 0x6f, 0x88, 0x0f, 0x60, 0x0a, 0x84, 0x0f, 0x60, 0x00,
  0x40, 0x20, 0x40, 0x00, 0x2c, 0x0a, 0x48, 0x6f, 0x48, 0x0f, 0x60, 0x0a,
  0x44, 0x0f, 0x60, 0x00, 0x40, 0x20, 0x40, 0x00, 0x2c, 0x0a, 0x8c, 0x6f,
  0x8c, 0x0f, 0x60, 0x0a, 0x84, 0x0f, 0x60, 0x00, 0x40, 0x20, 0x40, 0x00,
  0x2c, 0x0a, 0x4c, 0x6f, 0x4c, 0x0f, 0x60, 0x0a, 0x44, 0x0f, 0x60, 0x00,
  0x40, 0x20, 0x40, 0x00, 0x2c, 0x0a, 0x90, 0x2f, 0x8c, 0x0f, 0x00, 0x0a,
  0x90, 0x0f, 0x69, 0x00, 0x40, 0x20, 0x40, 0x00, 0x2c, 0x0a, 0xb0, 0x2f,
  0xac, 0x0f, 0x00, 0x0a, 0xb0, 0x0f, 0x69, 0x00, 0x40, 0x20, 0x40, 0x00,
  0x2c, 0x0a, 0x50, 0x2f, 0x4c, 0x0f, 0x00, 0x0a, 0x50, 0x0f, 0x69, 0x00,
  0x40, 0x20, 0x40, 0x00, 0x2c, 0x0a, 0x70, 0x2f, 0x6c, 0x0f, 0x00, 0x0a,
  0x70, 0x0f, 0x69, 0x00, 0x40, 0x20, 0x60, 0x00, 0x2c, 0x0a, 0xa0, 0x2f,
  0x9c, 0x0f, 0x00, 0x0a, 0xa0, 0x0f, 0x8d, 0x00, 0x40, 0x20, 0x60, 0x00,
  0x2c, 0x0a, 0x60, 0x2f, 0x5c, 0x0f, 0x00, 0x0a, 0x60, 0x0f, 0x8d, 0x00,
  0x40, 0x20, 0x80, 0x00, 0x2c, 0x0a, 0x40, 0x2f, 0xbc, 0x0f, 0x00, 0x0a,
  0x40, 0x0f, 0x8d, 0x00, 0x01, 0x00, 0x00, 0x00, 0x2c, 0x0a, 0xc0, 0x2f,
  0x7c, 0x0f, 0x00, 0x00, 0x00, 0x00, 0x00, 0x00, 0x33, 0x00, 0x00, 0x0c,
  0x1c, 0xe0, 0x87, 0x00, 0x41, 0x00, 0x00, 0x00, 0xff, 0xa7, 0x14, 0x04,
  0x40, 0x00, 0x80, 0x00, 0x2c, 0x0a, 0x80, 0x2f, 0x80, 0x0f, 0x8d, 0x02,
  0x80, 0x00, 0x00, 0x00, 0x40, 0x00, 0x80, 0x00, 0x2c, 0x0a, 0x40, 0x2f,
  0x40, 0x0f, 0x8d, 0x02, 0x80, 0x00, 0x00, 0x00, 0x40, 0x00, 0x80, 0x00,
  0x28, 0x0a, 0x00, 0x2f, 0x80, 0x0f, 0x8d, 0x1e, 0xff, 0xff, 0xff, 0xff,
  0x40, 0x20, 0x80, 0x00, 0x28, 0x0a, 0xc0, 0x2e, 0x40, 0x0f, 0x8d, 0x1e,
  0xff, 0xff, 0xff, 0xff, 0x31, 0x00, 0x60, 0x0a, 0x0c, 0x02, 0xc0, 0x20,
  0x00, 0x03, 0x00, 0x06, 0x00, 0xe0, 0x19, 0x02, 0x01, 0x2d, 0x00, 0x20,
  0x07, 0x00, 0x06, 0x00, 0x40, 0x80, 0x5d, 0x20, 0x00, 0x05, 0x19, 0x19,
  0x40, 0x00, 0x00, 0x00, 0x2c, 0x0a, 0xa0, 0x2e, 0x24, 0x03, 0x00, 0x1e,
  0x2c, 0x00, 0x2c, 0x00, 0x40, 0x00, 0x00, 0x00, 0x2c, 0x0a, 0x00, 0x21,
  0x30, 0x03, 0x00, 0x1e, 0x2c, 0x00, 0x2c, 0x00, 0x01, 0xa0, 0x16, 0x20,
  0x00, 0x7e, 0x04, 0x00, 0x40, 0x00, 0x00, 0x00, 0xec, 0x3a, 0xa0, 0x2f,
  0x2c, 0x03, 0x00, 0x3a, 0xf4, 0x43, 0x00, 0x00, 0x09, 0x00, 0x80, 0x00,
  0x28, 0x0a, 0x40, 0x2f, 0x00, 0x0f, 0x8d, 0x1e, 0x04, 0x00, 0x04, 0x00,
  0x31, 0x00, 0x00, 0x0a, 0x0c, 0x02, 0xe0, 0x20, 0xa0, 0x00, 0x00, 0x06,
  0xff, 0x08, 0x11, 0x02, 0x31, 0x00, 0x00, 0x0a, 0x0c, 0x02, 0x80, 0x2e,
  0xa0, 0x0e, 0x00, 0x06, 0x04, 0x08, 0x11, 0x02, 0x31, 0x00, 0x00, 0x0a,
  0x0c, 0x02, 0x60, 0x20, 0x00, 0x01, 0x00, 0x06, 0x04, 0x08, 0x11, 0x02,
  0x40, 0x40, 0x6e, 0x20, 0x08, 0x02, 0x7e, 0x1f, 0x09, 0x20, 0x80, 0x00,
  0x28, 0x0a, 0x40, 0x2e, 0xc0, 0x0e, 0x8d, 0x1e, 0x04, 0x00, 0x04, 0x00,
  0x40, 0x96, 0x75, 0x20, 0x07, 0x70, 0x7a, 0x05, 0x40, 0x20, 0x80, 0x00,
  0x28, 0x0a, 0xc0, 0x2d, 0x40, 0x0e, 0x8d, 0x0a, 0xb8, 0x00, 0x00, 0x00,
  0x40, 0x20, 0x80, 0x00, 0x28, 0x0a, 0x40, 0x2f, 0xc0, 0x0d, 0x8d, 0x1e,
  0x0c, 0x00, 0x0c, 0x00, 0x01, 0x00, 0x00, 0x00, 0xec, 0x0a, 0x84, 0x2e,
  0xe0, 0x00, 0x00, 0x00, 0x00, 0x00, 0x00, 0x00, 0x01, 0x00, 0x00, 0x00,
  0xec, 0x0a, 0xa4, 0x20, 0x80, 0x0e, 0x00, 0x00, 0x00, 0x00, 0x00, 0x00,
  0x40, 0x80, 0x01, 0x20, 0x08, 0x06, 0x74, 0x03, 0x41, 0x00, 0x00, 0x00,
  0xec, 0x3a, 0x64, 0x20, 0x40, 0x00, 0x00, 0x3a, 0x84, 0x0e, 0x00, 0x00,
  0x41, 0x00, 0x00, 0x00, 0xec, 0x3a, 0x68, 0x20, 0xa0, 0x0f, 0x00, 0x3a,
  0x84, 0x0e, 0x00, 0x00, 0x01, 0x00, 0x00, 0x00, 0xec, 0x0a, 0x84, 0x2f,
  0xc0, 0x00, 0x00, 0x00, 0x00, 0x00, 0x00, 0x00, 0x40, 0x00, 0x00, 0x00,
  0x2c, 0x0a, 0x40, 0x20, 0x34, 0x03, 0x00, 0x0a, 0xb4, 0x00, 0x00, 0x00,
  0x40, 0x00, 0x00, 0x00, 0xec, 0x3a, 0x80, 0x2f, 0x64, 0x00, 0x00, 0x3e,
  0x00, 0x00, 0x00, 0x3f, 0x40, 0x00, 0x00, 0x00, 0xec, 0x3a, 0xa0, 0x20,
  0x68, 0x00, 0x00, 0x3e, 0x00, 0x00, 0x00, 0x3f, 0x5b, 0x01, 0x40, 0x00,
  0x04, 0x04, 0x02, 0x7e, 0xc9, 0x53, 0x20, 0x79, 0xf8, 0x24, 0xa7, 0x07,
  0x45, 0x00, 0x09, 0x20, 0x00, 0x05, 0x7c, 0x00, 0x45, 0x00, 0x01, 0x20,
  0x00, 0x04, 0x05, 0x00, 0x41, 0x00, 0x00, 0x00, 0xec, 0x3a, 0x8c, 0x20,
  0xc0, 0x0f, 0x00, 0x3e, 0xcc, 0x7f, 0x08, 0x3e, 0x40, 0x00, 0x80, 0x00,
  0x28, 0x0a, 0x80, 0x2f, 0x00, 0x0e, 0x8d, 0x1e, 0x0c, 0x00, 0x0c, 0x00,
  0x01, 0x00, 0x00, 0x00, 0x2c, 0x3a, 0x84, 0x20, 0xa8, 0x00, 0x00, 0x00,
  0x00, 0x00, 0x00, 0x00, 0x01, 0xe0, 0x08, 0x20, 0x00, 0x04, 0x04, 0x00,
  0x01, 0xd6, 0x1e, 0x20, 0x00, 0x0c, 0x04, 0x00, 0x01, 0x20, 0x80, 0x00,
  0x28, 0x0a, 0x80, 0x2d, 0x8c, 0x00, 0x00, 0x00, 0x00, 0x00, 0x00, 0x00,
  0x01, 0xd6, 0x16, 0x20, 0x00, 0x08, 0x04, 0x00, 0x01, 0xd6, 0x1a, 0x20,
  0x00, 0x0a, 0x04, 0x00, 0x01, 0x20, 0x80, 0x00, 0x28, 0x0a, 0x00, 0x2d,
  0x84, 0x00, 0x00, 0x00, 0x00, 0x00, 0x00, 0x00, 0x01, 0x20, 0x80, 0x00,
  0x28, 0x0a, 0x40, 0x2d, 0x88, 0x00, 0x00, 0x00, 0x00, 0x00, 0x00, 0x00,
  0x33, 0x00, 0x80, 0x0c, 0x70, 0x80, 0x00, 0x00, 0x06, 0x0e, 0x00, 0x00,
  0x02, 0x58, 0x02, 0x04, 0x33, 0x20, 0x80, 0x0c, 0x70, 0x80, 0x06, 0x00,
  0xc6, 0x0d, 0x00, 0x00, 0x02, 0x58, 0x02, 0x04, 0x31, 0x00, 0x00, 0x0a,
  0x0c, 0x02, 0xc0, 0x2f, 0x40, 0x00, 0x00, 0x06, 0x01, 0x08, 0x11, 0x02,
  0x01, 0xe0, 0x00, 0x20, 0x00, 0x03, 0x7e, 0x00, 0x01, 0xd6, 0x02, 0x20,
  0x00, 0x78, 0x03, 0x00, 0x01, 0x20, 0x80, 0x00, 0x28, 0x0a, 0xc0, 0x20,
  0x60, 0x00, 0x00, 0x00, 0x00, 0x00, 0x00, 0x00, 0x33, 0x00, 0x80, 0x0c,
  0x70, 0x80, 0x07, 0x00, 0x82, 0x0f, 0x00, 0x00, 0x02, 0x5e, 0x02, 0x04,
  0x33, 0x20, 0x80, 0x0c, 0x70, 0x60, 0x00, 0x00, 0x42, 0x0f, 0x00, 0x00,
  0x02, 0x5e, 0x02, 0x04, 0x01, 0x4d, 0x00, 0x20, 0x07, 0x7f, 0x18, 0x00,
  0x31, 0x00, 0x60, 0x07, 0x04, 0x02, 0x00, 0x20, 0xe0, 0x0f, 0x00, 0x06,
  0x10, 0x00, 0x00, 0x82, 0x00, 0x00, 0x00, 0x00, 0x00, 0x00, 0x00, 0x00,
  0x00, 0x00, 0x00, 0x00, 0x00, 0x00, 0x00, 0x00, 0x00, 0x00, 0x00, 0x00,
  0x00, 0x00, 0x00, 0x00, 0x00, 0x00, 0x00, 0x00, 0x00, 0x00, 0x00, 0x00,
  0x00, 0x00, 0x00, 0x00, 0x00, 0x00, 0x00, 0x00, 0x00, 0x00, 0x00, 0x00,
  0x00, 0x00, 0x00, 0x00, 0x00, 0x00, 0x00, 0x00, 0x00, 0x00, 0x00, 0x00,
  0x00, 0x00, 0x00, 0x00, 0x00, 0x00, 0x00, 0x00, 0x00, 0x00, 0x00, 0x00,
  0x00, 0x00, 0x00, 0x00, 0x00, 0x00, 0x00, 0x00, 0x00, 0x00, 0x00, 0x00,
  0x00, 0x00, 0x00, 0x00, 0x00, 0x00, 0x00, 0x00, 0x00, 0x00, 0x00, 0x00,
  0x00, 0x00, 0x00, 0x00, 0x00, 0x00, 0x00, 0x00, 0x00, 0x00, 0x00, 0x00,
  0x00, 0x00, 0x00, 0x00, 0x00, 0x00, 0x00, 0x00, 0x00, 0x00, 0x00, 0x00,
  0x00, 0x00, 0x00, 0x00, 0x00, 0x00, 0x00, 0x00, 0x00, 0x00, 0x00, 0x00,
  0x00, 0x00, 0x00, 0x00, 0x00, 0x00, 0x00, 0x00, 0x00, 0x00, 0x00, 0x00,
  0x00, 0x00, 0x00, 0x00, 0x00, 0x00, 0x00, 0x00, 0x00, 0x00, 0x00, 0x00,
  0x00, 0x00, 0x00, 0x00, 0x00, 0x00, 0x00, 0x00, 0x00, 0x00, 0x00, 0x00,
  0x00, 0x00, 0x00, 0x00, 0x00, 0x00, 0x00, 0x00, 0x00, 0x00, 0x00, 0x00,
  0x00, 0x00, 0x00, 0x00, 0x00, 0x00, 0x00, 0x00, 0x86, 0x01, 0x00, 0x00,
  0x00, 0x00, 0x00, 0x00, 0x00, 0x00, 0x00, 0x00, 0x04, 0x00, 0x00, 0x00,
  0x00, 0xc0, 0xff, 0x83, 0x00, 0x00, 0x00, 0x03, 0x7f, 0x00, 0xff, 0x1f,
  0x00, 0x00, 0xe0, 0x0f, 0x00, 0x00, 0x00, 0x00, 0x00, 0x00, 0x00, 0x00,
  0x00, 0x00, 0x00, 0x00, 0x00, 0x00, 0x00, 0x00, 0x00, 0x00, 0x00, 0x00,
  0x00, 0x00, 0x00, 0x00, 0x00, 0x00, 0x00, 0x00, 0x00, 0x00, 0x00, 0x00,
  0x00, 0x00, 0x00, 0x00, 0x00, 0x00, 0x00, 0x00, 0x00, 0x00, 0x00, 0x00,
  0x00, 0x00, 0x00, 0x00, 0x00, 0xc0, 0xff, 0x83, 0x00, 0x00, 0x00, 0x03,
  0x7f, 0x00, 0xff, 0x1f, 0x00, 0x00, 0xe0, 0x0f, 0x00, 0x00, 0x00, 0x00,
  0x00, 0x00, 0x00, 0x00, 0x00, 0x00, 0x00, 0x00, 0x00, 0x00, 0x00, 0x00,
  0x00, 0x00, 0x00, 0x00, 0x00, 0x00, 0x00, 0x00, 0x00, 0x00, 0x00, 0x00,
  0x00, 0x00, 0x00, 0x00, 0x00, 0x00, 0x00, 0x00, 0x00, 0x00, 0x00, 0x00,
  0x00, 0x00, 0x00, 0x00, 0x00, 0x00, 0x00, 0x00, 0x00, 0xc0, 0xff, 0x83,
  0x00, 0x00, 0x00, 0x03, 0x7f, 0x00, 0xff, 0x1f, 0x00, 0x00, 0xe0, 0x0f,
  0x00, 0x00, 0x00, 0x00, 0x00, 0x00, 0x00, 0x00, 0x00, 0x00, 0x00, 0x00,
  0x00, 0x00, 0x00, 0x00, 0x00, 0x00, 0x00, 0x00, 0x00, 0x00, 0x00, 0x00,
  0x00, 0x00, 0x00, 0x00, 0x00, 0x00, 0x00, 0x00, 0x00, 0x00, 0x00, 0x00,
  0x00, 0x00, 0x00, 0x00, 0x00, 0x00, 0x00, 0x00, 0x00, 0x00, 0x00, 0x00,
  0x00, 0xc0, 0xff, 0x83, 0x00, 0x00, 0x00, 0x03, 0x7f, 0x00, 0xff, 0x1f,
  0x00, 0x00, 0xe0, 0x0f, 0x00, 0x00, 0x00, 0x00, 0x00, 0x00, 0x00, 0x00,
  0x00, 0x00, 0x00, 0x00, 0x00, 0x00, 0x00, 0x00, 0x00, 0x00, 0x00, 0x00,
  0x00, 0x00, 0x00, 0x00, 0x00, 0x00, 0x00, 0x00, 0x00, 0x00, 0x00, 0x00,
  0x00, 0x00, 0x00, 0x00, 0x00, 0x00, 0x00, 0x00, 0x00, 0x00, 0x00, 0x00,
  0x00, 0x00, 0x00, 0x00, 0x00, 0xc0, 0xff, 0x87, 0x00, 0x00, 0x00, 0x03,
  0x7f, 0x00, 0xff, 0x1f, 0x00, 0x00, 0xe0, 0x0f, 0x00, 0x00, 0x00, 0x00,
  0x00, 0x00, 0x00, 0x00, 0x00, 0x00, 0x00, 0x00, 0x00, 0x00, 0x00, 0x00,
  0x00, 0x00, 0x00, 0x00, 0x00, 0x00, 0x00, 0x00, 0x00, 0x00, 0x00, 0x00,
  0x00, 0x00, 0x00, 0x00, 0x00, 0x00, 0x00, 0x00, 0x00, 0x00, 0x00, 0x00,
  0x00, 0x00, 0x00, 0x00, 0x00, 0x00, 0x00, 0x00, 0x00, 0xc0, 0xff, 0x87,
  0x00, 0x00, 0x00, 0x03, 0x7f, 0x00, 0xff, 0x1f, 0x00, 0x00, 0xe0, 0x0f,
  0x00, 0x00, 0x00, 0x00, 0x00, 0x00, 0x00, 0x00, 0x00, 0x00, 0x00, 0x00,
  0x00, 0x00, 0x00, 0x00, 0x00, 0x00, 0x00, 0x00, 0x00, 0x00, 0x00, 0x00,
  0x00, 0x00, 0x00, 0x00, 0x00, 0x00, 0x00, 0x00, 0x00, 0x00, 0x00, 0x00,
  0x00, 0x00, 0x00, 0x00, 0x00, 0x00, 0x00, 0x00, 0x00, 0x00, 0x00, 0x00,
  0x00, 0x00, 0x00, 0x00, 0x40, 0x00, 0x00, 0x00, 0x80, 0x00, 0x00, 0x00,
  0xc0, 0x00, 0x00, 0x00, 0x00, 0x01, 0x00, 0x00, 0x40, 0x01, 0x00, 0x00,
  0x12, 0x00, 0x00, 0x00, 0x10, 0x00, 0x00, 0x00, 0x00, 0x00, 0x00, 0x00,
  0x00, 0x08, 0x00, 0x00, 0x13, 0x00, 0x00, 0x00, 0x0c, 0x00, 0x00, 0x00,
  0x00, 0x00, 0x00, 0x00, 0x15, 0x00, 0x00, 0x00, 0x18, 0x00, 0x00, 0x00,
  0x00, 0x00, 0x00, 0x00, 0x00, 0x00, 0x00, 0x00, 0x00, 0x00, 0x00, 0x00,
  0x80, 0x01, 0x00, 0x00, 0x08, 0x00, 0x00, 0x00, 0x14, 0x00, 0x00, 0x00,
  0x80, 0x01, 0x00, 0x00, 0x06, 0x00, 0x00, 0x00, 0x00, 0x00, 0x00, 0x00,
  0x11, 0x00, 0x00, 0x00, 0x28, 0x00, 0x00, 0x00, 0x10, 0x00, 0x00, 0x00,
  0x00, 0x00, 0x00, 0x00, 0x00, 0x00, 0x00, 0x00, 0x04, 0x00, 0x00, 0x00,
  0x00, 0x00, 0x00, 0x00, 0x00, 0x00, 0x00, 0x00, 0x00, 0x00, 0x00, 0x00,
  0x00, 0x00, 0x00, 0x00, 0x11, 0x00, 0x00, 0x00, 0x28, 0x00, 0x00, 0x00,
  0x10, 0x00, 0x00, 0x00, 0x00, 0x00, 0x00, 0x00, 0x04, 0x00, 0x00, 0x00,
  0x04, 0x00, 0x00, 0x00, 0x04, 0x00, 0x00, 0x00, 0x00, 0x00, 0x00, 0x00,
  0x00, 0x00, 0x00, 0x00, 0x00, 0x00, 0x00, 0x00, 0x11, 0x00, 0x00, 0x00,
  0x28, 0x00, 0x00, 0x00, 0x10, 0x00, 0x00, 0x00, 0x00, 0x00, 0x00, 0x00,
  0x08, 0x00, 0x00, 0x00, 0x04, 0x00, 0x00, 0x00, 0x08, 0x00, 0x00, 0x00,
  0x00, 0x00, 0x00, 0x00, 0x00, 0x00, 0x00, 0x00, 0x00, 0x00, 0x00, 0x00,
  0x11, 0x00, 0x00, 0x00, 0x28, 0x00, 0x00, 0x00, 0x02, 0x00, 0x00, 0x00,
  0x00, 0x00, 0x00, 0x00, 0x0c, 0x00, 0x00, 0x00, 0x04, 0x00, 0x00, 0x00,
  0x00, 0x00, 0x00, 0x00, 0x00, 0x00, 0x00, 0x00, 0x00, 0x00, 0x00, 0x00,
  0x00, 0x00, 0x00, 0x00, 0x11, 0x00, 0x00, 0x00, 0x28, 0x00, 0x00, 0x00,
  0x02, 0x00, 0x00, 0x00, 0x00, 0x00, 0x00, 0x00, 0x10, 0x00, 0x00, 0x00,
  0x04, 0x00, 0x00, 0x00, 0x04, 0x00, 0x00, 0x00, 0x00, 0x00, 0x00, 0x00,
  0x00, 0x00, 0x00, 0x00, 0x00, 0x00, 0x00, 0x00, 0x11, 0x00, 0x00, 0x00,
  0x28, 0x00, 0x00, 0x00, 0x02, 0x00, 0x00, 0x00, 0x00, 0x00, 0x00, 0x00,
  0x14, 0x00, 0x00, 0x00, 0x04, 0x00, 0x00, 0x00, 0x08, 0x00, 0x00, 0x00,
  0x00, 0x00, 0x00, 0x00, 0x00, 0x00, 0x00, 0x00, 0x00, 0x00, 0x00, 0x00,
  0x11, 0x00, 0x00, 0x00, 0x28, 0x00, 0x00, 0x00, 0x2b, 0x00, 0x00, 0x00,
  0x00, 0x00, 0x00, 0x00, 0x20, 0x00, 0x00, 0x00, 0x04, 0x00, 0x00, 0x00,
  0x00, 0x00, 0x00, 0x00, 0x00, 0x00, 0x00, 0x00, 0x00, 0x00, 0x00, 0x00,
  0x00, 0x00, 0x00, 0x00, 0x11, 0x00, 0x00, 0x00, 0x28, 0x00, 0x00, 0x00,
  0x2b, 0x00, 0x00, 0x00, 0x01, 0x00, 0x00, 0x00, 0x28, 0x00, 0x00, 0x00,
  0x04, 0x00, 0x00, 0x00, 0x00, 0x00, 0x00, 0x00, 0x00, 0x00, 0x00, 0x00,
  0x00, 0x00, 0x00, 0x00, 0x00, 0x00, 0x00, 0x00, 0x11, 0x00, 0x00, 0x00,
  0x28, 0x00, 0x00, 0x00, 0x2b, 0x00, 0x00, 0x00, 0x02, 0x00, 0x00, 0x00,
  0x30, 0x00, 0x00, 0x00, 0x04, 0x00, 0x00, 0x00, 0x00, 0x00, 0x00, 0x00,
  0x00, 0x00, 0x00, 0x00, 0x00, 0x00, 0x00, 0x00, 0x00, 0x00, 0x00, 0x00,
  0x11, 0x00, 0x00, 0x00, 0x28, 0x00, 0x00, 0x00, 0x2a, 0x00, 0x00, 0x00,
  0x00, 0x00, 0x00, 0x00, 0x70, 0x00, 0x00, 0x00, 0x04, 0x00, 0x00, 0x00,
  0x00, 0x00, 0x00, 0x00, 0x00, 0x00, 0x00, 0x00, 0x00, 0x00, 0x00, 0x00,
  0x00, 0x00, 0x00, 0x00, 0x11, 0x00, 0x00, 0x00, 0x28, 0x00, 0x00, 0x00,
  0x2a, 0x00, 0x00, 0x00, 0x01, 0x00, 0x00, 0x00, 0x74, 0x00, 0x00, 0x00,
  0x04, 0x00, 0x00, 0x00, 0x00, 0x00, 0x00, 0x00, 0x00, 0x00, 0x00, 0x00,
  0x00, 0x00, 0x00, 0x00, 0x00, 0x00, 0x00, 0x00, 0x11, 0x00, 0x00, 0x00,
  0x28, 0x00, 0x00, 0x00, 0x2a, 0x00, 0x00, 0x00, 0x02, 0x00, 0x00, 0x00,
  0x78, 0x00, 0x00, 0x00, 0x04, 0x00, 0x00, 0x00, 0x00, 0x00, 0x00, 0x00,
  0x00, 0x00, 0x00, 0x00, 0x00, 0x00, 0x00, 0x00, 0x00, 0x00, 0x00, 0x00,
  0x1e, 0x00, 0x00, 0x00, 0x24, 0x00, 0x00, 0x00, 0x00, 0x00, 0x00, 0x00,
  0x00, 0x00, 0x00, 0x00, 0x20, 0x00, 0x00, 0x00, 0x08, 0x00, 0x00, 0x00,
  0xff, 0xff, 0xff, 0xff, 0xff, 0xff, 0xff, 0xff, 0x00, 0x00, 0x00, 0x00,
  0x1e, 0x00, 0x00, 0x00, 0x24, 0x00, 0x00, 0x00, 0x01, 0x00, 0x00, 0x00,
  0x40, 0x00, 0x00, 0x00, 0x28, 0x00, 0x00, 0x00, 0x08, 0x00, 0x00, 0x00,
  0xff, 0xff, 0xff, 0xff, 0xff, 0xff, 0xff, 0xff, 0x00, 0x00, 0x00, 0x00,
  0x1e, 0x00, 0x00, 0x00, 0x24, 0x00, 0x00, 0x00, 0x02, 0x00, 0x00, 0x00,
  0x80, 0x00, 0x00, 0x00, 0x30, 0x00, 0x00, 0x00, 0x08, 0x00, 0x00, 0x00,
  0xff, 0xff, 0xff, 0xff, 0xff, 0xff, 0xff, 0xff, 0x00, 0x00, 0x00, 0x00,
  0x1e, 0x00, 0x00, 0x00, 0x24, 0x00, 0x00, 0x00, 0x0a, 0x00, 0x00, 0x00,
  0xc0, 0x00, 0x00, 0x00, 0x38, 0x00, 0x00, 0x00, 0x08, 0x00, 0x00, 0x00,
  0xff, 0xff, 0xff, 0xff, 0xff, 0xff, 0xff, 0xff, 0x00, 0x00, 0x00, 0x00,
  0x2c, 0x00, 0x00, 0x00, 0x18, 0x00, 0x00, 0x00, 0x00, 0x00, 0x00, 0x00,
  0x00, 0x01, 0x00, 0x00, 0x60, 0x00, 0x00, 0x00, 0x08, 0x00, 0x00, 0x00,
  0x26, 0x00, 0x00, 0x00, 0x1c, 0x00, 0x00, 0x00, 0x40, 0x01, 0x00, 0x00,
  0x68, 0x00, 0x00, 0x00, 0x08, 0x00, 0x00, 0x00, 0x00, 0x00, 0x00, 0x00,
  0x01, 0x00, 0x00, 0x00, 0x11, 0x00, 0x00, 0x00, 0x28, 0x00, 0x00, 0x00,
  0x01, 0x00, 0x00, 0x00, 0x03, 0x00, 0x00, 0x00, 0x40, 0x00, 0x00, 0x00,
  0x04, 0x00, 0x00, 0x00, 0x00, 0x00, 0x00, 0x00, 0xff, 0xff, 0xff, 0xff,
  0xff, 0xff, 0xff, 0xff, 0x00, 0x00, 0x00, 0x00, 0x11, 0x00, 0x00, 0x00,
  0x28, 0x00, 0x00, 0x00, 0x01, 0x00, 0x00, 0x00, 0x04, 0x00, 0x00, 0x00,
  0x44, 0x00, 0x00, 0x00, 0x04, 0x00, 0x00, 0x00, 0x00, 0x00, 0x00, 0x00,
  0xff, 0xff, 0xff, 0xff, 0xff, 0xff, 0xff, 0xff, 0x00, 0x00, 0x00, 0x00,
  0x11, 0x00, 0x00, 0x00, 0x28, 0x00, 0x00, 0x00, 0x01, 0x00, 0x00, 0x00,
  0x05, 0x00, 0x00, 0x00, 0x48, 0x00, 0x00, 0x00, 0x04, 0x00, 0x00, 0x00,
  0x00, 0x00, 0x00, 0x00, 0xff, 0xff, 0xff, 0xff, 0xff, 0xff, 0xff, 0xff,
  0x00, 0x00, 0x00, 0x00, 0x11, 0x00, 0x00, 0x00, 0x28, 0x00, 0x00, 0x00,
  0x01, 0x00, 0x00, 0x00, 0x06, 0x00, 0x00, 0x00, 0x4c, 0x00, 0x00, 0x00,
  0x04, 0x00, 0x00, 0x00, 0x00, 0x00, 0x00, 0x00, 0xff, 0xff, 0xff, 0xff,
  0xff, 0xff, 0xff, 0xff, 0x00, 0x00, 0x00, 0x00, 0x11, 0x00, 0x00, 0x00,
  0x28, 0x00, 0x00, 0x00, 0x01, 0x00, 0x00, 0x00, 0x07, 0x00, 0x00, 0x00,
  0x50, 0x00, 0x00, 0x00, 0x04, 0x00, 0x00, 0x00, 0x00, 0x00, 0x00, 0x00,
  0xff, 0xff, 0xff, 0xff, 0xff, 0xff, 0xff, 0xff, 0x00, 0x00, 0x00, 0x00,
  0x11, 0x00, 0x00, 0x00, 0x28, 0x00, 0x00, 0x00, 0x01, 0x00, 0x00, 0x00,
  0x08, 0x00, 0x00, 0x00, 0x54, 0x00, 0x00, 0x00, 0x04, 0x00, 0x00, 0x00,
  0x00, 0x00, 0x00, 0x00, 0xff, 0xff, 0xff, 0xff, 0xff, 0xff, 0xff, 0xff,
  0x00, 0x00, 0x00, 0x00, 0x11, 0x00, 0x00, 0x00, 0x28, 0x00, 0x00, 0x00,
  0x01, 0x00, 0x00, 0x00, 0x09, 0x00, 0x00, 0x00, 0x58, 0x00, 0x00, 0x00,
  0x04, 0x00, 0x00, 0x00, 0x00, 0x00, 0x00, 0x00, 0xff, 0xff, 0xff, 0xff,
  0xff, 0xff, 0xff, 0xff, 0x00, 0x00, 0x00, 0x00, 0x19, 0x00, 0x00, 0x00,
  0x0c, 0x00, 0x00, 0x00, 0x80, 0x00, 0x00, 0x00, 0x16, 0x00, 0x00, 0x00,
  0x58, 0x00, 0x00, 0x00, 0x00, 0x00, 0x00, 0x00, 0x00, 0x00, 0x00, 0x00,
  0x00, 0x00, 0x00, 0x00, 0x00, 0x00, 0x00, 0x00, 0x00, 0x00, 0x00, 0x00,
  0x01, 0x00, 0x00, 0x00, 0x01, 0x00, 0x00, 0x00, 0x00, 0x00, 0x00, 0x00,
  0x00, 0x00, 0x00, 0x00, 0x00, 0x00, 0x00, 0x00, 0x00, 0x00, 0x00, 0x00,
  0x00, 0x00, 0x00, 0x00, 0x00, 0x00, 0x00, 0x00, 0x00, 0x00, 0x00, 0x00,
  0x00, 0x00, 0x00, 0x00, 0x00, 0x00, 0x00, 0x00, 0x00, 0x00, 0x00, 0x00,
  0x00, 0x00, 0x00, 0x00, 0x00, 0x00, 0x00, 0x00, 0x00, 0x00, 0x00, 0x00,
  0x17, 0x00, 0x00, 0x00, 0x8c, 0x00, 0x00, 0x00, 0x00, 0x00, 0x00, 0x00,
  0x00, 0x00, 0x00, 0x00, 0x00, 0x00, 0x00, 0x00, 0x20, 0x00, 0x00, 0x00,
  0x00, 0x00, 0x00, 0x00, 0x00, 0x00, 0x00, 0x00, 0x00, 0x00, 0x00, 0x00,
  0x00, 0x00, 0x00, 0x00, 0x00, 0x00, 0x00, 0x00, 0x01, 0x00, 0x00, 0x00,
  0x00, 0x00, 0x00, 0x00, 0x00, 0x00, 0x00, 0x00, 0x00, 0x00, 0x00, 0x00,
  0x01, 0x00, 0x00, 0x00, 0x00, 0x00, 0x00, 0x00, 0x00, 0x00, 0x00, 0x00,
  0x00, 0x00, 0x00, 0x00, 0x00, 0x00, 0x00, 0x00, 0x01, 0x00, 0x00, 0x00,
  0x00, 0x00, 0x00, 0x00, 0x80, 0x00, 0x00, 0x00, 0x00, 0x00, 0x00, 0x00,
  0x01, 0x00, 0x00, 0x00, 0x00, 0x00, 0x00, 0x00, 0x00, 0x00, 0x00, 0x00,
  0x07, 0x00, 0x00, 0x00, 0x05, 0x00, 0x00, 0x00, 0x00, 0x00, 0x00, 0x00,
  0x00, 0x00, 0x00, 0x00, 0x00, 0x00, 0x00, 0x00, 0x00, 0x01, 0x15, 0x00,
  0x00, 0x00, 0x00, 0x00, 0x00, 0x00, 0x00, 0x00, 0x1b, 0x00, 0x00, 0x00,
  0x10, 0x00, 0x00, 0x00, 0x04, 0x00, 0x00, 0x00, 0x00, 0x00, 0x00, 0x00,
  0x1a, 0x00, 0x00, 0x00, 0x54, 0x00, 0x00, 0x00, 0x00, 0x00, 0x00, 0x00,
  0x0c, 0x00, 0x00, 0x00, 0x08, 0x00, 0x00, 0x00, 0x0c, 0x00, 0x00, 0x00,
  0x0c, 0x00, 0x00, 0x00, 0x08, 0x00, 0x00, 0x00, 0x5f, 0x5f, 0x67, 0x6c,
  0x6f, 0x62, 0x61, 0x6c, 0x00, 0x00, 0x00, 0x00, 0x4e, 0x4f, 0x4e, 0x45,
  0x00, 0x00, 0x00, 0x00, 0x72, 0x65, 0x73, 0x70, 0x6f, 0x6e, 0x73, 0x65,
  0x73, 0x00, 0x00, 0x00, 0x66, 0x6c, 0x6f, 0x61, 0x74, 0x2a, 0x3b, 0x38,
  0x00, 0x00, 0x00, 0x00, 0x4e, 0x4f, 0x4e, 0x45, 0x00, 0x00, 0x00, 0x00,
  0x1a, 0x00, 0x00, 0x00, 0x54, 0x00, 0x00, 0x00, 0x01, 0x00, 0x00, 0x00,
  0x0c, 0x00, 0x00, 0x00, 0x08, 0x00, 0x00, 0x00, 0x0c, 0x00, 0x00, 0x00,
  0x0c, 0x00, 0x00, 0x00, 0x08, 0x00, 0x00, 0x00, 0x5f, 0x5f, 0x67, 0x6c,
  0x6f, 0x62, 0x61, 0x6c, 0x00, 0x00, 0x00, 0x00, 0x4e, 0x4f, 0x4e, 0x45,
  0x00, 0x00, 0x00, 0x00, 0x6c, 0x61, 0x70, 0x6c, 0x61, 0x63, 0x69, 0x61,
  0x6e, 0x00, 0x00, 0x00, 0x66, 0x6c, 0x6f, 0x61, 0x74, 0x2a, 0x3b, 0x38,
  0x00, 0x00, 0x00, 0x00, 0x4e, 0x4f, 0x4e, 0x45, 0x00, 0x00, 0x00, 0x00,
  0x1a, 0x00, 0x00, 0x00, 0x58, 0x00, 0x00, 0x00, 0x02, 0x00, 0x00, 0x00,
  0x0c, 0x00, 0x00, 0x00, 0x08, 0x00, 0x00, 0x00, 0x04, 0x00, 0x00, 0x00,
  0x18, 0x00, 0x00, 0x00, 0x08, 0x00, 0x00, 0x00, 0x5f, 0x5f, 0x67, 0x6c,
  0x6f, 0x62, 0x61, 0x6c, 0x00, 0x00, 0x00, 0x00, 0x4e, 0x4f, 0x4e, 0x45,
  0x00, 0x00, 0x00, 0x00, 0x65, 0x78, 0x74, 0x00, 0x73, 0x74, 0x72, 0x75,
  0x63, 0x74, 0x20, 0x5f, 0x69, 0x73, 0x45, 0x78, 0x74, 0x72, 0x65, 0x6d,
  0x75, 0x6d, 0x2a, 0x3b, 0x38, 0x00, 0x00, 0x00, 0x4e, 0x4f, 0x4e, 0x45,
  0x00, 0x00, 0x00, 0x00, 0x1a, 0x00, 0x00, 0x00, 0x48, 0x00, 0x00, 0x00,
  0x03, 0x00, 0x00, 0x00, 0x0c, 0x00, 0x00, 0x00, 0x08, 0x00, 0x00, 0x00,
  0x04, 0x00, 0x00, 0x00, 0x08, 0x00, 0x00, 0x00, 0x08, 0x00, 0x00, 0x00,
  0x5f, 0x5f, 0x70, 0x72, 0x69, 0x76, 0x61, 0x74, 0x65, 0x00, 0x00, 0x00,
  0x4e, 0x4f, 0x4e, 0x45, 0x00, 0x00, 0x00, 0x00, 0x72, 0x00, 0x00, 0x00,
  0x75, 0x69, 0x6e, 0x74, 0x3b, 0x34, 0x00, 0x00, 0x4e, 0x4f, 0x4e, 0x45,
  0x00, 0x00, 0x00, 0x00, 0x1a, 0x00, 0x00, 0x00, 0x48, 0x00, 0x00, 0x00,
  0x04, 0x00, 0x00, 0x00, 0x0c, 0x00, 0x00, 0x00, 0x08, 0x00, 0x00, 0x00,
  0x04, 0x00, 0x00, 0x00, 0x08, 0x00, 0x00, 0x00, 0x08, 0x00, 0x00, 0x00,
  0x5f, 0x5f, 0x70, 0x72, 0x69, 0x76, 0x61, 0x74, 0x65, 0x00, 0x00, 0x00,
  0x4e, 0x4f, 0x4e, 0x45, 0x00, 0x00, 0x00, 0x00, 0x63, 0x00, 0x00, 0x00,
  0x75, 0x69, 0x6e, 0x74, 0x3b, 0x34, 0x00, 0x00, 0x4e, 0x4f, 0x4e, 0x45,
  0x00, 0x00, 0x00, 0x00, 0x1a, 0x00, 0x00, 0x00, 0x48, 0x00, 0x00, 0x00,
  0x05, 0x00, 0x00, 0x00, 0x0c, 0x00, 0x00, 0x00, 0x08, 0x00, 0x00, 0x00,
  0x04, 0x00, 0x00, 0x00, 0x08, 0x00, 0x00, 0x00, 0x08, 0x00, 0x00, 0x00,
  0x5f, 0x5f, 0x70, 0x72, 0x69, 0x76, 0x61, 0x74, 0x65, 0x00, 0x00, 0x00,
  0x4e, 0x4f, 0x4e, 0x45, 0x00, 0x00, 0x00, 0x00, 0x74, 0x00, 0x00, 0x00,
  0x75, 0x69, 0x6e, 0x74, 0x3b, 0x34, 0x00, 0x00, 0x4e, 0x4f, 0x4e, 0x45,
  0x00, 0x00, 0x00, 0x00, 0x1a, 0x00, 0x00, 0x00, 0x48, 0x00, 0x00, 0x00,
  0x06, 0x00, 0x00, 0x00, 0x0c, 0x00, 0x00, 0x00, 0x08, 0x00, 0x00, 0x00,
  0x04, 0x00, 0x00, 0x00, 0x08, 0x00, 0x00, 0x00, 0x08, 0x00, 0x00, 0x00,
  0x5f, 0x5f, 0x70, 0x72, 0x69, 0x76, 0x61, 0x74, 0x65, 0x00, 0x00, 0x00,
  0x4e, 0x4f, 0x4e, 0x45, 0x00, 0x00, 0x00, 0x00, 0x6d, 0x00, 0x00, 0x00,
  0x75, 0x69, 0x6e, 0x74, 0x3b, 0x34, 0x00, 0x00, 0x4e, 0x4f, 0x4e, 0x45,
  0x00, 0x00, 0x00, 0x00, 0x1a, 0x00, 0x00, 0x00, 0x48, 0x00, 0x00, 0x00,
  0x07, 0x00, 0x00, 0x00, 0x0c, 0x00, 0x00, 0x00, 0x08, 0x00, 0x00, 0x00,
  0x04, 0x00, 0x00, 0x00, 0x08, 0x00, 0x00, 0x00, 0x08, 0x00, 0x00, 0x00,
  0x5f, 0x5f, 0x70, 0x72, 0x69, 0x76, 0x61, 0x74, 0x65, 0x00, 0x00, 0x00,
  0x4e, 0x4f, 0x4e, 0x45, 0x00, 0x00, 0x00, 0x00, 0x62, 0x00, 0x00, 0x00,
  0x75, 0x69, 0x6e, 0x74, 0x3b, 0x34, 0x00, 0x00, 0x4e, 0x4f, 0x4e, 0x45,
  0x00, 0x00, 0x00, 0x00, 0x1a, 0x00, 0x00, 0x00, 0x48, 0x00, 0x00, 0x00,
  0x08, 0x00, 0x00, 0x00, 0x0c, 0x00, 0x00, 0x00, 0x08, 0x00, 0x00, 0x00,
  0x04, 0x00, 0x00, 0x00, 0x08, 0x00, 0x00, 0x00, 0x08, 0x00, 0x00, 0x00,
  0x5f, 0x5f, 0x70, 0x72, 0x69, 0x76, 0x61, 0x74, 0x65, 0x00, 0x00, 0x00,
  0x4e, 0x4f, 0x4e, 0x45, 0x00, 0x00, 0x00, 0x00, 0x68, 0x00, 0x00, 0x00,
  0x75, 0x69, 0x6e, 0x74, 0x3b, 0x34, 0x00, 0x00, 0x4e, 0x4f, 0x4e, 0x45,
  0x00, 0x00, 0x00, 0x00, 0x1a, 0x00, 0x00, 0x00, 0x48, 0x00, 0x00, 0x00,
  0x09, 0x00, 0x00, 0x00, 0x0c, 0x00, 0x00, 0x00, 0x08, 0x00, 0x00, 0x00,
  0x04, 0x00, 0x00, 0x00, 0x08, 0x00, 0x00, 0x00, 0x08, 0x00, 0x00, 0x00,
  0x5f, 0x5f, 0x70, 0x72, 0x69, 0x76, 0x61, 0x74, 0x65, 0x00, 0x00, 0x00,
  0x4e, 0x4f, 0x4e, 0x45, 0x00, 0x00, 0x00, 0x00, 0x77, 0x00, 0x00, 0x00,
  0x75, 0x69, 0x6e, 0x74, 0x3b, 0x34, 0x00, 0x00, 0x4e, 0x4f, 0x4e, 0x45,
  0x00, 0x00, 0x00, 0x00, 0x1a, 0x00, 0x00, 0x00, 0x4c, 0x00, 0x00, 0x00,
  0x0a, 0x00, 0x00, 0x00, 0x0c, 0x00, 0x00, 0x00, 0x08, 0x00, 0x00, 0x00,
  0x08, 0x00, 0x00, 0x00, 0x08, 0x00, 0x00, 0x00, 0x08, 0x00, 0x00, 0x00,
  0x5f, 0x5f, 0x67, 0x6c, 0x6f, 0x62, 0x61, 0x6c, 0x00, 0x00, 0x00, 0x00,
  0x4e, 0x4f, 0x4e, 0x45, 0x00, 0x00, 0x00, 0x00, 0x63, 0x6e, 0x75, 0x6d,
  0x00, 0x00, 0x00, 0x00, 0x69, 0x6e, 0x74, 0x2a, 0x3b, 0x38, 0x00, 0x00,
  0x4e, 0x4f, 0x4e, 0x45, 0x00, 0x00, 0x00, 0x00, 0x5e, 0xc5, 0x10, 0x5d,
  0xe4, 0x88, 0x33, 0x9e, 0x39, 0xa1, 0xe5, 0x52, 0x0c, 0x00, 0x00, 0x00,
  0x98, 0x06, 0x00, 0x00, 0x80, 0x32, 0x00, 0x00, 0x00, 0x00, 0x00, 0x00,
  0x20, 0x00, 0x00, 0x00, 0x98, 0x01, 0x00, 0x00, 0xe8, 0x31, 0x00, 0x00,
  0x49, 0x73, 0x45, 0x78, 0x74, 0x72, 0x65, 0x6d, 0x75, 0x6d, 0x00, 0x00,
  0x01, 0x00, 0x60, 0x00, 0x0c, 0x02, 0xc0, 0x25, 0x00, 0x00, 0x20, 0x00,
  0x00, 0x00, 0x00, 0x00, 0x06, 0x80, 0x00, 0x00, 0x04, 0x00, 0x00, 0x30,
  0x00, 0x10, 0x00, 0x16, 0xc0, 0x04, 0xc0, 0x04, 0x01, 0x00, 0x00, 0x00,
  0x0c, 0x16, 0xc8, 0x2f, 0x00, 0x00, 0x00, 0x00, 0xdc, 0x00, 0xdc, 0x00,
  0x05, 0x00, 0x00, 0x00, 0x2c, 0x0a, 0x80, 0x2f, 0xd4, 0x05, 0x00, 0x1e,
  0x00, 0xfc, 0x00, 0xfc, 0x01, 0x00, 0x00, 0x00, 0x4c, 0x16, 0x60, 0x20,
  0x00, 0x00, 0x00, 0x00, 0xfc, 0x00, 0xfc, 0x00, 0x41, 0x80, 0x41, 0x20,
  0x00, 0x7c, 0x07, 0x2e, 0x41, 0x00, 0x00, 0x00, 0x2c, 0x0a, 0xe0, 0x2c,
  0xe8, 0x00, 0x00, 0x0a, 0xd8, 0x05, 0x00, 0x00, 0x01, 0x00, 0x00, 0x00,
  0xec, 0x02, 0x84, 0x2a, 0xc0, 0x00, 0x00, 0x00, 0x00, 0x00, 0x00, 0x00,
  0x01, 0x00, 0x20, 0x00, 0x6c, 0x26, 0xf0, 0x2c, 0x00, 0x00, 0x00, 0x00,
  0x40, 0x00, 0x00, 0x00, 0x31, 0x00, 0x60, 0x0a, 0x2c, 0x02, 0xa0, 0x2f,
  0xc0, 0x0f, 0x00, 0x06, 0x04, 0x42, 0x18, 0x02, 0x40, 0x00, 0x00, 0x00,
  0x2c, 0x0a, 0x80, 0x2a, 0x80, 0x0f, 0x00, 0x1e, 0x80, 0x02, 0x80, 0x02,
  0x40, 0x00, 0x20, 0x00, 0x0c, 0x12, 0xa0, 0x20, 0x60, 0x00, 0x00, 0x26,
  0x00, 0x04, 0x00, 0x00, 0x01, 0x00, 0x60, 0x00, 0x6c, 0x36, 0xc0, 0x2f,
  0x00, 0x00, 0x00, 0x00, 0x10, 0x32, 0x54, 0x76, 0x40, 0x00, 0x80, 0x00,
  0x28, 0x0a, 0x00, 0x2d, 0x84, 0x0f, 0x00, 0x12, 0x20, 0x00, 0xb1, 0x00,
  0x40, 0x00, 0x80, 0x00, 0x28, 0x0a, 0x80, 0x2c, 0xe0, 0x0c, 0x00, 0x12,
  0x40, 0x00, 0xb1, 0x00, 0x01, 0x56, 0x00, 0x20, 0x00, 0x7a, 0x54, 0x00,
  0x40, 0x00, 0x60, 0x00, 0x6c, 0x1a, 0xd0, 0x2f, 0xc0, 0x0f, 0x8d, 0x1e,
  0x08, 0x00, 0x08, 0x00, 0x40, 0x96, 0x01, 0x20, 0x07, 0x22, 0x68, 0x04,
  0x40, 0x00, 0x00, 0x00, 0x2c, 0x0a, 0xc0, 0x2c, 0x80, 0x0f, 0x00, 0x1e,
  0xa0, 0x02, 0xa0, 0x02, 0x40, 0x96, 0x2d, 0x20, 0x07, 0x1c, 0x64, 0x04,
  0x40, 0x00, 0x80, 0x00, 0x08, 0x02, 0x00, 0x21, 0x40, 0x0f, 0x8d, 0x16,
  0x10, 0x00, 0x10, 0x00, 0x40, 0x00, 0x80, 0x00, 0x28, 0x0a, 0x80, 0x24,
  0x40, 0x04, 0x8d, 0x1e, 0x01, 0x00, 0x01, 0x00, 0x40, 0x00, 0x80, 0x00,
  0x28, 0x0a, 0x80, 0x25, 0x40, 0x04, 0x8d, 0x1e, 0xff, 0xff, 0xff, 0xff,
  0x01, 0x96, 0x00, 0x20, 0x07, 0x4a, 0x22, 0x00, 0x01, 0xb6, 0x02, 0x20,
  0x07, 0x34, 0x22, 0x00, 0x01, 0x96, 0x00, 0x20, 0x07, 0x48, 0x1c, 0x00,
  0x40, 0x00, 0x80, 0x00, 0x28, 0x0a, 0xc0, 0x23, 0x80, 0x03, 0x8d, 0x1e,
  0x01, 0x00, 0x01, 0x00, 0x40, 0x00, 0x80, 0x00, 0x28, 0x0a, 0x00, 0x24,
  0x80, 0x03, 0x8d, 0x1e, 0xff, 0xff, 0xff, 0xff, 0x01, 0xb6, 0x02, 0x20,
  0x07, 0x52, 0x1c, 0x00, 0x01, 0xb6, 0x02, 0x20, 0x07, 0x46, 0x24, 0x00,
  0x01, 0xb6, 0x02, 0x20, 0x07, 0x4e, 0x2c, 0x00, 0x01, 0x00, 0x00, 0x00,
  0xec, 0x02, 0x9c, 0x20, 0xc4, 0x00, 0x00, 0x00, 0x00, 0x00, 0x00, 0x00,
  0x01, 0x00, 0x00, 0x00, 0xac, 0x1e, 0x40, 0x4b, 0x00, 0x00, 0x00, 0x00,
  0x09, 0x00, 0x09, 0x00, 0x01, 0x00, 0x00, 0x00, 0xac, 0x1e, 0x41, 0x4b,
  0x00, 0x00, 0x00, 0x00, 0x0f, 0x00, 0x0f, 0x00, 0x01, 0x00, 0x00, 0x00,
  0xac, 0x1e, 0x42, 0x4b, 0x00, 0x00, 0x00, 0x00, 0x15, 0x00, 0x15, 0x00,
  0x01, 0x00, 0x00, 0x00, 0xac, 0x1e, 0x43, 0x4b, 0x00, 0x00, 0x00, 0x00,
  0x1b, 0x00, 0x1b, 0x00, 0x01, 0x00, 0x00, 0x00, 0xac, 0x1e, 0x44, 0x4b,
  0x00, 0x00, 0x00, 0x00, 0x27, 0x00, 0x27, 0x00, 0x01, 0x00, 0x00, 0x00,
  0xac, 0x1e, 0x45, 0x4b, 0x00, 0x00, 0x00, 0x00, 0x33, 0x00, 0x33, 0x00,
  0x01, 0x00, 0x00, 0x00, 0xac, 0x1e, 0x46, 0x4b, 0x00, 0x00, 0x00, 0x00,
  0x4b, 0x00, 0x4b, 0x00, 0x01, 0x00, 0x00, 0x00, 0xac, 0x1e, 0x47, 0x4b,
  0x00, 0x00, 0x00, 0x00, 0x63, 0x00, 0x63, 0x00, 0x01, 0x00, 0x00, 0x00,
  0xac, 0x1e, 0x48, 0x4b, 0x00, 0x00, 0x00, 0x00, 0x93, 0xff, 0x93, 0xff,
  0x01, 0x00, 0x00, 0x00, 0xec, 0x3e, 0x94, 0x2a, 0x00, 0x00, 0x00, 0x00,
  0x00, 0x00, 0x00, 0xc0, 0x01, 0x00, 0x00, 0x00, 0xac, 0x1e, 0x49, 0x4b,
  0x00, 0x00, 0x00, 0x00, 0xc3, 0xff, 0xc3, 0xff, 0x01, 0x00, 0x40, 0x00,
  0xec, 0x2e, 0x80, 0x2b, 0x00, 0x00, 0x00, 0x00, 0x30, 0x30, 0x30, 0x30,
  0x01, 0x00, 0x20, 0x00, 0xec, 0x3e, 0xa0, 0x2b, 0x00, 0x00, 0x00, 0x00,
  0x00, 0x00, 0x00, 0x3e, 0x01, 0x00, 0x40, 0x00, 0xec, 0x2e, 0x90, 0x2b,
  0x00, 0x00, 0x00, 0x00, 0x20, 0x20, 0x10, 0x10, 0x01, 0x00, 0x00, 0x00,
  0xcc, 0x56, 0x88, 0x20, 0x2d, 0x43, 0x1c, 0xeb, 0xe2, 0x36, 0x3a, 0x3f,
  0x01, 0x00, 0x00, 0x00, 0x2c, 0x1e, 0x90, 0x20, 0x00, 0x00, 0x00, 0x00,
  0x00, 0x00, 0x00, 0x00, 0x01, 0x80, 0x14, 0x20, 0x00, 0x04, 0x06, 0x00,
  0x01, 0xd6, 0x02, 0x20, 0x00, 0x6a, 0x7d, 0x00, 0x01, 0xd6, 0x16, 0x20,
  0x00, 0x6c, 0x7d, 0x00, 0x01, 0xd6, 0x1a, 0x20, 0x00, 0x6e, 0x7d, 0x00,
  0x01, 0xd6, 0x1e, 0x20, 0x00, 0x70, 0x7d, 0x00, 0x01, 0xd6, 0x22, 0x20,
  0x00, 0x72, 0x7d, 0x00, 0x01, 0xd6, 0x2a, 0x20, 0x00, 0x74, 0x7d, 0x00,
  0x01, 0x00, 0x80, 0x00, 0x28, 0x0a, 0xc0, 0x2e, 0xb8, 0x0f, 0x00, 0x00,
  0x00, 0x00, 0x00, 0x00, 0x01, 0x00, 0x80, 0x00, 0x28, 0x0a, 0x00, 0x2f,
  0xbc, 0x0f, 0x00, 0x00, 0x00, 0x00, 0x00, 0x00, 0x33, 0x00, 0x80, 0x0c,
  0x70, 0xa0, 0x06, 0x00, 0x48, 0x0f, 0x00, 0x00, 0xff, 0x50, 0x02, 0x04,
  0x41, 0x00, 0x80, 0x00, 0x28, 0x12, 0x40, 0x2f, 0xc0, 0x0f, 0xb1, 0x1e,
  0x28, 0x00, 0x28, 0x00, 0x33, 0x00, 0x80, 0x0c, 0x70, 0x20, 0x07, 0x00,
  0x08, 0x01, 0x00, 0x00, 0xff, 0x50, 0x02, 0x04, 0x40, 0x00, 0x20, 0x00,
  0x0c, 0x02, 0x00, 0x21, 0xc0, 0x0c, 0x00, 0x1a, 0xf0, 0x0c, 0x45, 0x00,
  0x40, 0x96, 0x01, 0x20, 0xe0, 0x4c, 0x7c, 0x7a, 0x40, 0x00, 0x80, 0x00,
  0x28, 0x0a, 0x00, 0x2b, 0x80, 0x09, 0x8d, 0x1e, 0x20, 0x00, 0x20, 0x00,
  0x40, 0x00, 0x80, 0x00, 0x28, 0x0a, 0xc0, 0x2a, 0x80, 0x09, 0x8d, 0x1e,
  0x20, 0x00, 0x20, 0x00, 0x31, 0x00, 0x20, 0x0a, 0x0c, 0x02, 0xa0, 0x2f,
  0xa0, 0x00, 0x00, 0x06, 0x04, 0x08, 0x11, 0x02, 0x33, 0x00, 0x20, 0x0a,
  0x14, 0xd0, 0x07, 0x00, 0x01, 0x01, 0x00, 0x00, 0xff, 0x08, 0x03, 0x02,
  0x41, 0x00, 0x00, 0x00, 0x2c, 0x0a, 0xc0, 0x2f, 0x90, 0x00, 0x00, 0x1e,
  0x0c, 0x00, 0x0c, 0x00, 0x40, 0x00, 0x00, 0x00, 0x2c, 0x0a, 0xa8, 0x2f,
  0xc0, 0x0f, 0x00, 0x1e, 0x54, 0x00, 0x54, 0x00, 0x31, 0x00, 0x40, 0x0a,
  0x2c, 0x02, 0x00, 0x28, 0xa0, 0x0f, 0x00, 0x06, 0x04, 0x40, 0x18, 0x02,
  0x09, 0x00, 0x00, 0x00, 0x2c, 0x0a, 0x94, 0x20, 0x08, 0x08, 0x00, 0x1e,
  0x02, 0x00, 0x02, 0x00, 0x40, 0x00, 0x00, 0x00, 0x44, 0x12, 0x00, 0x22,
  0x08, 0x08, 0x00, 0x16, 0x40, 0x0b, 0x40, 0x0b, 0x40, 0x80, 0x71, 0x20,
  0x00, 0x7b, 0x54, 0x04, 0x40, 0x00, 0x00, 0x00, 0x2c, 0x22, 0x80, 0x2f,
  0x00, 0x80, 0x00, 0x1e, 0x01, 0x00, 0x01, 0x00, 0x31, 0x00, 0x00, 0x0a,
  0x0c, 0x02, 0x40, 0x2f, 0x60, 0x0f, 0x00, 0x06, 0xff, 0x08, 0x11, 0x02,
  0x09, 0x00, 0x00, 0x00, 0x2c, 0x0a, 0x84, 0x2f, 0x40, 0x0f, 0x00, 0x1e,
  0x01, 0x00, 0x01, 0x00, 0x38, 0x00, 0x00, 0x0c, 0x2c, 0x0a, 0x10, 0x28,
  0x80, 0x0f, 0x00, 0x0a, 0x84, 0x0f, 0x00, 0x00, 0x10, 0x16, 0x6f, 0x23,
  0x07, 0x00, 0x22, 0x40, 0x22, 0x00, 0x81, 0x00, 0x00, 0x0e, 0x00, 0x20,
  0x58, 0x16, 0x00, 0x00, 0x58, 0x16, 0x00, 0x00, 0x41, 0x00, 0x00, 0x00,
  0x4c, 0x12, 0xc0, 0x2f, 0x08, 0x08, 0x00, 0x16, 0x04, 0x00, 0x04, 0x00,
  0x01, 0x80, 0x20, 0x20, 0x00, 0x7d, 0x40, 0x00, 0x01, 0x00, 0x00, 0x00,
  0x4c, 0x16, 0x60, 0x2f, 0x00, 0x00, 0x00, 0x00, 0x01, 0x00, 0x01, 0x00,
  0x40, 0x00, 0x00, 0x00, 0x44, 0x12, 0x00, 0x22, 0xc0, 0x0f, 0x00, 0x16,
  0x80, 0x0b, 0x80, 0x0b, 0x01, 0x00, 0x00, 0x00, 0xec, 0x3a, 0x18, 0x28,
  0x00, 0x80, 0x00, 0x00, 0x00, 0x00, 0x00, 0x00, 0x5b, 0x01, 0x40, 0x00,
  0x44, 0x00, 0x82, 0x7d, 0xc9, 0xd1, 0x27, 0x79, 0xa8, 0x24, 0x37, 0x10,
  0x5b, 0x01, 0x40, 0x00, 0x44, 0x00, 0x02, 0x7c, 0xc9, 0xd1, 0x27, 0xf9,
  0x09, 0x24, 0x37, 0x10, 0x10, 0x00, 0x80, 0x06, 0xe3, 0x3a, 0x00, 0x20,
  0xb0, 0x0f, 0x00, 0x3a, 0x40, 0x09, 0x8d, 0x00, 0x04, 0x00, 0x00, 0x00,
  0x44, 0x10, 0x20, 0x26, 0x22, 0x06, 0x00, 0x00, 0x00, 0x00, 0x00, 0x00,
  0x10, 0x00, 0x80, 0x06, 0xe3, 0x3a, 0x00, 0x20, 0x80, 0x0f, 0x00, 0x3a,
  0x00, 0x09, 0x8d, 0x00, 0x10, 0x00, 0x81, 0x03, 0x22, 0x0a, 0x00, 0x20,
  0x80, 0x03, 0x8d, 0x0a, 0x10, 0x08, 0x00, 0x00, 0x04, 0x00, 0x00, 0x00,
  0x44, 0x10, 0x02, 0x26, 0x22, 0x06, 0x00, 0x00, 0x00, 0x00, 0x00, 0x00,
  0x02, 0x00, 0x81, 0x00, 0x4a, 0x12, 0x40, 0x2f, 0x60, 0x0f, 0x00, 0x16,
  0x00, 0x00, 0x00, 0x00, 0x02, 0x00, 0x81, 0x00, 0x49, 0x12, 0xc0, 0x2f,
  0x60, 0x0f, 0x00, 0x16, 0x00, 0x00, 0x00, 0x00, 0x05, 0x00, 0x80, 0x02,
  0x42, 0x12, 0x00, 0x20, 0x40, 0x0f, 0xb1, 0x12, 0xc0, 0x0f, 0xb1, 0x00,
  0x22, 0x00, 0x81, 0x00, 0x02, 0x0e, 0x00, 0x20, 0x50, 0x15, 0x00, 0x00,
  0x50, 0x15, 0x00, 0x00, 0x41, 0x00, 0x00, 0x00, 0x4c, 0x12, 0xc0, 0x2f,
  0x04, 0x08, 0x00, 0x16, 0x04, 0x00, 0x04, 0x00, 0x41, 0x80, 0x15, 0x20,
  0x00, 0x7c, 0x40, 0x06, 0x40, 0x00, 0x00, 0x00, 0x44, 0x12, 0x00, 0x22,
  0xc0, 0x0f, 0x00, 0x16, 0x80, 0x0b, 0x80, 0x0b, 0x41, 0x00, 0x00, 0x00,
  0x2c, 0x0a, 0x84, 0x20, 0x80, 0x0f, 0x00, 0x0a, 0xc4, 0x00, 0x00, 0x00,
  0x01, 0x00, 0x00, 0x00, 0xec, 0x3a, 0x90, 0x2a, 0x00, 0x80, 0x00, 0x00,
  0x00, 0x00, 0x00, 0x00, 0x38, 0x00, 0x00, 0x09, 0xec, 0x3a, 0xa0, 0x2f,
  0x90, 0x0a, 0x00, 0x3a, 0x18, 0x08, 0x00, 0x00, 0x01, 0x00, 0x00, 0x00,
  0x2c, 0x3a, 0x8c, 0x2a, 0xa0, 0x0f, 0x00, 0x00, 0x00, 0x00, 0x00, 0x00,
  0x41, 0x96, 0x65, 0x20, 0x07, 0x7a, 0x22, 0x54, 0x41, 0x96, 0x65, 0x20,
  0x07, 0x76, 0x1c, 0x54, 0x01, 0xb6, 0x02, 0x20, 0x07, 0x78, 0x7a, 0x00,
  0x01, 0xb6, 0x02, 0x20, 0x07, 0x1a, 0x76, 0x00, 0x41, 0x56, 0x22, 0x20,
  0xe0, 0x60, 0x54, 0x78, 0x5b, 0x42, 0x07, 0x20, 0x01, 0xd0, 0x10, 0xc0,
  0x01, 0xf6, 0x00, 0x20, 0x07, 0x72, 0x74, 0x00, 0x40, 0x96, 0x15, 0x20,
  0xe0, 0x72, 0x04, 0x72, 0x09, 0x00, 0x80, 0x00, 0x28, 0x0a, 0xc0, 0x27,
  0x40, 0x0e, 0x8d, 0x1e, 0x02, 0x00, 0x02, 0x00, 0x40, 0x96, 0x75, 0x20,
  0x07, 0x70, 0x3e, 0x06, 0x31, 0x00, 0x80, 0x0c, 0x68, 0x02, 0x80, 0x22,
  0x00, 0x0e, 0x00, 0x06, 0x00, 0x5e, 0x20, 0x04, 0x01, 0x00, 0x60, 0x00,
  0xc8, 0x3a, 0x80, 0x2f, 0x80, 0x02, 0x8d, 0x00, 0x00, 0x00, 0x00, 0x00,
  0x01, 0x10, 0x60, 0x00, 0xc8, 0x3a, 0xc0, 0x2d, 0xa0, 0x02, 0x8d, 0x00,
  0x00, 0x00, 0x00, 0x00, 0x10, 0x00, 0x60, 0x05, 0xc0, 0x32, 0x00, 0x20,
  0x80, 0x0f, 0x69, 0x32, 0x88, 0x00, 0x00, 0x00, 0x10, 0x10, 0x60, 0x05,
  0xc0, 0x32, 0x00, 0x20, 0xc0, 0x0d, 0x69, 0x32, 0x88, 0x00, 0x00, 0x00,
  0x22, 0x00, 0x91, 0x00, 0x00, 0x0e, 0x00, 0x20, 0x20, 0x14, 0x00, 0x00,
  0x20, 0x14, 0x00, 0x00, 0x41, 0x00, 0x80, 0x00, 0xe8, 0x3a, 0x80, 0x2f,
  0x18, 0x08, 0x00, 0x3a, 0xc0, 0x09, 0x8d, 0x00, 0x41, 0x96, 0x65, 0x20,
  0x07, 0x74, 0x2c, 0x54, 0x41, 0x00, 0x00, 0x00, 0x2c, 0x0a, 0xc4, 0x2f,
  0x08, 0x08, 0x00, 0x0a, 0xc0, 0x00, 0x00, 0x00, 0x41, 0x96, 0x65, 0x20,
  0x07, 0x70, 0x20, 0x54, 0x41, 0x56, 0x02, 0x20, 0x07, 0x7c, 0x7c, 0x04,
  0x01, 0xb6, 0x02, 0x20, 0x07, 0x72, 0x74, 0x00, 0x41, 0x00, 0x00, 0x00,
  0x2c, 0x0a, 0x14, 0x28, 0xc4, 0x0f, 0x00, 0x0a, 0xc4, 0x00, 0x00, 0x00,
  0x01, 0xb6, 0x02, 0x20, 0x07, 0x42, 0x70, 0x00, 0x01, 0xf6, 0x00, 0x20,
  0x07, 0x7a, 0x7c, 0x00, 0x41, 0x56, 0x22, 0x20, 0xe0, 0x62, 0x54, 0x72,
  0x41, 0x00, 0x00, 0x00, 0x4c, 0x12, 0xc0, 0x2f, 0x00, 0x08, 0x00, 0x16,
  0x04, 0x00, 0x04, 0x00, 0x40, 0x96, 0x29, 0x20, 0xe0, 0x02, 0x40, 0x7a,
  0x5b, 0xc2, 0x07, 0x20, 0x01, 0x10, 0x12, 0xc4, 0x40, 0x00, 0x00, 0x00,
  0x44, 0x12, 0x00, 0x22, 0xc0, 0x0f, 0x00, 0x16, 0x80, 0x0b, 0x80, 0x0b,
  0x40, 0x96, 0x01, 0x20, 0xe7, 0x78, 0x02, 0x20, 0x01, 0xf6, 0x00, 0x20,
  0x07, 0x7a, 0x7c, 0x00, 0x01, 0x00, 0x00, 0x00, 0xec, 0x3a, 0x1c, 0x28,
  0x00, 0x80, 0x00, 0x00, 0x00, 0x00, 0x00, 0x00, 0x09, 0x00, 0x80, 0x00,
  0x28, 0x0a, 0x00, 0x2f, 0x00, 0x0f, 0x8d, 0x1e, 0x02, 0x00, 0x02, 0x00,
  0x40, 0x96, 0x15, 0x20, 0xe0, 0x7a, 0x04, 0x7a, 0x38, 0x00, 0x00, 0x09,
  0xec, 0x3a, 0xc0, 0x2f, 0x1c, 0x08, 0x00, 0x3a, 0x18, 0x08, 0x00, 0x00,
  0x7e, 0x00, 0x00, 0x00, 0x00, 0x00, 0x00, 0x00, 0x00, 0x00, 0x00, 0x00,
  0x00, 0x00, 0x00, 0x00, 0x40, 0x96, 0x75, 0x20, 0x07, 0x78, 0x78, 0x06,
  0x09, 0x00, 0x80, 0x00, 0x28, 0x0a, 0x40, 0x2f, 0x40, 0x0f, 0x8d, 0x1e,
  0x02, 0x00, 0x02, 0x00, 0x31, 0x00, 0x80, 0x0c, 0x68, 0x02, 0xc0, 0x2e,
  0x00, 0x0f, 0x00, 0x06, 0x00, 0x5e, 0x20, 0x04, 0x40, 0x96, 0x75, 0x20,
  0x07, 0x7a, 0x7a, 0x06, 0x01, 0xe0, 0x08, 0x20, 0x00, 0x54, 0x7e, 0x00,
  0x41, 0x80, 0x01, 0x20, 0x00, 0x79, 0x40, 0x06, 0x31, 0x00, 0x80, 0x0c,
  0x68, 0x02, 0x00, 0x2a, 0x40, 0x0f, 0x00, 0x06, 0x00, 0x5e, 0x20, 0x04,
  0x41, 0x96, 0x5d, 0x20, 0x07, 0x08, 0x2c, 0x54, 0x41, 0x96, 0x5d, 0x20,
  0x07, 0x74, 0x20, 0x54, 0x41, 0x00, 0x00, 0x00, 0x2c, 0x0a, 0x10, 0x28,
  0x20, 0x0f, 0x00, 0x0a, 0xc4, 0x00, 0x00, 0x00, 0x01, 0xb6, 0x02, 0x20,
  0x07, 0x0a, 0x08, 0x00, 0x01, 0xb6, 0x02, 0x20, 0x07, 0x18, 0x74, 0x00,
  0x41, 0x00, 0x80, 0x00, 0xe8, 0x3a, 0x00, 0x2e, 0x1c, 0x08, 0x00, 0x3a,
  0x40, 0x01, 0x8d, 0x00, 0x10, 0x36, 0x02, 0x24, 0xe7, 0x00, 0x76, 0x14,
  0x2e, 0x00, 0x91, 0x00, 0x00, 0x0e, 0x00, 0x20, 0xa8, 0x00, 0x00, 0x00,
  0xa8, 0x00, 0x00, 0x00, 0x5b, 0xc2, 0x07, 0x20, 0x01, 0xc0, 0x10, 0xe0,
  0x01, 0xf6, 0x00, 0x20, 0x07, 0x7a, 0x7c, 0x00, 0x40, 0x96, 0x21, 0x20,
  0xe0, 0x7a, 0x40, 0x7a, 0x09, 0x00, 0x80, 0x00, 0x28, 0x0a, 0x40, 0x2f,
  0x40, 0x0f, 0x8d, 0x1e, 0x02, 0x00, 0x02, 0x00, 0x40, 0x96, 0x75, 0x20,
  0x07, 0x7a, 0x7a, 0x06, 0x31, 0x00, 0x80, 0x0c, 0x68, 0x02, 0x00, 0x2f,
  0x40, 0x0f, 0x00, 0x06, 0x00, 0x5e, 0x20, 0x04, 0x10, 0x3e, 0x02, 0x24,
  0xe7, 0x00, 0x78, 0x14, 0x10, 0x00, 0x91, 0x04, 0xe1, 0x3a, 0x00, 0x20,
  0x00, 0x0a, 0x8d, 0x3a, 0x80, 0x02, 0x8d, 0x00, 0x2e, 0x00, 0x91, 0x00,
  0x01, 0x0e, 0x00, 0x20, 0x40, 0x00, 0x00, 0x00, 0x40, 0x00, 0x00, 0x00,
  0x01, 0x00, 0x00, 0x00, 0x44, 0x16, 0x20, 0x26, 0x00, 0x00, 0x00, 0x00,
  0x00, 0x00, 0x00, 0x00, 0x01, 0x00, 0x80, 0x00, 0x28, 0x1e, 0x80, 0x28,
  0x00, 0x00, 0x00, 0x00, 0x00, 0x00, 0x00, 0x00, 0x2e, 0x00, 0x81, 0x00,
  0x02, 0x0e, 0x00, 0x20, 0x30, 0x00, 0x00, 0x00, 0x10, 0x00, 0x00, 0x00,
  0x2f, 0x00, 0x80, 0x00, 0x00, 0x00, 0x00, 0x20, 0x00, 0x00, 0x00, 0x0e,
  0x20, 0x00, 0x00, 0x00, 0x01, 0x00, 0x80, 0x00, 0x28, 0x1e, 0x80, 0x28,
  0x00, 0x00, 0x00, 0x00, 0xff, 0xff, 0xff, 0xff, 0x2f, 0x00, 0x80, 0x00,
  0x00, 0x00, 0x00, 0x20, 0x00, 0x00, 0x00, 0x0e, 0x00, 0x00, 0x00, 0x00,
  0x41, 0x96, 0x5d, 0x20, 0x07, 0x7c, 0x1c, 0x54, 0x41, 0x96, 0x65, 0x20,
  0x07, 0x7a, 0x1e, 0x54, 0x41, 0x96, 0x5d, 0x20, 0x07, 0x78, 0x1e, 0x54,
  0x41, 0x96, 0x5d, 0x20, 0x07, 0x0c, 0x22, 0x54, 0x01, 0xb6, 0x02, 0x20,
  0x07, 0x76, 0x7c, 0x00, 0x01, 0xb6, 0x02, 0x20, 0x07, 0x16, 0x7a, 0x00,
  0x01, 0xb6, 0x02, 0x20, 0x07, 0x74, 0x78, 0x00, 0x40, 0x96, 0x01, 0x20,
  0xe7, 0x6a, 0x02, 0x1c, 0x5b, 0x22, 0x07, 0x20, 0x01, 0xb0, 0x13, 0xe0,
  0x5b, 0x82, 0x00, 0x20, 0x01, 0xb0, 0x10, 0xc4, 0x5b, 0x02, 0x07, 0x20,
  0x01, 0xa0, 0x13, 0xe0, 0x41, 0x00, 0x80, 0x00, 0xe8, 0x3a, 0xc0, 0x21,
  0x18, 0x08, 0x00, 0x3a, 0x80, 0x06, 0x8d, 0x00, 0x01, 0xf6, 0x00, 0x20,
  0x07, 0x6e, 0x72, 0x00, 0x01, 0xf6, 0x00, 0x20, 0x07, 0x0a, 0x08, 0x00,
  0x01, 0xf6, 0x00, 0x20, 0x07, 0x6c, 0x70, 0x00, 0x01, 0xb6, 0x02, 0x20,
  0x07, 0x10, 0x0c, 0x00, 0x40, 0x96, 0x21, 0x20, 0xe0, 0x6e, 0x40, 0x6e,
  0x40, 0x96, 0x15, 0x20, 0xe0, 0x0a, 0x04, 0x0a, 0x40, 0x96, 0x21, 0x20,
  0xe0, 0x6c, 0x40, 0x6c, 0x09, 0x00, 0x80, 0x00, 0x28, 0x0a, 0x40, 0x2d,
  0x40, 0x0d, 0x8d, 0x1e, 0x02, 0x00, 0x02, 0x00, 0x41, 0x56, 0x02, 0x20,
  0x07, 0x0e, 0x0e, 0x04, 0x09, 0x00, 0x80, 0x00, 0x28, 0x0a, 0x40, 0x21,
  0x40, 0x01, 0x8d, 0x1e, 0x02, 0x00, 0x02, 0x00, 0x09, 0x00, 0x80, 0x00,
  0x28, 0x0a, 0x80, 0x2d, 0x80, 0x0d, 0x8d, 0x1e, 0x02, 0x00, 0x02, 0x00,
  0x41, 0x00, 0x80, 0x00, 0xe8, 0x3a, 0x00, 0x21, 0x1c, 0x08, 0x00, 0x3a,
  0x00, 0x02, 0x8d, 0x00, 0x09, 0x00, 0x80, 0x00, 0x28, 0x0a, 0xc0, 0x2d,
  0xc0, 0x0d, 0x8d, 0x1e, 0x02, 0x00, 0x02, 0x00, 0x40, 0x96, 0x75, 0x20,
  0x07, 0x0a, 0x0a, 0x06, 0x40, 0x96, 0x75, 0x20, 0x07, 0x6c, 0x6c, 0x06,
  0x40, 0x96, 0x75, 0x20, 0x07, 0x6a, 0x6a, 0x06, 0x01, 0xf6, 0x00, 0x20,
  0x07, 0x12, 0x0e, 0x00, 0x5b, 0xc2, 0x07, 0x20, 0x01, 0xc0, 0x10, 0x10,
  0x40, 0x96, 0x75, 0x20, 0x07, 0x6e, 0x6e, 0x06, 0x31, 0x00, 0x80, 0x0c,
  0x68, 0x02, 0xc0, 0x26, 0x40, 0x01, 0x00, 0x06, 0x00, 0x5e, 0x20, 0x04,
  0x31, 0x00, 0x80, 0x0c, 0x68, 0x02, 0x40, 0x2f, 0x80, 0x0d, 0x00, 0x06,
  0x00, 0x5e, 0x20, 0x04, 0x40, 0x96, 0x29, 0x20, 0xe0, 0x0c, 0x40, 0x12,
  0x31, 0x00, 0x80, 0x0c, 0x68, 0x02, 0x00, 0x27, 0x40, 0x0d, 0x00, 0x06,
  0x00, 0x5e, 0x20, 0x04, 0x01, 0xf6, 0x00, 0x20, 0x07, 0x78, 0x7c, 0x00,
  0x31, 0x00, 0x80, 0x0c, 0x68, 0x02, 0x80, 0x27, 0xc0, 0x0d, 0x00, 0x06,
  0x00, 0x5e, 0x20, 0x04, 0x40, 0x96, 0x01, 0x20, 0xe7, 0x72, 0x02, 0x1e,
  0x40, 0x96, 0x01, 0x20, 0xe7, 0x10, 0x0c, 0x20, 0x40, 0x96, 0x21, 0x20,
  0xe0, 0x78, 0x40, 0x78, 0x5b, 0x02, 0x07, 0x20, 0x01, 0xb0, 0x13, 0x10,
  0x09, 0x00, 0x80, 0x00, 0x28, 0x0a, 0x40, 0x2e, 0x40, 0x0e, 0x8d, 0x1e,
  0x02, 0x00, 0x02, 0x00, 0x09, 0x00, 0x80, 0x00, 0x28, 0x0a, 0x00, 0x22,
  0x00, 0x02, 0x8d, 0x1e, 0x02, 0x00, 0x02, 0x00, 0x09, 0x00, 0x80, 0x00,
  0x28, 0x0a, 0x00, 0x2f, 0x00, 0x0f, 0x8d, 0x1e, 0x02, 0x00, 0x02, 0x00,
  0x01, 0xf6, 0x00, 0x20, 0x07, 0x6e, 0x70, 0x00, 0x40, 0x96, 0x75, 0x20,
  0x07, 0x72, 0x72, 0x06, 0x40, 0x96, 0x75, 0x20, 0x07, 0x10, 0x10, 0x06,
  0x40, 0x96, 0x75, 0x20, 0x07, 0x78, 0x78, 0x06, 0x40, 0x96, 0x01, 0x20,
  0xe7, 0x0a, 0x0c, 0x1c, 0x31, 0x00, 0x80, 0x0c, 0x68, 0x02, 0x80, 0x2f,
  0x40, 0x0e, 0x00, 0x06, 0x00, 0x5e, 0x20, 0x04, 0x40, 0x96, 0x21, 0x20,
  0xe0, 0x6e, 0x40, 0x6e, 0x31, 0x00, 0x80, 0x0c, 0x68, 0x02, 0x40, 0x26,
  0x00, 0x02, 0x00, 0x06, 0x00, 0x5e, 0x20, 0x04, 0x09, 0x00, 0x80, 0x00,
  0x28, 0x0a, 0x40, 0x21, 0x40, 0x01, 0x8d, 0x1e, 0x02, 0x00, 0x02, 0x00,
  0x31, 0x00, 0x80, 0x0c, 0x68, 0x02, 0x40, 0x27, 0x00, 0x0f, 0x00, 0x06,
  0x00, 0x5e, 0x20, 0x04, 0x09, 0x00, 0x80, 0x00, 0x28, 0x0a, 0xc0, 0x2d,
  0xc0, 0x0d, 0x8d, 0x1e, 0x02, 0x00, 0x02, 0x00, 0x01, 0x00, 0x00, 0x00,
  0x4c, 0x16, 0xc0, 0x2f, 0x00, 0x00, 0x00, 0x00, 0x01, 0x00, 0x01, 0x00,
  0x40, 0x96, 0x75, 0x20, 0x07, 0x0a, 0x0a, 0x06, 0x41, 0x96, 0x65, 0x20,
  0x07, 0x70, 0x24, 0x54, 0x40, 0x96, 0x75, 0x20, 0x07, 0x6e, 0x6e, 0x06,
  0x40, 0x96, 0x01, 0x20, 0xe7, 0x68, 0x0c, 0x1e, 0x31, 0x00, 0x80, 0x0c,
  0x68, 0x02, 0x00, 0x25, 0x40, 0x01, 0x00, 0x06, 0x00, 0x5e, 0x20, 0x04,
  0x5b, 0xa2, 0x00, 0x20, 0x01, 0xa0, 0x13, 0x10, 0x31, 0x00, 0x80, 0x0c,
  0x68, 0x02, 0xc0, 0x24, 0xc0, 0x0d, 0x00, 0x06, 0x00, 0x5e, 0x20, 0x04,
  0x41, 0x96, 0x5d, 0x20, 0x07, 0x6e, 0x24, 0x54, 0x09, 0x00, 0x80, 0x00,
  0x28, 0x0a, 0x00, 0x2d, 0x00, 0x0d, 0x8d, 0x1e, 0x02, 0x00, 0x02, 0x00,
  0x01, 0xf6, 0x00, 0x20, 0x07, 0x0e, 0x0a, 0x00, 0x41, 0x00, 0x80, 0x00,
  0xe8, 0x3a, 0x40, 0x21, 0x18, 0x08, 0x00, 0x3a, 0xc0, 0x08, 0x8d, 0x00,
  0x01, 0xb6, 0x02, 0x20, 0x07, 0x6c, 0x6e, 0x00, 0x40, 0x96, 0x75, 0x20,
  0x07, 0x68, 0x68, 0x06, 0x40, 0x96, 0x21, 0x20, 0xe0, 0x0e, 0x40, 0x0e,
  0x41, 0x56, 0x02, 0x20, 0x07, 0x0a, 0x0a, 0x04, 0x41, 0x00, 0x80, 0x00,
  0xe8, 0x3a, 0x40, 0x2d, 0x1c, 0x08, 0x00, 0x3a, 0x80, 0x0d, 0x8d, 0x00,
  0x31, 0x00, 0x80, 0x0c, 0x68, 0x02, 0x00, 0x26, 0x00, 0x0d, 0x00, 0x06,
  0x00, 0x5e, 0x20, 0x04, 0x09, 0x00, 0x80, 0x00, 0x28, 0x0a, 0xc0, 0x21,
  0xc0, 0x01, 0x8d, 0x1e, 0x02, 0x00, 0x02, 0x00, 0x01, 0xf6, 0x00, 0x20,
  0x07, 0x0c, 0x0a, 0x00, 0x40, 0x96, 0x75, 0x20, 0x07, 0x0e, 0x0e, 0x06,
  0x31, 0x00, 0x80, 0x0c, 0x68, 0x02, 0x40, 0x25, 0xc0, 0x01, 0x00, 0x06,
  0x00, 0x5e, 0x20, 0x04, 0x10, 0x3e, 0x02, 0x24, 0xe7, 0x00, 0x36, 0x14,
  0x10, 0x00, 0x80, 0x04, 0xe2, 0x3a, 0x00, 0x20, 0x40, 0x0f, 0x8d, 0x3a,
  0x80, 0x02, 0x8d, 0x00, 0x10, 0x36, 0x02, 0x24, 0xe7, 0x00, 0x38, 0x14,
  0x04, 0x00, 0x00, 0x00, 0x44, 0x10, 0x02, 0x26, 0x02, 0x06, 0x00, 0x00,
  0x00, 0x00, 0x00, 0x00, 0x04, 0x00, 0x00, 0x00, 0x44, 0x10, 0x20, 0x26,
  0x20, 0x06, 0x00, 0x00, 0x00, 0x00, 0x00, 0x00, 0x10, 0x00, 0x80, 0x04,
  0xe3, 0x3a, 0x00, 0x20, 0x80, 0x07, 0x8d, 0x3a, 0x80, 0x02, 0x8d, 0x00,
  0x04, 0x00, 0x00, 0x00, 0x44, 0x10, 0x00, 0x26, 0x00, 0x06, 0x00, 0x00,
  0x00, 0x00, 0x00, 0x00, 0x02, 0x00, 0x81, 0x00, 0x49, 0x12, 0x60, 0x2e,
  0xc0, 0x0f, 0x00, 0x16, 0x00, 0x00, 0x00, 0x00, 0x04, 0x00, 0x00, 0x00,
  0x44, 0x10, 0x22, 0x26, 0x22, 0x06, 0x00, 0x00, 0x00, 0x00, 0x00, 0x00,
  0x02, 0x00, 0x81, 0x00, 0x4a, 0x12, 0x60, 0x20, 0xc0, 0x0f, 0x00, 0x16,
  0x00, 0x00, 0x00, 0x00, 0x02, 0x00, 0x81, 0x00, 0x48, 0x12, 0x20, 0x2f,
  0xc0, 0x0f, 0x00, 0x16, 0x00, 0x00, 0x00, 0x00, 0x02, 0x00, 0x81, 0x00,
  0x4b, 0x12, 0x00, 0x2f, 0xc0, 0x0f, 0x00, 0x16, 0x00, 0x00, 0x00, 0x00,
  0x05, 0x00, 0x80, 0x02, 0x43, 0x12, 0x00, 0x20, 0x60, 0x0e, 0xb1, 0x12,
  0x60, 0x00, 0xb1, 0x00, 0x05, 0xde, 0x03, 0xe2, 0xff, 0x00, 0x79, 0x78,
  0x02, 0x00, 0x81, 0x00, 0x4b, 0x12, 0x60, 0x2f, 0xc0, 0x0f, 0x00, 0x16,
  0x00, 0x00, 0x00, 0x00, 0x10, 0x36, 0x02, 0x24, 0xe7, 0x00, 0x7c, 0x14,
  0x02, 0x00, 0x81, 0x00, 0x49, 0x12, 0x40, 0x2f, 0xc0, 0x0f, 0x00, 0x16,
  0x00, 0x00, 0x00, 0x00, 0x10, 0x00, 0x80, 0x04, 0xe3, 0x3a, 0x00, 0x20,
  0x40, 0x06, 0x8d, 0x3a, 0x80, 0x02, 0x8d, 0x00, 0x04, 0x00, 0x00, 0x00,
  0x44, 0x10, 0x02, 0x26, 0x00, 0x06, 0x00, 0x00, 0x00, 0x00, 0x00, 0x00,
  0x10, 0x00, 0x80, 0x04, 0xe2, 0x3a, 0x00, 0x20, 0x40, 0x07, 0x8d, 0x3a,
  0x80, 0x02, 0x8d, 0x00, 0x05, 0xd6, 0x03, 0xe2, 0xff, 0x00, 0x7b, 0x7a,
  0x04, 0x00, 0x00, 0x00, 0x44, 0x10, 0x22, 0x26, 0x22, 0x06, 0x00, 0x00,
  0x00, 0x00, 0x00, 0x00, 0x02, 0x00, 0x81, 0x00, 0x49, 0x12, 0x40, 0x2e,
  0xc0, 0x0f, 0x00, 0x16, 0x00, 0x00, 0x00, 0x00, 0x04, 0x00, 0x00, 0x00,
  0x44, 0x10, 0x20, 0x26, 0x20, 0x06, 0x00, 0x00, 0x00, 0x00, 0x00, 0x00,
  0x02, 0x00, 0x81, 0x00, 0x48, 0x12, 0x20, 0x2f, 0xc0, 0x0f, 0x00, 0x16,
  0x00, 0x00, 0x00, 0x00, 0x02, 0x00, 0x81, 0x00, 0x4b, 0x12, 0x00, 0x2f,
  0xc0, 0x0f, 0x00, 0x16, 0x00, 0x00, 0x00, 0x00, 0x02, 0x00, 0x81, 0x00,
  0x4a, 0x12, 0xa0, 0x2f, 0xc0, 0x0f, 0x00, 0x16, 0x00, 0x00, 0x00, 0x00,
  0x05, 0xd6, 0x03, 0xe2, 0xff, 0x00, 0x72, 0x79, 0x10, 0x00, 0x80, 0x04,
  0xe2, 0x3a, 0x00, 0x20, 0x00, 0x05, 0x8d, 0x3a, 0x80, 0x02, 0x8d, 0x00,
  0x10, 0x3e, 0x02, 0x24, 0xe7, 0x00, 0x26, 0x14, 0x05, 0x00, 0x80, 0x02,
  0x43, 0x12, 0x00, 0x20, 0x00, 0x0f, 0xb1, 0x12, 0xa0, 0x0f, 0xb1, 0x00,
  0x01, 0xb6, 0x02, 0x20, 0x07, 0x78, 0x70, 0x00, 0x02, 0x00, 0x81, 0x00,
  0x48, 0x12, 0x60, 0x2f, 0xc0, 0x0f, 0x00, 0x16, 0x00, 0x00, 0x00, 0x00,
  0x04, 0x00, 0x00, 0x00, 0x44, 0x10, 0x20, 0x26, 0x20, 0x06, 0x00, 0x00,
  0x00, 0x00, 0x00, 0x00, 0x04, 0x00, 0x00, 0x00, 0x44, 0x10, 0x02, 0x26,
  0x02, 0x06, 0x00, 0x00, 0x00, 0x00, 0x00, 0x00, 0x02, 0x00, 0x81, 0x00,
  0x4b, 0x12, 0x80, 0x2f, 0xc0, 0x0f, 0x00, 0x16, 0x00, 0x00, 0x00, 0x00,
  0x41, 0x56, 0x22, 0x20, 0xe0, 0x64, 0x54, 0x78, 0x5b, 0x02, 0x07, 0x20,
  0x01, 0xb0, 0x13, 0xd4, 0x02, 0x00, 0x81, 0x00, 0x4a, 0x12, 0x40, 0x2f,
  0xc0, 0x0f, 0x00, 0x16, 0x00, 0x00, 0x00, 0x00, 0x02, 0x00, 0x81, 0x00,
  0x49, 0x12, 0x60, 0x2e, 0xc0, 0x0f, 0x00, 0x16, 0x00, 0x00, 0x00, 0x00,
  0x05, 0xd6, 0x03, 0xe2, 0xff, 0x00, 0x7c, 0x7b, 0x5b, 0x02, 0x01, 0x20,
  0x01, 0x10, 0x12, 0xc8, 0x5b, 0xc2, 0x07, 0x20, 0x01, 0xc0, 0x10, 0xd4,
  0x05, 0x00, 0x80, 0x02, 0x43, 0x12, 0x00, 0x20, 0x40, 0x0f, 0xb1, 0x12,
  0x60, 0x0e, 0xb1, 0x00, 0x10, 0x00, 0x80, 0x04, 0xe2, 0x3a, 0x00, 0x20,
  0x00, 0x06, 0x8d, 0x3a, 0x80, 0x02, 0x8d, 0x00, 0x01, 0xf6, 0x00, 0x20,
  0x07, 0x08, 0x10, 0x00, 0x01, 0xf6, 0x00, 0x20, 0x07, 0x7a, 0x7c, 0x00,
  0x40, 0x96, 0x29, 0x20, 0xe0, 0x10, 0x40, 0x0c, 0x10, 0x3e, 0x02, 0x24,
  0xe7, 0x00, 0x2a, 0x14, 0x40, 0x96, 0x15, 0x20, 0xe0, 0x08, 0x04, 0x08,
  0x40, 0x96, 0x21, 0x20, 0xe0, 0x7a, 0x40, 0x7a, 0x40, 0x96, 0x01, 0x20,
  0xe7, 0x12, 0x10, 0x20, 0x04, 0x00, 0x00, 0x00, 0x44, 0x10, 0x20, 0x26,
  0x20, 0x06, 0x00, 0x00, 0x00, 0x00, 0x00, 0x00, 0x09, 0x00, 0x80, 0x00,
  0x28, 0x0a, 0x00, 0x21, 0x00, 0x01, 0x8d, 0x1e, 0x02, 0x00, 0x02, 0x00,
  0x09, 0x00, 0x80, 0x00, 0x28, 0x0a, 0x40, 0x2f, 0x40, 0x0f, 0x8d, 0x1e,
  0x02, 0x00, 0x02, 0x00, 0x09, 0x00, 0x80, 0x00, 0x28, 0x0a, 0x40, 0x22,
  0x40, 0x02, 0x8d, 0x1e, 0x02, 0x00, 0x02, 0x00, 0x04, 0x00, 0x00, 0x00,
  0x44, 0x10, 0x02, 0x26, 0x02, 0x06, 0x00, 0x00, 0x00, 0x00, 0x00, 0x00,
  0x40, 0x96, 0x75, 0x20, 0x07, 0x08, 0x08, 0x06, 0x40, 0x96, 0x75, 0x20,
  0x07, 0x7a, 0x7a, 0x06, 0x40, 0x96, 0x75, 0x20, 0x07, 0x12, 0x12, 0x06,
  0x02, 0x00, 0x81, 0x00, 0x48, 0x12, 0x60, 0x20, 0xc0, 0x0f, 0x00, 0x16,
  0x00, 0x00, 0x00, 0x00, 0x31, 0x00, 0x80, 0x0c, 0x68, 0x02, 0x00, 0x23,
  0x00, 0x01, 0x00, 0x06, 0x00, 0x5e, 0x20, 0x04, 0x02, 0x00, 0x81, 0x00,
  0x4b, 0x12, 0x20, 0x2f, 0xc0, 0x0f, 0x00, 0x16, 0x00, 0x00, 0x00, 0x00,
  0x31, 0x00, 0x80, 0x0c, 0x68, 0x02, 0x80, 0x2f, 0x40, 0x0f, 0x00, 0x06,
  0x00, 0x5e, 0x20, 0x04, 0x02, 0x00, 0x81, 0x00, 0x49, 0x12, 0x00, 0x21,
  0xc0, 0x0f, 0x00, 0x16, 0x00, 0x00, 0x00, 0x00, 0x31, 0x00, 0x80, 0x0c,
  0x68, 0x02, 0xc0, 0x21, 0x40, 0x02, 0x00, 0x06, 0x00, 0x5e, 0x20, 0x04,
  0x02, 0x00, 0x81, 0x00, 0x4a, 0x12, 0x60, 0x2f, 0xc0, 0x0f, 0x00, 0x16,
  0x00, 0x00, 0x00, 0x00, 0x05, 0xd6, 0x03, 0xe2, 0xff, 0x00, 0x79, 0x03,
  0x01, 0xf6, 0x00, 0x20, 0x07, 0x6e, 0x70, 0x00, 0x40, 0x96, 0x01, 0x20,
  0xe7, 0x6c, 0x10, 0x1c, 0x05, 0x00, 0x80, 0x02, 0x43, 0x12, 0x00, 0x20,
  0x60, 0x0f, 0xb1, 0x12, 0x00, 0x01, 0xb1, 0x00, 0x02, 0x00, 0x81, 0x00,
  0x48, 0x12, 0x00, 0x2f, 0xc0, 0x0f, 0x00, 0x16, 0x00, 0x00, 0x00, 0x00,
  0x40, 0x96, 0x21, 0x20, 0xe0, 0x6e, 0x40, 0x6e, 0x5b, 0xa2, 0x00, 0x20,
  0x01, 0xb0, 0x10, 0xc8, 0x02, 0x00, 0x81, 0x00, 0x4b, 0x12, 0x40, 0x2f,
  0xc0, 0x0f, 0x00, 0x16, 0x00, 0x00, 0x00, 0x00, 0x09, 0x00, 0x80, 0x00,
  0x28, 0x0a, 0x80, 0x2d, 0x80, 0x0d, 0x8d, 0x1e, 0x02, 0x00, 0x02, 0x00,
  0x09, 0x00, 0x80, 0x00, 0x28, 0x0a, 0xc0, 0x2d, 0xc0, 0x0d, 0x8d, 0x1e,
  0x02, 0x00, 0x02, 0x00, 0x40, 0x96, 0x75, 0x20, 0x07, 0x6c, 0x6c, 0x06,
  0x40, 0x96, 0x75, 0x20, 0x07, 0x6e, 0x6e, 0x06, 0x31, 0x00, 0x80, 0x0c,
  0x68, 0x02, 0x40, 0x22, 0x80, 0x0d, 0x00, 0x06, 0x00, 0x5e, 0x20, 0x04,
  0x10, 0x00, 0x80, 0x04, 0xe2, 0x3a, 0x00, 0x20, 0x00, 0x03, 0x8d, 0x3a,
  0x80, 0x02, 0x8d, 0x00, 0x10, 0x3e, 0x02, 0x24, 0xe7, 0x00, 0x7c, 0x14,
  0x04, 0x00, 0x00, 0x00, 0x44, 0x10, 0x20, 0x26, 0x20, 0x06, 0x00, 0x00,
  0x00, 0x00, 0x00, 0x00, 0x04, 0x00, 0x00, 0x00, 0x44, 0x10, 0x02, 0x26,
  0x02, 0x06, 0x00, 0x00, 0x00, 0x00, 0x00, 0x00, 0x02, 0x00, 0x81, 0x00,
  0x4a, 0x12, 0x60, 0x2e, 0xc0, 0x0f, 0x00, 0x16, 0x00, 0x00, 0x00, 0x00,
  0x05, 0x00, 0x80, 0x02, 0x42, 0x12, 0x00, 0x20, 0x40, 0x0f, 0xb1, 0x12,
  0x00, 0x0f, 0xb1, 0x00, 0x02, 0x00, 0x81, 0x00, 0x49, 0x12, 0x20, 0x21,
  0xc0, 0x0f, 0x00, 0x16, 0x00, 0x00, 0x00, 0x00, 0x5b, 0xa2, 0x07, 0x20,
  0x01, 0xa0, 0x13, 0xd4, 0x01, 0xf6, 0x00, 0x20, 0x07, 0x78, 0x0a, 0x00,
  0x10, 0x3e, 0x02, 0x24, 0xe7, 0x00, 0x0e, 0x14, 0x05, 0xd6, 0x03, 0xe2,
  0xff, 0x00, 0x73, 0x09, 0x01, 0xf6, 0x00, 0x20, 0x07, 0x72, 0x7a, 0x00,
  0x40, 0x96, 0x15, 0x20, 0xe0, 0x78, 0x04, 0x78, 0x31, 0x00, 0x80, 0x0c,
  0x68, 0x02, 0xc0, 0x21, 0xc0, 0x0d, 0x00, 0x06, 0x00, 0x5e, 0x20, 0x04,
  0x02, 0x00, 0x81, 0x00, 0x4a, 0x12, 0x60, 0x20, 0xc0, 0x0f, 0x00, 0x16,
  0x00, 0x00, 0x00, 0x00, 0x40, 0x96, 0x21, 0x20, 0xe0, 0x72, 0x40, 0x72,
  0x09, 0x00, 0x80, 0x00, 0x28, 0x0a, 0x00, 0x2f, 0x00, 0x0f, 0x8d, 0x1e,
  0x02, 0x00, 0x02, 0x00, 0x02, 0x00, 0x81, 0x00, 0x48, 0x12, 0xa0, 0x2f,
  0xc0, 0x0f, 0x00, 0x16, 0x00, 0x00, 0x00, 0x00, 0x40, 0x96, 0x01, 0x20,
  0xe7, 0x7a, 0x10, 0x1e, 0x09, 0x00, 0x80, 0x00, 0x28, 0x0a, 0x40, 0x2e,
  0x40, 0x0e, 0x8d, 0x1e, 0x02, 0x00, 0x02, 0x00, 0x40, 0x96, 0x75, 0x20,
  0x07, 0x78, 0x78, 0x06, 0x05, 0x00, 0x80, 0x02, 0x43, 0x12, 0x00, 0x20,
  0xa0, 0x0f, 0xb1, 0x12, 0x60, 0x00, 0xb1, 0x00, 0x09, 0x00, 0x80, 0x00,
  0x28, 0x0a, 0x40, 0x2f, 0x40, 0x0f, 0x8d, 0x1e, 0x02, 0x00, 0x02, 0x00,
  0x40, 0x96, 0x75, 0x20, 0x07, 0x72, 0x72, 0x06, 0x31, 0x00, 0x80, 0x0c,
  0x68, 0x02, 0x80, 0x21, 0x00, 0x0f, 0x00, 0x06, 0x00, 0x5e, 0x20, 0x04,
  0x04, 0x00, 0x00, 0x00, 0x44, 0x10, 0x00, 0x26, 0x02, 0x06, 0x00, 0x00,
  0x00, 0x00, 0x00, 0x00, 0x40, 0x96, 0x75, 0x20, 0x07, 0x7a, 0x7a, 0x06,
  0x31, 0x00, 0x80, 0x0c, 0x68, 0x02, 0x80, 0x2f, 0x40, 0x0e, 0x00, 0x06,
  0x00, 0x5e, 0x20, 0x04, 0x10, 0x00, 0x80, 0x04, 0xe2, 0x3a, 0x00, 0x20,
  0x40, 0x02, 0x8d, 0x3a, 0x80, 0x02, 0x8d, 0x00, 0x02, 0x00, 0x81, 0x00,
  0x4b, 0x12, 0x60, 0x20, 0xc0, 0x0f, 0x00, 0x16, 0x00, 0x00, 0x00, 0x00,
  0x31, 0x00, 0x80, 0x0c, 0x68, 0x02, 0xc0, 0x2e, 0x40, 0x0f, 0x00, 0x06,
  0x00, 0x5e, 0x20, 0x04, 0x02, 0x00, 0x81, 0x00, 0x48, 0x12, 0xa0, 0x2e,
  0xc0, 0x0f, 0x00, 0x16, 0x00, 0x00, 0x00, 0x00, 0x04, 0x00, 0x00, 0x00,
  0x44, 0x10, 0x20, 0x26, 0x20, 0x06, 0x00, 0x00, 0x00, 0x00, 0x00, 0x00,
  0x05, 0xd6, 0x03, 0xe2, 0xff, 0x00, 0x75, 0x03, 0x02, 0x00, 0x81, 0x00,
  0x4a, 0x12, 0x20, 0x2f, 0xc0, 0x0f, 0x00, 0x16, 0x00, 0x00, 0x00, 0x00,
  0x02, 0x00, 0x81, 0x00, 0x48, 0x12, 0x40, 0x2f, 0xc0, 0x0f, 0x00, 0x16,
  0x00, 0x00, 0x00, 0x00, 0x10, 0x3e, 0x02, 0x24, 0xe7, 0x00, 0x0e, 0x14,
  0x04, 0x00, 0x00, 0x00, 0x44, 0x10, 0x02, 0x26, 0x02, 0x06, 0x00, 0x00,
  0x00, 0x00, 0x00, 0x00, 0x02, 0x00, 0x81, 0x00, 0x49, 0x12, 0x00, 0x21,
  0xc0, 0x0f, 0x00, 0x16, 0x00, 0x00, 0x00, 0x00, 0x05, 0x00, 0x80, 0x02,
  0x43, 0x12, 0x00, 0x20, 0x20, 0x0f, 0xb1, 0x12, 0x00, 0x01, 0xb1, 0x00,
  0x10, 0x00, 0x80, 0x04, 0xe2, 0x3a, 0x00, 0x20, 0x80, 0x01, 0x8d, 0x3a,
  0x80, 0x02, 0x8d, 0x00, 0x10, 0x3e, 0x02, 0x24, 0xe7, 0x00, 0x7c, 0x14,
  0x02, 0x00, 0x81, 0x00, 0x4b, 0x12, 0x60, 0x2f, 0xc0, 0x0f, 0x00, 0x16,
  0x00, 0x00, 0x00, 0x00, 0x04, 0x00, 0x00, 0x00, 0x44, 0x10, 0x20, 0x26,
  0x20, 0x06, 0x00, 0x00, 0x00, 0x00, 0x00, 0x00, 0x04, 0x00, 0x00, 0x00,
  0x44, 0x10, 0x02, 0x26, 0x02, 0x06, 0x00, 0x00, 0x00, 0x00, 0x00, 0x00,
  0x05, 0x00, 0x80, 0x02, 0x43, 0x12, 0x00, 0x20, 0x60, 0x0f, 0xb1, 0x12,
  0x40, 0x0f, 0xb1, 0x00, 0x02, 0x00, 0x81, 0x00, 0x4a, 0x12, 0x00, 0x2f,
  0xc0, 0x0f, 0x00, 0x16, 0x00, 0x00, 0x00, 0x00, 0x10, 0x00, 0x80, 0x04,
  0xe2, 0x3a, 0x00, 0x20, 0xc0, 0x0e, 0x8d, 0x3a, 0x80, 0x02, 0x8d, 0x00,
  0x02, 0x00, 0x81, 0x00, 0x49, 0x12, 0x20, 0x21, 0xc0, 0x0f, 0x00, 0x16,
  0x00, 0x00, 0x00, 0x00, 0x02, 0x00, 0x81, 0x00, 0x4b, 0x12, 0x80, 0x2f,
  0xc0, 0x0f, 0x00, 0x16, 0x00, 0x00, 0x00, 0x00, 0x04, 0x00, 0x00, 0x00,
  0x44, 0x10, 0x00, 0x26, 0x20, 0x06, 0x00, 0x00, 0x00, 0x00, 0x00, 0x00,
  0x05, 0xde, 0x03, 0xe2, 0xff, 0x00, 0x78, 0x09, 0x02, 0x00, 0x81, 0x00,
  0x48, 0x12, 0x20, 0x2f, 0xc0, 0x0f, 0x00, 0x16, 0x00, 0x00, 0x00, 0x00,
  0x02, 0x00, 0x81, 0x00, 0x49, 0x12, 0xa0, 0x2f, 0xc0, 0x0f, 0x00, 0x16,
  0x00, 0x00, 0x00, 0x00, 0x05, 0x00, 0x80, 0x02, 0x43, 0x12, 0x00, 0x20,
  0xa0, 0x0f, 0xb1, 0x12, 0x80, 0x0f, 0xb1, 0x00, 0x02, 0x00, 0x81, 0x00,
  0x4b, 0x12, 0xa0, 0x2e, 0xc0, 0x0f, 0x00, 0x16, 0x00, 0x00, 0x00, 0x00,
  0x05, 0xde, 0x03, 0xe2, 0xff, 0x00, 0x79, 0x75, 0x04, 0x00, 0x00, 0x00,
  0x44, 0x10, 0x00, 0x26, 0x02, 0x06, 0x00, 0x00, 0x00, 0x00, 0x00, 0x00,
  0x10, 0x00, 0x91, 0x02, 0x20, 0x0a, 0x00, 0x20, 0x80, 0x08, 0x8d, 0x1e,
  0x00, 0x00, 0x00, 0x00, 0x22, 0x00, 0x91, 0x00, 0x00, 0x0e, 0x00, 0x20,
  0x28, 0x07, 0x00, 0x00, 0x28, 0x07, 0x00, 0x00, 0x01, 0x00, 0x00, 0x00,
  0x0c, 0x16, 0xc8, 0x2f, 0x00, 0x00, 0x00, 0x00, 0xb4, 0x00, 0xb4, 0x00,
  0x40, 0x00, 0x80, 0x00, 0x08, 0x02, 0x00, 0x21, 0x80, 0x09, 0x8d, 0x16,
  0x10, 0x00, 0x10, 0x00, 0x5b, 0x42, 0x06, 0x20, 0x01, 0xd0, 0x10, 0xc8,
  0x5b, 0x22, 0x06, 0x20, 0x01, 0xd0, 0x10, 0xc4, 0x31, 0x00, 0x60, 0x0a,
  0x2c, 0x02, 0xa0, 0x2f, 0xc0, 0x0f, 0x00, 0x06, 0x04, 0x42, 0x18, 0x02,
  0x01, 0x00, 0x00, 0x00, 0x4c, 0x16, 0xc0, 0x2f, 0x00, 0x00, 0x00, 0x00,
  0xd4, 0x00, 0xd4, 0x00, 0x5b, 0xa2, 0x00, 0x20, 0x01, 0xb0, 0x10, 0xc0,
  0x01, 0xf6, 0x00, 0x20, 0x07, 0x5e, 0x64, 0x00, 0x5b, 0x02, 0x06, 0x20,
  0x01, 0x10, 0x12, 0xc0, 0x40, 0x00, 0x20, 0x00, 0x0c, 0x12, 0x80, 0x2f,
  0xc0, 0x0f, 0x00, 0x26, 0x00, 0x04, 0x00, 0x00, 0x40, 0x96, 0x15, 0x20,
  0xe0, 0x5e, 0x04, 0x5e, 0x09, 0x00, 0x80, 0x00, 0x28, 0x0a, 0xc0, 0x2b,
  0xc0, 0x0b, 0x8d, 0x1e, 0x02, 0x00, 0x02, 0x00, 0x40, 0x96, 0x75, 0x20,
  0x07, 0x5e, 0x5e, 0x06, 0x01, 0xd6, 0x02, 0x20, 0x00, 0x6c, 0x7d, 0x00,
  0x01, 0xd6, 0x16, 0x20, 0x00, 0x6e, 0x7d, 0x00, 0x01, 0xd6, 0x1a, 0x20,
  0x00, 0x70, 0x7d, 0x00, 0x01, 0xd6, 0x1e, 0x20, 0x00, 0x72, 0x7d, 0x00,
  0x01, 0xd6, 0x22, 0x20, 0x00, 0x74, 0x7d, 0x00, 0x01, 0xd6, 0x2a, 0x20,
  0x00, 0x76, 0x7d, 0x00, 0x01, 0x00, 0x80, 0x00, 0x28, 0x0a, 0x00, 0x2f,
  0xb8, 0x0f, 0x00, 0x00, 0x00, 0x00, 0x00, 0x00, 0x01, 0x00, 0x80, 0x00,
  0x28, 0x0a, 0x40, 0x2f, 0xbc, 0x0f, 0x00, 0x00, 0x00, 0x00, 0x00, 0x00,
  0x33, 0x00, 0x80, 0x0c, 0x70, 0xc0, 0x06, 0x00, 0x88, 0x09, 0x00, 0x00,
  0xff, 0x50, 0x02, 0x04, 0x33, 0x00, 0x80, 0x0c, 0x70, 0x40, 0x07, 0x00,
  0x08, 0x01, 0x00, 0x00, 0xff, 0x50, 0x02, 0x04, 0x01, 0xf6, 0x00, 0x20,
  0x07, 0x7a, 0x62, 0x00, 0x01, 0xf6, 0x00, 0x20, 0x07, 0x08, 0x0a, 0x00,
  0x01, 0xf6, 0x00, 0x20, 0x07, 0x78, 0x60, 0x00, 0x40, 0x56, 0x02, 0x20,
  0xf7, 0x76, 0x30, 0x32, 0x40, 0x96, 0x15, 0x20, 0xe0, 0x7a, 0x04, 0x7a,
  0x40, 0x96, 0x15, 0x20, 0xe0, 0x08, 0x04, 0x08, 0x40, 0x96, 0x15, 0x20,
  0xe0, 0x78, 0x04, 0x78, 0x40, 0x56, 0x02, 0x20, 0xf7, 0x0a, 0x12, 0x38,
  0x09, 0x00, 0x80, 0x00, 0x28, 0x0a, 0x40, 0x2f, 0x40, 0x0f, 0x8d, 0x1e,
  0x02, 0x00, 0x02, 0x00, 0x09, 0x00, 0x80, 0x00, 0x28, 0x0a, 0x00, 0x21,
  0x00, 0x01, 0x8d, 0x1e, 0x02, 0x00, 0x02, 0x00, 0x09, 0x00, 0x80, 0x00,
  0x28, 0x0a, 0x00, 0x2f, 0x00, 0x0f, 0x8d, 0x1e, 0x02, 0x00, 0x02, 0x00,
  0x40, 0x56, 0x02, 0x20, 0xe7, 0x74, 0x28, 0x26, 0x40, 0x96, 0x75, 0x20,
  0x07, 0x7a, 0x7a, 0x06, 0x40, 0x96, 0x75, 0x20, 0x07, 0x08, 0x08, 0x06,
  0x40, 0x96, 0x75, 0x20, 0x07, 0x78, 0x78, 0x06, 0x40, 0x56, 0x02, 0x20,
  0xf7, 0x76, 0x76, 0x2a, 0x40, 0x56, 0x02, 0x20, 0xf7, 0x0a, 0x0a, 0x0e,
  0x5b, 0x02, 0x01, 0x20, 0xa1, 0xa0, 0x53, 0x29, 0x40, 0x56, 0x02, 0x20,
  0xe7, 0x76, 0x76, 0x3a, 0x40, 0x56, 0x02, 0x20, 0xe7, 0x0a, 0x0a, 0x3c,
  0x41, 0x00, 0x80, 0x00, 0xe8, 0x3a, 0xc0, 0x2f, 0x40, 0x01, 0x8d, 0x3e,
  0x00, 0x00, 0x80, 0x3e, 0x41, 0x56, 0x02, 0x20, 0xf7, 0x72, 0x7e, 0x7e,
  0x31, 0x00, 0x20, 0x0a, 0x0c, 0x02, 0x60, 0x2d, 0x80, 0x0f, 0x00, 0x06,
  0x04, 0x08, 0x11, 0x02, 0x40, 0x56, 0x02, 0x20, 0xf7, 0x7c, 0x0c, 0x18,
  0x41, 0x00, 0x80, 0x00, 0xe8, 0x3a, 0x80, 0x21, 0xc0, 0x0e, 0x8d, 0x3e,
  0x00, 0x00, 0x80, 0x3e, 0x40, 0x56, 0x02, 0x20, 0xf7, 0x7c, 0x7c, 0x36,
  0x40, 0x56, 0x02, 0x20, 0xe7, 0x7c, 0x7c, 0x50, 0x41, 0x00, 0x80, 0x00,
  0xe8, 0x3a, 0x40, 0x20, 0x80, 0x0f, 0x8d, 0x3e, 0x00, 0x00, 0x80, 0x3e,
  0x01, 0xd6, 0x02, 0x20, 0x00, 0x66, 0x6b, 0x00, 0x01, 0xd6, 0x16, 0x20,
  0x00, 0x68, 0x6b, 0x00, 0x33, 0x00, 0x80, 0x0c, 0x70, 0x60, 0x06, 0x00,
  0x04, 0x0b, 0x00, 0x00, 0xff, 0x5c, 0x02, 0x04, 0x31, 0x00, 0x80, 0x0c,
  0x68, 0x02, 0x80, 0x28, 0xc0, 0x0b, 0x00, 0x06, 0x00, 0x5e, 0x20, 0x04,
  0x31, 0x00, 0x80, 0x0c, 0x68, 0x02, 0xc0, 0x22, 0x40, 0x0f, 0x00, 0x06,
  0x00, 0x5e, 0x20, 0x04, 0x31, 0x00, 0x80, 0x0c, 0x68, 0x02, 0x40, 0x28,
  0x00, 0x01, 0x00, 0x06, 0x00, 0x5e, 0x20, 0x04, 0x31, 0x00, 0x80, 0x0c,
  0x68, 0x02, 0x40, 0x23, 0x00, 0x0f, 0x00, 0x06, 0x00, 0x5e, 0x20, 0x04,
  0x41, 0x56, 0x02, 0x20, 0xf7, 0x78, 0x10, 0x02, 0x5b, 0x22, 0x01, 0x20,
  0x00, 0xc0, 0xfb, 0x19, 0x41, 0x56, 0x02, 0x20, 0xe7, 0x74, 0x02, 0x12,
  0x40, 0x56, 0x02, 0x20, 0xe7, 0x7a, 0x44, 0x16, 0x40, 0x56, 0x02, 0x20,
  0xe7, 0x08, 0x42, 0x1a, 0x5b, 0xc2, 0x06, 0x20, 0xa1, 0xd0, 0x53, 0x29,
  0x5b, 0xe2, 0x00, 0x20, 0xa1, 0x40, 0x50, 0x29, 0x5b, 0xa2, 0x06, 0x20,
  0x00, 0x90, 0x43, 0xd8, 0x41, 0x56, 0x02, 0x20, 0xf7, 0x7c, 0x0c, 0x6c,
  0x5b, 0x62, 0x07, 0x20, 0x00, 0xa0, 0xab, 0x1d, 0x5b, 0x82, 0x06, 0x20,
  0x00, 0xe0, 0xfb, 0x05, 0x5b, 0x01, 0x80, 0x02, 0x03, 0x00, 0x1e, 0x14,
  0xc8, 0x61, 0x07, 0x39, 0xd0, 0x20, 0x07, 0x03, 0x22, 0x00, 0x91, 0x00,
  0x03, 0x0e, 0x00, 0x20, 0x48, 0x01, 0x00, 0x00, 0x50, 0x00, 0x00, 0x00,
  0x01, 0x00, 0x80, 0x00, 0xe8, 0x3e, 0x00, 0x21, 0x00, 0x00, 0x00, 0x00,
  0x00, 0x00, 0x00, 0x00, 0x01, 0x00, 0x80, 0x00, 0xe8, 0x3e, 0x40, 0x21,
  0x00, 0x00, 0x00, 0x00, 0x00, 0x00, 0x00, 0x00, 0x01, 0x00, 0x80, 0x00,
  0xe8, 0x3e, 0x40, 0x20, 0x00, 0x00, 0x00, 0x00, 0x00, 0x00, 0x00, 0x00,
  0x24, 0x00, 0x80, 0x00, 0x00, 0x0e, 0x00, 0x20, 0x08, 0x01, 0x00, 0x00,
  0x08, 0x01, 0x00, 0x00, 0x41, 0x56, 0x02, 0x20, 0xf7, 0x70, 0x7e, 0x0e,
  0x41, 0x56, 0x02, 0x20, 0xf7, 0x08, 0x0c, 0x0c, 0x40, 0x56, 0x02, 0x20,
  0xf7, 0x7c, 0x42, 0x1a, 0x40, 0x56, 0x02, 0x20, 0xf7, 0x78, 0x44, 0x16,
  0x5b, 0xe2, 0x06, 0x20, 0x00, 0x80, 0x0b, 0x18, 0x41, 0x56, 0x02, 0x20,
  0xf7, 0x0c, 0x02, 0x02, 0x5b, 0xa2, 0x00, 0x20, 0x00, 0x40, 0x40, 0x1c,
  0x41, 0x00, 0x80, 0x00, 0xe8, 0x3a, 0x40, 0x2f, 0x80, 0x0f, 0x8d, 0x3e,
  0x00, 0x00, 0x00, 0x3f, 0x41, 0x00, 0x80, 0x00, 0xe8, 0x3a, 0xc0, 0x2e,
  0x00, 0x0f, 0x8d, 0x3e, 0x00, 0x00, 0x00, 0x3f, 0x5b, 0xe2, 0x00, 0x20,
  0x00, 0x60, 0xb0, 0x1d, 0x38, 0x16, 0x01, 0x21, 0x07, 0x6c, 0x14, 0x00,
  0x40, 0x56, 0x02, 0x20, 0xf7, 0x74, 0x28, 0x26, 0x41, 0x56, 0x02, 0x20,
  0xe7, 0x7c, 0x6c, 0x12, 0x41, 0x56, 0x02, 0x20, 0xe7, 0x14, 0x6c, 0x0a,
  0x41, 0x56, 0x02, 0x20, 0xe7, 0x78, 0x6c, 0x6e, 0x41, 0x56, 0x02, 0x20,
  0xe7, 0x10, 0x6c, 0x6a, 0x41, 0x56, 0x02, 0x20, 0xe7, 0x12, 0x6c, 0x68,
  0x41, 0x56, 0x02, 0x20, 0xe7, 0x08, 0x7c, 0x76, 0x41, 0x56, 0x02, 0x20,
  0xe7, 0x18, 0x14, 0x76, 0x41, 0x56, 0x02, 0x20, 0xe7, 0x70, 0x78, 0x76,
  0x41, 0x00, 0x80, 0x00, 0xe8, 0x3a, 0x40, 0x2e, 0x80, 0x0e, 0x8d, 0x3e,
  0x00, 0x00, 0x00, 0x3f, 0x5b, 0x62, 0x01, 0x20, 0x00, 0x40, 0xe8, 0x21,
  0x41, 0x56, 0x02, 0x20, 0xe7, 0x74, 0x6c, 0x0e, 0x5b, 0xc2, 0x00, 0x20,
  0x00, 0xc0, 0xe8, 0xf9, 0x5b, 0xa2, 0x06, 0x20, 0x00, 0x80, 0xeb, 0x25,
  0x5b, 0x82, 0x00, 0x20, 0x00, 0xb0, 0xc8, 0x25, 0x5b, 0xa2, 0x00, 0x20,
  0x00, 0x60, 0xc8, 0xf1, 0x5b, 0x22, 0x00, 0x20, 0x00, 0x50, 0xcb, 0xe9,
  0x25, 0x00, 0x80, 0x00, 0x00, 0x00, 0x00, 0x20, 0x00, 0x00, 0x00, 0x0e,
  0x10, 0x00, 0x00, 0x00, 0x10, 0x00, 0x80, 0x05, 0xe0, 0x3a, 0x00, 0x20,
  0x40, 0x20, 0x8d, 0x3e, 0x00, 0x00, 0x00, 0x3f, 0x22, 0x00, 0x81, 0x00,
  0x00, 0x0e, 0x00, 0x20, 0xb8, 0x02, 0x00, 0x00, 0xb8, 0x02, 0x00, 0x00,
  0x10, 0x00, 0x80, 0x05, 0xe3, 0x3a, 0x00, 0x20, 0x40, 0x21, 0x8d, 0x3e,
  0x00, 0x00, 0x00, 0x3f, 0x22, 0x00, 0x81, 0x00, 0x03, 0x0e, 0x00, 0x20,
  0x88, 0x02, 0x00, 0x00, 0x88, 0x02, 0x00, 0x00, 0x10, 0x00, 0x80, 0x05,
  0xe2, 0x3a, 0x00, 0x20, 0x00, 0x21, 0x8d, 0x3e, 0x00, 0x00, 0x00, 0x3f,
  0x22, 0x00, 0x81, 0x00, 0x02, 0x0e, 0x00, 0x20, 0x58, 0x02, 0x00, 0x00,
  0x58, 0x02, 0x00, 0x00, 0x31, 0x00, 0x60, 0x0a, 0x0c, 0x02, 0xc0, 0x2f,
  0xc0, 0x05, 0x00, 0x06, 0x00, 0xe0, 0x19, 0x02, 0x01, 0x2d, 0x00, 0x20,
  0x07, 0x00, 0x7e, 0x00, 0x01, 0x00, 0x80, 0x00, 0x2c, 0x1e, 0x80, 0x2f,
  0x00, 0x00, 0x00, 0x00, 0x00, 0x00, 0x00, 0x00, 0x01, 0x00, 0x80, 0x00,
  0x28, 0x1e, 0x80, 0x2f, 0x00, 0x00, 0x00, 0x00, 0x01, 0x00, 0x01, 0x00,
  0x01, 0x00, 0x00, 0x00, 0x0c, 0x43, 0x40, 0x2f, 0xb8, 0x00, 0x00, 0x00,
  0x00, 0x00, 0x00, 0x00, 0x40, 0x00, 0x60, 0x00, 0x2c, 0x0a, 0x84, 0x4f,
  0x80, 0x0f, 0x40, 0x0a, 0x84, 0x0f, 0x40, 0x00, 0x40, 0x00, 0x40, 0x00,
  0x2c, 0x0a, 0x88, 0x6f, 0x88, 0x0f, 0x60, 0x0a, 0x84, 0x0f, 0x60, 0x00,
  0x40, 0x00, 0x40, 0x00, 0x2c, 0x0a, 0x8c, 0x6f, 0x8c, 0x0f, 0x60, 0x0a,
  0x84, 0x0f, 0x60, 0x00, 0x40, 0x00, 0x40, 0x00, 0x2c, 0x0a, 0x90, 0x2f,
  0x8c, 0x0f, 0x00, 0x0a, 0x90, 0x0f, 0x69, 0x00, 0x40, 0x00, 0x40, 0x00,
  0x2c, 0x0a, 0xb0, 0x2f, 0xac, 0x0f, 0x00, 0x0a, 0xb0, 0x0f, 0x69, 0x00,
  0x40, 0x00, 0x60, 0x00, 0x2c, 0x0a, 0xa0, 0x2f, 0x9c, 0x0f, 0x00, 0x0a,
  0xa0, 0x0f, 0x8d, 0x00, 0x01, 0x00, 0x00, 0x00, 0x2c, 0x0a, 0x00, 0x2f,
  0xbc, 0x0f, 0x00, 0x00, 0x00, 0x00, 0x00, 0x00, 0x33, 0x00, 0x00, 0x0c,
  0x1c, 0x80, 0x67, 0x0f, 0x41, 0x0f, 0x00, 0x00, 0xff, 0xa7, 0x14, 0x04,
  0x40, 0x00, 0x80, 0x00, 0x2c, 0x0a, 0x80, 0x2f, 0x80, 0x0f, 0x8d, 0x02,
  0x60, 0x0f, 0x00, 0x00, 0x40, 0x00, 0x80, 0x00, 0x28, 0x0a, 0xc0, 0x2e,
  0x80, 0x0f, 0x8d, 0x1e, 0xff, 0xff, 0xff, 0xff, 0x31, 0x00, 0x60, 0x0a,
  0x0c, 0x02, 0xc0, 0x2f, 0xc0, 0x05, 0x00, 0x06, 0x00, 0xe0, 0x19, 0x02,
  0x01, 0x2d, 0x00, 0x20, 0x07, 0x00, 0x7e, 0x00, 0x40, 0x96, 0x71, 0x20,
  0x07, 0x74, 0x4c, 0x04, 0x40, 0x56, 0x02, 0x20, 0xf7, 0x08, 0x52, 0x08,
  0x40, 0x56, 0x02, 0x20, 0xf7, 0x6e, 0x34, 0x0a, 0x40, 0x00, 0x00, 0x00,
  0x44, 0x12, 0x00, 0x22, 0x04, 0x08, 0x00, 0x16, 0x40, 0x0b, 0x40, 0x0b,
  0x31, 0x00, 0x80, 0x0c, 0x68, 0x02, 0x40, 0x2e, 0x80, 0x0e, 0x00, 0x06,
  0xff, 0x5e, 0x20, 0x04, 0x40, 0x00, 0x00, 0x00, 0x44, 0x12, 0x02, 0x22,
  0x00, 0x08, 0x00, 0x16, 0x40, 0x0b, 0x40, 0x0b, 0x09, 0x00, 0x80, 0x00,
  0x28, 0x0a, 0x80, 0x2f, 0xc0, 0x0e, 0x8d, 0x1e, 0x04, 0x00, 0x04, 0x00,
  0x01, 0x00, 0x00, 0x00, 0xec, 0x22, 0xa4, 0x2e, 0x00, 0x80, 0x00, 0x00,
  0x00, 0x00, 0x00, 0x00, 0x40, 0x00, 0x00, 0x00, 0x2c, 0x22, 0xc0, 0x2f,
  0x00, 0x80, 0x00, 0x22, 0x00, 0xc2, 0x00, 0x00, 0x40, 0x96, 0x01, 0x20,
  0x07, 0x78, 0x7c, 0x07, 0x01, 0x80, 0x00, 0x20, 0x00, 0x75, 0x7e, 0x00,
  0x40, 0x00, 0x80, 0x00, 0x28, 0x0a, 0xc0, 0x2e, 0x00, 0x0f, 0x8d, 0x1e,
  0x0c, 0x00, 0x0c, 0x00, 0x01, 0x96, 0x00, 0x20, 0x07, 0x70, 0x72, 0x00,
  0x5b, 0x2e, 0x07, 0x30, 0x05, 0xa8, 0xd7, 0x05, 0x41, 0x56, 0x02, 0x20,
  0xe7, 0x08, 0x08, 0x70, 0x41, 0x56, 0x02, 0x20, 0xe7, 0x6e, 0x6e, 0x70,
  0x41, 0x00, 0x80, 0x00, 0xe8, 0x3a, 0x00, 0x22, 0x40, 0x0e, 0x8d, 0x3e,
  0xcc, 0x7f, 0x08, 0x3e, 0x40, 0x00, 0x80, 0x00, 0xe8, 0x3a, 0x00, 0x21,
  0x00, 0x01, 0x8d, 0x3e, 0x00, 0x00, 0x00, 0x3f, 0x40, 0x00, 0x80, 0x00,
  0xe8, 0x3a, 0xc0, 0x2d, 0xc0, 0x0d, 0x8d, 0x3e, 0x00, 0x00, 0x00, 0x3f,
  0x45, 0x16, 0x01, 0x20, 0x07, 0x0a, 0x08, 0x00, 0x45, 0x16, 0x01, 0x20,
  0x07, 0x7a, 0x6e, 0x00, 0x40, 0x96, 0x79, 0x20, 0x07, 0x08, 0x3e, 0x06,
  0x01, 0xf6, 0x00, 0x20, 0x07, 0x0c, 0x0a, 0x00, 0x01, 0xf6, 0x00, 0x20,
  0x07, 0x0e, 0x7a, 0x00, 0x33, 0x00, 0x80, 0x0c, 0x70, 0xc0, 0x00, 0x00,
  0x06, 0x0f, 0x00, 0x00, 0x02, 0x58, 0x02, 0x04, 0x31, 0x00, 0x80, 0x0c,
  0x68, 0x02, 0x40, 0x22, 0x00, 0x01, 0x00, 0x06, 0x01, 0x5e, 0x20, 0x04,
  0x01, 0xf6, 0x00, 0x20, 0x07, 0x14, 0x12, 0x00, 0x33, 0x00, 0x80, 0x0c,
  0x70, 0x40, 0x01, 0x00, 0xc2, 0x0e, 0x00, 0x00, 0x02, 0x5e, 0x02, 0x04,
  0x25, 0x00, 0x80, 0x00, 0x00, 0x00, 0x00, 0x20, 0x00, 0x00, 0x00, 0x0e,
  0x10, 0x00, 0x00, 0x00, 0x25, 0x00, 0x80, 0x00, 0x00, 0x00, 0x00, 0x20,
  0x00, 0x00, 0x00, 0x0e, 0x10, 0x00, 0x00, 0x00, 0x25, 0x00, 0x80, 0x00,
  0x00, 0x00, 0x00, 0x20, 0x00, 0x00, 0x00, 0x0e, 0x10, 0x00, 0x00, 0x00,
  0x25, 0x00, 0x80, 0x00, 0x00, 0x00, 0x00, 0x20, 0x00, 0x00, 0x00, 0x0e,
  0x10, 0x00, 0x00, 0x00, 0x25, 0x00, 0x80, 0x00, 0x00, 0x00, 0x00, 0x20,
  0x00, 0x00, 0x00, 0x0e, 0x10, 0x00, 0x00, 0x00, 0x25, 0x00, 0x80, 0x00,
  0x00, 0x00, 0x00, 0x20, 0x00, 0x00, 0x00, 0x0e, 0x10, 0x00, 0x00, 0x00,
  0x25, 0x00, 0x80, 0x00, 0x00, 0x00, 0x00, 0x20, 0x00, 0x00, 0x00, 0x0e,
  0x10, 0x00, 0x00, 0x00, 0x06, 0x00, 0x00, 0x00, 0x2c, 0x0a, 0x98, 0x20,
  0x90, 0x00, 0x00, 0x1e, 0x01, 0x00, 0x01, 0x00, 0x41, 0x00, 0x00, 0x00,
  0x2c, 0x0a, 0xc0, 0x2f, 0x98, 0x00, 0x00, 0x1e, 0x0c, 0x00, 0x0c, 0x00,
  0x40, 0x00, 0x00, 0x00, 0x2c, 0x0a, 0xa8, 0x2f, 0xc0, 0x0f, 0x00, 0x1e,
  0x54, 0x00, 0x54, 0x00, 0x31, 0x00, 0x40, 0x0a, 0x2c, 0x02, 0x80, 0x28,
  0xa0, 0x0f, 0x00, 0x06, 0x04, 0x40, 0x18, 0x02, 0x09, 0x00, 0x00, 0x00,
  0x2c, 0x0a, 0x94, 0x20, 0x88, 0x08, 0x00, 0x1e, 0x02, 0x00, 0x02, 0x00,
  0x40, 0x00, 0x00, 0x00, 0x44, 0x12, 0x00, 0x22, 0x88, 0x08, 0x00, 0x16,
  0x40, 0x0b, 0x40, 0x0b, 0x40, 0x80, 0x71, 0x20, 0x00, 0x7b, 0x54, 0x04,
  0x40, 0x00, 0x00, 0x00, 0x2c, 0x22, 0x80, 0x2f, 0x00, 0x80, 0x00, 0x1e,
  0x01, 0x00, 0x01, 0x00, 0x31, 0x00, 0x00, 0x0a, 0x0c, 0x02, 0x40, 0x2f,
  0x60, 0x0f, 0x00, 0x06, 0xff, 0x08, 0x11, 0x02, 0x09, 0x00, 0x00, 0x00,
  0x2c, 0x0a, 0x84, 0x2f, 0x40, 0x0f, 0x00, 0x1e, 0x01, 0x00, 0x01, 0x00,
  0x38, 0x00, 0x00, 0x0c, 0x2c, 0x0a, 0x94, 0x28, 0x80, 0x0f, 0x00, 0x0a,
  0x84, 0x0f, 0x00, 0x00, 0x10, 0x00, 0x80, 0x03, 0x22, 0x0a, 0x00, 0x20,
  0x40, 0x04, 0x8d, 0x0a, 0x94, 0x08, 0x00, 0x00, 0x22, 0x00, 0x81, 0x00,
  0x02, 0x0e, 0x00, 0x20, 0x30, 0x16, 0x00, 0x00, 0x30, 0x16, 0x00, 0x00,
  0x41, 0x00, 0x00, 0x00, 0x4c, 0x12, 0xc0, 0x2f, 0x88, 0x08, 0x00, 0x16,
  0x04, 0x00, 0x04, 0x00, 0x01, 0x80, 0x28, 0x20, 0x00, 0x7d, 0x44, 0x00,
  0x01, 0x00, 0x00, 0x00, 0x4c, 0x16, 0x60, 0x2f, 0x00, 0x00, 0x00, 0x00,
  0x01, 0x00, 0x01, 0x00, 0x40, 0x00, 0x00, 0x00, 0x44, 0x12, 0x00, 0x22,
  0xc0, 0x0f, 0x00, 0x16, 0x80, 0x0b, 0x80, 0x0b, 0x01, 0x00, 0x00, 0x00,
  0xec, 0x3a, 0x90, 0x28, 0x00, 0x80, 0x00, 0x00, 0x00, 0x00, 0x00, 0x00,
  0x5b, 0x01, 0x40, 0x00, 0x44, 0x00, 0x82, 0x7d, 0xc9, 0xd1, 0x27, 0x79,
  0xa8, 0x24, 0x27, 0x11, 0x5b, 0x01, 0x40, 0x00, 0x44, 0x00, 0x02, 0x7c,
  0xc9, 0xd1, 0x27, 0xf9, 0x09, 0x24, 0x27, 0x11, 0x10, 0x3e, 0x22, 0x26,
  0xe0, 0x00, 0x7d, 0x4a, 0x10, 0x00, 0x80, 0x06, 0xe2, 0x3a, 0x00, 0x20,
  0x80, 0x0f, 0x00, 0x3a, 0x00, 0x09, 0x8d, 0x00, 0x04, 0x00, 0x00, 0x00,
  0x44, 0x10, 0x02, 0x26, 0x02, 0x06, 0x00, 0x00, 0x00, 0x00, 0x00, 0x00,
  0x04, 0x00, 0x00, 0x00, 0x44, 0x10, 0x00, 0x26, 0x20, 0x06, 0x00, 0x00,
  0x00, 0x00, 0x00, 0x00, 0x10, 0x1f, 0x73, 0x23, 0x07, 0x00, 0x1c, 0x44,
  0x02, 0x00, 0x81, 0x00, 0x48, 0x12, 0xc0, 0x2f, 0x60, 0x0f, 0x00, 0x16,
  0x00, 0x00, 0x00, 0x00, 0x02, 0x00, 0x81, 0x00, 0x49, 0x12, 0x40, 0x2f,
  0x60, 0x0f, 0x00, 0x16, 0x00, 0x00, 0x00, 0x00, 0x05, 0xd6, 0x03, 0xe2,
  0xff, 0x00, 0x7a, 0x7e, 0x22, 0x00, 0x81, 0x00, 0x00, 0x0e, 0x00, 0x20,
  0x40, 0x15, 0x00, 0x00, 0x40, 0x15, 0x00, 0x00, 0x41, 0x00, 0x00, 0x00,
  0x4c, 0x12, 0xc0, 0x2f, 0x84, 0x08, 0x00, 0x16, 0x04, 0x00, 0x04, 0x00,
  0x41, 0x80, 0x15, 0x20, 0x00, 0x7c, 0x44, 0x06, 0x40, 0x00, 0x00, 0x00,
  0x44, 0x12, 0x00, 0x22, 0xc0, 0x0f, 0x00, 0x16, 0x80, 0x0b, 0x80, 0x0b,
  0x41, 0x00, 0x00, 0x00, 0x2c, 0x0a, 0x84, 0x20, 0x80, 0x0f, 0x00, 0x0a,
  0xc4, 0x00, 0x00, 0x00, 0x01, 0x00, 0x00, 0x00, 0xec, 0x3a, 0x98, 0x28,
  0x00, 0x80, 0x00, 0x00, 0x00, 0x00, 0x00, 0x00, 0x38, 0x00, 0x00, 0x09,
  0xec, 0x3a, 0xa0, 0x2f, 0x98, 0x08, 0x00, 0x3a, 0x90, 0x08, 0x00, 0x00,
  0x01, 0x00, 0x00, 0x00, 0x2c, 0x3a, 0x94, 0x28, 0xa0, 0x0f, 0x00, 0x00,
  0x00, 0x00, 0x00, 0x00, 0x41, 0x96, 0x71, 0x20, 0x07, 0x7a, 0x22, 0x44,
  0x41, 0x96, 0x71, 0x20, 0x07, 0x76, 0x1c, 0x44, 0x01, 0xb6, 0x02, 0x20,
  0x07, 0x78, 0x7a, 0x00, 0x01, 0xb6, 0x02, 0x20, 0x07, 0x2a, 0x76, 0x00,
  0x41, 0x00, 0x80, 0x00, 0xe8, 0x3a, 0x00, 0x2c, 0x98, 0x08, 0x00, 0x3a,
  0x00, 0x0f, 0x8d, 0x00, 0x5b, 0x42, 0x07, 0x20, 0x01, 0x50, 0x11, 0xc0,
  0x01, 0xf6, 0x00, 0x20, 0x07, 0x72, 0x74, 0x00, 0x40, 0x96, 0x15, 0x20,
  0xe0, 0x72, 0x04, 0x72, 0x09, 0x00, 0x80, 0x00, 0x28, 0x0a, 0x40, 0x28,
  0x40, 0x0e, 0x8d, 0x1e, 0x02, 0x00, 0x02, 0x00, 0x40, 0x96, 0x75, 0x20,
  0x07, 0x70, 0x42, 0x06, 0x31, 0x00, 0x80, 0x0c, 0x68, 0x02, 0x40, 0x23,
  0x00, 0x0e, 0x00, 0x06, 0x00, 0x5e, 0x20, 0x04, 0x01, 0x00, 0x60, 0x00,
  0xc8, 0x3a, 0x80, 0x2f, 0x40, 0x03, 0x8d, 0x00, 0x00, 0x00, 0x00, 0x00,
  0x01, 0x10, 0x60, 0x00, 0xc8, 0x3a, 0xc0, 0x2d, 0x60, 0x03, 0x8d, 0x00,
  0x00, 0x00, 0x00, 0x00, 0x10, 0x00, 0x60, 0x05, 0xc3, 0x32, 0x00, 0x20,
  0x80, 0x0f, 0x69, 0x32, 0x88, 0x00, 0x00, 0x00, 0x10, 0x10, 0x60, 0x05,
  0xc3, 0x32, 0x00, 0x20, 0xc0, 0x0d, 0x69, 0x32, 0x88, 0x00, 0x00, 0x00,
  0x22, 0x00, 0x91, 0x00, 0x03, 0x0e, 0x00, 0x20, 0x08, 0x14, 0x00, 0x00,
  0x08, 0x14, 0x00, 0x00, 0x41, 0x00, 0x00, 0x00, 0x4c, 0x12, 0xc0, 0x2f,
  0x80, 0x08, 0x00, 0x16, 0x04, 0x00, 0x04, 0x00, 0x41, 0x96, 0x71, 0x20,
  0x07, 0x7a, 0x2c, 0x44, 0x41, 0x96, 0x71, 0x20, 0x07, 0x08, 0x20, 0x44,
  0x41, 0x56, 0x22, 0x20, 0xe0, 0x0a, 0x44, 0x4e, 0x40, 0x00, 0x00, 0x00,
  0x44, 0x12, 0x00, 0x22, 0xc0, 0x0f, 0x00, 0x16, 0x80, 0x0b, 0x80, 0x0b,
  0x01, 0xb6, 0x02, 0x20, 0x07, 0x76, 0x7a, 0x00, 0x01, 0xb6, 0x02, 0x20,
  0x07, 0x28, 0x08, 0x00, 0x41, 0x80, 0x01, 0x20, 0x00, 0x03, 0x44, 0x06,
  0x41, 0x00, 0x00, 0x00, 0x2c, 0x0a, 0xc4, 0x2f, 0x88, 0x08, 0x00, 0x0a,
  0xc0, 0x00, 0x00, 0x00, 0x01, 0x00, 0x00, 0x00, 0xec, 0x3a, 0xa4, 0x2f,
  0x00, 0x80, 0x00, 0x00, 0x00, 0x00, 0x00, 0x00, 0x41, 0x00, 0x80, 0x00,
  0xe8, 0x3a, 0x40, 0x2c, 0x98, 0x08, 0x00, 0x3a, 0xc0, 0x0e, 0x8d, 0x00,
  0x41, 0x56, 0x02, 0x20, 0x07, 0x0a, 0x0a, 0x04, 0x41, 0x80, 0x2d, 0x20,
  0x00, 0x05, 0x03, 0x06, 0x41, 0x00, 0x00, 0x00, 0x2c, 0x0a, 0xa0, 0x2f,
  0xc4, 0x0f, 0x00, 0x0a, 0xc4, 0x00, 0x00, 0x00, 0x38, 0x00, 0x00, 0x09,
  0xec, 0x3a, 0xa8, 0x2f, 0xa4, 0x0f, 0x00, 0x3a, 0x90, 0x08, 0x00, 0x00,
  0x7e, 0x00, 0x00, 0x00, 0x00, 0x00, 0x00, 0x00, 0x00, 0x00, 0x00, 0x00,
  0x00, 0x00, 0x00, 0x00, 0x5b, 0xc2, 0x06, 0x20, 0x01, 0x40, 0x11, 0xc4,
  0x01, 0xf6, 0x00, 0x20, 0x07, 0x08, 0x0a, 0x00, 0x01, 0x00, 0x00, 0x00,
  0x4c, 0x16, 0x60, 0x20, 0x00, 0x00, 0x00, 0x00, 0x01, 0x00, 0x01, 0x00,
  0x40, 0x96, 0x01, 0x20, 0xe0, 0x14, 0x7d, 0x08, 0x01, 0xe0, 0x18, 0x20,
  0x00, 0x7c, 0x7d, 0x00, 0x40, 0x96, 0x01, 0x20, 0xe7, 0x0a, 0x14, 0x20,
  0x41, 0x96, 0x01, 0x20, 0x07, 0x78, 0x2c, 0x7c, 0x41, 0x96, 0x01, 0x20,
  0x07, 0x72, 0x20, 0x7c, 0x41, 0x96, 0x01, 0x20, 0x07, 0x7a, 0x1c, 0x7c,
  0x41, 0x96, 0x01, 0x20, 0x07, 0x12, 0x1e, 0x7c, 0x01, 0xb6, 0x02, 0x20,
  0x07, 0x74, 0x78, 0x00, 0x01, 0xb6, 0x02, 0x20, 0x07, 0x6e, 0x72, 0x00,
  0x01, 0xf6, 0x00, 0x20, 0x07, 0x78, 0x6c, 0x00, 0x01, 0xb6, 0x02, 0x20,
  0x07, 0x76, 0x7a, 0x00, 0x41, 0x56, 0x16, 0x20, 0xe0, 0x70, 0x7d, 0x74,
  0x41, 0x96, 0x71, 0x20, 0x07, 0x74, 0x1e, 0x44, 0x40, 0x96, 0x15, 0x20,
  0xe0, 0x78, 0x04, 0x78, 0x01, 0xb6, 0x02, 0x20, 0x07, 0x7a, 0x12, 0x00,
  0x5b, 0xc2, 0x00, 0x20, 0x01, 0x70, 0x13, 0xe0, 0x5b, 0x02, 0x01, 0x20,
  0x01, 0xb0, 0x13, 0xe0, 0x09, 0x00, 0x80, 0x00, 0x28, 0x0a, 0x00, 0x2f,
  0x00, 0x0f, 0x8d, 0x1e, 0x02, 0x00, 0x02, 0x00, 0x01, 0xb6, 0x02, 0x20,
  0x07, 0x26, 0x74, 0x00, 0x01, 0xf6, 0x00, 0x20, 0x07, 0x0e, 0x0c, 0x00,
  0x01, 0xf6, 0x00, 0x20, 0x07, 0x16, 0x10, 0x00, 0x40, 0x96, 0x75, 0x20,
  0x07, 0x78, 0x78, 0x06, 0x40, 0x96, 0x01, 0x20, 0xe7, 0x72, 0x14, 0x1c,
  0x40, 0x96, 0x01, 0x20, 0xe0, 0x0e, 0x05, 0x0e, 0x5b, 0xc2, 0x06, 0x20,
  0x01, 0xd0, 0x13, 0xe0, 0x5b, 0xc2, 0x00, 0x20, 0x01, 0x30, 0x11, 0xc4,
  0x40, 0x96, 0x01, 0x20, 0xe0, 0x16, 0x05, 0x16, 0x09, 0x00, 0x80, 0x00,
  0x28, 0x0a, 0xc0, 0x21, 0xc0, 0x01, 0x8d, 0x1e, 0x02, 0x00, 0x02, 0x00,
  0x09, 0x00, 0x80, 0x00, 0x28, 0x0a, 0x40, 0x21, 0x40, 0x01, 0x8d, 0x1e,
  0x02, 0x00, 0x02, 0x00, 0x31, 0x00, 0x80, 0x0c, 0x68, 0x02, 0x80, 0x27,
  0x00, 0x0f, 0x00, 0x06, 0x00, 0x5e, 0x20, 0x04, 0x09, 0x00, 0x80, 0x00,
  0x28, 0x0a, 0x40, 0x2e, 0x40, 0x0e, 0x8d, 0x1e, 0x02, 0x00, 0x02, 0x00,
  0x40, 0x96, 0x75, 0x20, 0x07, 0x0e, 0x0e, 0x06, 0x01, 0xf6, 0x00, 0x20,
  0x07, 0x74, 0x6c, 0x00, 0x01, 0xf6, 0x00, 0x20, 0x07, 0x08, 0x0c, 0x00,
  0x09, 0x00, 0x80, 0x00, 0x28, 0x0a, 0xc0, 0x22, 0xc0, 0x02, 0x8d, 0x1e,
  0x02, 0x00, 0x02, 0x00, 0x31, 0x00, 0x80, 0x0c, 0x68, 0x02, 0x40, 0x2d,
  0xc0, 0x01, 0x00, 0x06, 0x00, 0x5e, 0x20, 0x04, 0x41, 0x96, 0x01, 0x20,
  0x07, 0x10, 0x22, 0x7c, 0x40, 0x96, 0x75, 0x20, 0x07, 0x0a, 0x0a, 0x06,
  0x40, 0x96, 0x75, 0x20, 0x07, 0x72, 0x72, 0x06, 0x40, 0x96, 0x01, 0x20,
  0xe0, 0x74, 0x05, 0x74, 0x40, 0x96, 0x15, 0x20, 0xe0, 0x08, 0x04, 0x08,
  0x40, 0x96, 0x75, 0x20, 0x07, 0x16, 0x16, 0x06, 0x41, 0x56, 0x22, 0x20,
  0xe0, 0x78, 0x44, 0x34, 0x01, 0xb6, 0x02, 0x20, 0x07, 0x0e, 0x10, 0x00,
  0x31, 0x00, 0x80, 0x0c, 0x68, 0x02, 0x40, 0x22, 0x40, 0x01, 0x00, 0x06,
  0x00, 0x5e, 0x20, 0x04, 0x31, 0x00, 0x80, 0x0c, 0x68, 0x02, 0x40, 0x27,
  0x40, 0x0e, 0x00, 0x06, 0x00, 0x5e, 0x20, 0x04, 0x09, 0x00, 0x80, 0x00,
  0x28, 0x0a, 0x80, 0x2e, 0x80, 0x0e, 0x8d, 0x1e, 0x02, 0x00, 0x02, 0x00,
  0x31, 0x00, 0x80, 0x0c, 0x68, 0x02, 0x00, 0x28, 0xc0, 0x02, 0x00, 0x06,
  0x00, 0x5e, 0x20, 0x04, 0x09, 0x00, 0x80, 0x00, 0x28, 0x0a, 0x00, 0x21,
  0x00, 0x01, 0x8d, 0x1e, 0x02, 0x00, 0x02, 0x00, 0x41, 0x56, 0x02, 0x20,
  0x07, 0x78, 0x78, 0x04, 0x41, 0x56, 0x16, 0x20, 0xe0, 0x0c, 0x7d, 0x0e,
  0x40, 0x96, 0x75, 0x20, 0x07, 0x74, 0x74, 0x06, 0x40, 0x96, 0x75, 0x20,
  0x07, 0x08, 0x08, 0x06, 0x01, 0xf6, 0x00, 0x20, 0x07, 0x70, 0x78, 0x00,
  0x5b, 0x82, 0x01, 0x20, 0x01, 0x70, 0x13, 0x18, 0x31, 0x00, 0x80, 0x0c,
  0x68, 0x02, 0x80, 0x2d, 0x80, 0x0e, 0x00, 0x06, 0x00, 0x5e, 0x20, 0x04,
  0x31, 0x00, 0x80, 0x0c, 0x68, 0x02, 0x00, 0x27, 0x00, 0x01, 0x00, 0x06,
  0x00, 0x5e, 0x20, 0x04, 0x40, 0x96, 0x01, 0x20, 0xe0, 0x72, 0x7d, 0x70,
  0x01, 0xf6, 0x00, 0x20, 0x07, 0x0a, 0x18, 0x00, 0x40, 0x96, 0x01, 0x20,
  0xe7, 0x10, 0x14, 0x1e, 0x40, 0x96, 0x01, 0x20, 0xe7, 0x16, 0x72, 0x20,
  0x40, 0x96, 0x01, 0x20, 0xe0, 0x0a, 0x05, 0x0a, 0x09, 0x00, 0x80, 0x00,
  0x28, 0x0a, 0x00, 0x22, 0x00, 0x02, 0x8d, 0x1e, 0x02, 0x00, 0x02, 0x00,
  0x40, 0x96, 0x01, 0x20, 0xe7, 0x74, 0x72, 0x1c, 0x09, 0x00, 0x80, 0x00,
  0x28, 0x0a, 0xc0, 0x22, 0xc0, 0x02, 0x8d, 0x1e, 0x02, 0x00, 0x02, 0x00,
  0x09, 0x00, 0x80, 0x00, 0x28, 0x0a, 0x40, 0x21, 0x40, 0x01, 0x8d, 0x1e,
  0x02, 0x00, 0x02, 0x00, 0x40, 0x96, 0x75, 0x20, 0x07, 0x10, 0x10, 0x06,
  0x09, 0x00, 0x80, 0x00, 0x28, 0x0a, 0x80, 0x2e, 0x80, 0x0e, 0x8d, 0x1e,
  0x02, 0x00, 0x02, 0x00, 0x40, 0x96, 0x75, 0x20, 0x07, 0x16, 0x16, 0x06,
  0x40, 0x96, 0x75, 0x20, 0x07, 0x0a, 0x0a, 0x06, 0x31, 0x00, 0x80, 0x0c,
  0x68, 0x02, 0x00, 0x21, 0x00, 0x02, 0x00, 0x06, 0x00, 0x5e, 0x20, 0x04,
  0x40, 0x96, 0x75, 0x20, 0x07, 0x74, 0x74, 0x06, 0x31, 0x00, 0x80, 0x0c,
  0x68, 0x02, 0xc0, 0x26, 0xc0, 0x02, 0x00, 0x06, 0x00, 0x5e, 0x20, 0x04,
  0x31, 0x00, 0x80, 0x0c, 0x68, 0x02, 0xc0, 0x27, 0x40, 0x01, 0x00, 0x06,
  0x00, 0x5e, 0x20, 0x04, 0x5b, 0x62, 0x01, 0x20, 0x01, 0xd0, 0x13, 0x18,
  0x10, 0x00, 0x80, 0x04, 0xe3, 0x3a, 0x00, 0x20, 0x80, 0x07, 0x8d, 0x3a,
  0x40, 0x03, 0x8d, 0x00, 0x04, 0x00, 0x00, 0x00, 0x44, 0x10, 0x22, 0x26,
  0x22, 0x06, 0x00, 0x00, 0x00, 0x00, 0x00, 0x00, 0x10, 0x36, 0x02, 0x24,
  0xe7, 0x00, 0x6a, 0x1a, 0x02, 0x00, 0x81, 0x00, 0x4b, 0x12, 0xc0, 0x21,
  0x60, 0x00, 0x00, 0x16, 0x00, 0x00, 0x00, 0x00, 0x04, 0x00, 0x00, 0x00,
  0x44, 0x10, 0x20, 0x26, 0x00, 0x06, 0x00, 0x00, 0x00, 0x00, 0x00, 0x00,
  0x02, 0x00, 0x81, 0x00, 0x4a, 0x12, 0xe0, 0x21, 0x60, 0x00, 0x00, 0x16,
  0x00, 0x00, 0x00, 0x00, 0x10, 0x3e, 0x02, 0x24, 0xe7, 0x00, 0x12, 0x1a,
  0x10, 0x00, 0x80, 0x04, 0xe3, 0x3a, 0x00, 0x20, 0x40, 0x07, 0x8d, 0x3a,
  0x40, 0x03, 0x8d, 0x00, 0x5b, 0x22, 0x01, 0x20, 0x01, 0xb0, 0x13, 0x18,
  0x10, 0x36, 0x02, 0x24, 0xe7, 0x00, 0x40, 0x1a, 0x04, 0x00, 0x00, 0x00,
  0x44, 0x10, 0x20, 0x26, 0x02, 0x06, 0x00, 0x00, 0x00, 0x00, 0x00, 0x00,
  0x05, 0xde, 0x03, 0xe2, 0xff, 0x00, 0x0e, 0x0f, 0x04, 0x00, 0x00, 0x00,
  0x44, 0x10, 0x22, 0x26, 0x22, 0x06, 0x00, 0x00, 0x00, 0x00, 0x00, 0x00,
  0x01, 0xf6, 0x00, 0x20, 0x07, 0x14, 0x12, 0x00, 0x04, 0x00, 0x00, 0x00,
  0x44, 0x10, 0x00, 0x26, 0x00, 0x06, 0x00, 0x00, 0x00, 0x00, 0x00, 0x00,
  0x02, 0x00, 0x81, 0x00, 0x4a, 0x12, 0x40, 0x21, 0x60, 0x00, 0x00, 0x16,
  0x00, 0x00, 0x00, 0x00, 0x02, 0x00, 0x81, 0x00, 0x49, 0x12, 0x60, 0x21,
  0x60, 0x00, 0x00, 0x16, 0x00, 0x00, 0x00, 0x00, 0x02, 0x00, 0x81, 0x00,
  0x4b, 0x12, 0xc0, 0x2f, 0x60, 0x00, 0x00, 0x16, 0x00, 0x00, 0x00, 0x00,
  0x02, 0x00, 0x81, 0x00, 0x48, 0x12, 0x00, 0x22, 0x60, 0x00, 0x00, 0x16,
  0x00, 0x00, 0x00, 0x00, 0x10, 0x3e, 0x02, 0x24, 0xe7, 0x00, 0x6c, 0x1a,
  0x10, 0x00, 0x80, 0x04, 0xe2, 0x3a, 0x00, 0x20, 0x00, 0x07, 0x8d, 0x3a,
  0x40, 0x03, 0x8d, 0x00, 0x05, 0xd6, 0x03, 0xe2, 0xff, 0x00, 0x0a, 0x0b,
  0x05, 0x00, 0x80, 0x02, 0x43, 0x12, 0x00, 0x20, 0xc0, 0x0f, 0xb1, 0x12,
  0x00, 0x02, 0xb1, 0x00, 0x04, 0x00, 0x00, 0x00, 0x44, 0x10, 0x02, 0x26,
  0x02, 0x06, 0x00, 0x00, 0x00, 0x00, 0x00, 0x00, 0x04, 0x00, 0x00, 0x00,
  0x44, 0x10, 0x20, 0x26, 0x20, 0x06, 0x00, 0x00, 0x00, 0x00, 0x00, 0x00,
  0x40, 0x96, 0x01, 0x20, 0xe0, 0x14, 0x05, 0x14, 0x02, 0x00, 0x81, 0x00,
  0x48, 0x12, 0xc0, 0x21, 0x60, 0x00, 0x00, 0x16, 0x00, 0x00, 0x00, 0x00,
  0x02, 0x00, 0x81, 0x00, 0x4b, 0x12, 0x20, 0x2f, 0x60, 0x00, 0x00, 0x16,
  0x00, 0x00, 0x00, 0x00, 0x02, 0x00, 0x81, 0x00, 0x49, 0x12, 0xe0, 0x21,
  0x60, 0x00, 0x00, 0x16, 0x00, 0x00, 0x00, 0x00, 0x02, 0x00, 0x81, 0x00,
  0x4a, 0x12, 0x00, 0x2f, 0x60, 0x00, 0x00, 0x16, 0x00, 0x00, 0x00, 0x00,
  0x09, 0x00, 0x80, 0x00, 0x28, 0x0a, 0x80, 0x22, 0x80, 0x02, 0x8d, 0x1e,
  0x02, 0x00, 0x02, 0x00, 0x05, 0xde, 0x03, 0xe2, 0xff, 0x00, 0x79, 0x0e,
  0x40, 0x96, 0x01, 0x20, 0xe7, 0x6c, 0x72, 0x1e, 0x05, 0xd6, 0x03, 0xe2,
  0xff, 0x00, 0x78, 0x0f, 0x41, 0x96, 0x71, 0x20, 0x07, 0x78, 0x24, 0x44,
  0x02, 0x00, 0x81, 0x00, 0x49, 0x12, 0x40, 0x21, 0x60, 0x00, 0x00, 0x16,
  0x00, 0x00, 0x00, 0x00, 0x10, 0x00, 0x80, 0x04, 0xe2, 0x3a, 0x00, 0x20,
  0x00, 0x01, 0x8d, 0x3a, 0x40, 0x03, 0x8d, 0x00, 0x02, 0x00, 0x81, 0x00,
  0x48, 0x12, 0x20, 0x22, 0x60, 0x00, 0x00, 0x16, 0x00, 0x00, 0x00, 0x00,
  0x10, 0x3e, 0x02, 0x24, 0xe7, 0x00, 0x36, 0x1a, 0x10, 0x36, 0x02, 0x24,
  0xe7, 0x00, 0x3e, 0x1a, 0x04, 0x00, 0x00, 0x00, 0x44, 0x10, 0x22, 0x26,
  0x20, 0x06, 0x00, 0x00, 0x00, 0x00, 0x00, 0x00, 0x05, 0x00, 0x80, 0x02,
  0x42, 0x12, 0x00, 0x20, 0x20, 0x02, 0xb1, 0x12, 0x40, 0x01, 0xb1, 0x00,
  0x04, 0x00, 0x00, 0x00, 0x44, 0x10, 0x02, 0x26, 0x02, 0x06, 0x00, 0x00,
  0x00, 0x00, 0x00, 0x00, 0x41, 0x96, 0x01, 0x20, 0x07, 0x10, 0x24, 0x7c,
  0x04, 0x00, 0x00, 0x00, 0x44, 0x10, 0x00, 0x26, 0x00, 0x06, 0x00, 0x00,
  0x00, 0x00, 0x00, 0x00, 0x02, 0x00, 0x81, 0x00, 0x4b, 0x12, 0x60, 0x21,
  0x60, 0x00, 0x00, 0x16, 0x00, 0x00, 0x00, 0x00, 0x02, 0x00, 0x81, 0x00,
  0x4a, 0x12, 0xc0, 0x21, 0x60, 0x00, 0x00, 0x16, 0x00, 0x00, 0x00, 0x00,
  0x02, 0x00, 0x81, 0x00, 0x49, 0x12, 0xc0, 0x2f, 0x60, 0x00, 0x00, 0x16,
  0x00, 0x00, 0x00, 0x00, 0x02, 0x00, 0x81, 0x00, 0x48, 0x12, 0x00, 0x21,
  0x60, 0x00, 0x00, 0x16, 0x00, 0x00, 0x00, 0x00, 0x01, 0xb6, 0x02, 0x20,
  0x07, 0x18, 0x10, 0x00, 0x05, 0x00, 0x80, 0x02, 0x43, 0x12, 0x00, 0x20,
  0x60, 0x01, 0xb1, 0x12, 0xc0, 0x01, 0xb1, 0x00, 0x40, 0x96, 0x75, 0x20,
  0x07, 0x14, 0x14, 0x06, 0x05, 0x00, 0x80, 0x02, 0x42, 0x12, 0x00, 0x20,
  0xc0, 0x0f, 0xb1, 0x12, 0x00, 0x01, 0xb1, 0x00, 0x01, 0xf6, 0x00, 0x20,
  0x07, 0x08, 0x16, 0x00, 0x41, 0x56, 0x16, 0x20, 0xe0, 0x0a, 0x7d, 0x18,
  0x01, 0xb6, 0x02, 0x20, 0x07, 0x70, 0x78, 0x00, 0x31, 0x00, 0x80, 0x0c,
  0x68, 0x02, 0x40, 0x22, 0x80, 0x02, 0x00, 0x06, 0x00, 0x5e, 0x20, 0x04,
  0x40, 0x96, 0x01, 0x20, 0xe0, 0x08, 0x05, 0x08, 0x5b, 0x82, 0x07, 0x20,
  0x01, 0x70, 0x13, 0x14, 0x31, 0x00, 0x80, 0x0c, 0x68, 0x02, 0xc0, 0x22,
  0x80, 0x0e, 0x00, 0x06, 0x00, 0x5e, 0x20, 0x04, 0x09, 0x00, 0x80, 0x00,
  0x28, 0x0a, 0x80, 0x2d, 0x80, 0x0d, 0x8d, 0x1e, 0x02, 0x00, 0x02, 0x00,
  0x09, 0x00, 0x80, 0x00, 0x28, 0x0a, 0x00, 0x21, 0x00, 0x01, 0x8d, 0x1e,
  0x02, 0x00, 0x02, 0x00, 0x01, 0xf6, 0x00, 0x20, 0x07, 0x68, 0x78, 0x00,
  0x41, 0x00, 0x80, 0x00, 0xe8, 0x3a, 0x80, 0x2c, 0x98, 0x08, 0x00, 0x3a,
  0x00, 0x0e, 0x8d, 0x00, 0x40, 0x96, 0x75, 0x20, 0x07, 0x6c, 0x6c, 0x06,
  0x40, 0x96, 0x75, 0x20, 0x07, 0x08, 0x08, 0x06, 0x40, 0x96, 0x01, 0x20,
  0xe0, 0x68, 0x05, 0x68, 0x5b, 0xa2, 0x06, 0x20, 0x01, 0x40, 0x11, 0xc8,
  0x31, 0x00, 0x80, 0x0c, 0x68, 0x02, 0x40, 0x26, 0x80, 0x0d, 0x00, 0x06,
  0x00, 0x5e, 0x20, 0x04, 0x41, 0x56, 0x22, 0x20, 0xe0, 0x0c, 0x44, 0x46,
  0x31, 0x00, 0x80, 0x0c, 0x68, 0x02, 0x00, 0x26, 0x00, 0x01, 0x00, 0x06,
  0x00, 0x5e, 0x20, 0x04, 0x09, 0x00, 0x80, 0x00, 0x28, 0x0a, 0x00, 0x2d,
  0x00, 0x0d, 0x8d, 0x1e, 0x02, 0x00, 0x02, 0x00, 0x01, 0xf6, 0x00, 0x20,
  0x07, 0x70, 0x6a, 0x00, 0x41, 0x56, 0x02, 0x20, 0x07, 0x0c, 0x0c, 0x04,
  0x02, 0x00, 0x81, 0x00, 0x4a, 0x12, 0xc0, 0x2f, 0x60, 0x00, 0x00, 0x16,
  0x00, 0x00, 0x00, 0x00, 0x40, 0x96, 0x75, 0x20, 0x07, 0x68, 0x68, 0x06,
  0x40, 0x96, 0x15, 0x20, 0xe0, 0x70, 0x04, 0x70, 0x01, 0xf6, 0x00, 0x20,
  0x07, 0x0e, 0x0c, 0x00, 0x02, 0x00, 0x81, 0x00, 0x4b, 0x12, 0x80, 0x21,
  0x60, 0x00, 0x00, 0x16, 0x00, 0x00, 0x00, 0x00, 0x31, 0x00, 0x80, 0x0c,
  0x68, 0x02, 0x00, 0x2f, 0x00, 0x0d, 0x00, 0x06, 0x00, 0x5e, 0x20, 0x04,
  0x09, 0x00, 0x80, 0x00, 0x28, 0x0a, 0x00, 0x2e, 0x00, 0x0e, 0x8d, 0x1e,
  0x02, 0x00, 0x02, 0x00, 0x40, 0x96, 0x01, 0x20, 0xe0, 0x74, 0x7d, 0x0e,
  0x05, 0x00, 0x80, 0x02, 0x43, 0x12, 0x00, 0x20, 0xc0, 0x0f, 0xb1, 0x12,
  0x80, 0x01, 0xb1, 0x00, 0x5b, 0xc2, 0x06, 0x20, 0x01, 0xd0, 0x13, 0x14,
  0x40, 0x96, 0x75, 0x20, 0x07, 0x70, 0x70, 0x06, 0x40, 0x96, 0x01, 0x20,
  0xe7, 0x10, 0x74, 0x20, 0x02, 0x00, 0x81, 0x00, 0x4b, 0x12, 0xc0, 0x21,
  0x60, 0x00, 0x00, 0x16, 0x00, 0x00, 0x00, 0x00, 0x40, 0x96, 0x01, 0x20,
  0xe7, 0x6e, 0x74, 0x1c, 0x31, 0x00, 0x80, 0x0c, 0x68, 0x02, 0x00, 0x23,
  0x00, 0x0e, 0x00, 0x06, 0x00, 0x5e, 0x20, 0x04, 0x09, 0x00, 0x80, 0x00,
  0x28, 0x0a, 0x00, 0x22, 0x00, 0x02, 0x8d, 0x1e, 0x02, 0x00, 0x02, 0x00,
  0x09, 0x00, 0x80, 0x00, 0x28, 0x0a, 0xc0, 0x2d, 0xc0, 0x0d, 0x8d, 0x1e,
  0x02, 0x00, 0x02, 0x00, 0x40, 0x96, 0x75, 0x20, 0x07, 0x10, 0x10, 0x06,
  0x40, 0x96, 0x75, 0x20, 0x07, 0x6e, 0x6e, 0x06, 0x31, 0x00, 0x80, 0x0c,
  0x68, 0x02, 0x00, 0x21, 0x00, 0x02, 0x00, 0x06, 0x00, 0x5e, 0x20, 0x04,
  0x31, 0x00, 0x80, 0x0c, 0x68, 0x02, 0x80, 0x22, 0xc0, 0x0d, 0x00, 0x06,
  0x00, 0x5e, 0x20, 0x04, 0x10, 0x36, 0x02, 0x24, 0xe7, 0x00, 0x12, 0x1a,
  0x10, 0x3e, 0x02, 0x24, 0xe7, 0x00, 0x16, 0x1a, 0x04, 0x00, 0x00, 0x00,
  0x44, 0x10, 0x00, 0x26, 0x00, 0x06, 0x00, 0x00, 0x00, 0x00, 0x00, 0x00,
  0x04, 0x00, 0x00, 0x00, 0x44, 0x10, 0x02, 0x26, 0x02, 0x06, 0x00, 0x00,
  0x00, 0x00, 0x00, 0x00, 0x02, 0x00, 0x81, 0x00, 0x48, 0x12, 0xa0, 0x21,
  0x60, 0x00, 0x00, 0x16, 0x00, 0x00, 0x00, 0x00, 0x02, 0x00, 0x81, 0x00,
  0x49, 0x12, 0x80, 0x2f, 0x60, 0x00, 0x00, 0x16, 0x00, 0x00, 0x00, 0x00,
  0x10, 0x3e, 0x02, 0x24, 0xe7, 0x00, 0x32, 0x1a, 0x05, 0x00, 0x80, 0x02,
  0x42, 0x12, 0x00, 0x20, 0x80, 0x0f, 0xb1, 0x12, 0xa0, 0x01, 0xb1, 0x00,
  0x10, 0x36, 0x02, 0x24, 0xe7, 0x00, 0x30, 0x1a, 0x04, 0x00, 0x00, 0x00,
  0x44, 0x10, 0x02, 0x26, 0x02, 0x06, 0x00, 0x00, 0x00, 0x00, 0x00, 0x00,
  0x02, 0x00, 0x81, 0x00, 0x4a, 0x12, 0xa0, 0x2f, 0x60, 0x00, 0x00, 0x16,
  0x00, 0x00, 0x00, 0x00, 0x04, 0x00, 0x00, 0x00, 0x44, 0x10, 0x00, 0x26,
  0x00, 0x06, 0x00, 0x00, 0x00, 0x00, 0x00, 0x00, 0x02, 0x00, 0x81, 0x00,
  0x49, 0x12, 0x60, 0x2e, 0x60, 0x00, 0x00, 0x16, 0x00, 0x00, 0x00, 0x00,
  0x05, 0x00, 0x80, 0x02, 0x43, 0x12, 0x00, 0x20, 0xa0, 0x0f, 0xb1, 0x12,
  0xc0, 0x01, 0xb1, 0x00, 0x02, 0x00, 0x81, 0x00, 0x48, 0x12, 0xe0, 0x21,
  0x60, 0x00, 0x00, 0x16, 0x00, 0x00, 0x00, 0x00, 0x10, 0x36, 0x02, 0x24,
  0xe7, 0x00, 0x78, 0x1a, 0x5b, 0x82, 0x07, 0x20, 0x01, 0xb0, 0x13, 0x14,
  0x05, 0x00, 0x80, 0x02, 0x42, 0x12, 0x00, 0x20, 0x60, 0x0e, 0xb1, 0x12,
  0xe0, 0x01, 0xb1, 0x00, 0x02, 0x00, 0x81, 0x00, 0x4b, 0x12, 0x80, 0x2f,
  0x60, 0x00, 0x00, 0x16, 0x00, 0x00, 0x00, 0x00, 0x04, 0x00, 0x00, 0x00,
  0x44, 0x10, 0x00, 0x26, 0x00, 0x06, 0x00, 0x00, 0x00, 0x00, 0x00, 0x00,
  0x01, 0xf6, 0x00, 0x20, 0x07, 0x70, 0x78, 0x00, 0x02, 0x00, 0x81, 0x00,
  0x4a, 0x12, 0xc0, 0x2f, 0x60, 0x00, 0x00, 0x16, 0x00, 0x00, 0x00, 0x00,
  0x5b, 0xe2, 0x00, 0x20, 0x01, 0x30, 0x11, 0xc8, 0x02, 0x00, 0x81, 0x00,
  0x48, 0x12, 0x80, 0x21, 0x60, 0x00, 0x00, 0x16, 0x00, 0x00, 0x00, 0x00,
  0x40, 0x96, 0x01, 0x20, 0xe0, 0x70, 0x05, 0x70, 0x05, 0xd6, 0x03, 0xe2,
  0xff, 0x00, 0x7e, 0x7c, 0x01, 0xf6, 0x00, 0x20, 0x07, 0x10, 0x0e, 0x00,
  0x01, 0xf6, 0x00, 0x20, 0x07, 0x7c, 0x6c, 0x00, 0x09, 0x00, 0x80, 0x00,
  0x28, 0x0a, 0x00, 0x2e, 0x00, 0x0e, 0x8d, 0x1e, 0x02, 0x00, 0x02, 0x00,
  0x10, 0x3e, 0x02, 0x24, 0xe7, 0x00, 0x18, 0x1a, 0x40, 0x96, 0x15, 0x20,
  0xe0, 0x10, 0x04, 0x10, 0x40, 0x96, 0x01, 0x20, 0xe0, 0x7c, 0x05, 0x7c,
  0x40, 0x96, 0x75, 0x20, 0x07, 0x70, 0x70, 0x06, 0x04, 0x00, 0x00, 0x00,
  0x44, 0x10, 0x02, 0x26, 0x02, 0x06, 0x00, 0x00, 0x00, 0x00, 0x00, 0x00,
  0x09, 0x00, 0x80, 0x00, 0x28, 0x0a, 0x00, 0x22, 0x00, 0x02, 0x8d, 0x1e,
  0x02, 0x00, 0x02, 0x00, 0x09, 0x00, 0x80, 0x00, 0x28, 0x0a, 0x80, 0x2f,
  0x80, 0x0f, 0x8d, 0x1e, 0x02, 0x00, 0x02, 0x00, 0x31, 0x00, 0x80, 0x0c,
  0x68, 0x02, 0xc0, 0x21, 0x00, 0x0e, 0x00, 0x06, 0x00, 0x5e, 0x20, 0x04,
  0x02, 0x00, 0x81, 0x00, 0x49, 0x12, 0x40, 0x2e, 0x60, 0x00, 0x00, 0x16,
  0x00, 0x00, 0x00, 0x00, 0x40, 0x96, 0x75, 0x20, 0x07, 0x10, 0x10, 0x06,
  0x40, 0x96, 0x75, 0x20, 0x07, 0x7c, 0x7c, 0x06, 0x40, 0x96, 0x01, 0x20,
  0xe7, 0x78, 0x74, 0x1e, 0x05, 0x00, 0x80, 0x02, 0x42, 0x12, 0x00, 0x20,
  0x40, 0x0e, 0xb1, 0x12, 0x80, 0x01, 0xb1, 0x00, 0x31, 0x00, 0x80, 0x0c,
  0x68, 0x02, 0x80, 0x21, 0x00, 0x02, 0x00, 0x06, 0x00, 0x5e, 0x20, 0x04,
  0x10, 0x00, 0x80, 0x04, 0xe3, 0x3a, 0x00, 0x20, 0x00, 0x01, 0x8d, 0x3a,
  0x40, 0x03, 0x8d, 0x00, 0x31, 0x00, 0x80, 0x0c, 0x68, 0x02, 0x40, 0x2f,
  0x80, 0x0f, 0x00, 0x06, 0x00, 0x5e, 0x20, 0x04, 0x09, 0x00, 0x80, 0x00,
  0x28, 0x0a, 0x00, 0x2f, 0x00, 0x0f, 0x8d, 0x1e, 0x02, 0x00, 0x02, 0x00,
  0x02, 0x00, 0x81, 0x00, 0x48, 0x12, 0x00, 0x21, 0x60, 0x00, 0x00, 0x16,
  0x00, 0x00, 0x00, 0x00, 0x10, 0x3e, 0x02, 0x24, 0xe7, 0x00, 0x14, 0x1a,
  0x02, 0x00, 0x81, 0x00, 0x4a, 0x12, 0xc0, 0x2f, 0x60, 0x00, 0x00, 0x16,
  0x00, 0x00, 0x00, 0x00, 0x40, 0x96, 0x75, 0x20, 0x07, 0x78, 0x78, 0x06,
  0x04, 0x00, 0x00, 0x00, 0x44, 0x10, 0x22, 0x26, 0x22, 0x06, 0x00, 0x00,
  0x00, 0x00, 0x00, 0x00, 0x04, 0x00, 0x00, 0x00, 0x44, 0x10, 0x02, 0x26,
  0x02, 0x06, 0x00, 0x00, 0x00, 0x00, 0x00, 0x00, 0x05, 0x00, 0x80, 0x02,
  0x42, 0x12, 0x00, 0x20, 0xc0, 0x0f, 0xb1, 0x12, 0x00, 0x01, 0xb1, 0x00,
  0x31, 0x00, 0x80, 0x0c, 0x68, 0x02, 0xc0, 0x2e, 0x00, 0x0f, 0x00, 0x06,
  0x00, 0x5e, 0x20, 0x04, 0x02, 0x00, 0x81, 0x00, 0x4b, 0x12, 0xa0, 0x2f,
  0x60, 0x00, 0x00, 0x16, 0x00, 0x00, 0x00, 0x00, 0x02, 0x00, 0x81, 0x00,
  0x49, 0x12, 0x80, 0x2f, 0x60, 0x00, 0x00, 0x16, 0x00, 0x00, 0x00, 0x00,
  0x02, 0x00, 0x81, 0x00, 0x4a, 0x12, 0x20, 0x21, 0x60, 0x00, 0x00, 0x16,
  0x00, 0x00, 0x00, 0x00, 0x01, 0x00, 0x00, 0x00, 0x4c, 0x16, 0xc0, 0x2f,
  0x00, 0x00, 0x00, 0x00, 0x01, 0x00, 0x01, 0x00, 0x05, 0x00, 0x80, 0x02,
  0x43, 0x12, 0x00, 0x20, 0xa0, 0x0f, 0xb1, 0x12, 0x20, 0x01, 0xb1, 0x00,
  0x02, 0x00, 0x81, 0x00, 0x4b, 0x12, 0x00, 0x2f, 0x60, 0x00, 0x00, 0x16,
  0x00, 0x00, 0x00, 0x00, 0x10, 0x36, 0x02, 0x24, 0xe7, 0x00, 0x0e, 0x1a,
  0x04, 0x00, 0x00, 0x00, 0x44, 0x10, 0x00, 0x26, 0x00, 0x06, 0x00, 0x00,
  0x00, 0x00, 0x00, 0x00, 0x10, 0x3e, 0x02, 0x24, 0xe7, 0x00, 0x0c, 0x1a,
  0x02, 0x00, 0x81, 0x00, 0x48, 0x12, 0x40, 0x21, 0x60, 0x00, 0x00, 0x16,
  0x00, 0x00, 0x00, 0x00, 0x10, 0x36, 0x02, 0x24, 0xe7, 0x00, 0x7a, 0x1a,
  0x04, 0x00, 0x00, 0x00, 0x44, 0x10, 0x02, 0x26, 0x02, 0x06, 0x00, 0x00,
  0x00, 0x00, 0x00, 0x00, 0x05, 0x00, 0x80, 0x02, 0x42, 0x12, 0x00, 0x20,
  0x80, 0x0f, 0xb1, 0x12, 0x40, 0x01, 0xb1, 0x00, 0x04, 0x00, 0x00, 0x00,
  0x44, 0x10, 0x00, 0x26, 0x00, 0x06, 0x00, 0x00, 0x00, 0x00, 0x00, 0x00,
  0x02, 0x00, 0x81, 0x00, 0x49, 0x12, 0x00, 0x21, 0x60, 0x00, 0x00, 0x16,
  0x00, 0x00, 0x00, 0x00, 0x02, 0x00, 0x81, 0x00, 0x4a, 0x12, 0x20, 0x2f,
  0x60, 0x00, 0x00, 0x16, 0x00, 0x00, 0x00, 0x00, 0x02, 0x00, 0x81, 0x00,
  0x48, 0x12, 0xa0, 0x2e, 0xc0, 0x0f, 0x00, 0x16, 0x00, 0x00, 0x00, 0x00,
  0x10, 0x3e, 0x02, 0x24, 0xe7, 0x00, 0x76, 0x1a, 0x05, 0x00, 0x80, 0x02,
  0x42, 0x12, 0x00, 0x20, 0x20, 0x0f, 0xb1, 0x12, 0x00, 0x0f, 0xb1, 0x00,
  0x05, 0xd6, 0x03, 0xe2, 0xff, 0x00, 0x08, 0x75, 0x02, 0x00, 0x81, 0x00,
  0x4a, 0x12, 0x80, 0x2f, 0xc0, 0x0f, 0x00, 0x16, 0x00, 0x00, 0x00, 0x00,
  0x02, 0x00, 0x81, 0x00, 0x48, 0x12, 0xa0, 0x2f, 0xc0, 0x0f, 0x00, 0x16,
  0x00, 0x00, 0x00, 0x00, 0x04, 0x00, 0x00, 0x00, 0x44, 0x10, 0x20, 0x26,
  0x02, 0x06, 0x00, 0x00, 0x00, 0x00, 0x00, 0x00, 0x05, 0xde, 0x03, 0xe2,
  0xff, 0x00, 0x7d, 0x7c, 0x02, 0x00, 0x81, 0x00, 0x4a, 0x12, 0x60, 0x2f,
  0xc0, 0x0f, 0x00, 0x16, 0x00, 0x00, 0x00, 0x00, 0x02, 0x00, 0x81, 0x00,
  0x49, 0x12, 0x40, 0x2f, 0xc0, 0x0f, 0x00, 0x16, 0x00, 0x00, 0x00, 0x00,
  0x05, 0x00, 0x80, 0x02, 0x43, 0x12, 0x00, 0x20, 0x60, 0x0f, 0xb1, 0x12,
  0x40, 0x0f, 0xb1, 0x00, 0x22, 0x00, 0x81, 0x00, 0x03, 0x0e, 0x00, 0x20,
  0x28, 0x07, 0x00, 0x00, 0x28, 0x07, 0x00, 0x00, 0x01, 0x00, 0x00, 0x00,
  0x0c, 0x16, 0xc8, 0x2f, 0x00, 0x00, 0x00, 0x00, 0xb4, 0x00, 0xb4, 0x00,
  0x40, 0x00, 0x80, 0x00, 0x08, 0x02, 0x00, 0x21, 0x80, 0x09, 0x8d, 0x16,
  0x10, 0x00, 0x10, 0x00, 0x5b, 0x42, 0x06, 0x20, 0x01, 0x50, 0x11, 0xc8,
  0x5b, 0x22, 0x06, 0x20, 0x01, 0x50, 0x11, 0xc4, 0x31, 0x00, 0x60, 0x0a,
  0x2c, 0x02, 0xa0, 0x2f, 0xc0, 0x0f, 0x00, 0x06, 0x04, 0x42, 0x18, 0x02,
  0x01, 0x00, 0x00, 0x00, 0x4c, 0x16, 0xc0, 0x2f, 0x00, 0x00, 0x00, 0x00,
  0xd4, 0x00, 0xd4, 0x00, 0x5b, 0xa2, 0x00, 0x20, 0x01, 0x30, 0x11, 0xc0,
  0x01, 0xf6, 0x00, 0x20, 0x07, 0x5e, 0x64, 0x00, 0x5b, 0x02, 0x06, 0x20,
  0x01, 0x40, 0x11, 0xc0, 0x40, 0x00, 0x20, 0x00, 0x0c, 0x12, 0x80, 0x2f,
  0xc0, 0x0f, 0x00, 0x26, 0x00, 0x04, 0x00, 0x00, 0x40, 0x96, 0x15, 0x20,
  0xe0, 0x5e, 0x04, 0x5e, 0x09, 0x00, 0x80, 0x00, 0x28, 0x0a, 0xc0, 0x2b,
  0xc0, 0x0b, 0x8d, 0x1e, 0x02, 0x00, 0x02, 0x00, 0x40, 0x96, 0x75, 0x20,
  0x07, 0x5e, 0x5e, 0x06, 0x01, 0xd6, 0x02, 0x20, 0x00, 0x6c, 0x7d, 0x00,
  0x01, 0xd6, 0x16, 0x20, 0x00, 0x6e, 0x7d, 0x00, 0x01, 0xd6, 0x1a, 0x20,
  0x00, 0x70, 0x7d, 0x00, 0x01, 0xd6, 0x1e, 0x20, 0x00, 0x72, 0x7d, 0x00,
  0x01, 0xd6, 0x22, 0x20, 0x00, 0x74, 0x7d, 0x00, 0x01, 0xd6, 0x2a, 0x20,
  0x00, 0x76, 0x7d, 0x00, 0x01, 0x00, 0x80, 0x00, 0x28, 0x0a, 0x00, 0x2f,
  0xb8, 0x0f, 0x00, 0x00, 0x00, 0x00, 0x00, 0x00, 0x01, 0x00, 0x80, 0x00,
  0x28, 0x0a, 0x40, 0x2f, 0xbc, 0x0f, 0x00, 0x00, 0x00, 0x00, 0x00, 0x00,
  0x33, 0x00, 0x80, 0x0c, 0x70, 0xc0, 0x06, 0x00, 0x88, 0x09, 0x00, 0x00,
  0xff, 0x50, 0x02, 0x04, 0x33, 0x00, 0x80, 0x0c, 0x70, 0x40, 0x07, 0x00,
  0x08, 0x01, 0x00, 0x00, 0xff, 0x50, 0x02, 0x04, 0x01, 0xf6, 0x00, 0x20,
  0x07, 0x7a, 0x62, 0x00, 0x01, 0xf6, 0x00, 0x20, 0x07, 0x08, 0x0a, 0x00,
  0x01, 0xf6, 0x00, 0x20, 0x07, 0x78, 0x60, 0x00, 0x40, 0x56, 0x02, 0x20,
  0xf7, 0x76, 0x32, 0x36, 0x40, 0x96, 0x15, 0x20, 0xe0, 0x7a, 0x04, 0x7a,
  0x40, 0x96, 0x15, 0x20, 0xe0, 0x08, 0x04, 0x08, 0x40, 0x96, 0x15, 0x20,
  0xe0, 0x78, 0x04, 0x78, 0x40, 0x56, 0x02, 0x20, 0xf7, 0x0a, 0x14, 0x3a,
  0x09, 0x00, 0x80, 0x00, 0x28, 0x0a, 0x40, 0x2f, 0x40, 0x0f, 0x8d, 0x1e,
  0x02, 0x00, 0x02, 0x00, 0x09, 0x00, 0x80, 0x00, 0x28, 0x0a, 0x00, 0x21,
  0x00, 0x01, 0x8d, 0x1e, 0x02, 0x00, 0x02, 0x00, 0x09, 0x00, 0x80, 0x00,
  0x28, 0x0a, 0x00, 0x2f, 0x00, 0x0f, 0x8d, 0x1e, 0x02, 0x00, 0x02, 0x00,
  0x40, 0x56, 0x02, 0x20, 0xe7, 0x74, 0x16, 0x12, 0x40, 0x96, 0x75, 0x20,
  0x07, 0x7a, 0x7a, 0x06, 0x40, 0x96, 0x75, 0x20, 0x07, 0x08, 0x08, 0x06,
  0x40, 0x96, 0x75, 0x20, 0x07, 0x78, 0x78, 0x06, 0x40, 0x56, 0x02, 0x20,
  0xf7, 0x76, 0x76, 0x30, 0x40, 0x56, 0x02, 0x20, 0xf7, 0x0a, 0x0a, 0x0e,
  0x5b, 0x02, 0x01, 0x20, 0xa1, 0xa0, 0x53, 0x35, 0x40, 0x56, 0x02, 0x20,
  0xe7, 0x76, 0x76, 0x3e, 0x40, 0x56, 0x02, 0x20, 0xe7, 0x0a, 0x0a, 0x40,
  0x41, 0x00, 0x80, 0x00, 0xe8, 0x3a, 0xc0, 0x2f, 0x40, 0x01, 0x8d, 0x3e,
  0x00, 0x00, 0x80, 0x3e, 0x41, 0x56, 0x02, 0x20, 0xf7, 0x72, 0x7e, 0x7e,
  0x31, 0x00, 0x20, 0x0a, 0x0c, 0x02, 0x60, 0x2d, 0x80, 0x0f, 0x00, 0x06,
  0x04, 0x08, 0x11, 0x02, 0x40, 0x56, 0x02, 0x20, 0xf7, 0x7c, 0x0c, 0x18,
  0x41, 0x00, 0x80, 0x00, 0xe8, 0x3a, 0x80, 0x21, 0xc0, 0x0e, 0x8d, 0x3e,
  0x00, 0x00, 0x80, 0x3e, 0x40, 0x56, 0x02, 0x20, 0xf7, 0x7c, 0x7c, 0x38,
  0x40, 0x56, 0x02, 0x20, 0xe7, 0x7c, 0x7c, 0x3c, 0x41, 0x00, 0x80, 0x00,
  0xe8, 0x3a, 0x40, 0x20, 0x80, 0x0f, 0x8d, 0x3e, 0x00, 0x00, 0x80, 0x3e,
  0x01, 0xd6, 0x02, 0x20, 0x00, 0x66, 0x6b, 0x00, 0x01, 0xd6, 0x16, 0x20,
  0x00, 0x68, 0x6b, 0x00, 0x33, 0x00, 0x80, 0x0c, 0x70, 0x60, 0x06, 0x00,
  0xc4, 0x0a, 0x00, 0x00, 0xff, 0x5c, 0x02, 0x04, 0x31, 0x00, 0x80, 0x0c,
  0x68, 0x02, 0x00, 0x2a, 0xc0, 0x0b, 0x00, 0x06, 0x00, 0x5e, 0x20, 0x04,
  0x31, 0x00, 0x80, 0x0c, 0x68, 0x02, 0xc0, 0x24, 0x40, 0x0f, 0x00, 0x06,
  0x00, 0x5e, 0x20, 0x04, 0x31, 0x00, 0x80, 0x0c, 0x68, 0x02, 0x40, 0x25,
  0x00, 0x01, 0x00, 0x06, 0x00, 0x5e, 0x20, 0x04, 0x31, 0x00, 0x80, 0x0c,
  0x68, 0x02, 0x00, 0x25, 0x00, 0x0f, 0x00, 0x06, 0x00, 0x5e, 0x20, 0x04,
  0x41, 0x56, 0x02, 0x20, 0xf7, 0x78, 0x10, 0x02, 0x5b, 0x42, 0x01, 0x20,
  0x00, 0xc0, 0xfb, 0x19, 0x41, 0x56, 0x02, 0x20, 0xe7, 0x74, 0x02, 0x14,
  0x40, 0x56, 0x02, 0x20, 0xe7, 0x7a, 0x50, 0x26, 0x40, 0x56, 0x02, 0x20,
  0xe7, 0x08, 0x2a, 0x28, 0x5b, 0xc2, 0x06, 0x20, 0xa1, 0xd0, 0x53, 0x35,
  0x5b, 0xe2, 0x00, 0x20, 0xa1, 0x40, 0x50, 0x35, 0x5b, 0xa2, 0x06, 0x20,
  0x00, 0x90, 0x43, 0xd8, 0x41, 0x56, 0x02, 0x20, 0xf7, 0x7c, 0x0c, 0x6c,
  0x5b, 0x62, 0x07, 0x20, 0x00, 0xa0, 0xab, 0x1d, 0x5b, 0x82, 0x06, 0x20,
  0x00, 0xe0, 0xfb, 0x05, 0x5b, 0x01, 0x80, 0x02, 0x01, 0x00, 0x1e, 0x18,
  0xc8, 0x61, 0x07, 0x39, 0xd0, 0x20, 0x07, 0x03, 0x22, 0x00, 0x91, 0x00,
  0x01, 0x0e, 0x00, 0x20, 0x48, 0x01, 0x00, 0x00, 0x50, 0x00, 0x00, 0x00,
  0x01, 0x00, 0x80, 0x00, 0xe8, 0x3e, 0x00, 0x21, 0x00, 0x00, 0x00, 0x00,
  0x00, 0x00, 0x00, 0x00, 0x01, 0x00, 0x80, 0x00, 0xe8, 0x3e, 0x40, 0x21,
  0x00, 0x00, 0x00, 0x00, 0x00, 0x00, 0x00, 0x00, 0x01, 0x00, 0x80, 0x00,
  0xe8, 0x3e, 0x40, 0x20, 0x00, 0x00, 0x00, 0x00, 0x00, 0x00, 0x00, 0x00,
  0x24, 0x00, 0x80, 0x00, 0x00, 0x0e, 0x00, 0x20, 0x08, 0x01, 0x00, 0x00,
  0x08, 0x01, 0x00, 0x00, 0x41, 0x56, 0x02, 0x20, 0xf7, 0x70, 0x7e, 0x0e,
  0x41, 0x56, 0x02, 0x20, 0xf7, 0x08, 0x0c, 0x0c, 0x40, 0x56, 0x02, 0x20,
  0xf7, 0x7c, 0x2a, 0x28, 0x40, 0x56, 0x02, 0x20, 0xf7, 0x78, 0x50, 0x26,
  0x5b, 0xe2, 0x06, 0x20, 0x00, 0x80, 0x0b, 0x18, 0x41, 0x56, 0x02, 0x20,
  0xf7, 0x0c, 0x02, 0x02, 0x5b, 0xa2, 0x00, 0x20, 0x00, 0x40, 0x40, 0x1c,
  0x41, 0x00, 0x80, 0x00, 0xe8, 0x3a, 0x40, 0x2f, 0x80, 0x0f, 0x8d, 0x3e,
  0x00, 0x00, 0x00, 0x3f, 0x41, 0x00, 0x80, 0x00, 0xe8, 0x3a, 0xc0, 0x2e,
  0x00, 0x0f, 0x8d, 0x3e, 0x00, 0x00, 0x00, 0x3f, 0x5b, 0xe2, 0x00, 0x20,
  0x00, 0x60, 0xb0, 0x1d, 0x38, 0x16, 0x01, 0x21, 0x07, 0x6c, 0x18, 0x00,
  0x40, 0x56, 0x02, 0x20, 0xf7, 0x74, 0x16, 0x12, 0x41, 0x56, 0x02, 0x20,
  0xe7, 0x7c, 0x6c, 0x14, 0x41, 0x56, 0x02, 0x20, 0xe7, 0x78, 0x6c, 0x6e,
  0x41, 0x56, 0x02, 0x20, 0xe7, 0x14, 0x6c, 0x0a, 0x41, 0x56, 0x02, 0x20,
  0xe7, 0x10, 0x6c, 0x6a, 0x41, 0x56, 0x02, 0x20, 0xe7, 0x12, 0x6c, 0x68,
  0x41, 0x56, 0x02, 0x20, 0xe7, 0x08, 0x7c, 0x76, 0x41, 0x56, 0x02, 0x20,
  0xe7, 0x70, 0x78, 0x76, 0x41, 0x56, 0x02, 0x20, 0xe7, 0x18, 0x14, 0x76,
  0x41, 0x00, 0x80, 0x00, 0xe8, 0x3a, 0x40, 0x2e, 0x80, 0x0e, 0x8d, 0x3e,
  0x00, 0x00, 0x00, 0x3f, 0x5b, 0x62, 0x01, 0x20, 0x00, 0x40, 0xe8, 0x21,
  0x41, 0x56, 0x02, 0x20, 0xe7, 0x74, 0x6c, 0x0e, 0x5b, 0xa2, 0x06, 0x20,
  0x00, 0x80, 0xeb, 0x25, 0x5b, 0xc2, 0x00, 0x20, 0x00, 0xc0, 0xe8, 0xf9,
  0x5b, 0x82, 0x00, 0x20, 0x00, 0xb0, 0xc8, 0x25, 0x5b, 0x22, 0x00, 0x20,
  0x00, 0x50, 0xcb, 0xe9, 0x5b, 0xa2, 0x00, 0x20, 0x00, 0x60, 0xc8, 0xf1,
  0x25, 0x00, 0x80, 0x00, 0x00, 0x00, 0x00, 0x20, 0x00, 0x00, 0x00, 0x0e,
  0x10, 0x00, 0x00, 0x00, 0x10, 0x00, 0x80, 0x05, 0xe2, 0x3a, 0x00, 0x20,
  0x40, 0x20, 0x8d, 0x3e, 0x00, 0x00, 0x00, 0x3f, 0x22, 0x00, 0x81, 0x00,
  0x02, 0x0e, 0x00, 0x20, 0xb8, 0x02, 0x00, 0x00, 0xb8, 0x02, 0x00, 0x00,
  0x10, 0x00, 0x80, 0x05, 0xe1, 0x3a, 0x00, 0x20, 0x40, 0x21, 0x8d, 0x3e,
  0x00, 0x00, 0x00, 0x3f, 0x22, 0x00, 0x81, 0x00, 0x01, 0x0e, 0x00, 0x20,
  0x88, 0x02, 0x00, 0x00, 0x88, 0x02, 0x00, 0x00, 0x10, 0x00, 0x80, 0x05,
  0xe0, 0x3a, 0x00, 0x20, 0x00, 0x21, 0x8d, 0x3e, 0x00, 0x00, 0x00, 0x3f,
  0x22, 0x00, 0x81, 0x00, 0x00, 0x0e, 0x00, 0x20, 0x58, 0x02, 0x00, 0x00,
  0x58, 0x02, 0x00, 0x00, 0x31, 0x00, 0x60, 0x0a, 0x0c, 0x02, 0xc0, 0x2f,
  0xc0, 0x05, 0x00, 0x06, 0x00, 0xe0, 0x19, 0x02, 0x01, 0x2d, 0x00, 0x20,
  0x07, 0x00, 0x7e, 0x00, 0x01, 0x00, 0x80, 0x00, 0x2c, 0x1e, 0x80, 0x2f,
  0x00, 0x00, 0x00, 0x00, 0x00, 0x00, 0x00, 0x00, 0x01, 0x00, 0x80, 0x00,
  0x28, 0x1e, 0x80, 0x2f, 0x00, 0x00, 0x00, 0x00, 0x01, 0x00, 0x01, 0x00,
  0x01, 0x00, 0x00, 0x00, 0x0c, 0x43, 0x40, 0x2f, 0xb8, 0x00, 0x00, 0x00,
  0x00, 0x00, 0x00, 0x00, 0x40, 0x00, 0x60, 0x00, 0x2c, 0x0a, 0x84, 0x4f,
  0x80, 0x0f, 0x40, 0x0a, 0x84, 0x0f, 0x40, 0x00, 0x40, 0x00, 0x40, 0x00,
  0x2c, 0x0a, 0x88, 0x6f, 0x88, 0x0f, 0x60, 0x0a, 0x84, 0x0f, 0x60, 0x00,
  0x40, 0x00, 0x40, 0x00, 0x2c, 0x0a, 0x8c, 0x6f, 0x8c, 0x0f, 0x60, 0x0a,
  0x84, 0x0f, 0x60, 0x00, 0x40, 0x00, 0x40, 0x00, 0x2c, 0x0a, 0x90, 0x2f,
  0x8c, 0x0f, 0x00, 0x0a, 0x90, 0x0f, 0x69, 0x00, 0x40, 0x00, 0x40, 0x00,
  0x2c, 0x0a, 0xb0, 0x2f, 0xac, 0x0f, 0x00, 0x0a, 0xb0, 0x0f, 0x69, 0x00,
  0x40, 0x00, 0x60, 0x00, 0x2c, 0x0a, 0xa0, 0x2f, 0x9c, 0x0f, 0x00, 0x0a,
  0xa0, 0x0f, 0x8d, 0x00, 0x01, 0x00, 0x00, 0x00, 0x2c, 0x0a, 0x00, 0x2f,
  0xbc, 0x0f, 0x00, 0x00, 0x00, 0x00, 0x00, 0x00, 0x33, 0x00, 0x00, 0x0c,
  0x1c, 0x80, 0x67, 0x0f, 0x41, 0x0f, 0x00, 0x00, 0xff, 0xa7, 0x14, 0x04,
  0x40, 0x00, 0x80, 0x00, 0x2c, 0x0a, 0x80, 0x2f, 0x80, 0x0f, 0x8d, 0x02,
  0x60, 0x0f, 0x00, 0x00, 0x40, 0x00, 0x80, 0x00, 0x28, 0x0a, 0xc0, 0x2e,
  0x80, 0x0f, 0x8d, 0x1e, 0xff, 0xff, 0xff, 0xff, 0x31, 0x00, 0x60, 0x0a,
  0x0c, 0x02, 0xc0, 0x2f, 0xc0, 0x05, 0x00, 0x06, 0x00, 0xe0, 0x19, 0x02,
  0x01, 0x2d, 0x00, 0x20, 0x07, 0x00, 0x7e, 0x00, 0x40, 0x96, 0x71, 0x20,
  0x07, 0x74, 0x4c, 0x04, 0x40, 0x56, 0x02, 0x20, 0xf7, 0x08, 0x52, 0x08,
  0x40, 0x56, 0x02, 0x20, 0xf7, 0x6e, 0x34, 0x0a, 0x40, 0x00, 0x00, 0x00,
  0x44, 0x12, 0x00, 0x22, 0x84, 0x08, 0x00, 0x16, 0x40, 0x0b, 0x40, 0x0b,
  0x31, 0x00, 0x80, 0x0c, 0x68, 0x02, 0x40, 0x2e, 0x80, 0x0e, 0x00, 0x06,
  0xff, 0x5e, 0x20, 0x04, 0x40, 0x00, 0x00, 0x00, 0x44, 0x12, 0x02, 0x22,
  0x80, 0x08, 0x00, 0x16, 0x40, 0x0b, 0x40, 0x0b, 0x09, 0x00, 0x80, 0x00,
  0x28, 0x0a, 0x80, 0x2f, 0xc0, 0x0e, 0x8d, 0x1e, 0x04, 0x00, 0x04, 0x00,
  0x01, 0x00, 0x00, 0x00, 0xec, 0x22, 0xa4, 0x2e, 0x00, 0x80, 0x00, 0x00,
  0x00, 0x00, 0x00, 0x00, 0x40, 0x00, 0x00, 0x00, 0x2c, 0x22, 0xc0, 0x2f,
  0x00, 0x80, 0x00, 0x22, 0x00, 0xc2, 0x00, 0x00, 0x40, 0x96, 0x01, 0x20,
  0x07, 0x78, 0x7c, 0x07, 0x01, 0x80, 0x00, 0x20, 0x00, 0x75, 0x7e, 0x00,
  0x40, 0x00, 0x80, 0x00, 0x28, 0x0a, 0xc0, 0x2e, 0x00, 0x0f, 0x8d, 0x1e,
  0x0c, 0x00, 0x0c, 0x00, 0x01, 0x96, 0x00, 0x20, 0x07, 0x70, 0x72, 0x00,
  0x5b, 0x2e, 0x07, 0x30, 0x05, 0xa8, 0xd7, 0x05, 0x41, 0x56, 0x02, 0x20,
  0xe7, 0x08, 0x08, 0x70, 0x41, 0x56, 0x02, 0x20, 0xe7, 0x6e, 0x6e, 0x70,
  0x41, 0x00, 0x80, 0x00, 0xe8, 0x3a, 0x00, 0x22, 0x40, 0x0e, 0x8d, 0x3e,
  0xcc, 0x7f, 0x08, 0x3e, 0x40, 0x00, 0x80, 0x00, 0xe8, 0x3a, 0x00, 0x21,
  0x00, 0x01, 0x8d, 0x3e, 0x00, 0x00, 0x00, 0x3f, 0x40, 0x00, 0x80, 0x00,
  0xe8, 0x3a, 0xc0, 0x2d, 0xc0, 0x0d, 0x8d, 0x3e, 0x00, 0x00, 0x00, 0x3f,
  0x45, 0x16, 0x01, 0x20, 0x07, 0x0a, 0x08, 0x00, 0x45, 0x16, 0x01, 0x20,
  0x07, 0x7a, 0x6e, 0x00, 0x40, 0x96, 0x79, 0x20, 0x07, 0x08, 0x42, 0x06,
  0x01, 0xf6, 0x00, 0x20, 0x07, 0x0c, 0x0a, 0x00, 0x01, 0xf6, 0x00, 0x20,
  0x07, 0x0e, 0x7a, 0x00, 0x33, 0x00, 0x80, 0x0c, 0x70, 0xc0, 0x00, 0x00,
  0x06, 0x0f, 0x00, 0x00, 0x02, 0x58, 0x02, 0x04, 0x31, 0x00, 0x80, 0x0c,
  0x68, 0x02, 0x40, 0x22, 0x00, 0x01, 0x00, 0x06, 0x01, 0x5e, 0x20, 0x04,
  0x01, 0xf6, 0x00, 0x20, 0x07, 0x14, 0x12, 0x00, 0x33, 0x00, 0x80, 0x0c,
  0x70, 0x40, 0x01, 0x00, 0xc2, 0x0e, 0x00, 0x00, 0x02, 0x5e, 0x02, 0x04,
  0x25, 0x00, 0x80, 0x00, 0x00, 0x00, 0x00, 0x20, 0x00, 0x00, 0x00, 0x0e,
  0x10, 0x00, 0x00, 0x00, 0x25, 0x00, 0x80, 0x00, 0x00, 0x00, 0x00, 0x20,
  0x00, 0x00, 0x00, 0x0e, 0x10, 0x00, 0x00, 0x00, 0x25, 0x00, 0x80, 0x00,
  0x00, 0x00, 0x00, 0x20, 0x00, 0x00, 0x00, 0x0e, 0x10, 0x00, 0x00, 0x00,
  0x25, 0x00, 0x80, 0x00, 0x00, 0x00, 0x00, 0x20, 0x00, 0x00, 0x00, 0x0e,
  0x10, 0x00, 0x00, 0x00, 0x25, 0x00, 0x80, 0x00, 0x00, 0x00, 0x00, 0x20,
  0x00, 0x00, 0x00, 0x0e, 0x10, 0x00, 0x00, 0x00, 0x25, 0x00, 0x80, 0x00,
  0x00, 0x00, 0x00, 0x20, 0x00, 0x00, 0x00, 0x0e, 0x10, 0x00, 0x00, 0x00,
  0x25, 0x00, 0x80, 0x00, 0x00, 0x00, 0x00, 0x20, 0x00, 0x00, 0x00, 0x0e,
  0x10, 0x00, 0x00, 0x00, 0x10, 0x00, 0x80, 0x05, 0x27, 0x02, 0x00, 0x20,
  0x98, 0x00, 0x00, 0x16, 0x07, 0x00, 0x07, 0x00, 0x28, 0x00, 0x91, 0x00,
  0x03, 0x0e, 0x00, 0x20, 0x20, 0x00, 0x00, 0x00, 0x20, 0x00, 0x00, 0x00,
  0x40, 0x00, 0x00, 0x00, 0x2c, 0x0a, 0x90, 0x20, 0x90, 0x00, 0x00, 0x1e,
  0x02, 0x00, 0x02, 0x00, 0x27, 0x00, 0x80, 0x10, 0x00, 0x00, 0x00, 0x20,
  0x00, 0x00, 0x00, 0x0e, 0xd0, 0xd1, 0xff, 0xff, 0x01, 0x4d, 0x00, 0x20,
  0x07, 0x7f, 0x2e, 0x00, 0x31, 0x00, 0x60, 0x07, 0x04, 0x02, 0x00, 0x20,
  0xe0, 0x0f, 0x00, 0x06, 0x10, 0x00, 0x00, 0x82, 0x00, 0x00, 0x00, 0x00,
  0x00, 0x00, 0x00, 0x00, 0x00, 0x00, 0x00, 0x00, 0x00, 0x00, 0x00, 0x00,
  0x00, 0x00, 0x00, 0x00, 0x00, 0x00, 0x00, 0x00, 0x00, 0x00, 0x00, 0x00,
  0x00, 0x00, 0x00, 0x00, 0x00, 0x00, 0x00, 0x00, 0x00, 0x00, 0x00, 0x00,
  0x00, 0x00, 0x00, 0x00, 0x00, 0x00, 0x00, 0x00, 0x00, 0x00, 0x00, 0x00,
  0x00, 0x00, 0x00, 0x00, 0x00, 0x00, 0x00, 0x00, 0x00, 0x00, 0x00, 0x00,
  0x00, 0x00, 0x00, 0x00, 0x00, 0x00, 0x00, 0x00, 0x00, 0x00, 0x00, 0x00,
  0x00, 0x00, 0x00, 0x00, 0x00, 0x00, 0x00, 0x00, 0x00, 0x00, 0x00, 0x00,
  0x00, 0x00, 0x00, 0x00, 0x00, 0x00, 0x00, 0x00, 0x00, 0x00, 0x00, 0x00,
  0x00, 0x00, 0x00, 0x00, 0x00, 0x00, 0x00, 0x00, 0x00, 0x00, 0x00, 0x00,
  0x00, 0x00, 0x00, 0x00, 0x00, 0x00, 0x00, 0x00, 0x00, 0x00, 0x00, 0x00,
  0x00, 0x00, 0x00, 0x00, 0x00, 0x00, 0x00, 0x00, 0x00, 0x00, 0x00, 0x00,
  0x00, 0x00, 0x00, 0x00, 0x00, 0x00, 0x00, 0x00, 0x00, 0x00, 0x00, 0x00,
  0x00, 0x00, 0x00, 0x00, 0x00, 0x00, 0x00, 0x00, 0x00, 0x00, 0x00, 0x00,
  0x00, 0x00, 0x00, 0x00, 0x00, 0x00, 0x00, 0x00, 0x86, 0x01, 0x00, 0x00,
  0x00, 0x00, 0x00, 0x00, 0x00, 0x00, 0x00, 0x00, 0x04, 0x00, 0x00, 0x00,
  0x00, 0xc0, 0xff, 0x83, 0x00, 0x00, 0x00, 0x03, 0x7f, 0x00, 0xff, 0x1f,
  0x00, 0x00, 0xe0, 0x0f, 0x00, 0x00, 0x00, 0x00, 0x00, 0x00, 0x00, 0x00,
  0x00, 0x00, 0x00, 0x00, 0x00, 0x00, 0x00, 0x00, 0x00, 0x00, 0x00, 0x00,
  0x00, 0x00, 0x00, 0x00, 0x00, 0x00, 0x00, 0x00, 0x00, 0x00, 0x00, 0x00,
  0x00, 0x00, 0x00, 0x00, 0x00, 0x00, 0x00, 0x00, 0x00, 0x00, 0x00, 0x00,
  0x00, 0x00, 0x00, 0x00, 0x00, 0xc0, 0xff, 0x83, 0x00, 0x00, 0x00, 0x03,
  0x7f, 0x00, 0xff, 0x1f, 0x00, 0x00, 0xe0, 0x0f, 0x00, 0x00, 0x00, 0x00,
  0x00, 0x00, 0x00, 0x00, 0x00, 0x00, 0x00, 0x00, 0x00, 0x00, 0x00, 0x00,
  0x00, 0x00, 0x00, 0x00, 0x00, 0x00, 0x00, 0x00, 0x00, 0x00, 0x00, 0x00,
  0x00, 0x00, 0x00, 0x00, 0x00, 0x00, 0x00, 0x00, 0x00, 0x00, 0x00, 0x00,
  0x00, 0x00, 0x00, 0x00, 0x00, 0x00, 0x00, 0x00, 0x00, 0xc0, 0xff, 0x83,
  0x00, 0x00, 0x00, 0x03, 0x7f, 0x00, 0xff, 0x1f, 0x00, 0x00, 0xe0, 0x0f,
  0x00, 0x00, 0x00, 0x00, 0x00, 0x00, 0x00, 0x00, 0x00, 0x00, 0x00, 0x00,
  0x00, 0x00, 0x00, 0x00, 0x00, 0x00, 0x00, 0x00, 0x00, 0x00, 0x00, 0x00,
  0x00, 0x00, 0x00, 0x00, 0x00, 0x00, 0x00, 0x00, 0x00, 0x00, 0x00, 0x00,
  0x00, 0x00, 0x00, 0x00, 0x00, 0x00, 0x00, 0x00, 0x00, 0x00, 0x00, 0x00,
  0x00, 0xc0, 0xff, 0x83, 0x00, 0x00, 0x00, 0x03, 0x7f, 0x00, 0xff, 0x1f,
  0x00, 0x00, 0xe0, 0x0f, 0x00, 0x00, 0x00, 0x00, 0x00, 0x00, 0x00, 0x00,
  0x00, 0x00, 0x00, 0x00, 0x00, 0x00, 0x00, 0x00, 0x00, 0x00, 0x00, 0x00,
  0x00, 0x00, 0x00, 0x00, 0x00, 0x00, 0x00, 0x00, 0x00, 0x00, 0x00, 0x00,
  0x00, 0x00, 0x00, 0x00, 0x00, 0x00, 0x00, 0x00, 0x00, 0x00, 0x00, 0x00,
  0x00, 0x00, 0x00, 0x00, 0x00, 0xc0, 0xff, 0x87, 0x00, 0x00, 0x00, 0x03,
  0x7f, 0x00, 0xff, 0x1f, 0x00, 0x00, 0xe0, 0x0f, 0x00, 0x00, 0x00, 0x00,
  0x00, 0x00, 0x00, 0x00, 0x00, 0x00, 0x00, 0x00, 0x00, 0x00, 0x00, 0x00,
  0x00, 0x00, 0x00, 0x00, 0x00, 0x00, 0x00, 0x00, 0x00, 0x00, 0x00, 0x00,
  0x00, 0x00, 0x00, 0x00, 0x00, 0x00, 0x00, 0x00, 0x00, 0x00, 0x00, 0x00,
  0x00, 0x00, 0x00, 0x00, 0x00, 0x00, 0x00, 0x00, 0x00, 0xc0, 0xff, 0x87,
  0x00, 0x00, 0x00, 0x03, 0x7f, 0x00, 0xff, 0x1f, 0x00, 0x00, 0xe0, 0x0f,
  0x00, 0x00, 0x00, 0x00, 0x00, 0x00, 0x00, 0x00, 0x00, 0x00, 0x00, 0x00,
  0x00, 0x00, 0x00, 0x00, 0x00, 0x00, 0x00, 0x00, 0x00, 0x00, 0x00, 0x00,
  0x00, 0x00, 0x00, 0x00, 0x00, 0x00, 0x00, 0x00, 0x00, 0x00, 0x00, 0x00,
  0x00, 0x00, 0x00, 0x00, 0x00, 0x00, 0x00, 0x00, 0x00, 0x00, 0x00, 0x00,
  0x00, 0x00, 0x00, 0x00, 0x40, 0x00, 0x00, 0x00, 0x80, 0x00, 0x00, 0x00,
  0xc0, 0x00, 0x00, 0x00, 0x00, 0x01, 0x00, 0x00, 0x40, 0x01, 0x00, 0x00,
  0x12, 0x00, 0x00, 0x00, 0x10, 0x00, 0x00, 0x00, 0x00, 0x00, 0x00, 0x00,
  0x00, 0x08, 0x00, 0x00, 0x13, 0x00, 0x00, 0x00, 0x0c, 0x00, 0x00, 0x00,
  0x00, 0x00, 0x00, 0x00, 0x15, 0x00, 0x00, 0x00, 0x18, 0x00, 0x00, 0x00,
  0x00, 0x00, 0x00, 0x00, 0x00, 0x00, 0x00, 0x00, 0x00, 0x00, 0x00, 0x00,
  0x80, 0x01, 0x00, 0x00, 0x08, 0x00, 0x00, 0x00, 0x14, 0x00, 0x00, 0x00,
  0x80, 0x01, 0x00, 0x00, 0x06, 0x00, 0x00, 0x00, 0x00, 0x00, 0x00, 0x00,
  0x11, 0x00, 0x00, 0x00, 0x28, 0x00, 0x00, 0x00, 0x10, 0x00, 0x00, 0x00,
  0x00, 0x00, 0x00, 0x00, 0x00, 0x00, 0x00, 0x00, 0x04, 0x00, 0x00, 0x00,
  0x00, 0x00, 0x00, 0x00, 0x00, 0x00, 0x00, 0x00, 0x00, 0x00, 0x00, 0x00,
  0x00, 0x00, 0x00, 0x00, 0x11, 0x00, 0x00, 0x00, 0x28, 0x00, 0x00, 0x00,
  0x10, 0x00, 0x00, 0x00, 0x00, 0x00, 0x00, 0x00, 0x04, 0x00, 0x00, 0x00,
  0x04, 0x00, 0x00, 0x00, 0x04, 0x00, 0x00, 0x00, 0x00, 0x00, 0x00, 0x00,
  0x00, 0x00, 0x00, 0x00, 0x00, 0x00, 0x00, 0x00, 0x11, 0x00, 0x00, 0x00,
  0x28, 0x00, 0x00, 0x00, 0x10, 0x00, 0x00, 0x00, 0x00, 0x00, 0x00, 0x00,
  0x08, 0x00, 0x00, 0x00, 0x04, 0x00, 0x00, 0x00, 0x08, 0x00, 0x00, 0x00,
  0x00, 0x00, 0x00, 0x00, 0x00, 0x00, 0x00, 0x00, 0x00, 0x00, 0x00, 0x00,
  0x11, 0x00, 0x00, 0x00, 0x28, 0x00, 0x00, 0x00, 0x02, 0x00, 0x00, 0x00,
  0x00, 0x00, 0x00, 0x00, 0x0c, 0x00, 0x00, 0x00, 0x04, 0x00, 0x00, 0x00,
  0x00, 0x00, 0x00, 0x00, 0x00, 0x00, 0x00, 0x00, 0x00, 0x00, 0x00, 0x00,
  0x00, 0x00, 0x00, 0x00, 0x11, 0x00, 0x00, 0x00, 0x28, 0x00, 0x00, 0x00,
  0x02, 0x00, 0x00, 0x00, 0x00, 0x00, 0x00, 0x00, 0x10, 0x00, 0x00, 0x00,
  0x04, 0x00, 0x00, 0x00, 0x04, 0x00, 0x00, 0x00, 0x00, 0x00, 0x00, 0x00,
  0x00, 0x00, 0x00, 0x00, 0x00, 0x00, 0x00, 0x00, 0x11, 0x00, 0x00, 0x00,
  0x28, 0x00, 0x00, 0x00, 0x02, 0x00, 0x00, 0x00, 0x00, 0x00, 0x00, 0x00,
  0x14, 0x00, 0x00, 0x00, 0x04, 0x00, 0x00, 0x00, 0x08, 0x00, 0x00, 0x00,
  0x00, 0x00, 0x00, 0x00, 0x00, 0x00, 0x00, 0x00, 0x00, 0x00, 0x00, 0x00,
  0x11, 0x00, 0x00, 0x00, 0x28, 0x00, 0x00, 0x00, 0x2b, 0x00, 0x00, 0x00,
  0x00, 0x00, 0x00, 0x00, 0x20, 0x00, 0x00, 0x00, 0x04, 0x00, 0x00, 0x00,
  0x00, 0x00, 0x00, 0x00, 0x00, 0x00, 0x00, 0x00, 0x00, 0x00, 0x00, 0x00,
  0x00, 0x00, 0x00, 0x00, 0x11, 0x00, 0x00, 0x00, 0x28, 0x00, 0x00, 0x00,
  0x2b, 0x00, 0x00, 0x00, 0x01, 0x00, 0x00, 0x00, 0x28, 0x00, 0x00, 0x00,
  0x04, 0x00, 0x00, 0x00, 0x00, 0x00, 0x00, 0x00, 0x00, 0x00, 0x00, 0x00,
  0x00, 0x00, 0x00, 0x00, 0x00, 0x00, 0x00, 0x00, 0x11, 0x00, 0x00, 0x00,
  0x28, 0x00, 0x00, 0x00, 0x2b, 0x00, 0x00, 0x00, 0x02, 0x00, 0x00, 0x00,
  0x30, 0x00, 0x00, 0x00, 0x04, 0x00, 0x00, 0x00, 0x00, 0x00, 0x00, 0x00,
  0x00, 0x00, 0x00, 0x00, 0x00, 0x00, 0x00, 0x00, 0x00, 0x00, 0x00, 0x00,
  0x11, 0x00, 0x00, 0x00, 0x28, 0x00, 0x00, 0x00, 0x2a, 0x00, 0x00, 0x00,
  0x00, 0x00, 0x00, 0x00, 0x58, 0x00, 0x00, 0x00, 0x04, 0x00, 0x00, 0x00,
  0x00, 0x00, 0x00, 0x00, 0x00, 0x00, 0x00, 0x00, 0x00, 0x00, 0x00, 0x00,
  0x00, 0x00, 0x00, 0x00, 0x11, 0x00, 0x00, 0x00, 0x28, 0x00, 0x00, 0x00,
  0x2a, 0x00, 0x00, 0x00, 0x01, 0x00, 0x00, 0x00, 0x5c, 0x00, 0x00, 0x00,
  0x04, 0x00, 0x00, 0x00, 0x00, 0x00, 0x00, 0x00, 0x00, 0x00, 0x00, 0x00,
  0x00, 0x00, 0x00, 0x00, 0x00, 0x00, 0x00, 0x00, 0x11, 0x00, 0x00, 0x00,
  0x28, 0x00, 0x00, 0x00, 0x2a, 0x00, 0x00, 0x00, 0x02, 0x00, 0x00, 0x00,
  0x60, 0x00, 0x00, 0x00, 0x04, 0x00, 0x00, 0x00, 0x00, 0x00, 0x00, 0x00,
  0x00, 0x00, 0x00, 0x00, 0x00, 0x00, 0x00, 0x00, 0x00, 0x00, 0x00, 0x00,
  0x11, 0x00, 0x00, 0x00, 0x28, 0x00, 0x00, 0x00, 0x1c, 0x00, 0x00, 0x00,
  0x00, 0x00, 0x00, 0x00, 0x64, 0x00, 0x00, 0x00, 0x04, 0x00, 0x00, 0x00,
  0x00, 0x00, 0x00, 0x00, 0x00, 0x00, 0x00, 0x00, 0x00, 0x00, 0x00, 0x00,
  0x00, 0x00, 0x00, 0x00, 0x11, 0x00, 0x00, 0x00, 0x28, 0x00, 0x00, 0x00,
  0x1c, 0x00, 0x00, 0x00, 0x00, 0x00, 0x00, 0x00, 0x68, 0x00, 0x00, 0x00,
  0x04, 0x00, 0x00, 0x00, 0x04, 0x00, 0x00, 0x00, 0x00, 0x00, 0x00, 0x00,
  0x00, 0x00, 0x00, 0x00, 0x00, 0x00, 0x00, 0x00, 0x11, 0x00, 0x00, 0x00,
  0x28, 0x00, 0x00, 0x00, 0x1c, 0x00, 0x00, 0x00, 0x00, 0x00, 0x00, 0x00,
  0x6c, 0x00, 0x00, 0x00, 0x04, 0x00, 0x00, 0x00, 0x08, 0x00, 0x00, 0x00,
  0x00, 0x00, 0x00, 0x00, 0x00, 0x00, 0x00, 0x00, 0x00, 0x00, 0x00, 0x00,
  0x1e, 0x00, 0x00, 0x00, 0x24, 0x00, 0x00, 0x00, 0x00, 0x00, 0x00, 0x00,
  0x00, 0x00, 0x00, 0x00, 0x20, 0x00, 0x00, 0x00, 0x08, 0x00, 0x00, 0x00,
  0xff, 0xff, 0xff, 0xff, 0xff, 0xff, 0xff, 0xff, 0x00, 0x00, 0x00, 0x00,
  0x1e, 0x00, 0x00, 0x00, 0x24, 0x00, 0x00, 0x00, 0x01, 0x00, 0x00, 0x00,
  0x40, 0x00, 0x00, 0x00, 0x28, 0x00, 0x00, 0x00, 0x08, 0x00, 0x00, 0x00,
  0xff, 0xff, 0xff, 0xff, 0xff, 0xff, 0xff, 0xff, 0x00, 0x00, 0x00, 0x00,
  0x1e, 0x00, 0x00, 0x00, 0x24, 0x00, 0x00, 0x00, 0x02, 0x00, 0x00, 0x00,
  0x80, 0x00, 0x00, 0x00, 0x30, 0x00, 0x00, 0x00, 0x08, 0x00, 0x00, 0x00,
  0xff, 0xff, 0xff, 0xff, 0xff, 0xff, 0xff, 0xff, 0x00, 0x00, 0x00, 0x00,
  0x1e, 0x00, 0x00, 0x00, 0x24, 0x00, 0x00, 0x00, 0x05, 0x00, 0x00, 0x00,
  0xc0, 0x00, 0x00, 0x00, 0x38, 0x00, 0x00, 0x00, 0x08, 0x00, 0x00, 0x00,
  0xff, 0xff, 0xff, 0xff, 0xff, 0xff, 0xff, 0xff, 0x00, 0x00, 0x00, 0x00,
  0x2c, 0x00, 0x00, 0x00, 0x18, 0x00, 0x00, 0x00, 0x00, 0x00, 0x00, 0x00,
  0x00, 0x01, 0x00, 0x00, 0x48, 0x00, 0x00, 0x00, 0x08, 0x00, 0x00, 0x00,
  0x26, 0x00, 0x00, 0x00, 0x1c, 0x00, 0x00, 0x00, 0x40, 0x01, 0x00, 0x00,
  0x50, 0x00, 0x00, 0x00, 0x08, 0x00, 0x00, 0x00, 0x00, 0x00, 0x00, 0x00,
  0x01, 0x00, 0x00, 0x00, 0x11, 0x00, 0x00, 0x00, 0x28, 0x00, 0x00, 0x00,
  0x01, 0x00, 0x00, 0x00, 0x03, 0x00, 0x00, 0x00, 0x40, 0x00, 0x00, 0x00,
  0x04, 0x00, 0x00, 0x00, 0x00, 0x00, 0x00, 0x00, 0xff, 0xff, 0xff, 0xff,
  0xff, 0xff, 0xff, 0xff, 0x00, 0x00, 0x00, 0x00, 0x11, 0x00, 0x00, 0x00,
  0x28, 0x00, 0x00, 0x00, 0x01, 0x00, 0x00, 0x00, 0x04, 0x00, 0x00, 0x00,
  0x44, 0x00, 0x00, 0x00, 0x04, 0x00, 0x00, 0x00, 0x00, 0x00, 0x00, 0x00,
  0xff, 0xff, 0xff, 0xff, 0xff, 0xff, 0xff, 0xff, 0x00, 0x00, 0x00, 0x00,
  0x19, 0x00, 0x00, 0x00, 0x0c, 0x00, 0x00, 0x00, 0x80, 0x00, 0x00, 0x00,
  0x16, 0x00, 0x00, 0x00, 0x58, 0x00, 0x00, 0x00, 0x00, 0x00, 0x00, 0x00,
  0x01, 0x00, 0x00, 0x00, 0x01, 0x00, 0x00, 0x00, 0x01, 0x00, 0x00, 0x00,
  0x00, 0x00, 0x00, 0x00, 0x01, 0x00, 0x00, 0x00, 0x00, 0x00, 0x00, 0x00,
  0x00, 0x00, 0x00, 0x00, 0x00, 0x00, 0x00, 0x00, 0x00, 0x00, 0x00, 0x00,
  0x00, 0x00, 0x00, 0x00, 0x00, 0x00, 0x00, 0x00, 0x00, 0x00, 0x00, 0x00,
  0x00, 0x00, 0x00, 0x00, 0x00, 0x00, 0x00, 0x00, 0x00, 0x00, 0x00, 0x00,
  0x00, 0x00, 0x00, 0x00, 0x00, 0x00, 0x00, 0x00, 0x00, 0x00, 0x00, 0x00,
  0x00, 0x00, 0x00, 0x00, 0x17, 0x00, 0x00, 0x00, 0x8c, 0x00, 0x00, 0x00,
  0x00, 0x00, 0x00, 0x00, 0x00, 0x00, 0x00, 0x00, 0x00, 0x00, 0x00, 0x00,
  0x10, 0x00, 0x00, 0x00, 0x00, 0x00, 0x00, 0x00, 0x00, 0x00, 0x00, 0x00,
  0x00, 0x00, 0x00, 0x00, 0x00, 0x00, 0x00, 0x00, 0x01, 0x00, 0x00, 0x00,
  0x00, 0x00, 0x00, 0x00, 0x00, 0x00, 0x00, 0x00, 0x00, 0x00, 0x00, 0x00,
  0x00, 0x00, 0x00, 0x00, 0x01, 0x00, 0x00, 0x00, 0x00, 0x00, 0x00, 0x00,
  0x00, 0x00, 0x00, 0x00, 0x00, 0x00, 0x00, 0x00, 0x00, 0x00, 0x00, 0x00,
  0x01, 0x00, 0x00, 0x00, 0x00, 0x00, 0x00, 0x00, 0x80, 0x00, 0x00, 0x00,
  0x00, 0x00, 0x00, 0x00, 0x01, 0x00, 0x00, 0x00, 0x00, 0x00, 0x00, 0x00,
  0x00, 0x00, 0x00, 0x00, 0x07, 0x00, 0x00, 0x00, 0x0a, 0x00, 0x00, 0x00,
  0x04, 0x00, 0x00, 0x00, 0x00, 0x00, 0x00, 0x00, 0x00, 0x00, 0x00, 0x00,
  0x00, 0x01, 0x15, 0x00, 0x00, 0x00, 0x00, 0x00, 0x00, 0x00, 0x00, 0x00,
  0x1b, 0x00, 0x00, 0x00, 0x10, 0x00, 0x00, 0x00, 0x04, 0x00, 0x00, 0x00,
  0x00, 0x00, 0x00, 0x00, 0x1a, 0x00, 0x00, 0x00, 0x54, 0x00, 0x00, 0x00,
  0x00, 0x00, 0x00, 0x00, 0x0c, 0x00, 0x00, 0x00, 0x08, 0x00, 0x00, 0x00,
  0x0c, 0x00, 0x00, 0x00, 0x0c, 0x00, 0x00, 0x00, 0x08, 0x00, 0x00, 0x00,
  0x5f, 0x5f, 0x67, 0x6c, 0x6f, 0x62, 0x61, 0x6c, 0x00, 0x00, 0x00, 0x00,
  0x4e, 0x4f, 0x4e, 0x45, 0x00, 0x00, 0x00, 0x00, 0x72, 0x65, 0x73, 0x70,
  0x6f, 0x6e, 0x73, 0x65, 0x73, 0x00, 0x00, 0x00, 0x66, 0x6c, 0x6f, 0x61,
  0x74, 0x2a, 0x3b, 0x38, 0x00, 0x00, 0x00, 0x00, 0x4e, 0x4f, 0x4e, 0x45,
  0x00, 0x00, 0x00, 0x00, 0x1a, 0x00, 0x00, 0x00, 0x54, 0x00, 0x00, 0x00,
  0x01, 0x00, 0x00, 0x00, 0x0c, 0x00, 0x00, 0x00, 0x08, 0x00, 0x00, 0x00,
  0x0c, 0x00, 0x00, 0x00, 0x0c, 0x00, 0x00, 0x00, 0x08, 0x00, 0x00, 0x00,
  0x5f, 0x5f, 0x67, 0x6c, 0x6f, 0x62, 0x61, 0x6c, 0x00, 0x00, 0x00, 0x00,
  0x4e, 0x4f, 0x4e, 0x45, 0x00, 0x00, 0x00, 0x00, 0x6c, 0x61, 0x70, 0x6c,
  0x61, 0x63, 0x69, 0x61, 0x6e, 0x00, 0x00, 0x00, 0x66, 0x6c, 0x6f, 0x61,
  0x74, 0x2a, 0x3b, 0x38, 0x00, 0x00, 0x00, 0x00, 0x4e, 0x4f, 0x4e, 0x45,
  0x00, 0x00, 0x00, 0x00, 0x1a, 0x00, 0x00, 0x00, 0x60, 0x00, 0x00, 0x00,
  0x02, 0x00, 0x00, 0x00, 0x0c, 0x00, 0x00, 0x00, 0x08, 0x00, 0x00, 0x00,
  0x0c, 0x00, 0x00, 0x00, 0x18, 0x00, 0x00, 0x00, 0x08, 0x00, 0x00, 0x00,
  0x5f, 0x5f, 0x67, 0x6c, 0x6f, 0x62, 0x61, 0x6c, 0x00, 0x00, 0x00, 0x00,
  0x4e, 0x4f, 0x4e, 0x45, 0x00, 0x00, 0x00, 0x00, 0x69, 0x73, 0x45, 0x78,
  0x74, 0x72, 0x65, 0x6d, 0x75, 0x6d, 0x00, 0x00, 0x73, 0x74, 0x72, 0x75,
  0x63, 0x74, 0x20, 0x5f, 0x69, 0x73, 0x45, 0x78, 0x74, 0x72, 0x65, 0x6d,
  0x75, 0x6d, 0x2a, 0x3b, 0x38, 0x00, 0x00, 0x00, 0x4e, 0x4f, 0x4e, 0x45,
  0x00, 0x00, 0x00, 0x00, 0x1a, 0x00, 0x00, 0x00, 0x48, 0x00, 0x00, 0x00,
  0x03, 0x00, 0x00, 0x00, 0x0c, 0x00, 0x00, 0x00, 0x08, 0x00, 0x00, 0x00,
  0x04, 0x00, 0x00, 0x00, 0x08, 0x00, 0x00, 0x00, 0x08, 0x00, 0x00, 0x00,
  0x5f, 0x5f, 0x70, 0x72, 0x69, 0x76, 0x61, 0x74, 0x65, 0x00, 0x00, 0x00,
  0x4e, 0x4f, 0x4e, 0x45, 0x00, 0x00, 0x00, 0x00, 0x68, 0x00, 0x00, 0x00,
  0x75, 0x69, 0x6e, 0x74, 0x3b, 0x34, 0x00, 0x00, 0x4e, 0x4f, 0x4e, 0x45,
  0x00, 0x00, 0x00, 0x00, 0x1a, 0x00, 0x00, 0x00, 0x48, 0x00, 0x00, 0x00,
  0x04, 0x00, 0x00, 0x00, 0x0c, 0x00, 0x00, 0x00, 0x08, 0x00, 0x00, 0x00,
  0x04, 0x00, 0x00, 0x00, 0x08, 0x00, 0x00, 0x00, 0x08, 0x00, 0x00, 0x00,
  0x5f, 0x5f, 0x70, 0x72, 0x69, 0x76, 0x61, 0x74, 0x65, 0x00, 0x00, 0x00,
  0x4e, 0x4f, 0x4e, 0x45, 0x00, 0x00, 0x00, 0x00, 0x77, 0x00, 0x00, 0x00,
  0x75, 0x69, 0x6e, 0x74, 0x3b, 0x34, 0x00, 0x00, 0x4e, 0x4f, 0x4e, 0x45,
  0x00, 0x00, 0x00, 0x00, 0x1a, 0x00, 0x00, 0x00, 0x4c, 0x00, 0x00, 0x00,
  0x05, 0x00, 0x00, 0x00, 0x0c, 0x00, 0x00, 0x00, 0x08, 0x00, 0x00, 0x00,
  0x08, 0x00, 0x00, 0x00, 0x08, 0x00, 0x00, 0x00, 0x08, 0x00, 0x00, 0x00,
  0x5f, 0x5f, 0x67, 0x6c, 0x6f, 0x62, 0x61, 0x6c, 0x00, 0x00, 0x00, 0x00,
  0x4e, 0x4f, 0x4e, 0x45, 0x00, 0x00, 0x00, 0x00, 0x63, 0x6e, 0x75, 0x6d,
  0x00, 0x00, 0x00, 0x00, 0x69, 0x6e, 0x74, 0x2a, 0x3b, 0x38, 0x00, 0x00,
  0x4e, 0x4f, 0x4e, 0x45, 0x00, 0x00, 0x00, 0x00, 0xec, 0x16, 0x60, 0xf0,
  0xe4, 0x88, 0x33, 0x9e, 0x39, 0xa1, 0xe5, 0x52, 0x10, 0x00, 0x00, 0x00,
  0xbc, 0x08, 0x00, 0x00, 0x40, 0xe6, 0x00, 0x00, 0x00, 0x00, 0x00, 0x00,
  0x20, 0x00, 0x00, 0x00, 0x54, 0x01, 0x00, 0x00, 0xa0, 0xe5, 0x00, 0x00,
  0x47, 0x65, 0x74, 0x4f, 0x72, 0x69, 0x65, 0x6e, 0x74, 0x61, 0x74, 0x69,
  0x6f, 0x6e, 0x00, 0x00, 0x01, 0x00, 0x60, 0x00, 0x0c, 0x02, 0x00, 0x28,
  0x00, 0x00, 0x20, 0x00, 0x00, 0x00, 0x00, 0x00, 0x06, 0x80, 0x00, 0x00,
  0x04, 0x00, 0x00, 0x30, 0x00, 0x10, 0x00, 0x16, 0xc0, 0x04, 0xc0, 0x04,
  0x10, 0x00, 0x80, 0x05, 0x26, 0x02, 0x00, 0x20, 0x04, 0x08, 0x00, 0x02,
  0x4c, 0x01, 0x00, 0x00, 0x10, 0x20, 0x80, 0x05, 0x26, 0x02, 0x00, 0x20,
  0x04, 0x08, 0x00, 0x02, 0x4c, 0x01, 0x00, 0x00, 0x20, 0x00, 0x11, 0x00,
  0x06, 0x00, 0x00, 0x34, 0x00, 0x14, 0x00, 0x0e, 0x28, 0xe5, 0x00, 0x00,
  0x10, 0x00, 0x80, 0x05, 0x60, 0x12, 0x00, 0x20, 0x20, 0x00, 0xb1, 0x16,
  0x6d, 0x00, 0x6d, 0x00, 0x10, 0x20, 0x80, 0x05, 0x60, 0x12, 0x00, 0x20,
  0x40, 0x00, 0xb1, 0x16, 0x6d, 0x00, 0x6d, 0x00, 0x01, 0x00, 0x80, 0x00,
  0x28, 0x12, 0x00, 0x2a, 0x20, 0x00, 0xb1, 0x00, 0x00, 0x00, 0x00, 0x00,
  0x01, 0x20, 0x80, 0x00, 0x28, 0x12, 0x40, 0x2a, 0x40, 0x00, 0xb1, 0x00,
  0x00, 0x00, 0x00, 0x00, 0x01, 0x00, 0x00, 0x00, 0xec, 0x3e, 0x54, 0x21,
  0x00, 0x00, 0x00, 0x00, 0x00, 0x00, 0x00, 0x40, 0x01, 0x00, 0x00, 0x00,
  0xec, 0x3e, 0x50, 0x21, 0x00, 0x00, 0x00, 0x00, 0xd0, 0x0f, 0x49, 0x40,
  0x22, 0x00, 0xa1, 0x00, 0x00, 0x0e, 0x00, 0x20, 0x18, 0x81, 0x00, 0x00,
  0x18, 0x81, 0x00, 0x00, 0x09, 0x00, 0x00, 0x00, 0x2c, 0x0a, 0xc0, 0x2f,
  0x04, 0x08, 0x00, 0x1e, 0x04, 0x00, 0x04, 0x00, 0x01, 0x00, 0x40, 0x00,
  0x6c, 0x26, 0xb0, 0x2f, 0x00, 0x00, 0x00, 0x00, 0x40, 0x88, 0x00, 0x00,
  0x09, 0x00, 0x80, 0x00, 0x28, 0x0a, 0x80, 0x22, 0x00, 0x0a, 0x8d, 0x1e,
  0x02, 0x00, 0x02, 0x00, 0x09, 0x20, 0x80, 0x00, 0x28, 0x0a, 0x40, 0x22,
  0x40, 0x0a, 0x8d, 0x1e, 0x02, 0x00, 0x02, 0x00, 0x09, 0x00, 0x20, 0x00,
  0x2c, 0x0a, 0x00, 0x21, 0x40, 0x01, 0x45, 0x1e, 0x01, 0x00, 0x01, 0x00,
  0x40, 0x80, 0x01, 0x20, 0x00, 0x7d, 0x7e, 0x0b, 0x01, 0x00, 0x00, 0x00,
  0x4c, 0x16, 0x60, 0x20, 0x00, 0x00, 0x00, 0x00, 0x01, 0x00, 0x01, 0x00,
  0x40, 0x00, 0x80, 0x00, 0x28, 0x0a, 0x80, 0x2e, 0x80, 0x02, 0x8d, 0x1e,
  0x04, 0x01, 0x04, 0x01, 0x40, 0x20, 0x80, 0x00, 0x28, 0x0a, 0x00, 0x2f,
  0x40, 0x02, 0x8d, 0x1e, 0xb8, 0x02, 0xb8, 0x02, 0x40, 0x20, 0x80, 0x00,
  0x28, 0x0a, 0x80, 0x20, 0x40, 0x02, 0x8d, 0x1e, 0x04, 0x01, 0x04, 0x01,
  0x40, 0x00, 0x40, 0x00, 0x0c, 0x02, 0x80, 0x2f, 0xa0, 0x0f, 0x00, 0x1a,
  0xb0, 0x0f, 0x69, 0x00, 0x31, 0x00, 0x80, 0x0c, 0x68, 0x02, 0x40, 0x2e,
  0x80, 0x0e, 0x00, 0x06, 0x03, 0x5e, 0x20, 0x04, 0x31, 0x20, 0x80, 0x0c,
  0x68, 0x02, 0xc0, 0x2e, 0x00, 0x0f, 0x00, 0x06, 0x03, 0x5e, 0x20, 0x04,
  0x40, 0x00, 0x80, 0x00, 0x28, 0x0a, 0x80, 0x21, 0x80, 0x02, 0x8d, 0x1e,
  0xb8, 0x02, 0xb8, 0x02, 0x31, 0x00, 0x40, 0x0a, 0x0c, 0x02, 0x60, 0x2f,
  0x80, 0x0f, 0x00, 0x06, 0x00, 0x08, 0x11, 0x02, 0x31, 0x20, 0x80, 0x0c,
  0x68, 0x02, 0xc0, 0x20, 0x80, 0x00, 0x00, 0x06, 0x03, 0x5e, 0x20, 0x04,
  0x31, 0x00, 0x80, 0x0c, 0x68, 0x02, 0xc0, 0x21, 0x80, 0x01, 0x00, 0x06,
  0x03, 0x5e, 0x20, 0x04, 0x40, 0x00, 0x00, 0x00, 0xec, 0x3a, 0xc0, 0x2f,
  0x68, 0x0f, 0x00, 0x3e, 0x00, 0x00, 0x00, 0x3f, 0x01, 0x00, 0x20, 0x00,
  0xec, 0x3a, 0x40, 0x28, 0x60, 0x0f, 0x45, 0x00, 0x00, 0x00, 0x00, 0x00,
  0x45, 0x00, 0x01, 0x20, 0x00, 0x7d, 0x7e, 0x00, 0x01, 0x00, 0x00, 0x00,
  0x2c, 0x3a, 0x14, 0x21, 0xa0, 0x0f, 0x00, 0x00, 0x00, 0x00, 0x00, 0x00,
  0x41, 0x96, 0x71, 0x20, 0x07, 0x78, 0x72, 0x08, 0x41, 0x20, 0x80, 0x00,
  0x28, 0x0a, 0xc0, 0x2e, 0xc0, 0x0e, 0x8d, 0x0a, 0x14, 0x01, 0x00, 0x00,
  0x41, 0x00, 0x00, 0x00, 0x2c, 0x0a, 0x4c, 0x21, 0x14, 0x01, 0x00, 0x1e,
  0xfe, 0xff, 0xfe, 0xff, 0x41, 0x20, 0x80, 0x00, 0x28, 0x0a, 0x80, 0x20,
  0xc0, 0x00, 0x8d, 0x0a, 0x14, 0x01, 0x00, 0x00, 0x40, 0x96, 0x01, 0x20,
  0xe0, 0x28, 0x42, 0x78, 0x40, 0x00, 0x80, 0x00, 0x28, 0x0a, 0x00, 0x2f,
  0x80, 0x02, 0x8d, 0x1e, 0x6c, 0x04, 0x6c, 0x04, 0x40, 0x20, 0x80, 0x00,
  0x28, 0x0a, 0x00, 0x22, 0x44, 0x08, 0x00, 0x0a, 0xc0, 0x0e, 0x8d, 0x00,
  0x41, 0x96, 0x71, 0x20, 0x07, 0x0e, 0x0e, 0x08, 0x40, 0x20, 0x80, 0x00,
  0x28, 0x0a, 0xc0, 0x24, 0x40, 0x08, 0x00, 0x0a, 0x80, 0x00, 0x8d, 0x00,
  0x31, 0x00, 0x80, 0x0c, 0x68, 0x02, 0x00, 0x29, 0x00, 0x0f, 0x00, 0x06,
  0x03, 0x5e, 0x20, 0x04, 0x40, 0x20, 0x80, 0x00, 0x28, 0x0a, 0x40, 0x23,
  0x4c, 0x01, 0x00, 0x0a, 0x00, 0x02, 0x8d, 0x00, 0x40, 0x96, 0x15, 0x20,
  0xe0, 0x1e, 0x42, 0x0e, 0x02, 0x20, 0x80, 0x05, 0x28, 0x0a, 0x40, 0x24,
  0xc0, 0x04, 0x8d, 0x0a, 0x04, 0x01, 0x00, 0x00, 0x09, 0x00, 0x00, 0x00,
  0x2c, 0x0a, 0x40, 0x21, 0x14, 0x01, 0x00, 0x1e, 0x02, 0x00, 0x02, 0x00,
  0x02, 0x20, 0x80, 0x05, 0x28, 0x0a, 0xc0, 0x22, 0x40, 0x03, 0x8d, 0x0a,
  0x00, 0x01, 0x00, 0x00, 0x09, 0x00, 0x00, 0x00, 0x2c, 0x0a, 0x0c, 0x21,
  0x14, 0x01, 0x00, 0x1e, 0x01, 0x00, 0x01, 0x00, 0x40, 0x96, 0x1d, 0x20,
  0xe0, 0x1c, 0x0a, 0x1e, 0x02, 0x96, 0x2d, 0x25, 0x07, 0x24, 0x28, 0x08,
  0x10, 0x20, 0x80, 0x03, 0x22, 0x0a, 0x00, 0x20, 0x40, 0x04, 0x8d, 0x1e,
  0x00, 0x00, 0x00, 0x00, 0x10, 0x20, 0x80, 0x03, 0x20, 0x0a, 0x00, 0x20,
  0xc0, 0x02, 0x8d, 0x1e, 0x00, 0x00, 0x00, 0x00, 0x40, 0x20, 0x80, 0x00,
  0x28, 0x0a, 0x80, 0x20, 0x40, 0x03, 0x8d, 0x0a, 0x40, 0x01, 0x00, 0x00,
  0x40, 0x96, 0x65, 0x20, 0x07, 0x7a, 0x28, 0x08, 0x40, 0x20, 0x80, 0x00,
  0x28, 0x0a, 0xc0, 0x20, 0xc0, 0x04, 0x8d, 0x0a, 0x0c, 0x01, 0x00, 0x00,
  0x40, 0x96, 0x01, 0x20, 0x07, 0x7c, 0x1c, 0x0a, 0x02, 0x96, 0x01, 0x25,
  0x07, 0x18, 0x1c, 0x08, 0x10, 0x00, 0x80, 0x03, 0x20, 0x0a, 0x00, 0x20,
  0x80, 0x04, 0x8d, 0x1e, 0x00, 0x00, 0x00, 0x00, 0x02, 0x20, 0x81, 0x00,
  0x4a, 0x12, 0x80, 0x21, 0x60, 0x00, 0x00, 0x16, 0x00, 0x00, 0x00, 0x00,
  0x02, 0x20, 0x81, 0x00, 0x48, 0x12, 0xc0, 0x2f, 0x60, 0x00, 0x00, 0x16,
  0x00, 0x00, 0x00, 0x00, 0x40, 0x20, 0x80, 0x00, 0x28, 0x0a, 0xc0, 0x21,
  0x40, 0x02, 0x8d, 0x1e, 0x6c, 0x04, 0x6c, 0x04, 0x02, 0x20, 0x80, 0x05,
  0x28, 0x0a, 0x80, 0x20, 0x80, 0x00, 0x8d, 0x0a, 0x00, 0x01, 0x00, 0x00,
  0x02, 0x96, 0x2d, 0x25, 0x07, 0x2a, 0x7a, 0x08, 0x02, 0x20, 0x80, 0x05,
  0x28, 0x0a, 0xc0, 0x20, 0xc0, 0x00, 0x8d, 0x0a, 0x04, 0x01, 0x00, 0x00,
  0x02, 0x96, 0x01, 0x25, 0x07, 0x20, 0x7c, 0x08, 0x10, 0x00, 0x81, 0x03,
  0x20, 0x0a, 0x00, 0x20, 0x00, 0x03, 0x8d, 0x1e, 0x00, 0x00, 0x00, 0x00,
  0x05, 0x20, 0x80, 0x02, 0x40, 0x12, 0x00, 0x20, 0xc0, 0x0f, 0xb1, 0x12,
  0x80, 0x01, 0xb1, 0x00, 0x31, 0x20, 0x80, 0x0c, 0x68, 0x02, 0x40, 0x29,
  0xc0, 0x01, 0x00, 0x06, 0x03, 0x5e, 0x20, 0x04, 0x40, 0x20, 0x80, 0x00,
  0x28, 0x0a, 0x80, 0x27, 0x40, 0x04, 0x8d, 0x1e, 0xff, 0xff, 0xff, 0xff,
  0x40, 0x20, 0x80, 0x00, 0x28, 0x0a, 0x80, 0x25, 0xc0, 0x02, 0x8d, 0x1e,
  0xff, 0xff, 0xff, 0xff, 0x40, 0x00, 0x80, 0x00, 0x28, 0x0a, 0xc0, 0x27,
  0x80, 0x04, 0x8d, 0x1e, 0xff, 0xff, 0xff, 0xff, 0x40, 0x00, 0x80, 0x00,
  0x28, 0x0a, 0xc0, 0x25, 0x00, 0x03, 0x8d, 0x1e, 0xff, 0xff, 0xff, 0xff,
  0x40, 0x00, 0x80, 0x00, 0x28, 0x0a, 0x40, 0x27, 0x40, 0x05, 0x8d, 0x1e,
  0xff, 0xff, 0xff, 0xff, 0x40, 0x20, 0x80, 0x00, 0x28, 0x0a, 0x00, 0x27,
  0xc0, 0x00, 0x8d, 0x1e, 0xff, 0xff, 0xff, 0xff, 0x40, 0x20, 0x80, 0x00,
  0x28, 0x0a, 0x80, 0x21, 0x80, 0x00, 0x8d, 0x1e, 0xff, 0xff, 0xff, 0xff,
  0x40, 0x00, 0x80, 0x00, 0x28, 0x0a, 0xc0, 0x21, 0x00, 0x04, 0x8d, 0x1e,
  0xff, 0xff, 0xff, 0xff, 0x22, 0x00, 0xb1, 0x00, 0x00, 0x0e, 0x00, 0x20,
  0xc8, 0x00, 0x00, 0x00, 0x40, 0x00, 0x00, 0x00, 0x01, 0x00, 0x80, 0x00,
  0xe8, 0x3e, 0xc0, 0x26, 0x00, 0x00, 0x00, 0x00, 0x00, 0x00, 0x00, 0x00,
  0x01, 0x20, 0x80, 0x00, 0xe8, 0x3e, 0x80, 0x26, 0x00, 0x00, 0x00, 0x00,
  0x00, 0x00, 0x00, 0x00, 0x24, 0x00, 0xa0, 0x00, 0x00, 0x0e, 0x00, 0x20,
  0x98, 0x00, 0x00, 0x00, 0x98, 0x00, 0x00, 0x00, 0x41, 0x96, 0x5d, 0x20,
  0x07, 0x7c, 0x2e, 0x0a, 0x41, 0x20, 0x80, 0x00, 0x28, 0x0a, 0x40, 0x2f,
  0x80, 0x05, 0x8d, 0x0a, 0x48, 0x01, 0x00, 0x00, 0x40, 0x96, 0x01, 0x20,
  0xe7, 0x7c, 0x7c, 0x3e, 0x40, 0x20, 0x80, 0x00, 0x28, 0x0a, 0x40, 0x2f,
  0x40, 0x0f, 0x8d, 0x0a, 0x80, 0x07, 0x8d, 0x00, 0x09, 0x00, 0x80, 0x00,
  0x28, 0x0a, 0x80, 0x2f, 0x80, 0x0f, 0x8d, 0x1e, 0x02, 0x00, 0x02, 0x00,
  0x09, 0x20, 0x80, 0x00, 0x28, 0x0a, 0x40, 0x2f, 0x40, 0x0f, 0x8d, 0x1e,
  0x02, 0x00, 0x02, 0x00, 0x40, 0x96, 0x2d, 0x20, 0x07, 0x7c, 0x7c, 0x0b,
  0x40, 0x20, 0x80, 0x00, 0x28, 0x0a, 0x40, 0x2f, 0x40, 0x0f, 0x8d, 0x0a,
  0x64, 0x01, 0x00, 0x00, 0x31, 0x00, 0x80, 0x0c, 0x68, 0x02, 0xc0, 0x26,
  0x80, 0x0f, 0x00, 0x06, 0x01, 0x5e, 0x20, 0x04, 0x31, 0x20, 0x80, 0x0c,
  0x68, 0x02, 0x80, 0x26, 0x40, 0x0f, 0x00, 0x06, 0x01, 0x5e, 0x20, 0x04,
  0x25, 0x00, 0xa0, 0x00, 0x00, 0x00, 0x00, 0x20, 0x00, 0x00, 0x00, 0x0e,
  0x10, 0x00, 0x00, 0x00, 0x10, 0x20, 0x80, 0x03, 0x20, 0x0a, 0x00, 0x20,
  0xc0, 0x00, 0x8d, 0x1e, 0x00, 0x00, 0x00, 0x00, 0x10, 0x20, 0x80, 0x03,
  0x22, 0x0a, 0x00, 0x20, 0xc0, 0x02, 0x8d, 0x1e, 0x00, 0x00, 0x00, 0x00,
  0x01, 0x00, 0x00, 0x00, 0x4c, 0x16, 0xc0, 0x2f, 0x00, 0x00, 0x00, 0x00,
  0x01, 0x00, 0x01, 0x00, 0x10, 0x00, 0x80, 0x03, 0x22, 0x0a, 0x00, 0x20,
  0x40, 0x05, 0x8d, 0x1e, 0x00, 0x00, 0x00, 0x00, 0x02, 0x20, 0x81, 0x00,
  0x4a, 0x12, 0xa0, 0x2f, 0xc0, 0x0f, 0x00, 0x16, 0x00, 0x00, 0x00, 0x00,
  0x02, 0x20, 0x81, 0x00, 0x48, 0x12, 0x80, 0x2f, 0xc0, 0x0f, 0x00, 0x16,
  0x00, 0x00, 0x00, 0x00, 0x10, 0x00, 0x81, 0x03, 0x22, 0x0a, 0x00, 0x20,
  0x00, 0x03, 0x8d, 0x1e, 0x00, 0x00, 0x00, 0x00, 0x05, 0x20, 0x80, 0x02,
  0x42, 0x12, 0x00, 0x20, 0xa0, 0x0f, 0xb1, 0x12, 0x80, 0x0f, 0xb1, 0x00,
  0x22, 0x00, 0xb1, 0x00, 0x02, 0x0e, 0x00, 0x20, 0xc8, 0x00, 0x00, 0x00,
  0x40, 0x00, 0x00, 0x00, 0x01, 0x00, 0x80, 0x00, 0xe8, 0x3e, 0x40, 0x26,
  0x00, 0x00, 0x00, 0x00, 0x00, 0x00, 0x00, 0x00, 0x01, 0x20, 0x80, 0x00,
  0xe8, 0x3e, 0x00, 0x26, 0x00, 0x00, 0x00, 0x00, 0x00, 0x00, 0x00, 0x00,
  0x24, 0x00, 0xa0, 0x00, 0x00, 0x0e, 0x00, 0x20, 0x98, 0x00, 0x00, 0x00,
  0x98, 0x00, 0x00, 0x00, 0x41, 0x96, 0x5d, 0x20, 0x07, 0x7c, 0x2e, 0x0a,
  0x41, 0x20, 0x80, 0x00, 0x28, 0x0a, 0x40, 0x2f, 0x80, 0x05, 0x8d, 0x0a,
  0x48, 0x01, 0x00, 0x00, 0x40, 0x96, 0x01, 0x20, 0xe7, 0x7c, 0x7c, 0x3a,
  0x40, 0x20, 0x80, 0x00, 0x28, 0x0a, 0x40, 0x2f, 0x40, 0x0f, 0x8d, 0x0a,
  0x00, 0x07, 0x8d, 0x00, 0x09, 0x00, 0x80, 0x00, 0x28, 0x0a, 0x80, 0x2f,
  0x80, 0x0f, 0x8d, 0x1e, 0x02, 0x00, 0x02, 0x00, 0x09, 0x20, 0x80, 0x00,
  0x28, 0x0a, 0x40, 0x2f, 0x40, 0x0f, 0x8d, 0x1e, 0x02, 0x00, 0x02, 0x00,
  0x40, 0x96, 0x2d, 0x20, 0x07, 0x7c, 0x7c, 0x0b, 0x40, 0x20, 0x80, 0x00,
  0x28, 0x0a, 0x40, 0x2f, 0x40, 0x0f, 0x8d, 0x0a, 0x64, 0x01, 0x00, 0x00,
  0x31, 0x00, 0x80, 0x0c, 0x68, 0x02, 0x40, 0x26, 0x80, 0x0f, 0x00, 0x06,
  0x01, 0x5e, 0x20, 0x04, 0x31, 0x20, 0x80, 0x0c, 0x68, 0x02, 0x00, 0x26,
  0x40, 0x0f, 0x00, 0x06, 0x01, 0x5e, 0x20, 0x04, 0x25, 0x00, 0xa0, 0x00,
  0x00, 0x00, 0x00, 0x20, 0x00, 0x00, 0x00, 0x0e, 0x10, 0x00, 0x00, 0x00,
  0x10, 0x20, 0x80, 0x03, 0x22, 0x0a, 0x00, 0x20, 0x40, 0x04, 0x8d, 0x1e,
  0x00, 0x00, 0x00, 0x00, 0x10, 0x20, 0x80, 0x03, 0x20, 0x0a, 0x00, 0x20,
  0x80, 0x00, 0x8d, 0x1e, 0x00, 0x00, 0x00, 0x00, 0x01, 0x00, 0x00, 0x00,
  0x4c, 0x16, 0xc0, 0x2f, 0x00, 0x00, 0x00, 0x00, 0x01, 0x00, 0x01, 0x00,
  0x10, 0x00, 0x80, 0x03, 0x20, 0x0a, 0x00, 0x20, 0x80, 0x04, 0x8d, 0x1e,
  0x00, 0x00, 0x00, 0x00, 0x02, 0x20, 0x81, 0x00, 0x48, 0x12, 0xa0, 0x2f,
  0xc0, 0x0f, 0x00, 0x16, 0x00, 0x00, 0x00, 0x00, 0x02, 0x20, 0x81, 0x00,
  0x4a, 0x12, 0x80, 0x2f, 0xc0, 0x0f, 0x00, 0x16, 0x00, 0x00, 0x00, 0x00,
  0x10, 0x00, 0x81, 0x03, 0x20, 0x0a, 0x00, 0x20, 0x00, 0x04, 0x8d, 0x1e,
  0x00, 0x00, 0x00, 0x00, 0x05, 0x20, 0x80, 0x02, 0x40, 0x12, 0x00, 0x20,
  0xa0, 0x0f, 0xb1, 0x12, 0x80, 0x0f, 0xb1, 0x00, 0x22, 0x00, 0xb1, 0x00,
  0x00, 0x0e, 0x00, 0x20, 0xc8, 0x00, 0x00, 0x00, 0x40, 0x00, 0x00, 0x00,
  0x01, 0x00, 0x80, 0x00, 0xe8, 0x3e, 0x80, 0x24, 0x00, 0x00, 0x00, 0x00,
  0x00, 0x00, 0x00, 0x00, 0x01, 0x20, 0x80, 0x00, 0xe8, 0x3e, 0x40, 0x24,
  0x00, 0x00, 0x00, 0x00, 0x00, 0x00, 0x00, 0x00, 0x24, 0x00, 0xa0, 0x00,
  0x00, 0x0e, 0x00, 0x20, 0x98, 0x00, 0x00, 0x00, 0x98, 0x00, 0x00, 0x00,
  0x41, 0x96, 0x5d, 0x20, 0x07, 0x7c, 0x0e, 0x0a, 0x41, 0x20, 0x80, 0x00,
  0x28, 0x0a, 0x40, 0x2f, 0x80, 0x01, 0x8d, 0x0a, 0x48, 0x01, 0x00, 0x00,
  0x40, 0x96, 0x01, 0x20, 0xe7, 0x7c, 0x7c, 0x3e, 0x40, 0x20, 0x80, 0x00,
  0x28, 0x0a, 0x40, 0x2f, 0x40, 0x0f, 0x8d, 0x0a, 0x80, 0x07, 0x8d, 0x00,
  0x09, 0x00, 0x80, 0x00, 0x28, 0x0a, 0x80, 0x2f, 0x80, 0x0f, 0x8d, 0x1e,
  0x02, 0x00, 0x02, 0x00, 0x09, 0x20, 0x80, 0x00, 0x28, 0x0a, 0x40, 0x2f,
  0x40, 0x0f, 0x8d, 0x1e, 0x02, 0x00, 0x02, 0x00, 0x40, 0x96, 0x2d, 0x20,
  0x07, 0x7c, 0x7c, 0x0b, 0x40, 0x20, 0x80, 0x00, 0x28, 0x0a, 0x40, 0x2f,
  0x40, 0x0f, 0x8d, 0x0a, 0x64, 0x01, 0x00, 0x00, 0x31, 0x00, 0x80, 0x0c,
  0x68, 0x02, 0x80, 0x24, 0x80, 0x0f, 0x00, 0x06, 0x01, 0x5e, 0x20, 0x04,
  0x31, 0x20, 0x80, 0x0c, 0x68, 0x02, 0x40, 0x24, 0x40, 0x0f, 0x00, 0x06,
  0x01, 0x5e, 0x20, 0x04, 0x25, 0x00, 0xa0, 0x00, 0x00, 0x00, 0x00, 0x20,
  0x00, 0x00, 0x00, 0x0e, 0x10, 0x00, 0x00, 0x00, 0x10, 0x20, 0x80, 0x03,
  0x20, 0x0a, 0x00, 0x20, 0xc0, 0x00, 0x8d, 0x1e, 0x00, 0x00, 0x00, 0x00,
  0x10, 0x20, 0x80, 0x03, 0x22, 0x0a, 0x00, 0x20, 0x80, 0x00, 0x8d, 0x1e,
  0x00, 0x00, 0x00, 0x00, 0x01, 0x00, 0x00, 0x00, 0x4c, 0x16, 0xc0, 0x2f,
  0x00, 0x00, 0x00, 0x00, 0x01, 0x00, 0x01, 0x00, 0x10, 0x00, 0x80, 0x03,
  0x22, 0x0a, 0x00, 0x20, 0x40, 0x05, 0x8d, 0x1e, 0x00, 0x00, 0x00, 0x00,
  0x02, 0x20, 0x81, 0x00, 0x4a, 0x12, 0xa0, 0x2f, 0xc0, 0x0f, 0x00, 0x16,
  0x00, 0x00, 0x00, 0x00, 0x02, 0x20, 0x81, 0x00, 0x48, 0x12, 0x80, 0x2f,
  0xc0, 0x0f, 0x00, 0x16, 0x00, 0x00, 0x00, 0x00, 0x10, 0x00, 0x81, 0x03,
  0x22, 0x0a, 0x00, 0x20, 0x00, 0x04, 0x8d, 0x1e, 0x00, 0x00, 0x00, 0x00,
  0x05, 0x20, 0x80, 0x02, 0x42, 0x12, 0x00, 0x20, 0xa0, 0x0f, 0xb1, 0x12,
  0x80, 0x0f, 0xb1, 0x00, 0x22, 0x00, 0xb1, 0x00, 0x02, 0x0e, 0x00, 0x20,
  0xc8, 0x00, 0x00, 0x00, 0x40, 0x00, 0x00, 0x00, 0x01, 0x00, 0x80, 0x00,
  0xe8, 0x3e, 0x40, 0x25, 0x00, 0x00, 0x00, 0x00, 0x00, 0x00, 0x00, 0x00,
  0x01, 0x20, 0x80, 0x00, 0xe8, 0x3e, 0xc0, 0x20, 0x00, 0x00, 0x00, 0x00,
  0x00, 0x00, 0x00, 0x00, 0x24, 0x00, 0xa0, 0x00, 0x00, 0x0e, 0x00, 0x20,
  0x98, 0x00, 0x00, 0x00, 0x98, 0x00, 0x00, 0x00, 0x41, 0x96, 0x5d, 0x20,
  0x07, 0x7c, 0x0e, 0x0a, 0x41, 0x20, 0x80, 0x00, 0x28, 0x0a, 0x40, 0x2f,
  0x80, 0x01, 0x8d, 0x0a, 0x48, 0x01, 0x00, 0x00, 0x40, 0x96, 0x01, 0x20,
  0xe7, 0x7c, 0x7c, 0x3a, 0x40, 0x20, 0x80, 0x00, 0x28, 0x0a, 0x40, 0x2f,
  0x40, 0x0f, 0x8d, 0x0a, 0x00, 0x07, 0x8d, 0x00, 0x09, 0x00, 0x80, 0x00,
  0x28, 0x0a, 0x80, 0x2f, 0x80, 0x0f, 0x8d, 0x1e, 0x02, 0x00, 0x02, 0x00,
  0x09, 0x20, 0x80, 0x00, 0x28, 0x0a, 0x40, 0x2f, 0x40, 0x0f, 0x8d, 0x1e,
  0x02, 0x00, 0x02, 0x00, 0x40, 0x96, 0x2d, 0x20, 0x07, 0x7c, 0x7c, 0x0b,
  0x40, 0x20, 0x80, 0x00, 0x28, 0x0a, 0x40, 0x2f, 0x40, 0x0f, 0x8d, 0x0a,
  0x64, 0x01, 0x00, 0x00, 0x31, 0x00, 0x80, 0x0c, 0x68, 0x02, 0x40, 0x25,
  0x80, 0x0f, 0x00, 0x06, 0x01, 0x5e, 0x20, 0x04, 0x31, 0x20, 0x80, 0x0c,
  0x68, 0x02, 0xc0, 0x20, 0x40, 0x0f, 0x00, 0x06, 0x01, 0x5e, 0x20, 0x04,
  0x25, 0x00, 0xa0, 0x00, 0x00, 0x00, 0x00, 0x20, 0x00, 0x00, 0x00, 0x0e,
  0x10, 0x00, 0x00, 0x00, 0x40, 0x20, 0x80, 0x00, 0xe8, 0x3a, 0x40, 0x2f,
  0x80, 0x06, 0x8d, 0x3a, 0x00, 0x46, 0x8d, 0x00, 0x40, 0x56, 0x02, 0x20,
  0xf7, 0x7c, 0x36, 0x32, 0x01, 0x00, 0x00, 0x00, 0x4c, 0x16, 0xc0, 0x2f,
  0x00, 0x00, 0x00, 0x00, 0x01, 0x00, 0x01, 0x00, 0x40, 0x20, 0x80, 0x00,
  0xe8, 0x3a, 0x40, 0x2f, 0x40, 0x0f, 0x8d, 0x3a, 0x40, 0x44, 0x8d, 0x00,
  0x40, 0x56, 0x02, 0x20, 0xf7, 0x7c, 0x7c, 0x24, 0x40, 0x20, 0x80, 0x00,
  0xe8, 0x3a, 0x40, 0x2f, 0x40, 0x0f, 0x8d, 0x3a, 0xc0, 0x00, 0x8d, 0x00,
  0x40, 0x96, 0x1d, 0x20, 0xe0, 0x06, 0x0a, 0x28, 0x40, 0x56, 0x02, 0x20,
  0xe7, 0x7c, 0x7c, 0x2a, 0x40, 0x20, 0x80, 0x00, 0x28, 0x0a, 0x40, 0x25,
  0x4c, 0x01, 0x00, 0x0a, 0xc0, 0x04, 0x8d, 0x00, 0x02, 0x20, 0x80, 0x04,
  0xe8, 0x3a, 0x80, 0x29, 0x40, 0x0f, 0x8d, 0x3e, 0x00, 0x00, 0x00, 0x00,
  0x02, 0x96, 0x2d, 0x25, 0x07, 0x28, 0x06, 0x08, 0x02, 0x96, 0x03, 0x24,
  0x07, 0x4e, 0x7c, 0x00, 0x02, 0x20, 0x80, 0x05, 0x28, 0x0a, 0xc0, 0x24,
  0x40, 0x05, 0x8d, 0x0a, 0x04, 0x01, 0x00, 0x00, 0x40, 0x96, 0x65, 0x20,
  0x07, 0x78, 0x06, 0x08, 0x10, 0x00, 0x80, 0x03, 0x22, 0x0a, 0x00, 0x20,
  0x00, 0x05, 0x8d, 0x1e, 0x00, 0x00, 0x00, 0x00, 0x40, 0x20, 0x80, 0x00,
  0x28, 0x0a, 0xc0, 0x2e, 0x40, 0x05, 0x8d, 0x0a, 0x0c, 0x01, 0x00, 0x00,
  0x40, 0x00, 0x80, 0x00, 0x28, 0x0a, 0x80, 0x24, 0x00, 0x05, 0x8d, 0x1e,
  0xff, 0xff, 0xff, 0xff, 0x02, 0x96, 0x2d, 0x25, 0x07, 0x30, 0x78, 0x08,
  0x01, 0x00, 0x00, 0x00, 0x0c, 0x00, 0x1c, 0x21, 0x20, 0x06, 0x00, 0x00,
  0x00, 0x00, 0x00, 0x00, 0x10, 0x20, 0x80, 0x03, 0x22, 0x0a, 0x00, 0x20,
  0xc0, 0x04, 0x8d, 0x1e, 0x00, 0x00, 0x00, 0x00, 0x02, 0x20, 0x80, 0x05,
  0x28, 0x0a, 0x00, 0x27, 0xc0, 0x0e, 0x8d, 0x0a, 0x04, 0x01, 0x00, 0x00,
  0x40, 0x20, 0x80, 0x00, 0x28, 0x0a, 0x40, 0x24, 0xc0, 0x04, 0x8d, 0x1e,
  0xff, 0xff, 0xff, 0xff, 0x01, 0x00, 0x00, 0x00, 0x04, 0x02, 0x00, 0x26,
  0x1c, 0x01, 0x00, 0x00, 0x00, 0x00, 0x00, 0x00, 0x02, 0x20, 0x81, 0x00,
  0x4a, 0x12, 0x80, 0x2f, 0xc0, 0x0f, 0x00, 0x16, 0x00, 0x00, 0x00, 0x00,
  0x01, 0x00, 0x00, 0x00, 0x04, 0x02, 0x00, 0x26, 0x1c, 0x01, 0x00, 0x00,
  0x00, 0x00, 0x00, 0x00, 0x40, 0x00, 0x80, 0x00, 0x28, 0x0a, 0xc0, 0x26,
  0x00, 0x06, 0x8d, 0x1e, 0xff, 0xff, 0xff, 0xff, 0x40, 0x20, 0x80, 0x00,
  0x28, 0x0a, 0xc0, 0x28, 0x00, 0x07, 0x8d, 0x1e, 0xff, 0xff, 0xff, 0xff,
  0x10, 0x00, 0x81, 0x03, 0x20, 0x0a, 0x00, 0x20, 0x00, 0x03, 0x8d, 0x1e,
  0x00, 0x00, 0x00, 0x00, 0x01, 0x00, 0x00, 0x00, 0x0c, 0x00, 0x1c, 0x21,
  0x00, 0x06, 0x00, 0x00, 0x00, 0x00, 0x00, 0x00, 0x01, 0x00, 0x00, 0x00,
  0x04, 0x02, 0x00, 0x26, 0x1c, 0x01, 0x00, 0x00, 0x00, 0x00, 0x00, 0x00,
  0x10, 0x20, 0x80, 0x03, 0x20, 0x0a, 0x00, 0x20, 0xc0, 0x02, 0x8d, 0x1e,
  0x00, 0x00, 0x00, 0x00, 0x01, 0x00, 0x00, 0x00, 0x0c, 0x00, 0x1c, 0x21,
  0x00, 0x06, 0x00, 0x00, 0x00, 0x00, 0x00, 0x00, 0x02, 0x20, 0x81, 0x00,
  0x48, 0x12, 0xa0, 0x2f, 0xc0, 0x0f, 0x00, 0x16, 0x00, 0x00, 0x00, 0x00,
  0x01, 0x00, 0x00, 0x00, 0x04, 0x02, 0x00, 0x26, 0x1c, 0x01, 0x00, 0x00,
  0x00, 0x00, 0x00, 0x00, 0x05, 0x20, 0x80, 0x02, 0x40, 0x12, 0x00, 0x20,
  0xa0, 0x0f, 0xb1, 0x12, 0x80, 0x0f, 0xb1, 0x00, 0x01, 0x00, 0x00, 0x00,
  0x0c, 0x00, 0x1c, 0x21, 0x00, 0x06, 0x00, 0x00, 0x00, 0x00, 0x00, 0x00,
  0x01, 0x00, 0x00, 0x00, 0x04, 0x02, 0x20, 0x26, 0x1c, 0x01, 0x00, 0x00,
  0x00, 0x00, 0x00, 0x00, 0x22, 0x00, 0xb1, 0x00, 0x02, 0x0e, 0x00, 0x20,
  0xc8, 0x00, 0x00, 0x00, 0x40, 0x00, 0x00, 0x00, 0x01, 0x00, 0x80, 0x00,
  0xe8, 0x3e, 0x80, 0x28, 0x00, 0x00, 0x00, 0x00, 0x00, 0x00, 0x00, 0x00,
  0x01, 0x20, 0x80, 0x00, 0xe8, 0x3e, 0xc0, 0x27, 0x00, 0x00, 0x00, 0x00,
  0x00, 0x00, 0x00, 0x00, 0x24, 0x00, 0xa0, 0x00, 0x00, 0x0e, 0x00, 0x20,
  0x98, 0x00, 0x00, 0x00, 0x98, 0x00, 0x00, 0x00, 0x41, 0x96, 0x5d, 0x20,
  0x07, 0x7c, 0x2e, 0x0a, 0x41, 0x20, 0x80, 0x00, 0x28, 0x0a, 0x40, 0x2f,
  0x80, 0x05, 0x8d, 0x0a, 0x48, 0x01, 0x00, 0x00, 0x40, 0x96, 0x01, 0x20,
  0xe7, 0x7c, 0x7c, 0x24, 0x40, 0x20, 0x80, 0x00, 0x28, 0x0a, 0x40, 0x2f,
  0x40, 0x0f, 0x8d, 0x0a, 0x40, 0x04, 0x8d, 0x00, 0x09, 0x00, 0x80, 0x00,
  0x28, 0x0a, 0x80, 0x2f, 0x80, 0x0f, 0x8d, 0x1e, 0x02, 0x00, 0x02, 0x00,
  0x09, 0x20, 0x80, 0x00, 0x28, 0x0a, 0x40, 0x2f, 0x40, 0x0f, 0x8d, 0x1e,
  0x02, 0x00, 0x02, 0x00, 0x40, 0x96, 0x2d, 0x20, 0x07, 0x7c, 0x7c, 0x0b,
  0x40, 0x20, 0x80, 0x00, 0x28, 0x0a, 0x40, 0x2f, 0x40, 0x0f, 0x8d, 0x0a,
  0x64, 0x01, 0x00, 0x00, 0x31, 0x00, 0x80, 0x0c, 0x68, 0x02, 0x80, 0x28,
  0x80, 0x0f, 0x00, 0x06, 0x01, 0x5e, 0x20, 0x04, 0x31, 0x20, 0x80, 0x0c,
  0x68, 0x02, 0xc0, 0x27, 0x40, 0x0f, 0x00, 0x06, 0x01, 0x5e, 0x20, 0x04,
  0x25, 0x00, 0xa0, 0x00, 0x00, 0x00, 0x00, 0x20, 0x00, 0x00, 0x00, 0x0e,
  0x10, 0x00, 0x00, 0x00, 0x10, 0x20, 0x80, 0x03, 0x22, 0x0a, 0x00, 0x20,
  0x00, 0x07, 0x8d, 0x1e, 0x00, 0x00, 0x00, 0x00, 0x10, 0x20, 0x80, 0x03,
  0x20, 0x0a, 0x00, 0x20, 0xc0, 0x02, 0x8d, 0x1e, 0x00, 0x00, 0x00, 0x00,
  0x01, 0x00, 0x00, 0x00, 0x4c, 0x16, 0xc4, 0x2f, 0x00, 0x00, 0x00, 0x00,
  0x01, 0x00, 0x01, 0x00, 0x10, 0x00, 0x80, 0x03, 0x20, 0x0a, 0x00, 0x20,
  0x00, 0x06, 0x8d, 0x1e, 0x00, 0x00, 0x00, 0x00, 0x01, 0x00, 0x00, 0x20,
  0x00, 0x7e, 0x31, 0x00, 0x02, 0x20, 0x81, 0x00, 0x48, 0x12, 0xa0, 0x2f,
  0xc4, 0x0f, 0x00, 0x16, 0x00, 0x00, 0x00, 0x00, 0x10, 0x00, 0x81, 0x03,
  0x20, 0x0a, 0x00, 0x20, 0x00, 0x03, 0x8d, 0x1e, 0x00, 0x00, 0x00, 0x00,
  0x01, 0x20, 0x00, 0x20, 0x00, 0x31, 0x7e, 0x00, 0x02, 0x20, 0x81, 0x00,
  0x4a, 0x12, 0x80, 0x2f, 0xc4, 0x0f, 0x00, 0x16, 0x00, 0x00, 0x00, 0x00,
  0x05, 0x20, 0x80, 0x02, 0x40, 0x12, 0x00, 0x20, 0xa0, 0x0f, 0xb1, 0x12,
  0x80, 0x0f, 0xb1, 0x00, 0x22, 0x00, 0xb1, 0x00, 0x00, 0x0e, 0x00, 0x20,
  0xc8, 0x00, 0x00, 0x00, 0x40, 0x00, 0x00, 0x00, 0x01, 0x00, 0x80, 0x00,
  0xe8, 0x3e, 0x80, 0x27, 0x00, 0x00, 0x00, 0x00, 0x00, 0x00, 0x00, 0x00,
  0x01, 0x20, 0x80, 0x00, 0xe8, 0x3e, 0x40, 0x27, 0x00, 0x00, 0x00, 0x00,
  0x00, 0x00, 0x00, 0x00, 0x24, 0x00, 0xa0, 0x00, 0x00, 0x0e, 0x00, 0x20,
  0x98, 0x00, 0x00, 0x00, 0x98, 0x00, 0x00, 0x00, 0x41, 0x96, 0x5d, 0x20,
  0x07, 0x7c, 0x2e, 0x0a, 0x41, 0x20, 0x80, 0x00, 0x28, 0x0a, 0x40, 0x2f,
  0x80, 0x05, 0x8d, 0x0a, 0x48, 0x01, 0x00, 0x00, 0x40, 0x96, 0x01, 0x20,
  0xe7, 0x7c, 0x7c, 0x36, 0x40, 0x20, 0x80, 0x00, 0x28, 0x0a, 0x40, 0x2f,
  0x40, 0x0f, 0x8d, 0x0a, 0xc0, 0x08, 0x8d, 0x00, 0x09, 0x00, 0x80, 0x00,
  0x28, 0x0a, 0x80, 0x2f, 0x80, 0x0f, 0x8d, 0x1e, 0x02, 0x00, 0x02, 0x00,
  0x09, 0x20, 0x80, 0x00, 0x28, 0x0a, 0x40, 0x2f, 0x40, 0x0f, 0x8d, 0x1e,
  0x02, 0x00, 0x02, 0x00, 0x40, 0x96, 0x2d, 0x20, 0x07, 0x7c, 0x7c, 0x0b,
  0x40, 0x20, 0x80, 0x00, 0x28, 0x0a, 0x40, 0x2f, 0x40, 0x0f, 0x8d, 0x0a,
  0x64, 0x01, 0x00, 0x00, 0x31, 0x00, 0x80, 0x0c, 0x68, 0x02, 0x80, 0x27,
  0x80, 0x0f, 0x00, 0x06, 0x01, 0x5e, 0x20, 0x04, 0x31, 0x20, 0x80, 0x0c,
  0x68, 0x02, 0x40, 0x27, 0x40, 0x0f, 0x00, 0x06, 0x01, 0x5e, 0x20, 0x04,
  0x25, 0x00, 0xa0, 0x00, 0x00, 0x00, 0x00, 0x20, 0x00, 0x00, 0x00, 0x0e,
  0x10, 0x00, 0x00, 0x00, 0x10, 0x20, 0x80, 0x03, 0x20, 0x0a, 0x00, 0x20,
  0xc0, 0x04, 0x8d, 0x1e, 0x00, 0x00, 0x00, 0x00, 0x10, 0x20, 0x80, 0x03,
  0x22, 0x0a, 0x00, 0x20, 0x80, 0x00, 0x8d, 0x1e, 0x00, 0x00, 0x00, 0x00,
  0x01, 0x00, 0x00, 0x00, 0x4c, 0x16, 0xc4, 0x2f, 0x00, 0x00, 0x00, 0x00,
  0x01, 0x00, 0x01, 0x00, 0x10, 0x00, 0x80, 0x03, 0x22, 0x0a, 0x00, 0x20,
  0x00, 0x05, 0x8d, 0x1e, 0x00, 0x00, 0x00, 0x00, 0x01, 0x00, 0x00, 0x20,
  0x00, 0x7e, 0x30, 0x00, 0x02, 0x20, 0x81, 0x00, 0x4a, 0x12, 0xa0, 0x2f,
  0xc4, 0x0f, 0x00, 0x16, 0x00, 0x00, 0x00, 0x00, 0x10, 0x00, 0x81, 0x03,
  0x22, 0x0a, 0x00, 0x20, 0x00, 0x04, 0x8d, 0x1e, 0x00, 0x00, 0x00, 0x00,
  0x01, 0x20, 0x00, 0x20, 0x00, 0x30, 0x7e, 0x00, 0x02, 0x20, 0x81, 0x00,
  0x48, 0x12, 0x80, 0x2f, 0xc4, 0x0f, 0x00, 0x16, 0x00, 0x00, 0x00, 0x00,
  0x05, 0x20, 0x80, 0x02, 0x42, 0x12, 0x00, 0x20, 0xa0, 0x0f, 0xb1, 0x12,
  0x80, 0x0f, 0xb1, 0x00, 0x22, 0x00, 0xb1, 0x00, 0x02, 0x0e, 0x00, 0x20,
  0xc8, 0x00, 0x00, 0x00, 0x40, 0x00, 0x00, 0x00, 0x01, 0x00, 0x80, 0x00,
  0xe8, 0x3e, 0x80, 0x26, 0x00, 0x00, 0x00, 0x00, 0x00, 0x00, 0x00, 0x00,
  0x01, 0x20, 0x80, 0x00, 0xe8, 0x3e, 0x40, 0x26, 0x00, 0x00, 0x00, 0x00,
  0x00, 0x00, 0x00, 0x00, 0x24, 0x00, 0xa0, 0x00, 0x00, 0x0e, 0x00, 0x20,
  0x98, 0x00, 0x00, 0x00, 0x98, 0x00, 0x00, 0x00, 0x41, 0x96, 0x5d, 0x20,
  0x07, 0x7c, 0x0e, 0x0a, 0x41, 0x20, 0x80, 0x00, 0x28, 0x0a, 0x40, 0x2f,
  0x80, 0x01, 0x8d, 0x0a, 0x48, 0x01, 0x00, 0x00, 0x40, 0x96, 0x01, 0x20,
  0xe7, 0x7c, 0x7c, 0x24, 0x40, 0x20, 0x80, 0x00, 0x28, 0x0a, 0x40, 0x2f,
  0x40, 0x0f, 0x8d, 0x0a, 0x40, 0x04, 0x8d, 0x00, 0x09, 0x00, 0x80, 0x00,
  0x28, 0x0a, 0x80, 0x2f, 0x80, 0x0f, 0x8d, 0x1e, 0x02, 0x00, 0x02, 0x00,
  0x09, 0x20, 0x80, 0x00, 0x28, 0x0a, 0x40, 0x2f, 0x40, 0x0f, 0x8d, 0x1e,
  0x02, 0x00, 0x02, 0x00, 0x40, 0x96, 0x2d, 0x20, 0x07, 0x7c, 0x7c, 0x0b,
  0x40, 0x20, 0x80, 0x00, 0x28, 0x0a, 0x40, 0x2f, 0x40, 0x0f, 0x8d, 0x0a,
  0x64, 0x01, 0x00, 0x00, 0x31, 0x00, 0x80, 0x0c, 0x68, 0x02, 0x80, 0x26,
  0x80, 0x0f, 0x00, 0x06, 0x01, 0x5e, 0x20, 0x04, 0x31, 0x20, 0x80, 0x0c,
  0x68, 0x02, 0x40, 0x26, 0x40, 0x0f, 0x00, 0x06, 0x01, 0x5e, 0x20, 0x04,
  0x25, 0x00, 0xa0, 0x00, 0x00, 0x00, 0x00, 0x20, 0x00, 0x00, 0x00, 0x0e,
  0x10, 0x00, 0x00, 0x00, 0x10, 0x20, 0x80, 0x03, 0x22, 0x0a, 0x00, 0x20,
  0x00, 0x07, 0x8d, 0x1e, 0x00, 0x00, 0x00, 0x00, 0x10, 0x20, 0x80, 0x03,
  0x20, 0x0a, 0x00, 0x20, 0x80, 0x00, 0x8d, 0x1e, 0x00, 0x00, 0x00, 0x00,
  0x01, 0x00, 0x00, 0x00, 0x4c, 0x16, 0xc4, 0x2f, 0x00, 0x00, 0x00, 0x00,
  0x01, 0x00, 0x01, 0x00, 0x10, 0x00, 0x80, 0x03, 0x20, 0x0a, 0x00, 0x20,
  0x00, 0x06, 0x8d, 0x1e, 0x00, 0x00, 0x00, 0x00, 0x01, 0x00, 0x00, 0x20,
  0x00, 0x7e, 0x31, 0x00, 0x02, 0x20, 0x81, 0x00, 0x48, 0x12, 0xa0, 0x2f,
  0xc4, 0x0f, 0x00, 0x16, 0x00, 0x00, 0x00, 0x00, 0x10, 0x00, 0x81, 0x03,
  0x20, 0x0a, 0x00, 0x20, 0x00, 0x04, 0x8d, 0x1e, 0x00, 0x00, 0x00, 0x00,
  0x01, 0x20, 0x00, 0x20, 0x00, 0x31, 0x7e, 0x00, 0x02, 0x20, 0x81, 0x00,
  0x4a, 0x12, 0x80, 0x2f, 0xc4, 0x0f, 0x00, 0x16, 0x00, 0x00, 0x00, 0x00,
  0x05, 0x20, 0x80, 0x02, 0x40, 0x12, 0x00, 0x20, 0xa0, 0x0f, 0xb1, 0x12,
  0x80, 0x0f, 0xb1, 0x00, 0x22, 0x00, 0xb1, 0x00, 0x00, 0x0e, 0x00, 0x20,
  0xc8, 0x00, 0x00, 0x00, 0x40, 0x00, 0x00, 0x00, 0x01, 0x00, 0x80, 0x00,
  0xe8, 0x3e, 0xc0, 0x21, 0x00, 0x00, 0x00, 0x00, 0x00, 0x00, 0x00, 0x00,
  0x01, 0x20, 0x80, 0x00, 0xe8, 0x3e, 0x80, 0x20, 0x00, 0x00, 0x00, 0x00,
  0x00, 0x00, 0x00, 0x00, 0x24, 0x00, 0xa0, 0x00, 0x00, 0x0e, 0x00, 0x20,
  0x98, 0x00, 0x00, 0x00, 0x98, 0x00, 0x00, 0x00, 0x41, 0x96, 0x5d, 0x20,
  0x07, 0x7c, 0x0e, 0x0a, 0x41, 0x20, 0x80, 0x00, 0x28, 0x0a, 0x40, 0x2f,
  0x80, 0x01, 0x8d, 0x0a, 0x48, 0x01, 0x00, 0x00, 0x40, 0x96, 0x01, 0x20,
  0xe7, 0x7c, 0x7c, 0x36, 0x40, 0x20, 0x80, 0x00, 0x28, 0x0a, 0x40, 0x2f,
  0x40, 0x0f, 0x8d, 0x0a, 0xc0, 0x08, 0x8d, 0x00, 0x09, 0x00, 0x80, 0x00,
  0x28, 0x0a, 0x80, 0x2f, 0x80, 0x0f, 0x8d, 0x1e, 0x02, 0x00, 0x02, 0x00,
  0x09, 0x20, 0x80, 0x00, 0x28, 0x0a, 0x40, 0x2f, 0x40, 0x0f, 0x8d, 0x1e,
  0x02, 0x00, 0x02, 0x00, 0x40, 0x96, 0x2d, 0x20, 0x07, 0x7c, 0x7c, 0x0b,
  0x40, 0x20, 0x80, 0x00, 0x28, 0x0a, 0x40, 0x2f, 0x40, 0x0f, 0x8d, 0x0a,
  0x64, 0x01, 0x00, 0x00, 0x31, 0x00, 0x80, 0x0c, 0x68, 0x02, 0xc0, 0x21,
  0x80, 0x0f, 0x00, 0x06, 0x01, 0x5e, 0x20, 0x04, 0x31, 0x20, 0x80, 0x0c,
  0x68, 0x02, 0x80, 0x20, 0x40, 0x0f, 0x00, 0x06, 0x01, 0x5e, 0x20, 0x04,
  0x25, 0x00, 0xa0, 0x00, 0x00, 0x00, 0x00, 0x20, 0x00, 0x00, 0x00, 0x0e,
  0x10, 0x00, 0x00, 0x00, 0x40, 0x56, 0x02, 0x20, 0xf7, 0x7c, 0x44, 0x3c,
  0x40, 0x20, 0x80, 0x00, 0xe8, 0x3a, 0x40, 0x2f, 0xc0, 0x07, 0x8d, 0x3a,
  0x40, 0x47, 0x8d, 0x00, 0x10, 0x20, 0x80, 0x03, 0x20, 0x0a, 0x00, 0x20,
  0xc0, 0x04, 0x8d, 0x1e, 0x00, 0x00, 0x00, 0x00, 0x40, 0x96, 0x65, 0x20,
  0x07, 0x78, 0x1e, 0x08, 0x40, 0x56, 0x02, 0x20, 0xf7, 0x7c, 0x7c, 0x34,
  0x40, 0x20, 0x80, 0x00, 0xe8, 0x3a, 0x40, 0x2f, 0x40, 0x0f, 0x8d, 0x3a,
  0x40, 0x46, 0x8d, 0x00, 0x01, 0x00, 0x00, 0x20, 0x00, 0x7e, 0x30, 0x00,
  0x40, 0x20, 0x80, 0x00, 0x28, 0x0a, 0xc0, 0x2e, 0x00, 0x02, 0x8d, 0x0a,
  0x0c, 0x01, 0x00, 0x00, 0x40, 0x56, 0x02, 0x20, 0xe7, 0x7c, 0x7c, 0x0e,
  0x40, 0x20, 0x80, 0x00, 0xe8, 0x3a, 0x40, 0x2f, 0x40, 0x0f, 0x8d, 0x3a,
  0x80, 0x00, 0x8d, 0x00, 0x02, 0x20, 0x80, 0x05, 0x28, 0x0a, 0x80, 0x20,
  0x00, 0x02, 0x8d, 0x0a, 0x00, 0x01, 0x00, 0x00, 0x01, 0x00, 0x00, 0x00,
  0x4c, 0x16, 0xc4, 0x2f, 0x00, 0x00, 0x00, 0x00, 0x01, 0x00, 0x01, 0x00,
  0x02, 0x96, 0x03, 0x24, 0x07, 0x7c, 0x7c, 0x00, 0x02, 0x20, 0x80, 0x04,
  0xe8, 0x3a, 0x40, 0x2f, 0x40, 0x0f, 0x8d, 0x3e, 0x00, 0x00, 0x00, 0x00,
  0x01, 0x20, 0x00, 0x20, 0x00, 0x30, 0x7e, 0x00, 0x10, 0x20, 0x80, 0x03,
  0x22, 0x0a, 0x00, 0x20, 0x80, 0x00, 0x8d, 0x1e, 0x00, 0x00, 0x00, 0x00,
  0x40, 0x56, 0x02, 0x20, 0xf7, 0x7c, 0x4e, 0x7c, 0x40, 0x20, 0x80, 0x00,
  0xe8, 0x3a, 0x40, 0x2f, 0x80, 0x09, 0x8d, 0x3a, 0x40, 0x4f, 0x8d, 0x00,
  0x02, 0x96, 0x01, 0x25, 0x07, 0x0e, 0x78, 0x08, 0x02, 0x96, 0x01, 0x25,
  0x07, 0x0c, 0x1e, 0x08, 0x41, 0x56, 0x02, 0x20, 0xe7, 0x7c, 0x48, 0x7c,
  0x41, 0x20, 0x80, 0x00, 0xe8, 0x3a, 0x40, 0x2f, 0x40, 0x09, 0x8d, 0x3a,
  0x40, 0x0f, 0x8d, 0x00, 0x10, 0x00, 0x80, 0x03, 0x22, 0x0a, 0x00, 0x20,
  0x00, 0x05, 0x8d, 0x1e, 0x00, 0x00, 0x00, 0x00, 0x02, 0x20, 0x81, 0x00,
  0x4a, 0x12, 0x20, 0x2f, 0xc4, 0x0f, 0x00, 0x16, 0x00, 0x00, 0x00, 0x00,
  0x33, 0x00, 0x80, 0x0c, 0x70, 0xc0, 0x07, 0x00, 0x82, 0x02, 0x00, 0x00,
  0xfe, 0x5e, 0x02, 0x04, 0x40, 0x96, 0x01, 0x20, 0x07, 0x7c, 0x06, 0x0a,
  0x33, 0x20, 0x80, 0x0c, 0x70, 0xa0, 0x07, 0x00, 0x42, 0x02, 0x00, 0x00,
  0xfe, 0x5e, 0x02, 0x04, 0x40, 0x20, 0x80, 0x00, 0x28, 0x0a, 0x40, 0x2f,
  0x40, 0x05, 0x8d, 0x0a, 0x40, 0x01, 0x00, 0x00, 0x02, 0x20, 0x80, 0x05,
  0x28, 0x0a, 0x40, 0x26, 0xc0, 0x0e, 0x8d, 0x0a, 0x00, 0x01, 0x00, 0x00,
  0x02, 0x96, 0x2d, 0x25, 0x07, 0x20, 0x7c, 0x08, 0x02, 0x20, 0x81, 0x00,
  0x48, 0x12, 0xa0, 0x2f, 0xc4, 0x0f, 0x00, 0x16, 0x00, 0x00, 0x00, 0x00,
  0x02, 0x20, 0x80, 0x05, 0x28, 0x0a, 0xc0, 0x23, 0x40, 0x0f, 0x8d, 0x0a,
  0x04, 0x01, 0x00, 0x00, 0x10, 0x00, 0x81, 0x03, 0x22, 0x0a, 0x00, 0x20,
  0x80, 0x01, 0x8d, 0x1e, 0x00, 0x00, 0x00, 0x00, 0x40, 0x20, 0x80, 0x00,
  0x28, 0x0a, 0x80, 0x27, 0x80, 0x00, 0x8d, 0x1e, 0xff, 0xff, 0xff, 0xff,
  0x05, 0x20, 0x80, 0x02, 0x42, 0x12, 0x00, 0x20, 0x20, 0x0f, 0xb1, 0x12,
  0xa0, 0x0f, 0xb1, 0x00, 0x40, 0x00, 0x80, 0x00, 0x28, 0x0a, 0x00, 0x26,
  0xc0, 0x01, 0x8d, 0x1e, 0xff, 0xff, 0xff, 0xff, 0x40, 0x00, 0x80, 0x00,
  0x28, 0x0a, 0x00, 0x27, 0x80, 0x01, 0x8d, 0x1e, 0xff, 0xff, 0xff, 0xff,
  0x40, 0x20, 0x80, 0x00, 0x28, 0x0a, 0x40, 0x27, 0x40, 0x06, 0x8d, 0x1e,
  0xff, 0xff, 0xff, 0xff, 0x40, 0x00, 0x80, 0x00, 0x28, 0x0a, 0x00, 0x22,
  0x00, 0x04, 0x8d, 0x1e, 0xff, 0xff, 0xff, 0xff, 0x40, 0x20, 0x80, 0x00,
  0x28, 0x0a, 0xc0, 0x20, 0xc0, 0x03, 0x8d, 0x1e, 0xff, 0xff, 0xff, 0xff,
  0x22, 0x00, 0xb1, 0x00, 0x02, 0x0e, 0x00, 0x20, 0xc8, 0x00, 0x00, 0x00,
  0x40, 0x00, 0x00, 0x00, 0x01, 0x00, 0x80, 0x00, 0xe8, 0x3e, 0x80, 0x26,
  0x00, 0x00, 0x00, 0x00, 0x00, 0x00, 0x00, 0x00, 0x01, 0x20, 0x80, 0x00,
  0xe8, 0x3e, 0x40, 0x25, 0x00, 0x00, 0x00, 0x00, 0x00, 0x00, 0x00, 0x00,
  0x24, 0x00, 0xa0, 0x00, 0x00, 0x0e, 0x00, 0x20, 0x98, 0x00, 0x00, 0x00,
  0x98, 0x00, 0x00, 0x00, 0x41, 0x96, 0x5d, 0x20, 0x07, 0x7c, 0x38, 0x0a,
  0x41, 0x20, 0x80, 0x00, 0x28, 0x0a, 0x40, 0x2f, 0x80, 0x07, 0x8d, 0x0a,
  0x48, 0x01, 0x00, 0x00, 0x40, 0x96, 0x01, 0x20, 0xe7, 0x7c, 0x7c, 0x24,
  0x40, 0x20, 0x80, 0x00, 0x28, 0x0a, 0x40, 0x2f, 0x40, 0x0f, 0x8d, 0x0a,
  0x40, 0x04, 0x8d, 0x00, 0x09, 0x00, 0x80, 0x00, 0x28, 0x0a, 0x80, 0x2f,
  0x80, 0x0f, 0x8d, 0x1e, 0x02, 0x00, 0x02, 0x00, 0x09, 0x20, 0x80, 0x00,
  0x28, 0x0a, 0x40, 0x2f, 0x40, 0x0f, 0x8d, 0x1e, 0x02, 0x00, 0x02, 0x00,
  0x40, 0x96, 0x2d, 0x20, 0x07, 0x7c, 0x7c, 0x0b, 0x40, 0x20, 0x80, 0x00,
  0x28, 0x0a, 0x40, 0x2f, 0x40, 0x0f, 0x8d, 0x0a, 0x64, 0x01, 0x00, 0x00,
  0x31, 0x00, 0x80, 0x0c, 0x68, 0x02, 0x80, 0x26, 0x80, 0x0f, 0x00, 0x06,
  0x01, 0x5e, 0x20, 0x04, 0x31, 0x20, 0x80, 0x0c, 0x68, 0x02, 0x40, 0x25,
  0x40, 0x0f, 0x00, 0x06, 0x01, 0x5e, 0x20, 0x04, 0x25, 0x00, 0xa0, 0x00,
  0x00, 0x00, 0x00, 0x20, 0x00, 0x00, 0x00, 0x0e, 0x10, 0x00, 0x00, 0x00,
  0x10, 0x20, 0x80, 0x03, 0x22, 0x0a, 0x00, 0x20, 0xc0, 0x03, 0x8d, 0x1e,
  0x00, 0x00, 0x00, 0x00, 0x10, 0x20, 0x80, 0x03, 0x20, 0x0a, 0x00, 0x20,
  0x80, 0x00, 0x8d, 0x1e, 0x00, 0x00, 0x00, 0x00, 0x01, 0x00, 0x00, 0x00,
  0x4c, 0x16, 0xc4, 0x2f, 0x00, 0x00, 0x00, 0x00, 0x01, 0x00, 0x01, 0x00,
  0x10, 0x00, 0x80, 0x03, 0x20, 0x0a, 0x00, 0x20, 0x00, 0x04, 0x8d, 0x1e,
  0x00, 0x00, 0x00, 0x00, 0x01, 0x00, 0x00, 0x20, 0x00, 0x7e, 0x31, 0x00,
  0x02, 0x20, 0x81, 0x00, 0x48, 0x12, 0xa0, 0x2f, 0xc4, 0x0f, 0x00, 0x16,
  0x00, 0x00, 0x00, 0x00, 0x10, 0x00, 0x81, 0x03, 0x20, 0x0a, 0x00, 0x20,
  0x80, 0x01, 0x8d, 0x1e, 0x00, 0x00, 0x00, 0x00, 0x01, 0x20, 0x00, 0x20,
  0x00, 0x31, 0x7e, 0x00, 0x02, 0x20, 0x81, 0x00, 0x4a, 0x12, 0x80, 0x2f,
  0xc4, 0x0f, 0x00, 0x16, 0x00, 0x00, 0x00, 0x00, 0x05, 0x20, 0x80, 0x02,
  0x40, 0x12, 0x00, 0x20, 0xa0, 0x0f, 0xb1, 0x12, 0x80, 0x0f, 0xb1, 0x00,
  0x22, 0x00, 0xb1, 0x00, 0x00, 0x0e, 0x00, 0x20, 0xc8, 0x00, 0x00, 0x00,
  0x40, 0x00, 0x00, 0x00, 0x01, 0x00, 0x80, 0x00, 0xe8, 0x3e, 0x00, 0x27,
  0x00, 0x00, 0x00, 0x00, 0x00, 0x00, 0x00, 0x00, 0x01, 0x20, 0x80, 0x00,
  0xe8, 0x3e, 0xc0, 0x26, 0x00, 0x00, 0x00, 0x00, 0x00, 0x00, 0x00, 0x00,
  0x24, 0x00, 0xa0, 0x00, 0x00, 0x0e, 0x00, 0x20, 0x98, 0x00, 0x00, 0x00,
  0x98, 0x00, 0x00, 0x00, 0x41, 0x96, 0x5d, 0x20, 0x07, 0x7c, 0x38, 0x0a,
  0x41, 0x20, 0x80, 0x00, 0x28, 0x0a, 0x40, 0x2f, 0x80, 0x07, 0x8d, 0x0a,
  0x48, 0x01, 0x00, 0x00, 0x40, 0x96, 0x01, 0x20, 0xe7, 0x7c, 0x7c, 0x10,
  0x40, 0x20, 0x80, 0x00, 0x28, 0x0a, 0x40, 0x2f, 0x40, 0x0f, 0x8d, 0x0a,
  0xc0, 0x00, 0x8d, 0x00, 0x09, 0x00, 0x80, 0x00, 0x28, 0x0a, 0x80, 0x2f,
  0x80, 0x0f, 0x8d, 0x1e, 0x02, 0x00, 0x02, 0x00, 0x09, 0x20, 0x80, 0x00,
  0x28, 0x0a, 0x40, 0x2f, 0x40, 0x0f, 0x8d, 0x1e, 0x02, 0x00, 0x02, 0x00,
  0x40, 0x96, 0x2d, 0x20, 0x07, 0x7c, 0x7c, 0x0b, 0x40, 0x20, 0x80, 0x00,
  0x28, 0x0a, 0x40, 0x2f, 0x40, 0x0f, 0x8d, 0x0a, 0x64, 0x01, 0x00, 0x00,
  0x31, 0x00, 0x80, 0x0c, 0x68, 0x02, 0x00, 0x27, 0x80, 0x0f, 0x00, 0x06,
  0x01, 0x5e, 0x20, 0x04, 0x31, 0x20, 0x80, 0x0c, 0x68, 0x02, 0xc0, 0x26,
  0x40, 0x0f, 0x00, 0x06, 0x01, 0x5e, 0x20, 0x04, 0x25, 0x00, 0xa0, 0x00,
  0x00, 0x00, 0x00, 0x20, 0x00, 0x00, 0x00, 0x0e, 0x10, 0x00, 0x00, 0x00,
  0x10, 0x20, 0x80, 0x03, 0x20, 0x0a, 0x00, 0x20, 0xc0, 0x04, 0x8d, 0x1e,
  0x00, 0x00, 0x00, 0x00, 0x10, 0x20, 0x80, 0x03, 0x22, 0x0a, 0x00, 0x20,
  0x40, 0x06, 0x8d, 0x1e, 0x00, 0x00, 0x00, 0x00, 0x01, 0x00, 0x00, 0x00,
  0x4c, 0x16, 0xc4, 0x2f, 0x00, 0x00, 0x00, 0x00, 0x01, 0x00, 0x01, 0x00,
  0x10, 0x00, 0x80, 0x03, 0x22, 0x0a, 0x00, 0x20, 0x00, 0x05, 0x8d, 0x1e,
  0x00, 0x00, 0x00, 0x00, 0x01, 0x00, 0x00, 0x20, 0x00, 0x7e, 0x30, 0x00,
  0x02, 0x20, 0x81, 0x00, 0x4a, 0x12, 0xa0, 0x2f, 0xc4, 0x0f, 0x00, 0x16,
  0x00, 0x00, 0x00, 0x00, 0x10, 0x00, 0x81, 0x03, 0x22, 0x0a, 0x00, 0x20,
  0xc0, 0x01, 0x8d, 0x1e, 0x00, 0x00, 0x00, 0x00, 0x01, 0x20, 0x00, 0x20,
  0x00, 0x30, 0x7e, 0x00, 0x02, 0x20, 0x81, 0x00, 0x48, 0x12, 0x80, 0x2f,
  0xc4, 0x0f, 0x00, 0x16, 0x00, 0x00, 0x00, 0x00, 0x05, 0x20, 0x80, 0x02,
  0x42, 0x12, 0x00, 0x20, 0xa0, 0x0f, 0xb1, 0x12, 0x80, 0x0f, 0xb1, 0x00,
  0x22, 0x00, 0xb1, 0x00, 0x02, 0x0e, 0x00, 0x20, 0xc8, 0x00, 0x00, 0x00,
  0x40, 0x00, 0x00, 0x00, 0x01, 0x00, 0x80, 0x00, 0xe8, 0x3e, 0x80, 0x21,
  0x00, 0x00, 0x00, 0x00, 0x00, 0x00, 0x00, 0x00, 0x01, 0x20, 0x80, 0x00,
  0xe8, 0x3e, 0x80, 0x20, 0x00, 0x00, 0x00, 0x00, 0x00, 0x00, 0x00, 0x00,
  0x24, 0x00, 0xa0, 0x00, 0x00, 0x0e, 0x00, 0x20, 0x98, 0x00, 0x00, 0x00,
  0x98, 0x00, 0x00, 0x00, 0x41, 0x96, 0x5d, 0x20, 0x07, 0x7c, 0x30, 0x0a,
  0x41, 0x20, 0x80, 0x00, 0x28, 0x0a, 0x40, 0x2f, 0x40, 0x07, 0x8d, 0x0a,
  0x48, 0x01, 0x00, 0x00, 0x40, 0x96, 0x01, 0x20, 0xe7, 0x7c, 0x7c, 0x24,
  0x40, 0x20, 0x80, 0x00, 0x28, 0x0a, 0x40, 0x2f, 0x40, 0x0f, 0x8d, 0x0a,
  0x40, 0x04, 0x8d, 0x00, 0x09, 0x00, 0x80, 0x00, 0x28, 0x0a, 0x80, 0x2f,
  0x80, 0x0f, 0x8d, 0x1e, 0x02, 0x00, 0x02, 0x00, 0x09, 0x20, 0x80, 0x00,
  0x28, 0x0a, 0x40, 0x2f, 0x40, 0x0f, 0x8d, 0x1e, 0x02, 0x00, 0x02, 0x00,
  0x40, 0x96, 0x2d, 0x20, 0x07, 0x7c, 0x7c, 0x0b, 0x40, 0x20, 0x80, 0x00,
  0x28, 0x0a, 0x40, 0x2f, 0x40, 0x0f, 0x8d, 0x0a, 0x64, 0x01, 0x00, 0x00,
  0x31, 0x00, 0x80, 0x0c, 0x68, 0x02, 0x80, 0x21, 0x80, 0x0f, 0x00, 0x06,
  0x01, 0x5e, 0x20, 0x04, 0x31, 0x20, 0x80, 0x0c, 0x68, 0x02, 0x80, 0x20,
  0x40, 0x0f, 0x00, 0x06, 0x01, 0x5e, 0x20, 0x04, 0x25, 0x00, 0xa0, 0x00,
  0x00, 0x00, 0x00, 0x20, 0x00, 0x00, 0x00, 0x0e, 0x10, 0x00, 0x00, 0x00,
  0x10, 0x20, 0x80, 0x03, 0x22, 0x0a, 0x00, 0x20, 0xc0, 0x03, 0x8d, 0x1e,
  0x00, 0x00, 0x00, 0x00, 0x10, 0x20, 0x80, 0x03, 0x20, 0x0a, 0x00, 0x20,
  0x40, 0x06, 0x8d, 0x1e, 0x00, 0x00, 0x00, 0x00, 0x01, 0x00, 0x00, 0x00,
  0x4c, 0x16, 0xc4, 0x2f, 0x00, 0x00, 0x00, 0x00, 0x01, 0x00, 0x01, 0x00,
  0x10, 0x00, 0x80, 0x03, 0x20, 0x0a, 0x00, 0x20, 0x00, 0x04, 0x8d, 0x1e,
  0x00, 0x00, 0x00, 0x00, 0x01, 0x00, 0x00, 0x20, 0x00, 0x7e, 0x31, 0x00,
  0x02, 0x20, 0x81, 0x00, 0x48, 0x12, 0xa0, 0x2f, 0xc4, 0x0f, 0x00, 0x16,
  0x00, 0x00, 0x00, 0x00, 0x10, 0x00, 0x81, 0x03, 0x20, 0x0a, 0x00, 0x20,
  0xc0, 0x01, 0x8d, 0x1e, 0x00, 0x00, 0x00, 0x00, 0x01, 0x20, 0x00, 0x20,
  0x00, 0x31, 0x7e, 0x00, 0x02, 0x20, 0x81, 0x00, 0x4a, 0x12, 0x80, 0x2f,
  0xc4, 0x0f, 0x00, 0x16, 0x00, 0x00, 0x00, 0x00, 0x05, 0x20, 0x80, 0x02,
  0x40, 0x12, 0x00, 0x20, 0xa0, 0x0f, 0xb1, 0x12, 0x80, 0x0f, 0xb1, 0x00,
  0x22, 0x00, 0xb1, 0x00, 0x00, 0x0e, 0x00, 0x20, 0xc8, 0x00, 0x00, 0x00,
  0x40, 0x00, 0x00, 0x00, 0x01, 0x00, 0x80, 0x00, 0xe8, 0x3e, 0x00, 0x26,
  0x00, 0x00, 0x00, 0x00, 0x00, 0x00, 0x00, 0x00, 0x01, 0x20, 0x80, 0x00,
  0xe8, 0x3e, 0xc0, 0x21, 0x00, 0x00, 0x00, 0x00, 0x00, 0x00, 0x00, 0x00,
  0x24, 0x00, 0xa0, 0x00, 0x00, 0x0e, 0x00, 0x20, 0x98, 0x00, 0x00, 0x00,
  0x98, 0x00, 0x00, 0x00, 0x41, 0x96, 0x5d, 0x20, 0x07, 0x7c, 0x30, 0x0a,
  0x41, 0x20, 0x80, 0x00, 0x28, 0x0a, 0x40, 0x2f, 0x40, 0x07, 0x8d, 0x0a,
  0x48, 0x01, 0x00, 0x00, 0x40, 0x96, 0x01, 0x20, 0xe7, 0x7c, 0x7c, 0x10,
  0x40, 0x20, 0x80, 0x00, 0x28, 0x0a, 0x40, 0x2f, 0x40, 0x0f, 0x8d, 0x0a,
  0xc0, 0x00, 0x8d, 0x00, 0x09, 0x00, 0x80, 0x00, 0x28, 0x0a, 0x80, 0x2f,
  0x80, 0x0f, 0x8d, 0x1e, 0x02, 0x00, 0x02, 0x00, 0x09, 0x20, 0x80, 0x00,
  0x28, 0x0a, 0x40, 0x2f, 0x40, 0x0f, 0x8d, 0x1e, 0x02, 0x00, 0x02, 0x00,
  0x40, 0x96, 0x2d, 0x20, 0x07, 0x7c, 0x7c, 0x0b, 0x40, 0x20, 0x80, 0x00,
  0x28, 0x0a, 0x40, 0x2f, 0x40, 0x0f, 0x8d, 0x0a, 0x64, 0x01, 0x00, 0x00,
  0x31, 0x00, 0x80, 0x0c, 0x68, 0x02, 0x00, 0x26, 0x80, 0x0f, 0x00, 0x06,
  0x01, 0x5e, 0x20, 0x04, 0x31, 0x20, 0x80, 0x0c, 0x68, 0x02, 0xc0, 0x21,
  0x40, 0x0f, 0x00, 0x06, 0x01, 0x5e, 0x20, 0x04, 0x25, 0x00, 0xa0, 0x00,
  0x00, 0x00, 0x00, 0x20, 0x00, 0x00, 0x00, 0x0e, 0x10, 0x00, 0x00, 0x00,
  0x40, 0x56, 0x02, 0x20, 0xf7, 0x7c, 0x34, 0x38, 0x40, 0x20, 0x80, 0x00,
  0xe8, 0x3a, 0x40, 0x2f, 0x40, 0x05, 0x8d, 0x3a, 0xc0, 0x46, 0x8d, 0x00,
  0x40, 0x96, 0x65, 0x20, 0x07, 0x78, 0x1c, 0x08, 0x40, 0x20, 0x80, 0x00,
  0x28, 0x0a, 0xc0, 0x2e, 0x40, 0x03, 0x8d, 0x0a, 0x0c, 0x01, 0x00, 0x00,
  0x40, 0x56, 0x02, 0x20, 0xf7, 0x7c, 0x7c, 0x0c, 0x40, 0x20, 0x80, 0x00,
  0xe8, 0x3a, 0x40, 0x2f, 0x40, 0x0f, 0x8d, 0x3a, 0x80, 0x40, 0x8d, 0x00,
  0x02, 0x96, 0x01, 0x25, 0x07, 0x04, 0x78, 0x08, 0x02, 0x20, 0x80, 0x05,
  0x28, 0x0a, 0x40, 0x25, 0xc0, 0x0e, 0x8d, 0x0a, 0x00, 0x01, 0x00, 0x00,
  0x40, 0x56, 0x02, 0x20, 0xe7, 0x7c, 0x7c, 0x30, 0x40, 0x20, 0x80, 0x00,
  0xe8, 0x3a, 0x40, 0x2f, 0x40, 0x0f, 0x8d, 0x3a, 0xc0, 0x01, 0x8d, 0x00,
  0x01, 0x00, 0x00, 0x00, 0x04, 0x02, 0x00, 0x26, 0x1c, 0x01, 0x00, 0x00,
  0x00, 0x00, 0x00, 0x00, 0x40, 0x00, 0x80, 0x00, 0x28, 0x0a, 0x80, 0x23,
  0x80, 0x00, 0x8d, 0x1e, 0xff, 0xff, 0xff, 0xff, 0x40, 0x20, 0x80, 0x00,
  0x28, 0x0a, 0x40, 0x23, 0x40, 0x05, 0x8d, 0x1e, 0xff, 0xff, 0xff, 0xff,
  0x02, 0x96, 0x03, 0x24, 0x07, 0x32, 0x7c, 0x00, 0x02, 0x20, 0x80, 0x04,
  0xe8, 0x3a, 0x00, 0x26, 0x40, 0x0f, 0x8d, 0x3e, 0x00, 0x00, 0x00, 0x00,
  0x22, 0x00, 0xb1, 0x00, 0x00, 0x0e, 0x00, 0x20, 0xc8, 0x00, 0x00, 0x00,
  0x40, 0x00, 0x00, 0x00, 0x01, 0x00, 0x80, 0x00, 0xe8, 0x3e, 0xc0, 0x21,
  0x00, 0x00, 0x00, 0x00, 0x00, 0x00, 0x00, 0x00, 0x01, 0x20, 0x80, 0x00,
  0xe8, 0x3e, 0x80, 0x21, 0x00, 0x00, 0x00, 0x00, 0x00, 0x00, 0x00, 0x00,
  0x24, 0x00, 0xa0, 0x00, 0x00, 0x0e, 0x00, 0x20, 0x98, 0x00, 0x00, 0x00,
  0x98, 0x00, 0x00, 0x00, 0x41, 0x96, 0x5d, 0x20, 0x07, 0x7c, 0x2e, 0x0a,
  0x41, 0x20, 0x80, 0x00, 0x28, 0x0a, 0x40, 0x2f, 0x80, 0x05, 0x8d, 0x0a,
  0x48, 0x01, 0x00, 0x00, 0x40, 0x96, 0x01, 0x20, 0xe7, 0x7c, 0x7c, 0x24,
  0x40, 0x20, 0x80, 0x00, 0x28, 0x0a, 0x40, 0x2f, 0x40, 0x0f, 0x8d, 0x0a,
  0x40, 0x04, 0x8d, 0x00, 0x09, 0x00, 0x80, 0x00, 0x28, 0x0a, 0x80, 0x2f,
  0x80, 0x0f, 0x8d, 0x1e, 0x02, 0x00, 0x02, 0x00, 0x09, 0x20, 0x80, 0x00,
  0x28, 0x0a, 0x40, 0x2f, 0x40, 0x0f, 0x8d, 0x1e, 0x02, 0x00, 0x02, 0x00,
  0x40, 0x96, 0x2d, 0x20, 0x07, 0x7c, 0x7c, 0x0b, 0x40, 0x20, 0x80, 0x00,
  0x28, 0x0a, 0x40, 0x2f, 0x40, 0x0f, 0x8d, 0x0a, 0x64, 0x01, 0x00, 0x00,
  0x31, 0x00, 0x80, 0x0c, 0x68, 0x02, 0xc0, 0x21, 0x80, 0x0f, 0x00, 0x06,
  0x01, 0x5e, 0x20, 0x04, 0x31, 0x20, 0x80, 0x0c, 0x68, 0x02, 0x80, 0x21,
  0x40, 0x0f, 0x00, 0x06, 0x01, 0x5e, 0x20, 0x04, 0x25, 0x00, 0xa0, 0x00,
  0x00, 0x00, 0x00, 0x20, 0x00, 0x00, 0x00, 0x0e, 0x10, 0x00, 0x00, 0x00,
  0x10, 0x20, 0x80, 0x03, 0x22, 0x0a, 0x00, 0x20, 0xc0, 0x03, 0x8d, 0x1e,
  0x00, 0x00, 0x00, 0x00, 0x10, 0x20, 0x80, 0x03, 0x20, 0x0a, 0x00, 0x20,
  0xc0, 0x02, 0x8d, 0x1e, 0x00, 0x00, 0x00, 0x00, 0x01, 0x00, 0x00, 0x00,
  0x4c, 0x16, 0xc0, 0x2f, 0x00, 0x00, 0x00, 0x00, 0x01, 0x00, 0x01, 0x00,
  0x10, 0x00, 0x80, 0x03, 0x20, 0x0a, 0x00, 0x20, 0x00, 0x04, 0x8d, 0x1e,
  0x00, 0x00, 0x00, 0x00, 0x02, 0x20, 0x81, 0x00, 0x48, 0x12, 0xa0, 0x2f,
  0xc0, 0x0f, 0x00, 0x16, 0x00, 0x00, 0x00, 0x00, 0x02, 0x20, 0x81, 0x00,
  0x4a, 0x12, 0x80, 0x2f, 0xc0, 0x0f, 0x00, 0x16, 0x00, 0x00, 0x00, 0x00,
  0x10, 0x00, 0x81, 0x03, 0x20, 0x0a, 0x00, 0x20, 0x00, 0x03, 0x8d, 0x1e,
  0x00, 0x00, 0x00, 0x00, 0x05, 0x20, 0x80, 0x02, 0x40, 0x12, 0x00, 0x20,
  0xa0, 0x0f, 0xb1, 0x12, 0x80, 0x0f, 0xb1, 0x00, 0x22, 0x00, 0xb1, 0x00,
  0x00, 0x0e, 0x00, 0x20, 0xc8, 0x00, 0x00, 0x00, 0x40, 0x00, 0x00, 0x00,
  0x01, 0x00, 0x80, 0x00, 0xe8, 0x3e, 0x00, 0x23, 0x00, 0x00, 0x00, 0x00,
  0x00, 0x00, 0x00, 0x00, 0x01, 0x20, 0x80, 0x00, 0xe8, 0x3e, 0xc0, 0x22,
  0x00, 0x00, 0x00, 0x00, 0x00, 0x00, 0x00, 0x00, 0x24, 0x00, 0xa0, 0x00,
  0x00, 0x0e, 0x00, 0x20, 0x98, 0x00, 0x00, 0x00, 0x98, 0x00, 0x00, 0x00,
  0x41, 0x96, 0x5d, 0x20, 0x07, 0x7c, 0x2e, 0x0a, 0x41, 0x20, 0x80, 0x00,
  0x28, 0x0a, 0x40, 0x2f, 0x80, 0x05, 0x8d, 0x0a, 0x48, 0x01, 0x00, 0x00,
  0x40, 0x96, 0x01, 0x20, 0xe7, 0x7c, 0x7c, 0x10, 0x40, 0x20, 0x80, 0x00,
  0x28, 0x0a, 0x40, 0x2f, 0x40, 0x0f, 0x8d, 0x0a, 0xc0, 0x00, 0x8d, 0x00,
  0x09, 0x00, 0x80, 0x00, 0x28, 0x0a, 0x80, 0x2f, 0x80, 0x0f, 0x8d, 0x1e,
  0x02, 0x00, 0x02, 0x00, 0x09, 0x20, 0x80, 0x00, 0x28, 0x0a, 0x40, 0x2f,
  0x40, 0x0f, 0x8d, 0x1e, 0x02, 0x00, 0x02, 0x00, 0x40, 0x96, 0x2d, 0x20,
  0x07, 0x7c, 0x7c, 0x0b, 0x40, 0x20, 0x80, 0x00, 0x28, 0x0a, 0x40, 0x2f,
  0x40, 0x0f, 0x8d, 0x0a, 0x64, 0x01, 0x00, 0x00, 0x31, 0x00, 0x80, 0x0c,
  0x68, 0x02, 0x00, 0x23, 0x80, 0x0f, 0x00, 0x06, 0x01, 0x5e, 0x20, 0x04,
  0x31, 0x20, 0x80, 0x0c, 0x68, 0x02, 0xc0, 0x22, 0x40, 0x0f, 0x00, 0x06,
  0x01, 0x5e, 0x20, 0x04, 0x25, 0x00, 0xa0, 0x00, 0x00, 0x00, 0x00, 0x20,
  0x00, 0x00, 0x00, 0x0e, 0x10, 0x00, 0x00, 0x00, 0x10, 0x20, 0x80, 0x03,
  0x20, 0x0a, 0x00, 0x20, 0xc0, 0x04, 0x8d, 0x1e, 0x00, 0x00, 0x00, 0x00,
  0x10, 0x20, 0x80, 0x03, 0x22, 0x0a, 0x00, 0x20, 0x40, 0x05, 0x8d, 0x1e,
  0x00, 0x00, 0x00, 0x00, 0x01, 0x00, 0x00, 0x00, 0x4c, 0x16, 0xc0, 0x2f,
  0x00, 0x00, 0x00, 0x00, 0x01, 0x00, 0x01, 0x00, 0x10, 0x00, 0x80, 0x03,
  0x22, 0x0a, 0x00, 0x20, 0x00, 0x05, 0x8d, 0x1e, 0x00, 0x00, 0x00, 0x00,
  0x02, 0x20, 0x81, 0x00, 0x4a, 0x12, 0xa0, 0x2f, 0xc0, 0x0f, 0x00, 0x16,
  0x00, 0x00, 0x00, 0x00, 0x02, 0x20, 0x81, 0x00, 0x48, 0x12, 0x80, 0x2f,
  0xc0, 0x0f, 0x00, 0x16, 0x00, 0x00, 0x00, 0x00, 0x10, 0x00, 0x81, 0x03,
  0x22, 0x0a, 0x00, 0x20, 0x80, 0x00, 0x8d, 0x1e, 0x00, 0x00, 0x00, 0x00,
  0x05, 0x20, 0x80, 0x02, 0x42, 0x12, 0x00, 0x20, 0xa0, 0x0f, 0xb1, 0x12,
  0x80, 0x0f, 0xb1, 0x00, 0x22, 0x00, 0xb1, 0x00, 0x02, 0x0e, 0x00, 0x20,
  0xc8, 0x00, 0x00, 0x00, 0x40, 0x00, 0x00, 0x00, 0x01, 0x00, 0x80, 0x00,
  0xe8, 0x3e, 0x80, 0x24, 0x00, 0x00, 0x00, 0x00, 0x00, 0x00, 0x00, 0x00,
  0x01, 0x20, 0x80, 0x00, 0xe8, 0x3e, 0xc0, 0x24, 0x00, 0x00, 0x00, 0x00,
  0x00, 0x00, 0x00, 0x00, 0x24, 0x00, 0xa0, 0x00, 0x00, 0x0e, 0x00, 0x20,
  0x98, 0x00, 0x00, 0x00, 0x98, 0x00, 0x00, 0x00, 0x41, 0x96, 0x5d, 0x20,
  0x07, 0x7c, 0x1c, 0x0a, 0x41, 0x20, 0x80, 0x00, 0x28, 0x0a, 0x40, 0x2f,
  0x40, 0x03, 0x8d, 0x0a, 0x48, 0x01, 0x00, 0x00, 0x40, 0x96, 0x01, 0x20,
  0xe7, 0x7c, 0x7c, 0x24, 0x40, 0x20, 0x80, 0x00, 0x28, 0x0a, 0x40, 0x2f,
  0x40, 0x0f, 0x8d, 0x0a, 0x40, 0x04, 0x8d, 0x00, 0x09, 0x00, 0x80, 0x00,
  0x28, 0x0a, 0x80, 0x2f, 0x80, 0x0f, 0x8d, 0x1e, 0x02, 0x00, 0x02, 0x00,
  0x09, 0x20, 0x80, 0x00, 0x28, 0x0a, 0x40, 0x2f, 0x40, 0x0f, 0x8d, 0x1e,
  0x02, 0x00, 0x02, 0x00, 0x40, 0x96, 0x2d, 0x20, 0x07, 0x7c, 0x7c, 0x0b,
  0x40, 0x20, 0x80, 0x00, 0x28, 0x0a, 0x40, 0x2f, 0x40, 0x0f, 0x8d, 0x0a,
  0x64, 0x01, 0x00, 0x00, 0x31, 0x00, 0x80, 0x0c, 0x68, 0x02, 0x80, 0x24,
  0x80, 0x0f, 0x00, 0x06, 0x01, 0x5e, 0x20, 0x04, 0x31, 0x20, 0x80, 0x0c,
  0x68, 0x02, 0xc0, 0x24, 0x40, 0x0f, 0x00, 0x06, 0x01, 0x5e, 0x20, 0x04,
  0x25, 0x00, 0xa0, 0x00, 0x00, 0x00, 0x00, 0x20, 0x00, 0x00, 0x00, 0x0e,
  0x10, 0x00, 0x00, 0x00, 0x10, 0x20, 0x80, 0x03, 0x22, 0x0a, 0x00, 0x20,
  0xc0, 0x03, 0x8d, 0x1e, 0x00, 0x00, 0x00, 0x00, 0x10, 0x20, 0x80, 0x03,
  0x20, 0x0a, 0x00, 0x20, 0x40, 0x05, 0x8d, 0x1e, 0x00, 0x00, 0x00, 0x00,
  0x01, 0x00, 0x00, 0x00, 0x4c, 0x16, 0xc0, 0x2f, 0x00, 0x00, 0x00, 0x00,
  0x01, 0x00, 0x01, 0x00, 0x10, 0x00, 0x80, 0x03, 0x20, 0x0a, 0x00, 0x20,
  0x00, 0x04, 0x8d, 0x1e, 0x00, 0x00, 0x00, 0x00, 0x02, 0x20, 0x81, 0x00,
  0x48, 0x12, 0xa0, 0x2f, 0xc0, 0x0f, 0x00, 0x16, 0x00, 0x00, 0x00, 0x00,
  0x02, 0x20, 0x81, 0x00, 0x4a, 0x12, 0x80, 0x2f, 0xc0, 0x0f, 0x00, 0x16,
  0x00, 0x00, 0x00, 0x00, 0x10, 0x00, 0x81, 0x03, 0x20, 0x0a, 0x00, 0x20,
  0x80, 0x00, 0x8d, 0x1e, 0x00, 0x00, 0x00, 0x00, 0x05, 0x20, 0x80, 0x02,
  0x40, 0x12, 0x00, 0x20, 0xa0, 0x0f, 0xb1, 0x12, 0x80, 0x0f, 0xb1, 0x00,
  0x22, 0x00, 0xb1, 0x00, 0x00, 0x0e, 0x00, 0x20, 0xc8, 0x00, 0x00, 0x00,
  0x40, 0x00, 0x00, 0x00, 0x01, 0x00, 0x80, 0x00, 0xe8, 0x3e, 0x00, 0x22,
  0x00, 0x00, 0x00, 0x00, 0x00, 0x00, 0x00, 0x00, 0x01, 0x20, 0x80, 0x00,
  0xe8, 0x3e, 0x80, 0x20, 0x00, 0x00, 0x00, 0x00, 0x00, 0x00, 0x00, 0x00,
  0x24, 0x00, 0xa0, 0x00, 0x00, 0x0e, 0x00, 0x20, 0x98, 0x00, 0x00, 0x00,
  0x98, 0x00, 0x00, 0x00, 0x41, 0x96, 0x5d, 0x20, 0x07, 0x7c, 0x1c, 0x0a,
  0x41, 0x20, 0x80, 0x00, 0x28, 0x0a, 0x40, 0x2f, 0x40, 0x03, 0x8d, 0x0a,
  0x48, 0x01, 0x00, 0x00, 0x40, 0x96, 0x01, 0x20, 0xe7, 0x7c, 0x7c, 0x10,
  0x40, 0x20, 0x80, 0x00, 0x28, 0x0a, 0x40, 0x2f, 0x40, 0x0f, 0x8d, 0x0a,
  0xc0, 0x00, 0x8d, 0x00, 0x09, 0x00, 0x80, 0x00, 0x28, 0x0a, 0x80, 0x2f,
  0x80, 0x0f, 0x8d, 0x1e, 0x02, 0x00, 0x02, 0x00, 0x09, 0x20, 0x80, 0x00,
  0x28, 0x0a, 0x40, 0x2f, 0x40, 0x0f, 0x8d, 0x1e, 0x02, 0x00, 0x02, 0x00,
  0x40, 0x96, 0x2d, 0x20, 0x07, 0x7c, 0x7c, 0x0b, 0x40, 0x20, 0x80, 0x00,
  0x28, 0x0a, 0x40, 0x2f, 0x40, 0x0f, 0x8d, 0x0a, 0x64, 0x01, 0x00, 0x00,
  0x31, 0x00, 0x80, 0x0c, 0x68, 0x02, 0x00, 0x22, 0x80, 0x0f, 0x00, 0x06,
  0x01, 0x5e, 0x20, 0x04, 0x31, 0x20, 0x80, 0x0c, 0x68, 0x02, 0x80, 0x20,
  0x40, 0x0f, 0x00, 0x06, 0x01, 0x5e, 0x20, 0x04, 0x25, 0x00, 0xa0, 0x00,
  0x00, 0x00, 0x00, 0x20, 0x00, 0x00, 0x00, 0x0e, 0x10, 0x00, 0x00, 0x00,
  0x40, 0x56, 0x02, 0x20, 0xf7, 0x7c, 0x0e, 0x18, 0x40, 0x20, 0x80, 0x00,
  0xe8, 0x3a, 0x40, 0x2f, 0x80, 0x01, 0x8d, 0x3a, 0xc0, 0x42, 0x8d, 0x00,
  0x40, 0x96, 0x5d, 0x20, 0x07, 0x4e, 0x14, 0x08, 0x40, 0x20, 0x80, 0x00,
  0x28, 0x0a, 0x80, 0x29, 0x40, 0x02, 0x8d, 0x0a, 0x08, 0x01, 0x00, 0x00,
  0x40, 0x56, 0x02, 0x20, 0xf7, 0x7c, 0x7c, 0x24, 0x40, 0x20, 0x80, 0x00,
  0xe8, 0x3a, 0x40, 0x2f, 0x40, 0x0f, 0x8d, 0x3a, 0xc0, 0x44, 0x8d, 0x00,
  0x01, 0x00, 0x00, 0x00, 0x4c, 0x16, 0xc4, 0x2f, 0x00, 0x00, 0x00, 0x00,
  0x01, 0x00, 0x01, 0x00, 0x40, 0x56, 0x02, 0x20, 0xe7, 0x7c, 0x7c, 0x10,
  0x40, 0x20, 0x80, 0x00, 0xe8, 0x3a, 0x40, 0x2f, 0x40, 0x0f, 0x8d, 0x3a,
  0x80, 0x00, 0x8d, 0x00, 0x02, 0x96, 0x03, 0x24, 0x07, 0x7c, 0x7c, 0x00,
  0x02, 0x20, 0x80, 0x04, 0xe8, 0x3a, 0x40, 0x2f, 0x40, 0x0f, 0x8d, 0x3e,
  0x00, 0x00, 0x00, 0x00, 0x40, 0x56, 0x02, 0x20, 0xf7, 0x7c, 0x32, 0x7c,
  0x40, 0x20, 0x80, 0x00, 0xe8, 0x3a, 0x40, 0x2f, 0x00, 0x06, 0x8d, 0x3a,
  0x40, 0x4f, 0x8d, 0x00, 0x41, 0x56, 0x02, 0x24, 0xe7, 0x1c, 0x48, 0x7c,
  0x41, 0x20, 0x80, 0x04, 0xe8, 0x3a, 0x00, 0x23, 0x40, 0x09, 0x8d, 0x3a,
  0x40, 0x0f, 0x8d, 0x00, 0x33, 0x00, 0x80, 0x0c, 0x70, 0xc0, 0x01, 0x00,
  0xc2, 0x09, 0x00, 0x00, 0xfe, 0x5e, 0x02, 0x04, 0x33, 0x20, 0x80, 0x0c,
  0x70, 0x80, 0x01, 0x00, 0x82, 0x09, 0x00, 0x00, 0xfe, 0x5e, 0x02, 0x04,
  0x31, 0x00, 0x80, 0x0c, 0x68, 0x02, 0xc0, 0x23, 0x80, 0x02, 0x00, 0x06,
  0xfe, 0x5e, 0x20, 0x04, 0x31, 0x20, 0x80, 0x0c, 0x68, 0x02, 0xc0, 0x22,
  0x40, 0x02, 0x00, 0x06, 0xfe, 0x5e, 0x20, 0x04, 0x10, 0x00, 0x80, 0x04,
  0xe2, 0x3a, 0x00, 0x20, 0xc0, 0x03, 0x8d, 0x3e, 0x00, 0x00, 0x00, 0x00,
  0x10, 0x20, 0x80, 0x04, 0xe2, 0x3a, 0x00, 0x20, 0xc0, 0x02, 0x8d, 0x3e,
  0x00, 0x00, 0x00, 0x00, 0x04, 0x00, 0x00, 0x00, 0x4c, 0x10, 0xc0, 0x2f,
  0x20, 0x06, 0x00, 0x00, 0x00, 0x00, 0x00, 0x00, 0x04, 0x00, 0x00, 0x00,
  0x44, 0x10, 0x20, 0x26, 0x00, 0x06, 0x00, 0x00, 0x00, 0x00, 0x00, 0x00,
  0x04, 0x20, 0x00, 0x00, 0x4c, 0x10, 0xc2, 0x2f, 0x22, 0x06, 0x00, 0x00,
  0x00, 0x00, 0x00, 0x00, 0x04, 0x20, 0x00, 0x00, 0x44, 0x10, 0x22, 0x26,
  0x02, 0x06, 0x00, 0x00, 0x00, 0x00, 0x00, 0x00, 0x02, 0x00, 0x81, 0x00,
  0x4a, 0x12, 0x80, 0x2f, 0xc4, 0x0f, 0x00, 0x16, 0x00, 0x00, 0x00, 0x00,
  0x01, 0x20, 0x00, 0x20, 0x00, 0x30, 0x7e, 0x00, 0x02, 0x20, 0x81, 0x00,
  0x4a, 0x12, 0x40, 0x2f, 0xc4, 0x0f, 0x00, 0x16, 0x00, 0x00, 0x00, 0x00,
  0x02, 0x00, 0x81, 0x00, 0x48, 0x12, 0xa0, 0x2f, 0xc4, 0x0f, 0x00, 0x16,
  0x00, 0x00, 0x00, 0x00, 0x02, 0x20, 0x81, 0x00, 0x48, 0x12, 0x60, 0x2f,
  0xc4, 0x0f, 0x00, 0x16, 0x00, 0x00, 0x00, 0x00, 0x06, 0x00, 0x80, 0x02,
  0x42, 0x12, 0x00, 0x20, 0xa0, 0x0f, 0xb1, 0x12, 0x80, 0x0f, 0xb1, 0x00,
  0x06, 0x20, 0x80, 0x02, 0x42, 0x12, 0x00, 0x20, 0x60, 0x0f, 0xb1, 0x12,
  0x40, 0x0f, 0xb1, 0x00, 0x22, 0x00, 0xb1, 0x00, 0x02, 0x0e, 0x00, 0x20,
  0xe8, 0x0c, 0x00, 0x00, 0x98, 0x02, 0x00, 0x00, 0x38, 0x56, 0x02, 0x29,
  0xe7, 0x7c, 0x1c, 0x1e, 0x7e, 0x00, 0x00, 0x00, 0x00, 0x00, 0x00, 0x00,
  0x00, 0x00, 0x00, 0x00, 0x00, 0x00, 0x00, 0x00, 0x38, 0x20, 0x80, 0x09,
  0xe8, 0x3a, 0x40, 0x2f, 0x00, 0x03, 0x8d, 0x3a, 0xc0, 0x02, 0x8d, 0x00,
  0x10, 0x00, 0x80, 0x03, 0xe2, 0x3a, 0x00, 0x20, 0x80, 0x2f, 0x8d, 0x3e,
  0x00, 0x00, 0x80, 0x3f, 0x38, 0x16, 0x01, 0x61, 0x07, 0x78, 0x7c, 0x00,
  0x38, 0x20, 0x80, 0x01, 0xe8, 0x3a, 0x80, 0x20, 0x40, 0x2f, 0x8d, 0x00,
  0x00, 0x00, 0x00, 0x00, 0x10, 0x20, 0x80, 0x03, 0xe2, 0x3a, 0x00, 0x20,
  0x40, 0x2f, 0x8d, 0x3e, 0x00, 0x00, 0x80, 0x3f, 0x02, 0x00, 0x81, 0x00,
  0xea, 0x3a, 0xc0, 0x2e, 0x00, 0x0f, 0x8d, 0x3a, 0x80, 0x2f, 0x8d, 0x00,
  0x02, 0x20, 0x81, 0x00, 0xea, 0x3a, 0xc0, 0x20, 0x80, 0x00, 0x8d, 0x3a,
  0x40, 0x2f, 0x8d, 0x00, 0x41, 0x56, 0x02, 0x20, 0xe7, 0x74, 0x76, 0x76,
  0x41, 0x20, 0x80, 0x00, 0xe8, 0x3a, 0x80, 0x21, 0xc0, 0x00, 0x8d, 0x3a,
  0xc0, 0x00, 0x8d, 0x00, 0x40, 0x00, 0x80, 0x00, 0xe8, 0x3a, 0x00, 0x2e,
  0x80, 0x0e, 0x8d, 0x3e, 0xc0, 0x5d, 0x35, 0x41, 0x41, 0x00, 0x80, 0x00,
  0xe8, 0x3a, 0x40, 0x2e, 0x80, 0x0e, 0x8d, 0x3e, 0xea, 0xc7, 0x52, 0x3f,
  0x40, 0x20, 0x80, 0x00, 0xe8, 0x3a, 0x00, 0x22, 0x80, 0x01, 0x8d, 0x3e,
  0xc0, 0x5d, 0x35, 0x41, 0x41, 0x20, 0x80, 0x00, 0xe8, 0x3a, 0xc0, 0x21,
  0x80, 0x01, 0x8d, 0x3e, 0xea, 0xc7, 0x52, 0x3f, 0x41, 0x56, 0x02, 0x20,
  0xe7, 0x70, 0x74, 0x70, 0x40, 0x00, 0x80, 0x00, 0xe8, 0x3a, 0x40, 0x2e,
  0x40, 0x4e, 0x8d, 0x3e, 0x83, 0x98, 0xb5, 0xc0, 0x41, 0x20, 0x80, 0x00,
  0xe8, 0x3a, 0x00, 0x22, 0x80, 0x01, 0x8d, 0x3a, 0x00, 0x02, 0x8d, 0x00,
  0x40, 0x20, 0x80, 0x00, 0xe8, 0x3a, 0xc0, 0x21, 0xc0, 0x41, 0x8d, 0x3e,
  0x83, 0x98, 0xb5, 0xc0, 0x40, 0x00, 0x80, 0x00, 0xe8, 0x3a, 0x00, 0x2e,
  0x00, 0x0e, 0x8d, 0x3e, 0x60, 0xbd, 0xe6, 0x41, 0x41, 0x56, 0x02, 0x20,
  0xe7, 0x72, 0x74, 0x72, 0x40, 0x20, 0x80, 0x00, 0xe8, 0x3a, 0x00, 0x22,
  0x00, 0x02, 0x8d, 0x3e, 0x60, 0xbd, 0xe6, 0x41, 0x41, 0x20, 0x80, 0x00,
  0xe8, 0x3a, 0xc0, 0x21, 0x80, 0x01, 0x8d, 0x3a, 0xc0, 0x01, 0x8d, 0x00,
  0x41, 0x56, 0x02, 0x20, 0xe7, 0x70, 0x74, 0x70, 0x40, 0x00, 0x80, 0x00,
  0xe8, 0x3a, 0x40, 0x2e, 0x40, 0x0e, 0x8d, 0x3e, 0x07, 0x19, 0xd2, 0xc0,
  0x41, 0x20, 0x80, 0x00, 0xe8, 0x3a, 0x00, 0x22, 0x80, 0x01, 0x8d, 0x3a,
  0x00, 0x02, 0x8d, 0x00, 0x40, 0x20, 0x80, 0x00, 0xe8, 0x3a, 0xc0, 0x21,
  0xc0, 0x01, 0x8d, 0x3e, 0x07, 0x19, 0xd2, 0xc0, 0x40, 0x00, 0x80, 0x00,
  0xe8, 0x3a, 0x00, 0x2e, 0x00, 0x0e, 0x8d, 0x3e, 0xc8, 0x92, 0x9d, 0x41,
  0x41, 0x56, 0x02, 0x20, 0xe7, 0x72, 0x74, 0x72, 0x40, 0x20, 0x80, 0x00,
  0xe8, 0x3a, 0x00, 0x22, 0x00, 0x02, 0x8d, 0x3e, 0xc8, 0x92, 0x9d, 0x41,
  0x41, 0x20, 0x80, 0x00, 0xe8, 0x3a, 0xc0, 0x21, 0x80, 0x01, 0x8d, 0x3a,
  0xc0, 0x01, 0x8d, 0x00, 0x38, 0x16, 0x01, 0x21, 0x07, 0x70, 0x70, 0x00,
  0x41, 0x56, 0x02, 0x20, 0xe7, 0x72, 0x76, 0x72, 0x38, 0x20, 0x80, 0x01,
  0xe8, 0x3a, 0x00, 0x22, 0x00, 0x02, 0x8d, 0x00, 0x00, 0x00, 0x00, 0x00,
  0x41, 0x20, 0x80, 0x00, 0xe8, 0x3a, 0xc0, 0x21, 0xc0, 0x00, 0x8d, 0x3a,
  0xc0, 0x01, 0x8d, 0x00, 0x41, 0x56, 0x02, 0x20, 0xe7, 0x70, 0x70, 0x72,
  0x41, 0x20, 0x80, 0x00, 0xe8, 0x3a, 0x00, 0x22, 0x00, 0x02, 0x8d, 0x3a,
  0xc0, 0x01, 0x8d, 0x00, 0x40, 0x56, 0x02, 0x20, 0xe7, 0x70, 0x76, 0x70,
  0x40, 0x20, 0x80, 0x00, 0xe8, 0x3a, 0x00, 0x22, 0xc0, 0x00, 0x8d, 0x3a,
  0x00, 0x02, 0x8d, 0x00, 0x40, 0x00, 0x80, 0x00, 0xe8, 0x3a, 0x00, 0x2f,
  0x00, 0x4e, 0x8d, 0x3e, 0xdb, 0x0f, 0xc9, 0x3f, 0x40, 0x20, 0x80, 0x00,
  0xe8, 0x3a, 0x80, 0x20, 0x00, 0x42, 0x8d, 0x3e, 0xdb, 0x0f, 0xc9, 0x3f,
  0x02, 0x00, 0x81, 0x00, 0xea, 0x3a, 0x80, 0x2e, 0x00, 0x0f, 0x8d, 0x3a,
  0x00, 0x0e, 0x8d, 0x00, 0x02, 0x20, 0x81, 0x00, 0xea, 0x3a, 0x80, 0x21,
  0x80, 0x00, 0x8d, 0x3a, 0x00, 0x02, 0x8d, 0x00, 0x12, 0x01, 0x80, 0x05,
  0x60, 0x00, 0x1e, 0x1c, 0xc8, 0x41, 0x07, 0x39, 0xe8, 0x20, 0x07, 0x1f,
  0x12, 0x21, 0x80, 0x05, 0x60, 0x00, 0x1e, 0x1a, 0xc8, 0xc1, 0x00, 0x39,
  0x18, 0x20, 0x87, 0x1e, 0x24, 0x00, 0xa0, 0x00, 0x00, 0x0e, 0x00, 0x20,
  0x60, 0x0a, 0x00, 0x00, 0x60, 0x0a, 0x00, 0x00, 0x10, 0x76, 0x02, 0x25,
  0x07, 0x00, 0x1e, 0x00, 0x10, 0x20, 0x80, 0x05, 0xe0, 0x3a, 0x00, 0x20,
  0xc0, 0x02, 0x8d, 0x3e, 0x00, 0x00, 0x00, 0x00, 0x10, 0x00, 0x80, 0x04,
  0xe2, 0x3a, 0x00, 0x20, 0x80, 0x03, 0x8d, 0x3e, 0x00, 0x00, 0x00, 0x00,
  0x10, 0x20, 0x80, 0x04, 0xe2, 0x3a, 0x00, 0x20, 0x00, 0x03, 0x8d, 0x3e,
  0x00, 0x00, 0x00, 0x00, 0x04, 0x00, 0x00, 0x00, 0x4c, 0x10, 0xc0, 0x2f,
  0x00, 0x06, 0x00, 0x00, 0x00, 0x00, 0x00, 0x00, 0x04, 0x20, 0x00, 0x00,
  0x4c, 0x10, 0xc2, 0x2f, 0x02, 0x06, 0x00, 0x00, 0x00, 0x00, 0x00, 0x00,
  0x01, 0x00, 0x00, 0x00, 0x4c, 0x16, 0xc4, 0x2f, 0x00, 0x00, 0x00, 0x00,
  0x01, 0x00, 0x01, 0x00, 0x04, 0x00, 0x00, 0x00, 0x44, 0x10, 0x00, 0x26,
  0x20, 0x06, 0x00, 0x00, 0x00, 0x00, 0x00, 0x00, 0x04, 0x20, 0x00, 0x00,
  0x44, 0x10, 0x02, 0x26, 0x22, 0x06, 0x00, 0x00, 0x00, 0x00, 0x00, 0x00,
  0x01, 0x20, 0x00, 0x20, 0x00, 0x31, 0x7e, 0x00, 0x02, 0x00, 0x81, 0x00,
  0x48, 0x12, 0x80, 0x2f, 0xc4, 0x0f, 0x00, 0x16, 0x00, 0x00, 0x00, 0x00,
  0x02, 0x20, 0x81, 0x00, 0x48, 0x12, 0x40, 0x2f, 0xc4, 0x0f, 0x00, 0x16,
  0x00, 0x00, 0x00, 0x00, 0x02, 0x00, 0x81, 0x00, 0x4a, 0x12, 0xa0, 0x2f,
  0xc4, 0x0f, 0x00, 0x16, 0x00, 0x00, 0x00, 0x00, 0x06, 0x00, 0x80, 0x02,
  0x42, 0x12, 0x00, 0x20, 0xa0, 0x0f, 0xb1, 0x12, 0x80, 0x0f, 0xb1, 0x00,
  0x01, 0x00, 0x08, 0x20, 0x00, 0x7e, 0x31, 0x00, 0x01, 0x20, 0x00, 0x20,
  0x00, 0x31, 0x7e, 0x00, 0x01, 0x20, 0x18, 0x20, 0x00, 0x30, 0x7e, 0x00,
  0x02, 0x20, 0x81, 0x00, 0x4a, 0x12, 0x60, 0x2f, 0xc4, 0x0f, 0x00, 0x16,
  0x00, 0x00, 0x00, 0x00, 0x06, 0x20, 0x80, 0x02, 0x40, 0x12, 0x00, 0x20,
  0x60, 0x0f, 0xb1, 0x12, 0x40, 0x0f, 0xb1, 0x00, 0x01, 0x00, 0x08, 0x20,
  0x00, 0x7e, 0x30, 0x00, 0x01, 0x20, 0x18, 0x20, 0x00, 0x31, 0x7e, 0x00,
  0x22, 0x00, 0xb1, 0x00, 0x02, 0x0e, 0x00, 0x20, 0x28, 0x09, 0x00, 0x00,
  0xa8, 0x02, 0x00, 0x00, 0x38, 0x56, 0x02, 0xa9, 0xe7, 0x7c, 0x1c, 0x1e,
  0x7e, 0x00, 0x00, 0x00, 0x00, 0x00, 0x00, 0x00, 0x00, 0x00, 0x00, 0x00,
  0x00, 0x00, 0x00, 0x00, 0x38, 0x20, 0x80, 0x09, 0xe8, 0x3a, 0x40, 0x2f,
  0x00, 0x43, 0x8d, 0x3a, 0xc0, 0x02, 0x8d, 0x00, 0x10, 0x00, 0x80, 0x03,
  0xe0, 0x3a, 0x00, 0x20, 0x80, 0x2f, 0x8d, 0x3e, 0x00, 0x00, 0x80, 0x3f,
  0x38, 0x16, 0x01, 0x61, 0x07, 0x78, 0x7c, 0x00, 0x38, 0x20, 0x80, 0x01,
  0xe8, 0x3a, 0x80, 0x20, 0x40, 0x2f, 0x8d, 0x00, 0x00, 0x00, 0x00, 0x00,
  0x10, 0x20, 0x80, 0x03, 0xe0, 0x3a, 0x00, 0x20, 0x40, 0x2f, 0x8d, 0x3e,
  0x00, 0x00, 0x80, 0x3f, 0x02, 0x59, 0x02, 0x20, 0xef, 0x76, 0x78, 0x7c,
  0x02, 0x20, 0x81, 0x00, 0xe8, 0x3a, 0xc0, 0x20, 0x80, 0x00, 0x8d, 0x3a,
  0x40, 0x2f, 0x8d, 0x00, 0x41, 0x56, 0x02, 0x20, 0xe7, 0x74, 0x76, 0x76,
  0x41, 0x20, 0x80, 0x00, 0xe8, 0x3a, 0x80, 0x21, 0xc0, 0x00, 0x8d, 0x3a,
  0xc0, 0x00, 0x8d, 0x00, 0x40, 0x00, 0x80, 0x00, 0xe8, 0x3a, 0x00, 0x2e,
  0x80, 0x0e, 0x8d, 0x3e, 0xc0, 0x5d, 0x35, 0x41, 0x41, 0x00, 0x80, 0x00,
  0xe8, 0x3a, 0x40, 0x2e, 0x80, 0x0e, 0x8d, 0x3e, 0xea, 0xc7, 0x52, 0x3f,
  0x40, 0x20, 0x80, 0x00, 0xe8, 0x3a, 0x00, 0x22, 0x80, 0x01, 0x8d, 0x3e,
  0xc0, 0x5d, 0x35, 0x41, 0x41, 0x20, 0x80, 0x00, 0xe8, 0x3a, 0xc0, 0x21,
  0x80, 0x01, 0x8d, 0x3e, 0xea, 0xc7, 0x52, 0x3f, 0x41, 0x56, 0x02, 0x20,
  0xe7, 0x70, 0x74, 0x70, 0x40, 0x00, 0x80, 0x00, 0xe8, 0x3a, 0x40, 0x2e,
  0x40, 0x4e, 0x8d, 0x3e, 0x83, 0x98, 0xb5, 0xc0, 0x41, 0x20, 0x80, 0x00,
  0xe8, 0x3a, 0x00, 0x22, 0x80, 0x01, 0x8d, 0x3a, 0x00, 0x02, 0x8d, 0x00,
  0x40, 0x20, 0x80, 0x00, 0xe8, 0x3a, 0xc0, 0x21, 0xc0, 0x41, 0x8d, 0x3e,
  0x83, 0x98, 0xb5, 0xc0, 0x40, 0x00, 0x80, 0x00, 0xe8, 0x3a, 0x00, 0x2e,
  0x00, 0x0e, 0x8d, 0x3e, 0x60, 0xbd, 0xe6, 0x41, 0x41, 0x56, 0x02, 0x20,
  0xe7, 0x72, 0x74, 0x72, 0x40, 0x20, 0x80, 0x00, 0xe8, 0x3a, 0x00, 0x22,
  0x00, 0x02, 0x8d, 0x3e, 0x60, 0xbd, 0xe6, 0x41, 0x41, 0x20, 0x80, 0x00,
  0xe8, 0x3a, 0xc0, 0x21, 0x80, 0x01, 0x8d, 0x3a, 0xc0, 0x01, 0x8d, 0x00,
  0x41, 0x56, 0x02, 0x20, 0xe7, 0x70, 0x74, 0x70, 0x40, 0x00, 0x80, 0x00,
  0xe8, 0x3a, 0x40, 0x2e, 0x40, 0x0e, 0x8d, 0x3e, 0x07, 0x19, 0xd2, 0xc0,
  0x41, 0x20, 0x80, 0x00, 0xe8, 0x3a, 0x00, 0x22, 0x80, 0x01, 0x8d, 0x3a,
  0x00, 0x02, 0x8d, 0x00, 0x40, 0x20, 0x80, 0x00, 0xe8, 0x3a, 0xc0, 0x21,
  0xc0, 0x01, 0x8d, 0x3e, 0x07, 0x19, 0xd2, 0xc0, 0x40, 0x00, 0x80, 0x00,
  0xe8, 0x3a, 0x00, 0x2e, 0x00, 0x0e, 0x8d, 0x3e, 0xc8, 0x92, 0x9d, 0x41,
  0x41, 0x56, 0x02, 0x20, 0xe7, 0x72, 0x74, 0x72, 0x40, 0x20, 0x80, 0x00,
  0xe8, 0x3a, 0x00, 0x22, 0x00, 0x02, 0x8d, 0x3e, 0xc8, 0x92, 0x9d, 0x41,
  0x41, 0x20, 0x80, 0x00, 0xe8, 0x3a, 0xc0, 0x21, 0x80, 0x01, 0x8d, 0x3a,
  0xc0, 0x01, 0x8d, 0x00, 0x38, 0x16, 0x01, 0x21, 0x07, 0x70, 0x70, 0x00,
  0x41, 0x56, 0x02, 0x20, 0xe7, 0x72, 0x76, 0x72, 0x38, 0x20, 0x80, 0x01,
  0xe8, 0x3a, 0x00, 0x22, 0x00, 0x02, 0x8d, 0x00, 0x00, 0x00, 0x00, 0x00,
  0x41, 0x20, 0x80, 0x00, 0xe8, 0x3a, 0xc0, 0x21, 0xc0, 0x00, 0x8d, 0x3a,
  0xc0, 0x01, 0x8d, 0x00, 0x41, 0x56, 0x02, 0x20, 0xe7, 0x70, 0x70, 0x72,
  0x41, 0x20, 0x80, 0x00, 0xe8, 0x3a, 0x00, 0x22, 0x00, 0x02, 0x8d, 0x3a,
  0xc0, 0x01, 0x8d, 0x00, 0x40, 0x56, 0x02, 0x20, 0xe7, 0x70, 0x76, 0x70,
  0x40, 0x20, 0x80, 0x00, 0xe8, 0x3a, 0x00, 0x22, 0xc0, 0x00, 0x8d, 0x3a,
  0x00, 0x02, 0x8d, 0x00, 0x40, 0x00, 0x80, 0x00, 0xe8, 0x3a, 0x00, 0x2f,
  0x00, 0x4e, 0x8d, 0x3e, 0xdb, 0x0f, 0xc9, 0x3f, 0x40, 0x20, 0x80, 0x00,
  0xe8, 0x3a, 0x80, 0x20, 0x00, 0x42, 0x8d, 0x3e, 0xdb, 0x0f, 0xc9, 0x3f,
  0x02, 0x59, 0x02, 0x20, 0xe7, 0x74, 0x78, 0x70, 0x02, 0x20, 0x81, 0x00,
  0xe8, 0x3a, 0x80, 0x21, 0x80, 0x00, 0x8d, 0x3a, 0x00, 0x02, 0x8d, 0x00,
  0x12, 0x01, 0x80, 0x05, 0x60, 0x00, 0x1e, 0x6e, 0xc8, 0x41, 0x07, 0x39,
  0xe8, 0x20, 0x07, 0x1f, 0x12, 0x21, 0x80, 0x05, 0x60, 0x00, 0x1e, 0x6c,
  0xc8, 0xc1, 0x00, 0x39, 0x18, 0x20, 0x87, 0x1e, 0x40, 0x00, 0x80, 0x00,
  0xe8, 0x3a, 0x80, 0x23, 0xc0, 0x4d, 0x8d, 0x3e, 0xd0, 0x0f, 0x49, 0x40,
  0x40, 0x20, 0x80, 0x00, 0xe8, 0x3a, 0x40, 0x23, 0x80, 0x4d, 0x8d, 0x3e,
  0xd0, 0x0f, 0x49, 0x40, 0x24, 0x00, 0xa0, 0x00, 0x00, 0x0e, 0x00, 0x20,
  0x90, 0x06, 0x00, 0x00, 0x90, 0x06, 0x00, 0x00, 0x10, 0x20, 0x80, 0x05,
  0xe0, 0x3a, 0x00, 0x20, 0x00, 0x03, 0x8d, 0x3e, 0x00, 0x00, 0x00, 0x00,
  0x10, 0x20, 0x80, 0x05, 0xe2, 0x3a, 0x00, 0x20, 0xc0, 0x02, 0x8d, 0x3e,
  0x00, 0x00, 0x00, 0x00, 0x01, 0x00, 0x00, 0x00, 0x4c, 0x16, 0xc0, 0x2f,
  0x00, 0x00, 0x00, 0x00, 0x01, 0x00, 0x01, 0x00, 0x10, 0x00, 0x80, 0x05,
  0xe2, 0x3a, 0x00, 0x20, 0x80, 0x03, 0x8d, 0x3e, 0x00, 0x00, 0x00, 0x00,
  0x02, 0x20, 0x81, 0x00, 0x4a, 0x12, 0xa0, 0x2f, 0xc0, 0x0f, 0x00, 0x16,
  0x00, 0x00, 0x00, 0x00, 0x02, 0x20, 0x81, 0x00, 0x48, 0x12, 0x80, 0x2f,
  0xc0, 0x0f, 0x00, 0x16, 0x00, 0x00, 0x00, 0x00, 0x10, 0x00, 0x81, 0x05,
  0xe2, 0x3a, 0x00, 0x20, 0xc0, 0x03, 0x8d, 0x3e, 0x00, 0x00, 0x00, 0x00,
  0x05, 0x20, 0x80, 0x02, 0x42, 0x12, 0x00, 0x20, 0xa0, 0x0f, 0xb1, 0x12,
  0x80, 0x0f, 0xb1, 0x00, 0x22, 0x00, 0xb1, 0x00, 0x02, 0x0e, 0x00, 0x20,
  0xf0, 0x05, 0x00, 0x00, 0x68, 0x03, 0x00, 0x00, 0x10, 0x20, 0x80, 0x05,
  0xe2, 0x3a, 0x00, 0x20, 0x00, 0x03, 0x8d, 0x3e, 0x00, 0x00, 0x00, 0x00,
  0x10, 0x20, 0x80, 0x04, 0xe0, 0x3a, 0x00, 0x20, 0xc0, 0x02, 0x8d, 0x3e,
  0x00, 0x00, 0x00, 0x00, 0x01, 0x00, 0x00, 0x00, 0x4c, 0x16, 0xc0, 0x2f,
  0x00, 0x00, 0x00, 0x00, 0x01, 0x00, 0x01, 0x00, 0x10, 0x76, 0x02, 0x25,
  0x07, 0x00, 0x1c, 0x00, 0x02, 0x20, 0x81, 0x00, 0x48, 0x12, 0xa0, 0x2f,
  0xc0, 0x0f, 0x00, 0x16, 0x00, 0x00, 0x00, 0x00, 0x02, 0x20, 0x81, 0x00,
  0x4a, 0x12, 0x80, 0x2f, 0xc0, 0x0f, 0x00, 0x16, 0x00, 0x00, 0x00, 0x00,
  0x10, 0x79, 0x02, 0x24, 0x07, 0x00, 0x1e, 0x00, 0x05, 0x20, 0x80, 0x02,
  0x40, 0x12, 0x00, 0x20, 0xa0, 0x0f, 0xb1, 0x12, 0x80, 0x0f, 0xb1, 0x00,
  0x22, 0x00, 0xb1, 0x00, 0x00, 0x0e, 0x00, 0x20, 0xc8, 0x02, 0x00, 0x00,
  0x40, 0x00, 0x00, 0x00, 0x01, 0x00, 0x80, 0x00, 0xe8, 0x3e, 0x80, 0x23,
  0x00, 0x00, 0x00, 0x00, 0x00, 0x00, 0x00, 0x00, 0x01, 0x20, 0x80, 0x00,
  0xe8, 0x3e, 0x40, 0x23, 0x00, 0x00, 0x00, 0x00, 0x00, 0x00, 0x00, 0x00,
  0x24, 0x00, 0xa0, 0x00, 0x00, 0x0e, 0x00, 0x20, 0x98, 0x02, 0x00, 0x00,
  0x98, 0x02, 0x00, 0x00, 0x38, 0x56, 0x02, 0xa9, 0xe7, 0x7c, 0x1c, 0x1e,
  0x7e, 0x00, 0x00, 0x00, 0x00, 0x00, 0x00, 0x00, 0x00, 0x00, 0x00, 0x00,
  0x00, 0x00, 0x00, 0x00, 0x38, 0x20, 0x80, 0x09, 0xe8, 0x3a, 0x40, 0x2f,
  0x00, 0x43, 0x8d, 0x3a, 0xc0, 0x02, 0x8d, 0x00, 0x10, 0x00, 0x80, 0x03,
  0xe2, 0x3a, 0x00, 0x20, 0x80, 0x2f, 0x8d, 0x3e, 0x00, 0x00, 0x80, 0x3f,
  0x38, 0x16, 0x01, 0x61, 0x07, 0x78, 0x7c, 0x00, 0x38, 0x20, 0x80, 0x01,
  0xe8, 0x3a, 0x80, 0x20, 0x40, 0x2f, 0x8d, 0x00, 0x00, 0x00, 0x00, 0x00,
  0x10, 0x20, 0x80, 0x03, 0xe2, 0x3a, 0x00, 0x20, 0x40, 0x2f, 0x8d, 0x3e,
  0x00, 0x00, 0x80, 0x3f, 0x02, 0x00, 0x81, 0x00, 0xea, 0x3a, 0xc0, 0x2e,
  0x00, 0x0f, 0x8d, 0x3a, 0x80, 0x2f, 0x8d, 0x00, 0x02, 0x20, 0x81, 0x00,
  0xea, 0x3a, 0xc0, 0x20, 0x80, 0x00, 0x8d, 0x3a, 0x40, 0x2f, 0x8d, 0x00,
  0x41, 0x56, 0x02, 0x20, 0xe7, 0x74, 0x76, 0x76, 0x41, 0x20, 0x80, 0x00,
  0xe8, 0x3a, 0x80, 0x21, 0xc0, 0x00, 0x8d, 0x3a, 0xc0, 0x00, 0x8d, 0x00,
  0x40, 0x00, 0x80, 0x00, 0xe8, 0x3a, 0x00, 0x2e, 0x80, 0x0e, 0x8d, 0x3e,
  0xc0, 0x5d, 0x35, 0x41, 0x41, 0x00, 0x80, 0x00, 0xe8, 0x3a, 0x40, 0x2e,
  0x80, 0x0e, 0x8d, 0x3e, 0xea, 0xc7, 0x52, 0x3f, 0x40, 0x20, 0x80, 0x00,
  0xe8, 0x3a, 0x00, 0x22, 0x80, 0x01, 0x8d, 0x3e, 0xc0, 0x5d, 0x35, 0x41,
  0x41, 0x20, 0x80, 0x00, 0xe8, 0x3a, 0xc0, 0x21, 0x80, 0x01, 0x8d, 0x3e,
  0xea, 0xc7, 0x52, 0x3f, 0x41, 0x56, 0x02, 0x20, 0xe7, 0x70, 0x74, 0x70,
  0x40, 0x00, 0x80, 0x00, 0xe8, 0x3a, 0x40, 0x2e, 0x40, 0x4e, 0x8d, 0x3e,
  0x83, 0x98, 0xb5, 0xc0, 0x41, 0x20, 0x80, 0x00, 0xe8, 0x3a, 0x00, 0x22,
  0x80, 0x01, 0x8d, 0x3a, 0x00, 0x02, 0x8d, 0x00, 0x40, 0x20, 0x80, 0x00,
  0xe8, 0x3a, 0xc0, 0x21, 0xc0, 0x41, 0x8d, 0x3e, 0x83, 0x98, 0xb5, 0xc0,
  0x40, 0x00, 0x80, 0x00, 0xe8, 0x3a, 0x00, 0x2e, 0x00, 0x0e, 0x8d, 0x3e,
  0x60, 0xbd, 0xe6, 0x41, 0x41, 0x56, 0x02, 0x20, 0xe7, 0x72, 0x74, 0x72,
  0x40, 0x20, 0x80, 0x00, 0xe8, 0x3a, 0x00, 0x22, 0x00, 0x02, 0x8d, 0x3e,
  0x60, 0xbd, 0xe6, 0x41, 0x41, 0x20, 0x80, 0x00, 0xe8, 0x3a, 0xc0, 0x21,
  0x80, 0x01, 0x8d, 0x3a, 0xc0, 0x01, 0x8d, 0x00, 0x41, 0x56, 0x02, 0x20,
  0xe7, 0x70, 0x74, 0x70, 0x40, 0x00, 0x80, 0x00, 0xe8, 0x3a, 0x40, 0x2e,
  0x40, 0x0e, 0x8d, 0x3e, 0x07, 0x19, 0xd2, 0xc0, 0x41, 0x20, 0x80, 0x00,
  0xe8, 0x3a, 0x00, 0x22, 0x80, 0x01, 0x8d, 0x3a, 0x00, 0x02, 0x8d, 0x00,
  0x40, 0x20, 0x80, 0x00, 0xe8, 0x3a, 0xc0, 0x21, 0xc0, 0x01, 0x8d, 0x3e,
  0x07, 0x19, 0xd2, 0xc0, 0x40, 0x00, 0x80, 0x00, 0xe8, 0x3a, 0x00, 0x2e,
  0x00, 0x0e, 0x8d, 0x3e, 0xc8, 0x92, 0x9d, 0x41, 0x41, 0x56, 0x02, 0x20,
  0xe7, 0x72, 0x74, 0x72, 0x40, 0x20, 0x80, 0x00, 0xe8, 0x3a, 0x00, 0x22,
  0x00, 0x02, 0x8d, 0x3e, 0xc8, 0x92, 0x9d, 0x41, 0x41, 0x20, 0x80, 0x00,
  0xe8, 0x3a, 0xc0, 0x21, 0x80, 0x01, 0x8d, 0x3a, 0xc0, 0x01, 0x8d, 0x00,
  0x38, 0x16, 0x01, 0x21, 0x07, 0x70, 0x70, 0x00, 0x41, 0x56, 0x02, 0x20,
  0xe7, 0x72, 0x76, 0x72, 0x38, 0x20, 0x80, 0x01, 0xe8, 0x3a, 0x00, 0x22,
  0x00, 0x02, 0x8d, 0x00, 0x00, 0x00, 0x00, 0x00, 0x41, 0x20, 0x80, 0x00,
  0xe8, 0x3a, 0xc0, 0x21, 0xc0, 0x00, 0x8d, 0x3a, 0xc0, 0x01, 0x8d, 0x00,
  0x41, 0x56, 0x02, 0x20, 0xe7, 0x70, 0x70, 0x72, 0x41, 0x20, 0x80, 0x00,
  0xe8, 0x3a, 0x00, 0x22, 0x00, 0x02, 0x8d, 0x3a, 0xc0, 0x01, 0x8d, 0x00,
  0x40, 0x56, 0x02, 0x20, 0xe7, 0x70, 0x76, 0x70, 0x40, 0x20, 0x80, 0x00,
  0xe8, 0x3a, 0x00, 0x22, 0xc0, 0x00, 0x8d, 0x3a, 0x00, 0x02, 0x8d, 0x00,
  0x40, 0x00, 0x80, 0x00, 0xe8, 0x3a, 0x00, 0x2f, 0x00, 0x4e, 0x8d, 0x3e,
  0xdb, 0x0f, 0xc9, 0x3f, 0x40, 0x20, 0x80, 0x00, 0xe8, 0x3a, 0x80, 0x20,
  0x00, 0x42, 0x8d, 0x3e, 0xdb, 0x0f, 0xc9, 0x3f, 0x02, 0x00, 0x81, 0x00,
  0xea, 0x3a, 0x80, 0x2e, 0x00, 0x0f, 0x8d, 0x3a, 0x00, 0x0e, 0x8d, 0x00,
  0x02, 0x20, 0x81, 0x00, 0xea, 0x3a, 0x80, 0x21, 0x80, 0x00, 0x8d, 0x3a,
  0x00, 0x02, 0x8d, 0x00, 0x12, 0x01, 0x80, 0x05, 0x60, 0x00, 0x1e, 0x6e,
  0xc8, 0x41, 0x07, 0x39, 0xe8, 0x20, 0x07, 0x1f, 0x12, 0x21, 0x80, 0x05,
  0x60, 0x00, 0x1e, 0x6c, 0xc8, 0xc1, 0x00, 0x39, 0x18, 0x20, 0x87, 0x1e,
  0x5b, 0xc6, 0x01, 0x20, 0x83, 0x75, 0x2b, 0x14, 0x5b, 0xa7, 0x01, 0x20,
  0x83, 0x65, 0x2b, 0x14, 0x25, 0x00, 0xa0, 0x00, 0x00, 0x00, 0x00, 0x20,
  0x00, 0x00, 0x00, 0x0e, 0x10, 0x00, 0x00, 0x00, 0x24, 0x00, 0xa0, 0x00,
  0x00, 0x0e, 0x00, 0x20, 0x98, 0x02, 0x00, 0x00, 0x98, 0x02, 0x00, 0x00,
  0x38, 0x56, 0x02, 0x29, 0xe7, 0x7c, 0x1c, 0x1e, 0x7e, 0x00, 0x00, 0x00,
  0x00, 0x00, 0x00, 0x00, 0x00, 0x00, 0x00, 0x00, 0x00, 0x00, 0x00, 0x00,
  0x38, 0x20, 0x80, 0x09, 0xe8, 0x3a, 0x40, 0x2f, 0x00, 0x03, 0x8d, 0x3a,
  0xc0, 0x02, 0x8d, 0x00, 0x10, 0x00, 0x80, 0x03, 0xe0, 0x3a, 0x00, 0x20,
  0x80, 0x2f, 0x8d, 0x3e, 0x00, 0x00, 0x80, 0x3f, 0x38, 0x16, 0x01, 0x61,
  0x07, 0x78, 0x7c, 0x00, 0x38, 0x20, 0x80, 0x01, 0xe8, 0x3a, 0x80, 0x20,
  0x40, 0x2f, 0x8d, 0x00, 0x00, 0x00, 0x00, 0x00, 0x10, 0x20, 0x80, 0x03,
  0xe0, 0x3a, 0x00, 0x20, 0x40, 0x2f, 0x8d, 0x3e, 0x00, 0x00, 0x80, 0x3f,
  0x02, 0x59, 0x02, 0x20, 0xef, 0x76, 0x78, 0x7c, 0x02, 0x20, 0x81, 0x00,
  0xe8, 0x3a, 0xc0, 0x20, 0x80, 0x00, 0x8d, 0x3a, 0x40, 0x2f, 0x8d, 0x00,
  0x41, 0x56, 0x02, 0x20, 0xe7, 0x74, 0x76, 0x76, 0x41, 0x20, 0x80, 0x00,
  0xe8, 0x3a, 0x80, 0x21, 0xc0, 0x00, 0x8d, 0x3a, 0xc0, 0x00, 0x8d, 0x00,
  0x40, 0x00, 0x80, 0x00, 0xe8, 0x3a, 0x00, 0x2e, 0x80, 0x0e, 0x8d, 0x3e,
  0xc0, 0x5d, 0x35, 0x41, 0x41, 0x00, 0x80, 0x00, 0xe8, 0x3a, 0x40, 0x2e,
  0x80, 0x0e, 0x8d, 0x3e, 0xea, 0xc7, 0x52, 0x3f, 0x40, 0x20, 0x80, 0x00,
  0xe8, 0x3a, 0x00, 0x22, 0x80, 0x01, 0x8d, 0x3e, 0xc0, 0x5d, 0x35, 0x41,
  0x41, 0x20, 0x80, 0x00, 0xe8, 0x3a, 0xc0, 0x21, 0x80, 0x01, 0x8d, 0x3e,
  0xea, 0xc7, 0x52, 0x3f, 0x41, 0x56, 0x02, 0x20, 0xe7, 0x70, 0x74, 0x70,
  0x40, 0x00, 0x80, 0x00, 0xe8, 0x3a, 0x40, 0x2e, 0x40, 0x4e, 0x8d, 0x3e,
  0x83, 0x98, 0xb5, 0xc0, 0x41, 0x20, 0x80, 0x00, 0xe8, 0x3a, 0x00, 0x22,
  0x80, 0x01, 0x8d, 0x3a, 0x00, 0x02, 0x8d, 0x00, 0x40, 0x20, 0x80, 0x00,
  0xe8, 0x3a, 0xc0, 0x21, 0xc0, 0x41, 0x8d, 0x3e, 0x83, 0x98, 0xb5, 0xc0,
  0x40, 0x00, 0x80, 0x00, 0xe8, 0x3a, 0x00, 0x2e, 0x00, 0x0e, 0x8d, 0x3e,
  0x60, 0xbd, 0xe6, 0x41, 0x41, 0x56, 0x02, 0x20, 0xe7, 0x72, 0x74, 0x72,
  0x40, 0x20, 0x80, 0x00, 0xe8, 0x3a, 0x00, 0x22, 0x00, 0x02, 0x8d, 0x3e,
  0x60, 0xbd, 0xe6, 0x41, 0x41, 0x20, 0x80, 0x00, 0xe8, 0x3a, 0xc0, 0x21,
  0x80, 0x01, 0x8d, 0x3a, 0xc0, 0x01, 0x8d, 0x00, 0x41, 0x56, 0x02, 0x20,
  0xe7, 0x70, 0x74, 0x70, 0x40, 0x00, 0x80, 0x00, 0xe8, 0x3a, 0x40, 0x2e,
  0x40, 0x0e, 0x8d, 0x3e, 0x07, 0x19, 0xd2, 0xc0, 0x41, 0x20, 0x80, 0x00,
  0xe8, 0x3a, 0x00, 0x22, 0x80, 0x01, 0x8d, 0x3a, 0x00, 0x02, 0x8d, 0x00,
  0x40, 0x20, 0x80, 0x00, 0xe8, 0x3a, 0xc0, 0x21, 0xc0, 0x01, 0x8d, 0x3e,
  0x07, 0x19, 0xd2, 0xc0, 0x40, 0x00, 0x80, 0x00, 0xe8, 0x3a, 0x00, 0x2e,
  0x00, 0x0e, 0x8d, 0x3e, 0xc8, 0x92, 0x9d, 0x41, 0x41, 0x56, 0x02, 0x20,
  0xe7, 0x72, 0x74, 0x72, 0x40, 0x20, 0x80, 0x00, 0xe8, 0x3a, 0x00, 0x22,
  0x00, 0x02, 0x8d, 0x3e, 0xc8, 0x92, 0x9d, 0x41, 0x41, 0x20, 0x80, 0x00,
  0xe8, 0x3a, 0xc0, 0x21, 0x80, 0x01, 0x8d, 0x3a, 0xc0, 0x01, 0x8d, 0x00,
  0x38, 0x16, 0x01, 0x21, 0x07, 0x70, 0x70, 0x00, 0x41, 0x56, 0x02, 0x20,
  0xe7, 0x72, 0x76, 0x72, 0x38, 0x20, 0x80, 0x01, 0xe8, 0x3a, 0x00, 0x22,
  0x00, 0x02, 0x8d, 0x00, 0x00, 0x00, 0x00, 0x00, 0x41, 0x20, 0x80, 0x00,
  0xe8, 0x3a, 0xc0, 0x21, 0xc0, 0x00, 0x8d, 0x3a, 0xc0, 0x01, 0x8d, 0x00,
  0x41, 0x56, 0x02, 0x20, 0xe7, 0x70, 0x70, 0x72, 0x41, 0x20, 0x80, 0x00,
  0xe8, 0x3a, 0x00, 0x22, 0x00, 0x02, 0x8d, 0x3a, 0xc0, 0x01, 0x8d, 0x00,
  0x40, 0x56, 0x02, 0x20, 0xe7, 0x70, 0x76, 0x70, 0x40, 0x20, 0x80, 0x00,
  0xe8, 0x3a, 0x00, 0x22, 0xc0, 0x00, 0x8d, 0x3a, 0x00, 0x02, 0x8d, 0x00,
  0x40, 0x00, 0x80, 0x00, 0xe8, 0x3a, 0x00, 0x2f, 0x00, 0x4e, 0x8d, 0x3e,
  0xdb, 0x0f, 0xc9, 0x3f, 0x40, 0x20, 0x80, 0x00, 0xe8, 0x3a, 0x80, 0x20,
  0x00, 0x42, 0x8d, 0x3e, 0xdb, 0x0f, 0xc9, 0x3f, 0x02, 0x59, 0x02, 0x20,
  0xe7, 0x74, 0x78, 0x70, 0x02, 0x20, 0x81, 0x00, 0xe8, 0x3a, 0x80, 0x21,
  0x80, 0x00, 0x8d, 0x3a, 0x00, 0x02, 0x8d, 0x00, 0x12, 0x01, 0x80, 0x05,
  0x60, 0x00, 0x1e, 0x6e, 0xc8, 0x41, 0x07, 0x39, 0xe8, 0x20, 0x07, 0x1f,
  0x12, 0x21, 0x80, 0x05, 0x60, 0x00, 0x1e, 0x6c, 0xc8, 0xc1, 0x00, 0x39,
  0x18, 0x20, 0x87, 0x1e, 0x40, 0x00, 0x80, 0x00, 0xe8, 0x3a, 0x80, 0x23,
  0xc0, 0x0d, 0x8d, 0x3e, 0xd0, 0x0f, 0x49, 0x40, 0x40, 0x20, 0x80, 0x00,
  0xe8, 0x3a, 0x40, 0x23, 0x80, 0x0d, 0x8d, 0x3e, 0xd0, 0x0f, 0x49, 0x40,
  0x25, 0x00, 0xa0, 0x00, 0x00, 0x00, 0x00, 0x20, 0x00, 0x00, 0x00, 0x0e,
  0x10, 0x00, 0x00, 0x00, 0x25, 0x00, 0xa0, 0x00, 0x00, 0x00, 0x00, 0x20,
  0x00, 0x00, 0x00, 0x0e, 0x10, 0x00, 0x00, 0x00, 0x25, 0x00, 0xa0, 0x00,
  0x00, 0x00, 0x00, 0x20, 0x00, 0x00, 0x00, 0x0e, 0x10, 0x00, 0x00, 0x00,
  0x40, 0x96, 0x6d, 0x20, 0x07, 0x4a, 0x14, 0x08, 0x40, 0x20, 0x80, 0x00,
  0x28, 0x0a, 0x00, 0x29, 0x40, 0x02, 0x8d, 0x0a, 0x10, 0x01, 0x00, 0x00,
  0x10, 0x00, 0x80, 0x05, 0x60, 0x12, 0x00, 0x20, 0x20, 0x00, 0xb1, 0x16,
  0x43, 0x00, 0x43, 0x00, 0x10, 0x20, 0x80, 0x05, 0x60, 0x12, 0x00, 0x20,
  0x40, 0x00, 0xb1, 0x16, 0x43, 0x00, 0x43, 0x00, 0x33, 0x00, 0x80, 0x0c,
  0x70, 0xc0, 0x01, 0x00, 0x42, 0x09, 0x00, 0x00, 0xfe, 0x5e, 0x02, 0x04,
  0x33, 0x20, 0x80, 0x0c, 0x70, 0xa0, 0x01, 0x00, 0x02, 0x09, 0x00, 0x00,
  0xfe, 0x5e, 0x02, 0x04, 0x22, 0x00, 0xa1, 0x00, 0x00, 0x0e, 0x00, 0x20,
  0x78, 0x55, 0x00, 0x00, 0x78, 0x55, 0x00, 0x00, 0x40, 0x20, 0x80, 0x00,
  0x28, 0x0a, 0x80, 0x2f, 0x40, 0x02, 0x8d, 0x1e, 0x60, 0x03, 0x60, 0x03,
  0x40, 0x20, 0x80, 0x00, 0x28, 0x0a, 0x00, 0x2f, 0x40, 0x02, 0x8d, 0x1e,
  0xac, 0x01, 0xac, 0x01, 0x40, 0x00, 0x80, 0x00, 0x28, 0x0a, 0x80, 0x20,
  0x80, 0x02, 0x8d, 0x1e, 0x60, 0x03, 0x60, 0x03, 0x40, 0x00, 0x80, 0x00,
  0x28, 0x0a, 0x80, 0x2e, 0x80, 0x02, 0x8d, 0x1e, 0xac, 0x01, 0xac, 0x01,
  0x31, 0x20, 0x80, 0x0c, 0x68, 0x02, 0x40, 0x2f, 0x80, 0x0f, 0x00, 0x06,
  0x03, 0x5e, 0x20, 0x04, 0x31, 0x20, 0x80, 0x0c, 0x68, 0x02, 0xc0, 0x2e,
  0x00, 0x0f, 0x00, 0x06, 0x03, 0x5e, 0x20, 0x04, 0x31, 0x00, 0x80, 0x0c,
  0x68, 0x02, 0xc0, 0x20, 0x80, 0x00, 0x00, 0x06, 0x03, 0x5e, 0x20, 0x04,
  0x31, 0x00, 0x80, 0x0c, 0x68, 0x02, 0x40, 0x2e, 0x80, 0x0e, 0x00, 0x06,
  0x03, 0x5e, 0x20, 0x04, 0x40, 0x00, 0x80, 0x00, 0x28, 0x0a, 0x80, 0x2e,
  0x80, 0x02, 0x8d, 0x1e, 0x14, 0x05, 0x14, 0x05, 0x01, 0x00, 0x00, 0x00,
  0x4c, 0x16, 0xc0, 0x2f, 0x00, 0x00, 0x00, 0x00, 0x01, 0x00, 0x01, 0x00,
  0x31, 0x00, 0x80, 0x0c, 0x68, 0x02, 0xc0, 0x2a, 0x80, 0x0e, 0x00, 0x06,
  0x03, 0x5e, 0x20, 0x04, 0x41, 0x20, 0x80, 0x00, 0x28, 0x0a, 0x40, 0x2f,
  0x40, 0x0f, 0x8d, 0x0a, 0x14, 0x01, 0x00, 0x00, 0x41, 0x20, 0x80, 0x00,
  0x28, 0x0a, 0x00, 0x2e, 0xc0, 0x0e, 0x8d, 0x0a, 0x14, 0x01, 0x00, 0x00,
  0x41, 0x96, 0x71, 0x20, 0x07, 0x06, 0x06, 0x08, 0x41, 0x96, 0x71, 0x20,
  0x07, 0x6e, 0x72, 0x08, 0x40, 0x20, 0x80, 0x00, 0x28, 0x0a, 0x80, 0x21,
  0x44, 0x08, 0x00, 0x0a, 0x40, 0x0f, 0x8d, 0x00, 0x40, 0x20, 0x80, 0x00,
  0x28, 0x0a, 0xc0, 0x22, 0x40, 0x08, 0x00, 0x0a, 0x00, 0x0e, 0x8d, 0x00,
  0x40, 0x96, 0x15, 0x20, 0xe0, 0x10, 0x42, 0x06, 0x40, 0x96, 0x01, 0x20,
  0xe0, 0x26, 0x42, 0x6e, 0x40, 0x20, 0x80, 0x00, 0x28, 0x0a, 0xc0, 0x21,
  0x4c, 0x01, 0x00, 0x0a, 0x80, 0x01, 0x8d, 0x00, 0x02, 0x20, 0x80, 0x05,
  0x28, 0x0a, 0x40, 0x24, 0xc0, 0x02, 0x8d, 0x0a, 0x04, 0x01, 0x00, 0x00,
  0x40, 0x96, 0x1d, 0x20, 0xe0, 0x20, 0x0a, 0x10, 0x02, 0x96, 0x2d, 0x25,
  0x07, 0x24, 0x26, 0x08, 0x02, 0x20, 0x80, 0x05, 0x28, 0x0a, 0x80, 0x23,
  0xc0, 0x01, 0x8d, 0x0a, 0x00, 0x01, 0x00, 0x00, 0x10, 0x20, 0x80, 0x03,
  0x20, 0x0a, 0x00, 0x20, 0x40, 0x04, 0x8d, 0x1e, 0x00, 0x00, 0x00, 0x00,
  0x40, 0x20, 0x80, 0x00, 0x28, 0x0a, 0x80, 0x20, 0xc0, 0x02, 0x8d, 0x0a,
  0x0c, 0x01, 0x00, 0x00, 0x40, 0x96, 0x65, 0x20, 0x07, 0x78, 0x26, 0x08,
  0x10, 0x20, 0x80, 0x03, 0x22, 0x0a, 0x00, 0x20, 0x80, 0x03, 0x8d, 0x1e,
  0x00, 0x00, 0x00, 0x00, 0x40, 0x20, 0x80, 0x00, 0x28, 0x0a, 0x40, 0x2f,
  0xc0, 0x01, 0x8d, 0x0a, 0x40, 0x01, 0x00, 0x00, 0x40, 0x96, 0x01, 0x20,
  0x07, 0x7c, 0x20, 0x0a, 0x02, 0x96, 0x01, 0x25, 0x07, 0x1e, 0x20, 0x08,
  0x10, 0x00, 0x80, 0x03, 0x22, 0x0a, 0x00, 0x20, 0x80, 0x04, 0x8d, 0x1e,
  0x00, 0x00, 0x00, 0x00, 0x02, 0x20, 0x81, 0x00, 0x48, 0x12, 0x60, 0x20,
  0xc0, 0x0f, 0x00, 0x16, 0x00, 0x00, 0x00, 0x00, 0x02, 0x20, 0x81, 0x00,
  0x4a, 0x12, 0xe0, 0x2e, 0xc0, 0x0f, 0x00, 0x16, 0x00, 0x00, 0x00, 0x00,
  0x40, 0x20, 0x80, 0x00, 0x28, 0x0a, 0xc0, 0x20, 0x40, 0x02, 0x8d, 0x1e,
  0x14, 0x05, 0x14, 0x05, 0x02, 0x20, 0x80, 0x05, 0x28, 0x0a, 0x80, 0x20,
  0x80, 0x00, 0x8d, 0x0a, 0x04, 0x01, 0x00, 0x00, 0x02, 0x96, 0x2d, 0x25,
  0x07, 0x28, 0x78, 0x08, 0x02, 0x20, 0x80, 0x05, 0x28, 0x0a, 0x00, 0x23,
  0x40, 0x0f, 0x8d, 0x0a, 0x00, 0x01, 0x00, 0x00, 0x02, 0x96, 0x01, 0x25,
  0x07, 0x1a, 0x7c, 0x08, 0x10, 0x00, 0x81, 0x03, 0x22, 0x0a, 0x00, 0x20,
  0xc0, 0x03, 0x8d, 0x1e, 0x00, 0x00, 0x00, 0x00, 0x05, 0x20, 0x80, 0x02,
  0x42, 0x12, 0x00, 0x20, 0xe0, 0x0e, 0xb1, 0x12, 0x60, 0x00, 0xb1, 0x00,
  0x31, 0x20, 0x80, 0x0c, 0x68, 0x02, 0x80, 0x2a, 0xc0, 0x00, 0x00, 0x06,
  0x03, 0x5e, 0x20, 0x04, 0x40, 0x20, 0x80, 0x00, 0x28, 0x0a, 0xc0, 0x26,
  0x40, 0x04, 0x8d, 0x1e, 0xff, 0xff, 0xff, 0xff, 0x40, 0x00, 0x80, 0x00,
  0x28, 0x0a, 0x00, 0x27, 0x80, 0x04, 0x8d, 0x1e, 0xff, 0xff, 0xff, 0xff,
  0x40, 0x20, 0x80, 0x00, 0x28, 0x0a, 0x80, 0x25, 0x80, 0x03, 0x8d, 0x1e,
  0xff, 0xff, 0xff, 0xff, 0x40, 0x00, 0x80, 0x00, 0x28, 0x0a, 0xc0, 0x25,
  0xc0, 0x03, 0x8d, 0x1e, 0xff, 0xff, 0xff, 0xff, 0x40, 0x20, 0x80, 0x00,
  0x28, 0x0a, 0xc0, 0x27, 0x80, 0x00, 0x8d, 0x1e, 0xff, 0xff, 0xff, 0xff,
  0x40, 0x00, 0x80, 0x00, 0x28, 0x0a, 0x80, 0x26, 0x00, 0x05, 0x8d, 0x1e,
  0xff, 0xff, 0xff, 0xff, 0x40, 0x00, 0x80, 0x00, 0x28, 0x0a, 0x40, 0x25,
  0x40, 0x03, 0x8d, 0x1e, 0xff, 0xff, 0xff, 0xff, 0x40, 0x20, 0x80, 0x00,
  0x28, 0x0a, 0xc0, 0x20, 0x00, 0x03, 0x8d, 0x1e, 0xff, 0xff, 0xff, 0xff,
  0x22, 0x00, 0xb1, 0x00, 0x02, 0x0e, 0x00, 0x20, 0xc8, 0x00, 0x00, 0x00,
  0x40, 0x00, 0x00, 0x00, 0x01, 0x00, 0x80, 0x00, 0xe8, 0x3e, 0x80, 0x27,
  0x00, 0x00, 0x00, 0x00, 0x00, 0x00, 0x00, 0x00, 0x01, 0x20, 0x80, 0x00,
  0xe8, 0x3e, 0x40, 0x27, 0x00, 0x00, 0x00, 0x00, 0x00, 0x00, 0x00, 0x00,
  0x24, 0x00, 0xa0, 0x00, 0x00, 0x0e, 0x00, 0x20, 0x98, 0x00, 0x00, 0x00,
  0x98, 0x00, 0x00, 0x00, 0x41, 0x96, 0x5d, 0x20, 0x07, 0x7c, 0x2e, 0x0a,
  0x41, 0x20, 0x80, 0x00, 0x28, 0x0a, 0x40, 0x2f, 0x80, 0x05, 0x8d, 0x0a,
  0x48, 0x01, 0x00, 0x00, 0x40, 0x96, 0x01, 0x20, 0xe7, 0x7c, 0x7c, 0x38,
  0x40, 0x20, 0x80, 0x00, 0x28, 0x0a, 0x40, 0x2f, 0x40, 0x0f, 0x8d, 0x0a,
  0xc0, 0x06, 0x8d, 0x00, 0x09, 0x00, 0x80, 0x00, 0x28, 0x0a, 0x80, 0x2f,
  0x80, 0x0f, 0x8d, 0x1e, 0x02, 0x00, 0x02, 0x00, 0x09, 0x20, 0x80, 0x00,
  0x28, 0x0a, 0x40, 0x2f, 0x40, 0x0f, 0x8d, 0x1e, 0x02, 0x00, 0x02, 0x00,
  0x40, 0x96, 0x2d, 0x20, 0x07, 0x7c, 0x7c, 0x0b, 0x40, 0x20, 0x80, 0x00,
  0x28, 0x0a, 0x40, 0x2f, 0x40, 0x0f, 0x8d, 0x0a, 0x64, 0x01, 0x00, 0x00,
  0x31, 0x00, 0x80, 0x0c, 0x68, 0x02, 0x80, 0x27, 0x80, 0x0f, 0x00, 0x06,
  0x01, 0x5e, 0x20, 0x04, 0x31, 0x20, 0x80, 0x0c, 0x68, 0x02, 0x40, 0x27,
  0x40, 0x0f, 0x00, 0x06, 0x01, 0x5e, 0x20, 0x04, 0x25, 0x00, 0xa0, 0x00,
  0x00, 0x00, 0x00, 0x20, 0x00, 0x00, 0x00, 0x0e, 0x10, 0x00, 0x00, 0x00,
  0x10, 0x20, 0x80, 0x03, 0x22, 0x0a, 0x00, 0x20, 0x80, 0x00, 0x8d, 0x1e,
  0x00, 0x00, 0x00, 0x00, 0x10, 0x20, 0x80, 0x03, 0x20, 0x0a, 0x00, 0x20,
  0x80, 0x03, 0x8d, 0x1e, 0x00, 0x00, 0x00, 0x00, 0x01, 0x00, 0x00, 0x00,
  0x4c, 0x16, 0xc0, 0x2f, 0x00, 0x00, 0x00, 0x00, 0x01, 0x00, 0x01, 0x00,
  0x10, 0x00, 0x80, 0x03, 0x20, 0x0a, 0x00, 0x20, 0x00, 0x05, 0x8d, 0x1e,
  0x00, 0x00, 0x00, 0x00, 0x02, 0x20, 0x81, 0x00, 0x48, 0x12, 0xa0, 0x2f,
  0xc0, 0x0f, 0x00, 0x16, 0x00, 0x00, 0x00, 0x00, 0x02, 0x20, 0x81, 0x00,
  0x4a, 0x12, 0x80, 0x2f, 0xc0, 0x0f, 0x00, 0x16, 0x00, 0x00, 0x00, 0x00,
  0x10, 0x00, 0x81, 0x03, 0x20, 0x0a, 0x00, 0x20, 0xc0, 0x03, 0x8d, 0x1e,
  0x00, 0x00, 0x00, 0x00, 0x05, 0x20, 0x80, 0x02, 0x40, 0x12, 0x00, 0x20,
  0xa0, 0x0f, 0xb1, 0x12, 0x80, 0x0f, 0xb1, 0x00, 0x22, 0x00, 0xb1, 0x00,
  0x00, 0x0e, 0x00, 0x20, 0xc8, 0x00, 0x00, 0x00, 0x40, 0x00, 0x00, 0x00,
  0x01, 0x00, 0x80, 0x00, 0xe8, 0x3e, 0x40, 0x26, 0x00, 0x00, 0x00, 0x00,
  0x00, 0x00, 0x00, 0x00, 0x01, 0x20, 0x80, 0x00, 0xe8, 0x3e, 0x00, 0x26,
  0x00, 0x00, 0x00, 0x00, 0x00, 0x00, 0x00, 0x00, 0x24, 0x00, 0xa0, 0x00,
  0x00, 0x0e, 0x00, 0x20, 0x98, 0x00, 0x00, 0x00, 0x98, 0x00, 0x00, 0x00,
  0x41, 0x96, 0x5d, 0x20, 0x07, 0x7c, 0x2e, 0x0a, 0x41, 0x20, 0x80, 0x00,
  0x28, 0x0a, 0x40, 0x2f, 0x80, 0x05, 0x8d, 0x0a, 0x48, 0x01, 0x00, 0x00,
  0x40, 0x96, 0x01, 0x20, 0xe7, 0x7c, 0x7c, 0x34, 0x40, 0x20, 0x80, 0x00,
  0x28, 0x0a, 0x40, 0x2f, 0x40, 0x0f, 0x8d, 0x0a, 0xc0, 0x07, 0x8d, 0x00,
  0x09, 0x00, 0x80, 0x00, 0x28, 0x0a, 0x80, 0x2f, 0x80, 0x0f, 0x8d, 0x1e,
  0x02, 0x00, 0x02, 0x00, 0x09, 0x20, 0x80, 0x00, 0x28, 0x0a, 0x40, 0x2f,
  0x40, 0x0f, 0x8d, 0x1e, 0x02, 0x00, 0x02, 0x00, 0x40, 0x96, 0x2d, 0x20,
  0x07, 0x7c, 0x7c, 0x0b, 0x40, 0x20, 0x80, 0x00, 0x28, 0x0a, 0x40, 0x2f,
  0x40, 0x0f, 0x8d, 0x0a, 0x64, 0x01, 0x00, 0x00, 0x31, 0x00, 0x80, 0x0c,
  0x68, 0x02, 0x40, 0x26, 0x80, 0x0f, 0x00, 0x06, 0x01, 0x5e, 0x20, 0x04,
  0x31, 0x20, 0x80, 0x0c, 0x68, 0x02, 0x00, 0x26, 0x40, 0x0f, 0x00, 0x06,
  0x01, 0x5e, 0x20, 0x04, 0x25, 0x00, 0xa0, 0x00, 0x00, 0x00, 0x00, 0x20,
  0x00, 0x00, 0x00, 0x0e, 0x10, 0x00, 0x00, 0x00, 0x10, 0x20, 0x80, 0x03,
  0x20, 0x0a, 0x00, 0x20, 0x40, 0x04, 0x8d, 0x1e, 0x00, 0x00, 0x00, 0x00,
  0x10, 0x20, 0x80, 0x03, 0x22, 0x0a, 0x00, 0x20, 0x00, 0x03, 0x8d, 0x1e,
  0x00, 0x00, 0x00, 0x00, 0x01, 0x00, 0x00, 0x00, 0x4c, 0x16, 0xc0, 0x2f,
  0x00, 0x00, 0x00, 0x00, 0x01, 0x00, 0x01, 0x00, 0x10, 0x00, 0x80, 0x03,
  0x22, 0x0a, 0x00, 0x20, 0x80, 0x04, 0x8d, 0x1e, 0x00, 0x00, 0x00, 0x00,
  0x02, 0x20, 0x81, 0x00, 0x4a, 0x12, 0xa0, 0x2f, 0xc0, 0x0f, 0x00, 0x16,
  0x00, 0x00, 0x00, 0x00, 0x02, 0x20, 0x81, 0x00, 0x48, 0x12, 0x80, 0x2f,
  0xc0, 0x0f, 0x00, 0x16, 0x00, 0x00, 0x00, 0x00, 0x10, 0x00, 0x81, 0x03,
  0x22, 0x0a, 0x00, 0x20, 0x40, 0x03, 0x8d, 0x1e, 0x00, 0x00, 0x00, 0x00,
  0x05, 0x20, 0x80, 0x02, 0x42, 0x12, 0x00, 0x20, 0xa0, 0x0f, 0xb1, 0x12,
  0x80, 0x0f, 0xb1, 0x00, 0x22, 0x00, 0xb1, 0x00, 0x02, 0x0e, 0x00, 0x20,
  0xc8, 0x00, 0x00, 0x00, 0x40, 0x00, 0x00, 0x00, 0x01, 0x00, 0x80, 0x00,
  0xe8, 0x3e, 0x80, 0x24, 0x00, 0x00, 0x00, 0x00, 0x00, 0x00, 0x00, 0x00,
  0x01, 0x20, 0x80, 0x00, 0xe8, 0x3e, 0x40, 0x24, 0x00, 0x00, 0x00, 0x00,
  0x00, 0x00, 0x00, 0x00, 0x24, 0x00, 0xa0, 0x00, 0x00, 0x0e, 0x00, 0x20,
  0x98, 0x00, 0x00, 0x00, 0x98, 0x00, 0x00, 0x00, 0x41, 0x96, 0x5d, 0x20,
  0x07, 0x7c, 0x2a, 0x0a, 0x41, 0x20, 0x80, 0x00, 0x28, 0x0a, 0x40, 0x2f,
  0xc0, 0x00, 0x8d, 0x0a, 0x48, 0x01, 0x00, 0x00, 0x40, 0x96, 0x01, 0x20,
  0xe7, 0x7c, 0x7c, 0x38, 0x40, 0x20, 0x80, 0x00, 0x28, 0x0a, 0x40, 0x2f,
  0x40, 0x0f, 0x8d, 0x0a, 0xc0, 0x06, 0x8d, 0x00, 0x09, 0x00, 0x80, 0x00,
  0x28, 0x0a, 0x80, 0x2f, 0x80, 0x0f, 0x8d, 0x1e, 0x02, 0x00, 0x02, 0x00,
  0x09, 0x20, 0x80, 0x00, 0x28, 0x0a, 0x40, 0x2f, 0x40, 0x0f, 0x8d, 0x1e,
  0x02, 0x00, 0x02, 0x00, 0x40, 0x96, 0x2d, 0x20, 0x07, 0x7c, 0x7c, 0x0b,
  0x40, 0x20, 0x80, 0x00, 0x28, 0x0a, 0x40, 0x2f, 0x40, 0x0f, 0x8d, 0x0a,
  0x64, 0x01, 0x00, 0x00, 0x31, 0x00, 0x80, 0x0c, 0x68, 0x02, 0x80, 0x24,
  0x80, 0x0f, 0x00, 0x06, 0x01, 0x5e, 0x20, 0x04, 0x31, 0x20, 0x80, 0x0c,
  0x68, 0x02, 0x40, 0x24, 0x40, 0x0f, 0x00, 0x06, 0x01, 0x5e, 0x20, 0x04,
  0x25, 0x00, 0xa0, 0x00, 0x00, 0x00, 0x00, 0x20, 0x00, 0x00, 0x00, 0x0e,
  0x10, 0x00, 0x00, 0x00, 0x10, 0x20, 0x80, 0x03, 0x22, 0x0a, 0x00, 0x20,
  0x80, 0x00, 0x8d, 0x1e, 0x00, 0x00, 0x00, 0x00, 0x10, 0x20, 0x80, 0x03,
  0x20, 0x0a, 0x00, 0x20, 0x00, 0x03, 0x8d, 0x1e, 0x00, 0x00, 0x00, 0x00,
  0x01, 0x00, 0x00, 0x00, 0x4c, 0x16, 0xc0, 0x2f, 0x00, 0x00, 0x00, 0x00,
  0x01, 0x00, 0x01, 0x00, 0x10, 0x00, 0x80, 0x03, 0x20, 0x0a, 0x00, 0x20,
  0x00, 0x05, 0x8d, 0x1e, 0x00, 0x00, 0x00, 0x00, 0x02, 0x20, 0x81, 0x00,
  0x48, 0x12, 0xa0, 0x2f, 0xc0, 0x0f, 0x00, 0x16, 0x00, 0x00, 0x00, 0x00,
  0x02, 0x20, 0x81, 0x00, 0x4a, 0x12, 0x80, 0x2f, 0xc0, 0x0f, 0x00, 0x16,
  0x00, 0x00, 0x00, 0x00, 0x10, 0x00, 0x81, 0x03, 0x20, 0x0a, 0x00, 0x20,
  0x40, 0x03, 0x8d, 0x1e, 0x00, 0x00, 0x00, 0x00, 0x05, 0x20, 0x80, 0x02,
  0x40, 0x12, 0x00, 0x20, 0xa0, 0x0f, 0xb1, 0x12, 0x80, 0x0f, 0xb1, 0x00,
  0x22, 0x00, 0xb1, 0x00, 0x00, 0x0e, 0x00, 0x20, 0xc8, 0x00, 0x00, 0x00,
  0x40, 0x00, 0x00, 0x00, 0x01, 0x00, 0x80, 0x00, 0xe8, 0x3e, 0x00, 0x25,
  0x00, 0x00, 0x00, 0x00, 0x00, 0x00, 0x00, 0x00, 0x01, 0x20, 0x80, 0x00,
  0xe8, 0x3e, 0x80, 0x20, 0x00, 0x00, 0x00, 0x00, 0x00, 0x00, 0x00, 0x00,
  0x24, 0x00, 0xa0, 0x00, 0x00, 0x0e, 0x00, 0x20, 0x98, 0x00, 0x00, 0x00,
  0x98, 0x00, 0x00, 0x00, 0x41, 0x96, 0x5d, 0x20, 0x07, 0x7c, 0x2a, 0x0a,
  0x41, 0x20, 0x80, 0x00, 0x28, 0x0a, 0x40, 0x2f, 0xc0, 0x00, 0x8d, 0x0a,
  0x48, 0x01, 0x00, 0x00, 0x40, 0x96, 0x01, 0x20, 0xe7, 0x7c, 0x7c, 0x34,
  0x40, 0x20, 0x80, 0x00, 0x28, 0x0a, 0x40, 0x2f, 0x40, 0x0f, 0x8d, 0x0a,
  0xc0, 0x07, 0x8d, 0x00, 0x09, 0x00, 0x80, 0x00, 0x28, 0x0a, 0x80, 0x2f,
  0x80, 0x0f, 0x8d, 0x1e, 0x02, 0x00, 0x02, 0x00, 0x09, 0x20, 0x80, 0x00,
  0x28, 0x0a, 0x40, 0x2f, 0x40, 0x0f, 0x8d, 0x1e, 0x02, 0x00, 0x02, 0x00,
  0x40, 0x96, 0x2d, 0x20, 0x07, 0x7c, 0x7c, 0x0b, 0x40, 0x20, 0x80, 0x00,
  0x28, 0x0a, 0x40, 0x2f, 0x40, 0x0f, 0x8d, 0x0a, 0x64, 0x01, 0x00, 0x00,
  0x31, 0x00, 0x80, 0x0c, 0x68, 0x02, 0x00, 0x25, 0x80, 0x0f, 0x00, 0x06,
  0x01, 0x5e, 0x20, 0x04, 0x31, 0x20, 0x80, 0x0c, 0x68, 0x02, 0x80, 0x20,
  0x40, 0x0f, 0x00, 0x06, 0x01, 0x5e, 0x20, 0x04, 0x25, 0x00, 0xa0, 0x00,
  0x00, 0x00, 0x00, 0x20, 0x00, 0x00, 0x00, 0x0e, 0x10, 0x00, 0x00, 0x00,
  0x40, 0x20, 0x80, 0x00, 0xe8, 0x3a, 0x40, 0x2f, 0x40, 0x07, 0x8d, 0x3a,
  0x00, 0x46, 0x8d, 0x00, 0x40, 0x56, 0x02, 0x20, 0xf7, 0x7c, 0x3c, 0x32,
  0x01, 0x00, 0x00, 0x00, 0x4c, 0x16, 0xc0, 0x2f, 0x00, 0x00, 0x00, 0x00,
  0x01, 0x00, 0x01, 0x00, 0x40, 0x20, 0x80, 0x00, 0xe8, 0x3a, 0x40, 0x2f,
  0x40, 0x0f, 0x8d, 0x3a, 0x40, 0x44, 0x8d, 0x00, 0x40, 0x56, 0x02, 0x20,
  0xf7, 0x7c, 0x7c, 0x24, 0x40, 0x20, 0x80, 0x00, 0xe8, 0x3a, 0x40, 0x2f,
  0x40, 0x0f, 0x8d, 0x3a, 0x80, 0x00, 0x8d, 0x00, 0x40, 0x96, 0x1d, 0x20,
  0xe0, 0x04, 0x0a, 0x26, 0x40, 0x56, 0x02, 0x20, 0xe7, 0x7c, 0x7c, 0x28,
  0x40, 0x20, 0x80, 0x00, 0x28, 0x0a, 0x00, 0x25, 0x4c, 0x01, 0x00, 0x0a,
  0xc0, 0x02, 0x8d, 0x00, 0x02, 0x20, 0x80, 0x04, 0xe8, 0x3a, 0x00, 0x2b,
  0x40, 0x0f, 0x8d, 0x3e, 0x00, 0x00, 0x00, 0x00, 0x02, 0x96, 0x2d, 0x25,
  0x07, 0x26, 0x04, 0x08, 0x02, 0x96, 0x03, 0x24, 0x07, 0x5a, 0x7c, 0x00,
  0x02, 0x20, 0x80, 0x05, 0x28, 0x0a, 0x80, 0x24, 0x00, 0x05, 0x8d, 0x0a,
  0x04, 0x01, 0x00, 0x00, 0x40, 0x96, 0x65, 0x20, 0x07, 0x78, 0x04, 0x08,
  0x10, 0x00, 0x80, 0x03, 0x20, 0x0a, 0x00, 0x20, 0xc0, 0x04, 0x8d, 0x1e,
  0x00, 0x00, 0x00, 0x00, 0x40, 0x20, 0x80, 0x00, 0x28, 0x0a, 0xc0, 0x2e,
  0x00, 0x05, 0x8d, 0x0a, 0x0c, 0x01, 0x00, 0x00, 0x40, 0x00, 0x80, 0x00,
  0x28, 0x0a, 0x40, 0x24, 0xc0, 0x04, 0x8d, 0x1e, 0xff, 0xff, 0xff, 0xff,
  0x02, 0x96, 0x2d, 0x25, 0x07, 0x30, 0x78, 0x08, 0x01, 0x00, 0x00, 0x00,
  0x0c, 0x00, 0x1c, 0x21, 0x00, 0x06, 0x00, 0x00, 0x00, 0x00, 0x00, 0x00,
  0x10, 0x20, 0x80, 0x03, 0x20, 0x0a, 0x00, 0x20, 0x80, 0x04, 0x8d, 0x1e,
  0x00, 0x00, 0x00, 0x00, 0x02, 0x20, 0x80, 0x05, 0x28, 0x0a, 0x00, 0x27,
  0xc0, 0x0e, 0x8d, 0x0a, 0x04, 0x01, 0x00, 0x00, 0x40, 0x20, 0x80, 0x00,
  0x28, 0x0a, 0xc0, 0x22, 0x80, 0x04, 0x8d, 0x1e, 0xff, 0xff, 0xff, 0xff,
  0x01, 0x00, 0x00, 0x00, 0x04, 0x02, 0x20, 0x26, 0x1c, 0x01, 0x00, 0x00,
  0x00, 0x00, 0x00, 0x00, 0x02, 0x20, 0x81, 0x00, 0x48, 0x12, 0x80, 0x2f,
  0xc0, 0x0f, 0x00, 0x16, 0x00, 0x00, 0x00, 0x00, 0x01, 0x00, 0x00, 0x00,
  0x04, 0x02, 0x20, 0x26, 0x1c, 0x01, 0x00, 0x00, 0x00, 0x00, 0x00, 0x00,
  0x40, 0x00, 0x80, 0x00, 0x28, 0x0a, 0xc0, 0x26, 0x00, 0x06, 0x8d, 0x1e,
  0xff, 0xff, 0xff, 0xff, 0x40, 0x20, 0x80, 0x00, 0x28, 0x0a, 0xc0, 0x28,
  0x00, 0x07, 0x8d, 0x1e, 0xff, 0xff, 0xff, 0xff, 0x10, 0x00, 0x81, 0x03,
  0x22, 0x0a, 0x00, 0x20, 0xc0, 0x03, 0x8d, 0x1e, 0x00, 0x00, 0x00, 0x00,
  0x01, 0x00, 0x00, 0x00, 0x0c, 0x00, 0x1c, 0x21, 0x20, 0x06, 0x00, 0x00,
  0x00, 0x00, 0x00, 0x00, 0x01, 0x00, 0x00, 0x00, 0x04, 0x02, 0x20, 0x26,
  0x1c, 0x01, 0x00, 0x00, 0x00, 0x00, 0x00, 0x00, 0x10, 0x20, 0x80, 0x03,
  0x22, 0x0a, 0x00, 0x20, 0x80, 0x03, 0x8d, 0x1e, 0x00, 0x00, 0x00, 0x00,
  0x01, 0x00, 0x00, 0x00, 0x0c, 0x00, 0x1c, 0x21, 0x20, 0x06, 0x00, 0x00,
  0x00, 0x00, 0x00, 0x00, 0x02, 0x20, 0x81, 0x00, 0x4a, 0x12, 0xa0, 0x2f,
  0xc0, 0x0f, 0x00, 0x16, 0x00, 0x00, 0x00, 0x00, 0x01, 0x00, 0x00, 0x00,
  0x04, 0x02, 0x20, 0x26, 0x1c, 0x01, 0x00, 0x00, 0x00, 0x00, 0x00, 0x00,
  0x05, 0x20, 0x80, 0x02, 0x42, 0x12, 0x00, 0x20, 0xa0, 0x0f, 0xb1, 0x12,
  0x80, 0x0f, 0xb1, 0x00, 0x01, 0x00, 0x00, 0x00, 0x0c, 0x00, 0x1c, 0x21,
  0x20, 0x06, 0x00, 0x00, 0x00, 0x00, 0x00, 0x00, 0x01, 0x00, 0x00, 0x00,
  0x04, 0x02, 0x00, 0x26, 0x1c, 0x01, 0x00, 0x00, 0x00, 0x00, 0x00, 0x00,
  0x22, 0x00, 0xb1, 0x00, 0x00, 0x0e, 0x00, 0x20, 0xc8, 0x00, 0x00, 0x00,
  0x40, 0x00, 0x00, 0x00, 0x01, 0x00, 0x80, 0x00, 0xe8, 0x3e, 0x80, 0x28,
  0x00, 0x00, 0x00, 0x00, 0x00, 0x00, 0x00, 0x00, 0x01, 0x20, 0x80, 0x00,
  0xe8, 0x3e, 0xc0, 0x27, 0x00, 0x00, 0x00, 0x00, 0x00, 0x00, 0x00, 0x00,
  0x24, 0x00, 0xa0, 0x00, 0x00, 0x0e, 0x00, 0x20, 0x98, 0x00, 0x00, 0x00,
  0x98, 0x00, 0x00, 0x00, 0x41, 0x96, 0x5d, 0x20, 0x07, 0x7c, 0x2e, 0x0a,
  0x41, 0x20, 0x80, 0x00, 0x28, 0x0a, 0x40, 0x2f, 0x80, 0x05, 0x8d, 0x0a,
  0x48, 0x01, 0x00, 0x00, 0x40, 0x96, 0x01, 0x20, 0xe7, 0x7c, 0x7c, 0x22,
  0x40, 0x20, 0x80, 0x00, 0x28, 0x0a, 0x40, 0x2f, 0x40, 0x0f, 0x8d, 0x0a,
  0xc0, 0x02, 0x8d, 0x00, 0x09, 0x00, 0x80, 0x00, 0x28, 0x0a, 0x80, 0x2f,
  0x80, 0x0f, 0x8d, 0x1e, 0x02, 0x00, 0x02, 0x00, 0x09, 0x20, 0x80, 0x00,
  0x28, 0x0a, 0x40, 0x2f, 0x40, 0x0f, 0x8d, 0x1e, 0x02, 0x00, 0x02, 0x00,
  0x40, 0x96, 0x2d, 0x20, 0x07, 0x7c, 0x7c, 0x0b, 0x40, 0x20, 0x80, 0x00,
  0x28, 0x0a, 0x40, 0x2f, 0x40, 0x0f, 0x8d, 0x0a, 0x64, 0x01, 0x00, 0x00,
  0x31, 0x00, 0x80, 0x0c, 0x68, 0x02, 0x80, 0x28, 0x80, 0x0f, 0x00, 0x06,
  0x01, 0x5e, 0x20, 0x04, 0x31, 0x20, 0x80, 0x0c, 0x68, 0x02, 0xc0, 0x27,
  0x40, 0x0f, 0x00, 0x06, 0x01, 0x5e, 0x20, 0x04, 0x25, 0x00, 0xa0, 0x00,
  0x00, 0x00, 0x00, 0x20, 0x00, 0x00, 0x00, 0x0e, 0x10, 0x00, 0x00, 0x00,
  0x10, 0x20, 0x80, 0x03, 0x20, 0x0a, 0x00, 0x20, 0x00, 0x07, 0x8d, 0x1e,
  0x00, 0x00, 0x00, 0x00, 0x10, 0x20, 0x80, 0x03, 0x22, 0x0a, 0x00, 0x20,
  0x80, 0x03, 0x8d, 0x1e, 0x00, 0x00, 0x00, 0x00, 0x01, 0x00, 0x00, 0x00,
  0x4c, 0x16, 0xc4, 0x2f, 0x00, 0x00, 0x00, 0x00, 0x01, 0x00, 0x01, 0x00,
  0x10, 0x00, 0x80, 0x03, 0x22, 0x0a, 0x00, 0x20, 0x00, 0x06, 0x8d, 0x1e,
  0x00, 0x00, 0x00, 0x00, 0x01, 0x00, 0x00, 0x20, 0x00, 0x7e, 0x30, 0x00,
  0x02, 0x20, 0x81, 0x00, 0x4a, 0x12, 0xa0, 0x2f, 0xc4, 0x0f, 0x00, 0x16,
  0x00, 0x00, 0x00, 0x00, 0x10, 0x00, 0x81, 0x03, 0x22, 0x0a, 0x00, 0x20,
  0xc0, 0x03, 0x8d, 0x1e, 0x00, 0x00, 0x00, 0x00, 0x01, 0x20, 0x00, 0x20,
  0x00, 0x30, 0x7e, 0x00, 0x02, 0x20, 0x81, 0x00, 0x48, 0x12, 0x80, 0x2f,
  0xc4, 0x0f, 0x00, 0x16, 0x00, 0x00, 0x00, 0x00, 0x05, 0x20, 0x80, 0x02,
  0x42, 0x12, 0x00, 0x20, 0xa0, 0x0f, 0xb1, 0x12, 0x80, 0x0f, 0xb1, 0x00,
  0x22, 0x00, 0xb1, 0x00, 0x02, 0x0e, 0x00, 0x20, 0xc8, 0x00, 0x00, 0x00,
  0x40, 0x00, 0x00, 0x00, 0x01, 0x00, 0x80, 0x00, 0xe8, 0x3e, 0x80, 0x27,
  0x00, 0x00, 0x00, 0x00, 0x00, 0x00, 0x00, 0x00, 0x01, 0x20, 0x80, 0x00,
  0xe8, 0x3e, 0x40, 0x27, 0x00, 0x00, 0x00, 0x00, 0x00, 0x00, 0x00, 0x00,
  0x24, 0x00, 0xa0, 0x00, 0x00, 0x0e, 0x00, 0x20, 0x98, 0x00, 0x00, 0x00,
  0x98, 0x00, 0x00, 0x00, 0x41, 0x96, 0x5d, 0x20, 0x07, 0x7c, 0x2e, 0x0a,
  0x41, 0x20, 0x80, 0x00, 0x28, 0x0a, 0x40, 0x2f, 0x80, 0x05, 0x8d, 0x0a,
  0x48, 0x01, 0x00, 0x00, 0x40, 0x96, 0x01, 0x20, 0xe7, 0x7c, 0x7c, 0x36,
  0x40, 0x20, 0x80, 0x00, 0x28, 0x0a, 0x40, 0x2f, 0x40, 0x0f, 0x8d, 0x0a,
  0xc0, 0x08, 0x8d, 0x00, 0x09, 0x00, 0x80, 0x00, 0x28, 0x0a, 0x80, 0x2f,
  0x80, 0x0f, 0x8d, 0x1e, 0x02, 0x00, 0x02, 0x00, 0x09, 0x20, 0x80, 0x00,
  0x28, 0x0a, 0x40, 0x2f, 0x40, 0x0f, 0x8d, 0x1e, 0x02, 0x00, 0x02, 0x00,
  0x40, 0x96, 0x2d, 0x20, 0x07, 0x7c, 0x7c, 0x0b, 0x40, 0x20, 0x80, 0x00,
  0x28, 0x0a, 0x40, 0x2f, 0x40, 0x0f, 0x8d, 0x0a, 0x64, 0x01, 0x00, 0x00,
  0x31, 0x00, 0x80, 0x0c, 0x68, 0x02, 0x80, 0x27, 0x80, 0x0f, 0x00, 0x06,
  0x01, 0x5e, 0x20, 0x04, 0x31, 0x20, 0x80, 0x0c, 0x68, 0x02, 0x40, 0x27,
  0x40, 0x0f, 0x00, 0x06, 0x01, 0x5e, 0x20, 0x04, 0x25, 0x00, 0xa0, 0x00,
  0x00, 0x00, 0x00, 0x20, 0x00, 0x00, 0x00, 0x0e, 0x10, 0x00, 0x00, 0x00,
  0x10, 0x20, 0x80, 0x03, 0x22, 0x0a, 0x00, 0x20, 0x80, 0x04, 0x8d, 0x1e,
  0x00, 0x00, 0x00, 0x00, 0x10, 0x20, 0x80, 0x03, 0x20, 0x0a, 0x00, 0x20,
  0x00, 0x03, 0x8d, 0x1e, 0x00, 0x00, 0x00, 0x00, 0x01, 0x00, 0x00, 0x00,
  0x4c, 0x16, 0xc4, 0x2f, 0x00, 0x00, 0x00, 0x00, 0x01, 0x00, 0x01, 0x00,
  0x10, 0x00, 0x80, 0x03, 0x20, 0x0a, 0x00, 0x20, 0xc0, 0x04, 0x8d, 0x1e,
  0x00, 0x00, 0x00, 0x00, 0x01, 0x00, 0x00, 0x20, 0x00, 0x7e, 0x31, 0x00,
  0x02, 0x20, 0x81, 0x00, 0x48, 0x12, 0xa0, 0x2f, 0xc4, 0x0f, 0x00, 0x16,
  0x00, 0x00, 0x00, 0x00, 0x10, 0x00, 0x81, 0x03, 0x20, 0x0a, 0x00, 0x20,
  0x40, 0x03, 0x8d, 0x1e, 0x00, 0x00, 0x00, 0x00, 0x01, 0x20, 0x00, 0x20,
  0x00, 0x31, 0x7e, 0x00, 0x02, 0x20, 0x81, 0x00, 0x4a, 0x12, 0x80, 0x2f,
  0xc4, 0x0f, 0x00, 0x16, 0x00, 0x00, 0x00, 0x00, 0x05, 0x20, 0x80, 0x02,
  0x40, 0x12, 0x00, 0x20, 0xa0, 0x0f, 0xb1, 0x12, 0x80, 0x0f, 0xb1, 0x00,
  0x22, 0x00, 0xb1, 0x00, 0x00, 0x0e, 0x00, 0x20, 0xc8, 0x00, 0x00, 0x00,
  0x40, 0x00, 0x00, 0x00, 0x01, 0x00, 0x80, 0x00, 0xe8, 0x3e, 0x80, 0x26,
  0x00, 0x00, 0x00, 0x00, 0x00, 0x00, 0x00, 0x00, 0x01, 0x20, 0x80, 0x00,
  0xe8, 0x3e, 0x40, 0x26, 0x00, 0x00, 0x00, 0x00, 0x00, 0x00, 0x00, 0x00,
  0x24, 0x00, 0xa0, 0x00, 0x00, 0x0e, 0x00, 0x20, 0x98, 0x00, 0x00, 0x00,
  0x98, 0x00, 0x00, 0x00, 0x41, 0x96, 0x5d, 0x20, 0x07, 0x7c, 0x2a, 0x0a,
  0x41, 0x20, 0x80, 0x00, 0x28, 0x0a, 0x40, 0x2f, 0xc0, 0x00, 0x8d, 0x0a,
  0x48, 0x01, 0x00, 0x00, 0x40, 0x96, 0x01, 0x20, 0xe7, 0x7c, 0x7c, 0x22,
  0x40, 0x20, 0x80, 0x00, 0x28, 0x0a, 0x40, 0x2f, 0x40, 0x0f, 0x8d, 0x0a,
  0xc0, 0x02, 0x8d, 0x00, 0x09, 0x00, 0x80, 0x00, 0x28, 0x0a, 0x80, 0x2f,
  0x80, 0x0f, 0x8d, 0x1e, 0x02, 0x00, 0x02, 0x00, 0x09, 0x20, 0x80, 0x00,
  0x28, 0x0a, 0x40, 0x2f, 0x40, 0x0f, 0x8d, 0x1e, 0x02, 0x00, 0x02, 0x00,
  0x40, 0x96, 0x2d, 0x20, 0x07, 0x7c, 0x7c, 0x0b, 0x40, 0x20, 0x80, 0x00,
  0x28, 0x0a, 0x40, 0x2f, 0x40, 0x0f, 0x8d, 0x0a, 0x64, 0x01, 0x00, 0x00,
  0x31, 0x00, 0x80, 0x0c, 0x68, 0x02, 0x80, 0x26, 0x80, 0x0f, 0x00, 0x06,
  0x01, 0x5e, 0x20, 0x04, 0x31, 0x20, 0x80, 0x0c, 0x68, 0x02, 0x40, 0x26,
  0x40, 0x0f, 0x00, 0x06, 0x01, 0x5e, 0x20, 0x04, 0x25, 0x00, 0xa0, 0x00,
  0x00, 0x00, 0x00, 0x20, 0x00, 0x00, 0x00, 0x0e, 0x10, 0x00, 0x00, 0x00,
  0x10, 0x20, 0x80, 0x03, 0x20, 0x0a, 0x00, 0x20, 0x00, 0x07, 0x8d, 0x1e,
  0x00, 0x00, 0x00, 0x00, 0x10, 0x20, 0x80, 0x03, 0x22, 0x0a, 0x00, 0x20,
  0x00, 0x03, 0x8d, 0x1e, 0x00, 0x00, 0x00, 0x00, 0x01, 0x00, 0x00, 0x00,
  0x4c, 0x16, 0xc4, 0x2f, 0x00, 0x00, 0x00, 0x00, 0x01, 0x00, 0x01, 0x00,
  0x10, 0x00, 0x80, 0x03, 0x22, 0x0a, 0x00, 0x20, 0x00, 0x06, 0x8d, 0x1e,
  0x00, 0x00, 0x00, 0x00, 0x01, 0x00, 0x00, 0x20, 0x00, 0x7e, 0x30, 0x00,
  0x02, 0x20, 0x81, 0x00, 0x4a, 0x12, 0xa0, 0x2f, 0xc4, 0x0f, 0x00, 0x16,
  0x00, 0x00, 0x00, 0x00, 0x10, 0x00, 0x81, 0x03, 0x22, 0x0a, 0x00, 0x20,
  0x40, 0x03, 0x8d, 0x1e, 0x00, 0x00, 0x00, 0x00, 0x01, 0x20, 0x00, 0x20,
  0x00, 0x30, 0x7e, 0x00, 0x02, 0x20, 0x81, 0x00, 0x48, 0x12, 0x80, 0x2f,
  0xc4, 0x0f, 0x00, 0x16, 0x00, 0x00, 0x00, 0x00, 0x05, 0x20, 0x80, 0x02,
  0x42, 0x12, 0x00, 0x20, 0xa0, 0x0f, 0xb1, 0x12, 0x80, 0x0f, 0xb1, 0x00,
  0x22, 0x00, 0xb1, 0x00, 0x02, 0x0e, 0x00, 0x20, 0xc8, 0x00, 0x00, 0x00,
  0x40, 0x00, 0x00, 0x00, 0x01, 0x00, 0x80, 0x00, 0xe8, 0x3e, 0x40, 0x23,
  0x00, 0x00, 0x00, 0x00, 0x00, 0x00, 0x00, 0x00, 0x01, 0x20, 0x80, 0x00,
  0xe8, 0x3e, 0x00, 0x23, 0x00, 0x00, 0x00, 0x00, 0x00, 0x00, 0x00, 0x00,
  0x24, 0x00, 0xa0, 0x00, 0x00, 0x0e, 0x00, 0x20, 0x98, 0x00, 0x00, 0x00,
  0x98, 0x00, 0x00, 0x00, 0x41, 0x96, 0x5d, 0x20, 0x07, 0x7c, 0x2a, 0x0a,
  0x41, 0x20, 0x80, 0x00, 0x28, 0x0a, 0x40, 0x2f, 0xc0, 0x00, 0x8d, 0x0a,
  0x48, 0x01, 0x00, 0x00, 0x40, 0x96, 0x01, 0x20, 0xe7, 0x7c, 0x7c, 0x36,
  0x40, 0x20, 0x80, 0x00, 0x28, 0x0a, 0x40, 0x2f, 0x40, 0x0f, 0x8d, 0x0a,
  0xc0, 0x08, 0x8d, 0x00, 0x09, 0x00, 0x80, 0x00, 0x28, 0x0a, 0x80, 0x2f,
  0x80, 0x0f, 0x8d, 0x1e, 0x02, 0x00, 0x02, 0x00, 0x09, 0x20, 0x80, 0x00,
  0x28, 0x0a, 0x40, 0x2f, 0x40, 0x0f, 0x8d, 0x1e, 0x02, 0x00, 0x02, 0x00,
  0x40, 0x96, 0x2d, 0x20, 0x07, 0x7c, 0x7c, 0x0b, 0x40, 0x20, 0x80, 0x00,
  0x28, 0x0a, 0x40, 0x2f, 0x40, 0x0f, 0x8d, 0x0a, 0x64, 0x01, 0x00, 0x00,
  0x31, 0x00, 0x80, 0x0c, 0x68, 0x02, 0x40, 0x23, 0x80, 0x0f, 0x00, 0x06,
  0x01, 0x5e, 0x20, 0x04, 0x31, 0x20, 0x80, 0x0c, 0x68, 0x02, 0x00, 0x23,
  0x40, 0x0f, 0x00, 0x06, 0x01, 0x5e, 0x20, 0x04, 0x25, 0x00, 0xa0, 0x00,
  0x00, 0x00, 0x00, 0x20, 0x00, 0x00, 0x00, 0x0e, 0x10, 0x00, 0x00, 0x00,
  0x40, 0x56, 0x02, 0x20, 0xf7, 0x7c, 0x44, 0x3c, 0x40, 0x20, 0x80, 0x00,
  0xe8, 0x3a, 0x40, 0x2f, 0xc0, 0x07, 0x8d, 0x3a, 0x40, 0x47, 0x8d, 0x00,
  0x10, 0x20, 0x80, 0x03, 0x22, 0x0a, 0x00, 0x20, 0x80, 0x04, 0x8d, 0x1e,
  0x00, 0x00, 0x00, 0x00, 0x40, 0x00, 0x80, 0x00, 0x28, 0x0a, 0xc0, 0x27,
  0x80, 0x02, 0x8d, 0x1e, 0xa8, 0x00, 0xa8, 0x00, 0x40, 0x56, 0x02, 0x20,
  0xf7, 0x7c, 0x7c, 0x34, 0x40, 0x20, 0x80, 0x00, 0xe8, 0x3a, 0x40, 0x2f,
  0x40, 0x0f, 0x8d, 0x3a, 0x40, 0x46, 0x8d, 0x00, 0x02, 0x20, 0x80, 0x05,
  0x28, 0x0a, 0xc0, 0x20, 0x80, 0x01, 0x8d, 0x0a, 0x00, 0x01, 0x00, 0x00,
  0x01, 0x00, 0x00, 0x20, 0x00, 0x7e, 0x31, 0x00, 0x40, 0x56, 0x02, 0x20,
  0xe7, 0x7c, 0x7c, 0x1a, 0x40, 0x20, 0x80, 0x00, 0xe8, 0x3a, 0x40, 0x2f,
  0x40, 0x0f, 0x8d, 0x3a, 0x00, 0x03, 0x8d, 0x00, 0x40, 0x20, 0x80, 0x00,
  0x28, 0x0a, 0x80, 0x28, 0x40, 0x02, 0x8d, 0x1e, 0xa8, 0x00, 0xa8, 0x00,
  0x40, 0x96, 0x65, 0x20, 0x07, 0x78, 0x10, 0x08, 0x02, 0x96, 0x03, 0x24,
  0x07, 0x7c, 0x7c, 0x00, 0x02, 0x20, 0x80, 0x04, 0xe8, 0x3a, 0x40, 0x2f,
  0x40, 0x0f, 0x8d, 0x3e, 0x00, 0x00, 0x00, 0x00, 0x01, 0x00, 0x00, 0x00,
  0x4c, 0x16, 0xc4, 0x2f, 0x00, 0x00, 0x00, 0x00, 0x01, 0x00, 0x01, 0x00,
  0x10, 0x20, 0x80, 0x03, 0x20, 0x0a, 0x00, 0x20, 0xc0, 0x00, 0x8d, 0x1e,
  0x00, 0x00, 0x00, 0x00, 0x40, 0x56, 0x02, 0x20, 0xf7, 0x7c, 0x5a, 0x7c,
  0x40, 0x20, 0x80, 0x00, 0xe8, 0x3a, 0x40, 0x2f, 0x00, 0x0b, 0x8d, 0x3a,
  0x40, 0x4f, 0x8d, 0x00, 0x01, 0x20, 0x00, 0x20, 0x00, 0x31, 0x7e, 0x00,
  0x40, 0x20, 0x80, 0x00, 0x28, 0x0a, 0xc0, 0x2e, 0x80, 0x01, 0x8d, 0x0a,
  0x0c, 0x01, 0x00, 0x00, 0x41, 0x56, 0x02, 0x20, 0xe7, 0x7c, 0x56, 0x7c,
  0x41, 0x20, 0x80, 0x00, 0xe8, 0x3a, 0x40, 0x2f, 0x80, 0x0a, 0x8d, 0x3a,
  0x40, 0x0f, 0x8d, 0x00, 0x02, 0x96, 0x01, 0x25, 0x07, 0x0c, 0x78, 0x08,
  0x10, 0x00, 0x80, 0x03, 0x20, 0x0a, 0x00, 0x20, 0xc0, 0x04, 0x8d, 0x1e,
  0x00, 0x00, 0x00, 0x00, 0x33, 0x00, 0x80, 0x0c, 0x70, 0xc0, 0x07, 0x00,
  0xc2, 0x07, 0x00, 0x00, 0xfe, 0x5e, 0x02, 0x04, 0x40, 0x96, 0x01, 0x20,
  0x07, 0x7c, 0x04, 0x0a, 0x33, 0x20, 0x80, 0x0c, 0x70, 0xa0, 0x07, 0x00,
  0x82, 0x08, 0x00, 0x00, 0xfe, 0x5e, 0x02, 0x04, 0x40, 0x20, 0x80, 0x00,
  0x28, 0x0a, 0x40, 0x2f, 0x00, 0x05, 0x8d, 0x0a, 0x40, 0x01, 0x00, 0x00,
  0x02, 0x96, 0x01, 0x25, 0x07, 0x18, 0x10, 0x08, 0x02, 0x96, 0x2d, 0x25,
  0x07, 0x28, 0x7c, 0x08, 0x02, 0x20, 0x81, 0x00, 0x48, 0x12, 0x20, 0x2f,
  0xc4, 0x0f, 0x00, 0x16, 0x00, 0x00, 0x00, 0x00, 0x02, 0x20, 0x81, 0x00,
  0x4a, 0x12, 0xa0, 0x2f, 0xc4, 0x0f, 0x00, 0x16, 0x00, 0x00, 0x00, 0x00,
  0x02, 0x20, 0x80, 0x05, 0x28, 0x0a, 0x00, 0x26, 0xc0, 0x0e, 0x8d, 0x0a,
  0x00, 0x01, 0x00, 0x00, 0x02, 0x20, 0x80, 0x05, 0x28, 0x0a, 0x40, 0x23,
  0x40, 0x0f, 0x8d, 0x0a, 0x04, 0x01, 0x00, 0x00, 0x10, 0x00, 0x81, 0x03,
  0x20, 0x0a, 0x00, 0x20, 0x00, 0x03, 0x8d, 0x1e, 0x00, 0x00, 0x00, 0x00,
  0x05, 0x20, 0x80, 0x02, 0x40, 0x12, 0x00, 0x20, 0x20, 0x0f, 0xb1, 0x12,
  0xa0, 0x0f, 0xb1, 0x00, 0x40, 0x20, 0x80, 0x00, 0x28, 0x0a, 0x80, 0x27,
  0xc0, 0x00, 0x8d, 0x1e, 0xff, 0xff, 0xff, 0xff, 0x40, 0x00, 0x80, 0x00,
  0x28, 0x0a, 0x40, 0x25, 0x80, 0x01, 0x8d, 0x1e, 0xff, 0xff, 0xff, 0xff,
  0x40, 0x00, 0x80, 0x00, 0x28, 0x0a, 0x00, 0x27, 0x00, 0x03, 0x8d, 0x1e,
  0xff, 0xff, 0xff, 0xff, 0x40, 0x00, 0x80, 0x00, 0x28, 0x0a, 0x00, 0x22,
  0x00, 0x05, 0x8d, 0x1e, 0xff, 0xff, 0xff, 0xff, 0x40, 0x20, 0x80, 0x00,
  0x28, 0x0a, 0x40, 0x27, 0x00, 0x06, 0x8d, 0x1e, 0xff, 0xff, 0xff, 0xff,
  0x40, 0x20, 0x80, 0x00, 0x28, 0x0a, 0x80, 0x20, 0x40, 0x03, 0x8d, 0x1e,
  0xff, 0xff, 0xff, 0xff, 0x22, 0x00, 0xb1, 0x00, 0x00, 0x0e, 0x00, 0x20,
  0xc8, 0x00, 0x00, 0x00, 0x40, 0x00, 0x00, 0x00, 0x01, 0x00, 0x80, 0x00,
  0xe8, 0x3e, 0x80, 0x26, 0x00, 0x00, 0x00, 0x00, 0x00, 0x00, 0x00, 0x00,
  0x01, 0x20, 0x80, 0x00, 0xe8, 0x3e, 0x40, 0x26, 0x00, 0x00, 0x00, 0x00,
  0x00, 0x00, 0x00, 0x00, 0x24, 0x00, 0xa0, 0x00, 0x00, 0x0e, 0x00, 0x20,
  0x98, 0x00, 0x00, 0x00, 0x98, 0x00, 0x00, 0x00, 0x41, 0x96, 0x5d, 0x20,
  0x07, 0x7c, 0x38, 0x0a, 0x41, 0x20, 0x80, 0x00, 0x28, 0x0a, 0x40, 0x2f,
  0x80, 0x07, 0x8d, 0x0a, 0x48, 0x01, 0x00, 0x00, 0x40, 0x96, 0x01, 0x20,
  0xe7, 0x7c, 0x7c, 0x22, 0x40, 0x20, 0x80, 0x00, 0x28, 0x0a, 0x40, 0x2f,
  0x40, 0x0f, 0x8d, 0x0a, 0xc0, 0x02, 0x8d, 0x00, 0x09, 0x00, 0x80, 0x00,
  0x28, 0x0a, 0x80, 0x2f, 0x80, 0x0f, 0x8d, 0x1e, 0x02, 0x00, 0x02, 0x00,
  0x09, 0x20, 0x80, 0x00, 0x28, 0x0a, 0x40, 0x2f, 0x40, 0x0f, 0x8d, 0x1e,
  0x02, 0x00, 0x02, 0x00, 0x40, 0x96, 0x2d, 0x20, 0x07, 0x7c, 0x7c, 0x0b,
  0x40, 0x20, 0x80, 0x00, 0x28, 0x0a, 0x40, 0x2f, 0x40, 0x0f, 0x8d, 0x0a,
  0x64, 0x01, 0x00, 0x00, 0x31, 0x00, 0x80, 0x0c, 0x68, 0x02, 0x80, 0x26,
  0x80, 0x0f, 0x00, 0x06, 0x01, 0x5e, 0x20, 0x04, 0x31, 0x20, 0x80, 0x0c,
  0x68, 0x02, 0x40, 0x26, 0x40, 0x0f, 0x00, 0x06, 0x01, 0x5e, 0x20, 0x04,
  0x25, 0x00, 0xa0, 0x00, 0x00, 0x00, 0x00, 0x20, 0x00, 0x00, 0x00, 0x0e,
  0x10, 0x00, 0x00, 0x00, 0x10, 0x20, 0x80, 0x03, 0x20, 0x0a, 0x00, 0x20,
  0x40, 0x03, 0x8d, 0x1e, 0x00, 0x00, 0x00, 0x00, 0x10, 0x20, 0x80, 0x03,
  0x22, 0x0a, 0x00, 0x20, 0xc0, 0x00, 0x8d, 0x1e, 0x00, 0x00, 0x00, 0x00,
  0x01, 0x00, 0x00, 0x00, 0x4c, 0x16, 0xc4, 0x2f, 0x00, 0x00, 0x00, 0x00,
  0x01, 0x00, 0x01, 0x00, 0x10, 0x00, 0x80, 0x03, 0x22, 0x0a, 0x00, 0x20,
  0x00, 0x05, 0x8d, 0x1e, 0x00, 0x00, 0x00, 0x00, 0x01, 0x00, 0x00, 0x20,
  0x00, 0x7e, 0x30, 0x00, 0x02, 0x20, 0x81, 0x00, 0x4a, 0x12, 0xa0, 0x2f,
  0xc4, 0x0f, 0x00, 0x16, 0x00, 0x00, 0x00, 0x00, 0x10, 0x00, 0x81, 0x03,
  0x22, 0x0a, 0x00, 0x20, 0x00, 0x03, 0x8d, 0x1e, 0x00, 0x00, 0x00, 0x00,
  0x01, 0x20, 0x00, 0x20, 0x00, 0x30, 0x7e, 0x00, 0x02, 0x20, 0x81, 0x00,
  0x48, 0x12, 0x80, 0x2f, 0xc4, 0x0f, 0x00, 0x16, 0x00, 0x00, 0x00, 0x00,
  0x05, 0x20, 0x80, 0x02, 0x42, 0x12, 0x00, 0x20, 0xa0, 0x0f, 0xb1, 0x12,
  0x80, 0x0f, 0xb1, 0x00, 0x22, 0x00, 0xb1, 0x00, 0x02, 0x0e, 0x00, 0x20,
  0xc8, 0x00, 0x00, 0x00, 0x40, 0x00, 0x00, 0x00, 0x01, 0x00, 0x80, 0x00,
  0xe8, 0x3e, 0x00, 0x27, 0x00, 0x00, 0x00, 0x00, 0x00, 0x00, 0x00, 0x00,
  0x01, 0x20, 0x80, 0x00, 0xe8, 0x3e, 0xc0, 0x26, 0x00, 0x00, 0x00, 0x00,
  0x00, 0x00, 0x00, 0x00, 0x24, 0x00, 0xa0, 0x00, 0x00, 0x0e, 0x00, 0x20,
  0x98, 0x00, 0x00, 0x00, 0x98, 0x00, 0x00, 0x00, 0x41, 0x96, 0x5d, 0x20,
  0x07, 0x7c, 0x38, 0x0a, 0x41, 0x20, 0x80, 0x00, 0x28, 0x0a, 0x40, 0x2f,
  0x80, 0x07, 0x8d, 0x0a, 0x48, 0x01, 0x00, 0x00, 0x40, 0x96, 0x01, 0x20,
  0xe7, 0x7c, 0x7c, 0x10, 0x40, 0x20, 0x80, 0x00, 0x28, 0x0a, 0x40, 0x2f,
  0x40, 0x0f, 0x8d, 0x0a, 0x80, 0x00, 0x8d, 0x00, 0x09, 0x00, 0x80, 0x00,
  0x28, 0x0a, 0x80, 0x2f, 0x80, 0x0f, 0x8d, 0x1e, 0x02, 0x00, 0x02, 0x00,
  0x09, 0x20, 0x80, 0x00, 0x28, 0x0a, 0x40, 0x2f, 0x40, 0x0f, 0x8d, 0x1e,
  0x02, 0x00, 0x02, 0x00, 0x40, 0x96, 0x2d, 0x20, 0x07, 0x7c, 0x7c, 0x0b,
  0x40, 0x20, 0x80, 0x00, 0x28, 0x0a, 0x40, 0x2f, 0x40, 0x0f, 0x8d, 0x0a,
  0x64, 0x01, 0x00, 0x00, 0x31, 0x00, 0x80, 0x0c, 0x68, 0x02, 0x00, 0x27,
  0x80, 0x0f, 0x00, 0x06, 0x01, 0x5e, 0x20, 0x04, 0x31, 0x20, 0x80, 0x0c,
  0x68, 0x02, 0xc0, 0x26, 0x40, 0x0f, 0x00, 0x06, 0x01, 0x5e, 0x20, 0x04,
  0x25, 0x00, 0xa0, 0x00, 0x00, 0x00, 0x00, 0x20, 0x00, 0x00, 0x00, 0x0e,
  0x10, 0x00, 0x00, 0x00, 0x10, 0x20, 0x80, 0x03, 0x22, 0x0a, 0x00, 0x20,
  0x80, 0x04, 0x8d, 0x1e, 0x00, 0x00, 0x00, 0x00, 0x10, 0x20, 0x80, 0x03,
  0x20, 0x0a, 0x00, 0x20, 0x00, 0x06, 0x8d, 0x1e, 0x00, 0x00, 0x00, 0x00,
  0x01, 0x00, 0x00, 0x00, 0x4c, 0x16, 0xc4, 0x2f, 0x00, 0x00, 0x00, 0x00,
  0x01, 0x00, 0x01, 0x00, 0x10, 0x00, 0x80, 0x03, 0x20, 0x0a, 0x00, 0x20,
  0xc0, 0x04, 0x8d, 0x1e, 0x00, 0x00, 0x00, 0x00, 0x01, 0x00, 0x00, 0x20,
  0x00, 0x7e, 0x31, 0x00, 0x02, 0x20, 0x81, 0x00, 0x48, 0x12, 0xa0, 0x2f,
  0xc4, 0x0f, 0x00, 0x16, 0x00, 0x00, 0x00, 0x00, 0x10, 0x00, 0x81, 0x03,
  0x20, 0x0a, 0x00, 0x20, 0x80, 0x01, 0x8d, 0x1e, 0x00, 0x00, 0x00, 0x00,
  0x01, 0x20, 0x00, 0x20, 0x00, 0x31, 0x7e, 0x00, 0x02, 0x20, 0x81, 0x00,
  0x4a, 0x12, 0x80, 0x2f, 0xc4, 0x0f, 0x00, 0x16, 0x00, 0x00, 0x00, 0x00,
  0x05, 0x20, 0x80, 0x02, 0x40, 0x12, 0x00, 0x20, 0xa0, 0x0f, 0xb1, 0x12,
  0x80, 0x0f, 0xb1, 0x00, 0x22, 0x00, 0xb1, 0x00, 0x00, 0x0e, 0x00, 0x20,
  0xc8, 0x00, 0x00, 0x00, 0x40, 0x00, 0x00, 0x00, 0x01, 0x00, 0x80, 0x00,
  0xe8, 0x3e, 0x00, 0x23, 0x00, 0x00, 0x00, 0x00, 0x00, 0x00, 0x00, 0x00,
  0x01, 0x20, 0x80, 0x00, 0xe8, 0x3e, 0xc0, 0x20, 0x00, 0x00, 0x00, 0x00,
  0x00, 0x00, 0x00, 0x00, 0x24, 0x00, 0xa0, 0x00, 0x00, 0x0e, 0x00, 0x20,
  0x98, 0x00, 0x00, 0x00, 0x98, 0x00, 0x00, 0x00, 0x41, 0x96, 0x5d, 0x20,
  0x07, 0x7c, 0x2a, 0x0a, 0x41, 0x20, 0x80, 0x00, 0x28, 0x0a, 0x40, 0x2f,
  0x40, 0x07, 0x8d, 0x0a, 0x48, 0x01, 0x00, 0x00, 0x40, 0x96, 0x01, 0x20,
  0xe7, 0x7c, 0x7c, 0x22, 0x40, 0x20, 0x80, 0x00, 0x28, 0x0a, 0x40, 0x2f,
  0x40, 0x0f, 0x8d, 0x0a, 0xc0, 0x02, 0x8d, 0x00, 0x09, 0x00, 0x80, 0x00,
  0x28, 0x0a, 0x80, 0x2f, 0x80, 0x0f, 0x8d, 0x1e, 0x02, 0x00, 0x02, 0x00,
  0x09, 0x20, 0x80, 0x00, 0x28, 0x0a, 0x40, 0x2f, 0x40, 0x0f, 0x8d, 0x1e,
  0x02, 0x00, 0x02, 0x00, 0x40, 0x96, 0x2d, 0x20, 0x07, 0x7c, 0x7c, 0x0b,
  0x40, 0x20, 0x80, 0x00, 0x28, 0x0a, 0x40, 0x2f, 0x40, 0x0f, 0x8d, 0x0a,
  0x64, 0x01, 0x00, 0x00, 0x31, 0x00, 0x80, 0x0c, 0x68, 0x02, 0x00, 0x23,
  0x80, 0x0f, 0x00, 0x06, 0x01, 0x5e, 0x20, 0x04, 0x31, 0x20, 0x80, 0x0c,
  0x68, 0x02, 0xc0, 0x20, 0x40, 0x0f, 0x00, 0x06, 0x01, 0x5e, 0x20, 0x04,
  0x25, 0x00, 0xa0, 0x00, 0x00, 0x00, 0x00, 0x20, 0x00, 0x00, 0x00, 0x0e,
  0x10, 0x00, 0x00, 0x00, 0x10, 0x20, 0x80, 0x03, 0x20, 0x0a, 0x00, 0x20,
  0x40, 0x03, 0x8d, 0x1e, 0x00, 0x00, 0x00, 0x00, 0x10, 0x20, 0x80, 0x03,
  0x22, 0x0a, 0x00, 0x20, 0x00, 0x06, 0x8d, 0x1e, 0x00, 0x00, 0x00, 0x00,
  0x01, 0x00, 0x00, 0x00, 0x4c, 0x16, 0xc4, 0x2f, 0x00, 0x00, 0x00, 0x00,
  0x01, 0x00, 0x01, 0x00, 0x10, 0x00, 0x80, 0x03, 0x22, 0x0a, 0x00, 0x20,
  0x00, 0x05, 0x8d, 0x1e, 0x00, 0x00, 0x00, 0x00, 0x01, 0x00, 0x00, 0x20,
  0x00, 0x7e, 0x30, 0x00, 0x02, 0x20, 0x81, 0x00, 0x4a, 0x12, 0xa0, 0x2f,
  0xc4, 0x0f, 0x00, 0x16, 0x00, 0x00, 0x00, 0x00, 0x10, 0x00, 0x81, 0x03,
  0x22, 0x0a, 0x00, 0x20, 0x80, 0x01, 0x8d, 0x1e, 0x00, 0x00, 0x00, 0x00,
  0x01, 0x20, 0x00, 0x20, 0x00, 0x30, 0x7e, 0x00, 0x02, 0x20, 0x81, 0x00,
  0x48, 0x12, 0x80, 0x2f, 0xc4, 0x0f, 0x00, 0x16, 0x00, 0x00, 0x00, 0x00,
  0x05, 0x20, 0x80, 0x02, 0x42, 0x12, 0x00, 0x20, 0xa0, 0x0f, 0xb1, 0x12,
  0x80, 0x0f, 0xb1, 0x00, 0x22, 0x00, 0xb1, 0x00, 0x02, 0x0e, 0x00, 0x20,
  0xc8, 0x00, 0x00, 0x00, 0x40, 0x00, 0x00, 0x00, 0x01, 0x00, 0x80, 0x00,
  0xe8, 0x3e, 0x40, 0x25, 0x00, 0x00, 0x00, 0x00, 0x00, 0x00, 0x00, 0x00,
  0x01, 0x20, 0x80, 0x00, 0xe8, 0x3e, 0x80, 0x21, 0x00, 0x00, 0x00, 0x00,
  0x00, 0x00, 0x00, 0x00, 0x24, 0x00, 0xa0, 0x00, 0x00, 0x0e, 0x00, 0x20,
  0x98, 0x00, 0x00, 0x00, 0x98, 0x00, 0x00, 0x00, 0x41, 0x96, 0x5d, 0x20,
  0x07, 0x7c, 0x2a, 0x0a, 0x41, 0x20, 0x80, 0x00, 0x28, 0x0a, 0x40, 0x2f,
  0x40, 0x07, 0x8d, 0x0a, 0x48, 0x01, 0x00, 0x00, 0x40, 0x96, 0x01, 0x20,
  0xe7, 0x7c, 0x7c, 0x10, 0x40, 0x20, 0x80, 0x00, 0x28, 0x0a, 0x40, 0x2f,
  0x40, 0x0f, 0x8d, 0x0a, 0x80, 0x00, 0x8d, 0x00, 0x09, 0x00, 0x80, 0x00,
  0x28, 0x0a, 0x80, 0x2f, 0x80, 0x0f, 0x8d, 0x1e, 0x02, 0x00, 0x02, 0x00,
  0x09, 0x20, 0x80, 0x00, 0x28, 0x0a, 0x40, 0x2f, 0x40, 0x0f, 0x8d, 0x1e,
  0x02, 0x00, 0x02, 0x00, 0x40, 0x96, 0x2d, 0x20, 0x07, 0x7c, 0x7c, 0x0b,
  0x40, 0x20, 0x80, 0x00, 0x28, 0x0a, 0x40, 0x2f, 0x40, 0x0f, 0x8d, 0x0a,
  0x64, 0x01, 0x00, 0x00, 0x31, 0x00, 0x80, 0x0c, 0x68, 0x02, 0x40, 0x25,
  0x80, 0x0f, 0x00, 0x06, 0x01, 0x5e, 0x20, 0x04, 0x31, 0x20, 0x80, 0x0c,
  0x68, 0x02, 0x80, 0x21, 0x40, 0x0f, 0x00, 0x06, 0x01, 0x5e, 0x20, 0x04,
  0x25, 0x00, 0xa0, 0x00, 0x00, 0x00, 0x00, 0x20, 0x00, 0x00, 0x00, 0x0e,
  0x10, 0x00, 0x00, 0x00, 0x40, 0x56, 0x02, 0x20, 0xf7, 0x7c, 0x34, 0x38,
  0x40, 0x20, 0x80, 0x00, 0xe8, 0x3a, 0x40, 0x2f, 0x40, 0x06, 0x8d, 0x3a,
  0xc0, 0x46, 0x8d, 0x00, 0x40, 0x96, 0x65, 0x20, 0x07, 0x78, 0x20, 0x08,
  0x40, 0x20, 0x80, 0x00, 0x28, 0x0a, 0xc0, 0x2e, 0xc0, 0x01, 0x8d, 0x0a,
  0x0c, 0x01, 0x00, 0x00, 0x40, 0x56, 0x02, 0x20, 0xf7, 0x7c, 0x7c, 0x18,
  0x40, 0x20, 0x80, 0x00, 0xe8, 0x3a, 0x40, 0x2f, 0x40, 0x0f, 0x8d, 0x3a,
  0xc0, 0x40, 0x8d, 0x00, 0x02, 0x96, 0x01, 0x25, 0x07, 0x06, 0x78, 0x08,
  0x01, 0x00, 0x00, 0x00, 0x04, 0x02, 0x20, 0x26, 0x1c, 0x01, 0x00, 0x00,
  0x00, 0x00, 0x00, 0x00, 0x40, 0x56, 0x02, 0x20, 0xe7, 0x7c, 0x7c, 0x2a,
  0x40, 0x20, 0x80, 0x00, 0xe8, 0x3a, 0x40, 0x2f, 0x40, 0x0f, 0x8d, 0x3a,
  0x80, 0x01, 0x8d, 0x00, 0x02, 0x20, 0x80, 0x05, 0x28, 0x0a, 0x40, 0x25,
  0xc0, 0x0e, 0x8d, 0x0a, 0x00, 0x01, 0x00, 0x00, 0x40, 0x00, 0x80, 0x00,
  0x28, 0x0a, 0x00, 0x24, 0xc0, 0x00, 0x8d, 0x1e, 0xff, 0xff, 0xff, 0xff,
  0x02, 0x96, 0x03, 0x24, 0x07, 0x32, 0x7c, 0x00, 0x02, 0x20, 0x80, 0x04,
  0xe8, 0x3a, 0x00, 0x26, 0x40, 0x0f, 0x8d, 0x3e, 0x00, 0x00, 0x00, 0x00,
  0x40, 0x20, 0x80, 0x00, 0x28, 0x0a, 0x00, 0x23, 0x40, 0x05, 0x8d, 0x1e,
  0xff, 0xff, 0xff, 0xff, 0x22, 0x00, 0xb1, 0x00, 0x02, 0x0e, 0x00, 0x20,
  0xc8, 0x00, 0x00, 0x00, 0x40, 0x00, 0x00, 0x00, 0x01, 0x00, 0x80, 0x00,
  0xe8, 0x3e, 0xc0, 0x21, 0x00, 0x00, 0x00, 0x00, 0x00, 0x00, 0x00, 0x00,
  0x01, 0x20, 0x80, 0x00, 0xe8, 0x3e, 0x80, 0x21, 0x00, 0x00, 0x00, 0x00,
  0x00, 0x00, 0x00, 0x00, 0x24, 0x00, 0xa0, 0x00, 0x00, 0x0e, 0x00, 0x20,
  0x98, 0x00, 0x00, 0x00, 0x98, 0x00, 0x00, 0x00, 0x41, 0x96, 0x5d, 0x20,
  0x07, 0x7c, 0x2e, 0x0a, 0x41, 0x20, 0x80, 0x00, 0x28, 0x0a, 0x40, 0x2f,
  0x80, 0x05, 0x8d, 0x0a, 0x48, 0x01, 0x00, 0x00, 0x40, 0x96, 0x01, 0x20,
  0xe7, 0x7c, 0x7c, 0x22, 0x40, 0x20, 0x80, 0x00, 0x28, 0x0a, 0x40, 0x2f,
  0x40, 0x0f, 0x8d, 0x0a, 0xc0, 0x02, 0x8d, 0x00, 0x09, 0x00, 0x80, 0x00,
  0x28, 0x0a, 0x80, 0x2f, 0x80, 0x0f, 0x8d, 0x1e, 0x02, 0x00, 0x02, 0x00,
  0x09, 0x20, 0x80, 0x00, 0x28, 0x0a, 0x40, 0x2f, 0x40, 0x0f, 0x8d, 0x1e,
  0x02, 0x00, 0x02, 0x00, 0x40, 0x96, 0x2d, 0x20, 0x07, 0x7c, 0x7c, 0x0b,
  0x40, 0x20, 0x80, 0x00, 0x28, 0x0a, 0x40, 0x2f, 0x40, 0x0f, 0x8d, 0x0a,
  0x64, 0x01, 0x00, 0x00, 0x31, 0x00, 0x80, 0x0c, 0x68, 0x02, 0xc0, 0x21,
  0x80, 0x0f, 0x00, 0x06, 0x01, 0x5e, 0x20, 0x04, 0x31, 0x20, 0x80, 0x0c,
  0x68, 0x02, 0x80, 0x21, 0x40, 0x0f, 0x00, 0x06, 0x01, 0x5e, 0x20, 0x04,
  0x25, 0x00, 0xa0, 0x00, 0x00, 0x00, 0x00, 0x20, 0x00, 0x00, 0x00, 0x0e,
  0x10, 0x00, 0x00, 0x00, 0x10, 0x20, 0x80, 0x03, 0x20, 0x0a, 0x00, 0x20,
  0x40, 0x03, 0x8d, 0x1e, 0x00, 0x00, 0x00, 0x00, 0x10, 0x20, 0x80, 0x03,
  0x22, 0x0a, 0x00, 0x20, 0x80, 0x03, 0x8d, 0x1e, 0x00, 0x00, 0x00, 0x00,
  0x01, 0x00, 0x00, 0x00, 0x4c, 0x16, 0xc0, 0x2f, 0x00, 0x00, 0x00, 0x00,
  0x01, 0x00, 0x01, 0x00, 0x10, 0x00, 0x80, 0x03, 0x22, 0x0a, 0x00, 0x20,
  0x00, 0x05, 0x8d, 0x1e, 0x00, 0x00, 0x00, 0x00, 0x02, 0x20, 0x81, 0x00,
  0x4a, 0x12, 0xa0, 0x2f, 0xc0, 0x0f, 0x00, 0x16, 0x00, 0x00, 0x00, 0x00,
  0x02, 0x20, 0x81, 0x00, 0x48, 0x12, 0x80, 0x2f, 0xc0, 0x0f, 0x00, 0x16,
  0x00, 0x00, 0x00, 0x00, 0x10, 0x00, 0x81, 0x03, 0x22, 0x0a, 0x00, 0x20,
  0xc0, 0x03, 0x8d, 0x1e, 0x00, 0x00, 0x00, 0x00, 0x05, 0x20, 0x80, 0x02,
  0x42, 0x12, 0x00, 0x20, 0xa0, 0x0f, 0xb1, 0x12, 0x80, 0x0f, 0xb1, 0x00,
  0x22, 0x00, 0xb1, 0x00, 0x02, 0x0e, 0x00, 0x20, 0xc8, 0x00, 0x00, 0x00,
  0x40, 0x00, 0x00, 0x00, 0x01, 0x00, 0x80, 0x00, 0xe8, 0x3e, 0xc0, 0x23,
  0x00, 0x00, 0x00, 0x00, 0x00, 0x00, 0x00, 0x00, 0x01, 0x20, 0x80, 0x00,
  0xe8, 0x3e, 0x80, 0x23, 0x00, 0x00, 0x00, 0x00, 0x00, 0x00, 0x00, 0x00,
  0x24, 0x00, 0xa0, 0x00, 0x00, 0x0e, 0x00, 0x20, 0x98, 0x00, 0x00, 0x00,
  0x98, 0x00, 0x00, 0x00, 0x41, 0x96, 0x5d, 0x20, 0x07, 0x7c, 0x2e, 0x0a,
  0x41, 0x20, 0x80, 0x00, 0x28, 0x0a, 0x40, 0x2f, 0x80, 0x05, 0x8d, 0x0a,
  0x48, 0x01, 0x00, 0x00, 0x40, 0x96, 0x01, 0x20, 0xe7, 0x7c, 0x7c, 0x10,
  0x40, 0x20, 0x80, 0x00, 0x28, 0x0a, 0x40, 0x2f, 0x40, 0x0f, 0x8d, 0x0a,
  0x80, 0x00, 0x8d, 0x00, 0x09, 0x00, 0x80, 0x00, 0x28, 0x0a, 0x80, 0x2f,
  0x80, 0x0f, 0x8d, 0x1e, 0x02, 0x00, 0x02, 0x00, 0x09, 0x20, 0x80, 0x00,
  0x28, 0x0a, 0x40, 0x2f, 0x40, 0x0f, 0x8d, 0x1e, 0x02, 0x00, 0x02, 0x00,
  0x40, 0x96, 0x2d, 0x20, 0x07, 0x7c, 0x7c, 0x0b, 0x40, 0x20, 0x80, 0x00,
  0x28, 0x0a, 0x40, 0x2f, 0x40, 0x0f, 0x8d, 0x0a, 0x64, 0x01, 0x00, 0x00,
  0x31, 0x00, 0x80, 0x0c, 0x68, 0x02, 0xc0, 0x23, 0x80, 0x0f, 0x00, 0x06,
  0x01, 0x5e, 0x20, 0x04, 0x31, 0x20, 0x80, 0x0c, 0x68, 0x02, 0x80, 0x23,
  0x40, 0x0f, 0x00, 0x06, 0x01, 0x5e, 0x20, 0x04, 0x25, 0x00, 0xa0, 0x00,
  0x00, 0x00, 0x00, 0x20, 0x00, 0x00, 0x00, 0x0e, 0x10, 0x00, 0x00, 0x00,
  0x10, 0x20, 0x80, 0x03, 0x22, 0x0a, 0x00, 0x20, 0x80, 0x04, 0x8d, 0x1e,
  0x00, 0x00, 0x00, 0x00, 0x10, 0x20, 0x80, 0x03, 0x20, 0x0a, 0x00, 0x20,
  0x40, 0x05, 0x8d, 0x1e, 0x00, 0x00, 0x00, 0x00, 0x01, 0x00, 0x00, 0x00,
  0x4c, 0x16, 0xc0, 0x2f, 0x00, 0x00, 0x00, 0x00, 0x01, 0x00, 0x01, 0x00,
  0x10, 0x00, 0x80, 0x03, 0x20, 0x0a, 0x00, 0x20, 0xc0, 0x04, 0x8d, 0x1e,
  0x00, 0x00, 0x00, 0x00, 0x02, 0x20, 0x81, 0x00, 0x48, 0x12, 0xa0, 0x2f,
  0xc0, 0x0f, 0x00, 0x16, 0x00, 0x00, 0x00, 0x00, 0x02, 0x20, 0x81, 0x00,
  0x4a, 0x12, 0x80, 0x2f, 0xc0, 0x0f, 0x00, 0x16, 0x00, 0x00, 0x00, 0x00,
  0x10, 0x00, 0x81, 0x03, 0x20, 0x0a, 0x00, 0x20, 0xc0, 0x00, 0x8d, 0x1e,
  0x00, 0x00, 0x00, 0x00, 0x05, 0x20, 0x80, 0x02, 0x40, 0x12, 0x00, 0x20,
  0xa0, 0x0f, 0xb1, 0x12, 0x80, 0x0f, 0xb1, 0x00, 0x22, 0x00, 0xb1, 0x00,
  0x00, 0x0e, 0x00, 0x20, 0xc8, 0x00, 0x00, 0x00, 0x40, 0x00, 0x00, 0x00,
  0x01, 0x00, 0x80, 0x00, 0xe8, 0x3e, 0x40, 0x24, 0x00, 0x00, 0x00, 0x00,
  0x00, 0x00, 0x00, 0x00, 0x01, 0x20, 0x80, 0x00, 0xe8, 0x3e, 0x80, 0x24,
  0x00, 0x00, 0x00, 0x00, 0x00, 0x00, 0x00, 0x00, 0x24, 0x00, 0xa0, 0x00,
  0x00, 0x0e, 0x00, 0x20, 0x98, 0x00, 0x00, 0x00, 0x98, 0x00, 0x00, 0x00,
  0x41, 0x96, 0x5d, 0x20, 0x07, 0x7c, 0x20, 0x0a, 0x41, 0x20, 0x80, 0x00,
  0x28, 0x0a, 0x40, 0x2f, 0x00, 0x03, 0x8d, 0x0a, 0x48, 0x01, 0x00, 0x00,
  0x40, 0x96, 0x01, 0x20, 0xe7, 0x7c, 0x7c, 0x22, 0x40, 0x20, 0x80, 0x00,
  0x28, 0x0a, 0x40, 0x2f, 0x40, 0x0f, 0x8d, 0x0a, 0xc0, 0x02, 0x8d, 0x00,
  0x09, 0x00, 0x80, 0x00, 0x28, 0x0a, 0x80, 0x2f, 0x80, 0x0f, 0x8d, 0x1e,
  0x02, 0x00, 0x02, 0x00, 0x09, 0x20, 0x80, 0x00, 0x28, 0x0a, 0x40, 0x2f,
  0x40, 0x0f, 0x8d, 0x1e, 0x02, 0x00, 0x02, 0x00, 0x40, 0x96, 0x2d, 0x20,
  0x07, 0x7c, 0x7c, 0x0b, 0x40, 0x20, 0x80, 0x00, 0x28, 0x0a, 0x40, 0x2f,
  0x40, 0x0f, 0x8d, 0x0a, 0x64, 0x01, 0x00, 0x00, 0x31, 0x00, 0x80, 0x0c,
  0x68, 0x02, 0x40, 0x24, 0x80, 0x0f, 0x00, 0x06, 0x01, 0x5e, 0x20, 0x04,
  0x31, 0x20, 0x80, 0x0c, 0x68, 0x02, 0x80, 0x24, 0x40, 0x0f, 0x00, 0x06,
  0x01, 0x5e, 0x20, 0x04, 0x25, 0x00, 0xa0, 0x00, 0x00, 0x00, 0x00, 0x20,
  0x00, 0x00, 0x00, 0x0e, 0x10, 0x00, 0x00, 0x00, 0x10, 0x20, 0x80, 0x03,
  0x20, 0x0a, 0x00, 0x20, 0x40, 0x03, 0x8d, 0x1e, 0x00, 0x00, 0x00, 0x00,
  0x10, 0x20, 0x80, 0x03, 0x22, 0x0a, 0x00, 0x20, 0x40, 0x05, 0x8d, 0x1e,
  0x00, 0x00, 0x00, 0x00, 0x01, 0x00, 0x00, 0x00, 0x4c, 0x16, 0xc0, 0x2f,
  0x00, 0x00, 0x00, 0x00, 0x01, 0x00, 0x01, 0x00, 0x10, 0x00, 0x80, 0x03,
  0x22, 0x0a, 0x00, 0x20, 0x00, 0x05, 0x8d, 0x1e, 0x00, 0x00, 0x00, 0x00,
  0x02, 0x20, 0x81, 0x00, 0x4a, 0x12, 0xa0, 0x2f, 0xc0, 0x0f, 0x00, 0x16,
  0x00, 0x00, 0x00, 0x00, 0x02, 0x20, 0x81, 0x00, 0x48, 0x12, 0x80, 0x2f,
  0xc0, 0x0f, 0x00, 0x16, 0x00, 0x00, 0x00, 0x00, 0x10, 0x00, 0x81, 0x03,
  0x22, 0x0a, 0x00, 0x20, 0xc0, 0x00, 0x8d, 0x1e, 0x00, 0x00, 0x00, 0x00,
  0x05, 0x20, 0x80, 0x02, 0x42, 0x12, 0x00, 0x20, 0xa0, 0x0f, 0xb1, 0x12,
  0x80, 0x0f, 0xb1, 0x00, 0x22, 0x00, 0xb1, 0x00, 0x02, 0x0e, 0x00, 0x20,
  0xc8, 0x00, 0x00, 0x00, 0x40, 0x00, 0x00, 0x00, 0x01, 0x00, 0x80, 0x00,
  0xe8, 0x3e, 0x00, 0x22, 0x00, 0x00, 0x00, 0x00, 0x00, 0x00, 0x00, 0x00,
  0x01, 0x20, 0x80, 0x00, 0xe8, 0x3e, 0xc0, 0x20, 0x00, 0x00, 0x00, 0x00,
  0x00, 0x00, 0x00, 0x00, 0x24, 0x00, 0xa0, 0x00, 0x00, 0x0e, 0x00, 0x20,
  0x98, 0x00, 0x00, 0x00, 0x98, 0x00, 0x00, 0x00, 0x41, 0x96, 0x5d, 0x20,
  0x07, 0x7c, 0x20, 0x0a, 0x41, 0x20, 0x80, 0x00, 0x28, 0x0a, 0x40, 0x2f,
  0x00, 0x03, 0x8d, 0x0a, 0x48, 0x01, 0x00, 0x00, 0x40, 0x96, 0x01, 0x20,
  0xe7, 0x7c, 0x7c, 0x10, 0x40, 0x20, 0x80, 0x00, 0x28, 0x0a, 0x40, 0x2f,
  0x40, 0x0f, 0x8d, 0x0a, 0x80, 0x00, 0x8d, 0x00, 0x09, 0x00, 0x80, 0x00,
  0x28, 0x0a, 0x80, 0x2f, 0x80, 0x0f, 0x8d, 0x1e, 0x02, 0x00, 0x02, 0x00,
  0x09, 0x20, 0x80, 0x00, 0x28, 0x0a, 0x40, 0x2f, 0x40, 0x0f, 0x8d, 0x1e,
  0x02, 0x00, 0x02, 0x00, 0x40, 0x96, 0x2d, 0x20, 0x07, 0x7c, 0x7c, 0x0b,
  0x40, 0x20, 0x80, 0x00, 0x28, 0x0a, 0x40, 0x2f, 0x40, 0x0f, 0x8d, 0x0a,
  0x64, 0x01, 0x00, 0x00, 0x31, 0x00, 0x80, 0x0c, 0x68, 0x02, 0x00, 0x22,
  0x80, 0x0f, 0x00, 0x06, 0x01, 0x5e, 0x20, 0x04, 0x31, 0x20, 0x80, 0x0c,
  0x68, 0x02, 0xc0, 0x20, 0x40, 0x0f, 0x00, 0x06, 0x01, 0x5e, 0x20, 0x04,
  0x25, 0x00, 0xa0, 0x00, 0x00, 0x00, 0x00, 0x20, 0x00, 0x00, 0x00, 0x0e,
  0x10, 0x00, 0x00, 0x00, 0x40, 0x56, 0x02, 0x20, 0xf7, 0x7c, 0x0e, 0x1e,
  0x40, 0x20, 0x80, 0x00, 0xe8, 0x3a, 0x40, 0x2f, 0x80, 0x01, 0x8d, 0x3a,
  0x80, 0x43, 0x8d, 0x00, 0x40, 0x00, 0x80, 0x00, 0x28, 0x0a, 0x00, 0x2f,
  0xc0, 0x09, 0x8d, 0x1e, 0xa8, 0x00, 0xa8, 0x00, 0x40, 0x20, 0x80, 0x00,
  0x28, 0x0a, 0xc0, 0x2e, 0x80, 0x09, 0x8d, 0x1e, 0xa8, 0x00, 0xa8, 0x00,
  0x40, 0x56, 0x02, 0x20, 0xf7, 0x7c, 0x7c, 0x22, 0x40, 0x20, 0x80, 0x00,
  0xe8, 0x3a, 0x40, 0x2f, 0x40, 0x0f, 0x8d, 0x3a, 0x80, 0x44, 0x8d, 0x00,
  0x01, 0x00, 0x00, 0x00, 0x4c, 0x16, 0xc4, 0x2f, 0x00, 0x00, 0x00, 0x00,
  0x01, 0x00, 0x01, 0x00, 0x40, 0x56, 0x02, 0x20, 0xe7, 0x7c, 0x7c, 0x10,
  0x40, 0x20, 0x80, 0x00, 0xe8, 0x3a, 0x40, 0x2f, 0x40, 0x0f, 0x8d, 0x3a,
  0xc0, 0x00, 0x8d, 0x00, 0x02, 0x96, 0x03, 0x24, 0x07, 0x7c, 0x7c, 0x00,
  0x02, 0x20, 0x80, 0x04, 0xe8, 0x3a, 0x40, 0x2f, 0x40, 0x0f, 0x8d, 0x3e,
  0x00, 0x00, 0x00, 0x00, 0x40, 0x56, 0x02, 0x20, 0xf7, 0x7c, 0x32, 0x7c,
  0x40, 0x20, 0x80, 0x00, 0xe8, 0x3a, 0x40, 0x2f, 0x00, 0x06, 0x8d, 0x3a,
  0x40, 0x4f, 0x8d, 0x00, 0x41, 0x00, 0x80, 0x04, 0xea, 0x3a, 0x80, 0x23,
  0xc0, 0x0a, 0x8d, 0x3a, 0x80, 0x0f, 0x8d, 0x00, 0x41, 0x20, 0x80, 0x04,
  0xea, 0x3a, 0x00, 0x23, 0x80, 0x0a, 0x8d, 0x3a, 0x40, 0x0f, 0x8d, 0x00,
  0x33, 0x00, 0x80, 0x0c, 0x70, 0xc0, 0x01, 0x00, 0x02, 0x0f, 0x00, 0x00,
  0xfe, 0x5e, 0x02, 0x04, 0x33, 0x20, 0x80, 0x0c, 0x70, 0x80, 0x01, 0x00,
  0xc2, 0x0e, 0x00, 0x00, 0xfe, 0x5e, 0x02, 0x04, 0x31, 0x00, 0x80, 0x0c,
  0x68, 0x02, 0xc0, 0x23, 0xc0, 0x07, 0x00, 0x06, 0xfe, 0x5e, 0x20, 0x04,
  0x31, 0x20, 0x80, 0x0c, 0x68, 0x02, 0xc0, 0x22, 0x80, 0x08, 0x00, 0x06,
  0xfe, 0x5e, 0x20, 0x04, 0x10, 0x76, 0x02, 0x24, 0x07, 0x00, 0x1e, 0x00,
  0x10, 0x20, 0x80, 0x04, 0xe0, 0x3a, 0x00, 0x20, 0xc0, 0x02, 0x8d, 0x3e,
  0x00, 0x00, 0x00, 0x00, 0x04, 0x00, 0x00, 0x00, 0x4c, 0x10, 0xc0, 0x2f,
  0x00, 0x06, 0x00, 0x00, 0x00, 0x00, 0x00, 0x00, 0x04, 0x00, 0x00, 0x00,
  0x44, 0x10, 0x00, 0x26, 0x20, 0x06, 0x00, 0x00, 0x00, 0x00, 0x00, 0x00,
  0x04, 0x20, 0x00, 0x00, 0x4c, 0x10, 0xc2, 0x2f, 0x02, 0x06, 0x00, 0x00,
  0x00, 0x00, 0x00, 0x00, 0x04, 0x20, 0x00, 0x00, 0x44, 0x10, 0x02, 0x26,
  0x22, 0x06, 0x00, 0x00, 0x00, 0x00, 0x00, 0x00, 0x02, 0x00, 0x81, 0x00,
  0x48, 0x12, 0x80, 0x2f, 0xc4, 0x0f, 0x00, 0x16, 0x00, 0x00, 0x00, 0x00,
  0x01, 0x20, 0x00, 0x20, 0x00, 0x31, 0x7e, 0x00, 0x02, 0x20, 0x81, 0x00,
  0x48, 0x12, 0x40, 0x2f, 0xc4, 0x0f, 0x00, 0x16, 0x00, 0x00, 0x00, 0x00,
  0x02, 0x00, 0x81, 0x00, 0x4a, 0x12, 0xa0, 0x2f, 0xc4, 0x0f, 0x00, 0x16,
  0x00, 0x00, 0x00, 0x00, 0x02, 0x20, 0x81, 0x00, 0x4a, 0x12, 0x60, 0x2f,
  0xc4, 0x0f, 0x00, 0x16, 0x00, 0x00, 0x00, 0x00, 0x06, 0x00, 0x80, 0x02,
  0x42, 0x12, 0x00, 0x20, 0xa0, 0x0f, 0xb1, 0x12, 0x80, 0x0f, 0xb1, 0x00,
  0x06, 0x20, 0x80, 0x02, 0x42, 0x12, 0x00, 0x20, 0x60, 0x0f, 0xb1, 0x12,
  0x40, 0x0f, 0xb1, 0x00, 0x22, 0x00, 0xb1, 0x00, 0x02, 0x0e, 0x00, 0x20,
  0xe0, 0x0c, 0x00, 0x00, 0x98, 0x02, 0x00, 0x00, 0x38, 0x56, 0x02, 0x29,
  0xe7, 0x7c, 0x1c, 0x1e, 0x7e, 0x00, 0x00, 0x00, 0x00, 0x00, 0x00, 0x00,
  0x00, 0x00, 0x00, 0x00, 0x00, 0x00, 0x00, 0x00, 0x38, 0x20, 0x80, 0x09,
  0xe8, 0x3a, 0x40, 0x2f, 0x00, 0x03, 0x8d, 0x3a, 0xc0, 0x02, 0x8d, 0x00,
  0x10, 0x00, 0x80, 0x03, 0xe2, 0x3a, 0x00, 0x20, 0x80, 0x2f, 0x8d, 0x3e,
  0x00, 0x00, 0x80, 0x3f, 0x38, 0x16, 0x01, 0x61, 0x07, 0x78, 0x7c, 0x00,
  0x38, 0x20, 0x80, 0x01, 0xe8, 0x3a, 0x80, 0x20, 0x40, 0x2f, 0x8d, 0x00,
  0x00, 0x00, 0x00, 0x00, 0x10, 0x20, 0x80, 0x03, 0xe2, 0x3a, 0x00, 0x20,
  0x40, 0x2f, 0x8d, 0x3e, 0x00, 0x00, 0x80, 0x3f, 0x02, 0x00, 0x81, 0x00,
  0xea, 0x3a, 0xc0, 0x2e, 0x00, 0x0f, 0x8d, 0x3a, 0x80, 0x2f, 0x8d, 0x00,
  0x02, 0x20, 0x81, 0x00, 0xea, 0x3a, 0xc0, 0x20, 0x80, 0x00, 0x8d, 0x3a,
  0x40, 0x2f, 0x8d, 0x00, 0x41, 0x56, 0x02, 0x20, 0xe7, 0x74, 0x76, 0x76,
  0x41, 0x20, 0x80, 0x00, 0xe8, 0x3a, 0x80, 0x21, 0xc0, 0x00, 0x8d, 0x3a,
  0xc0, 0x00, 0x8d, 0x00, 0x40, 0x00, 0x80, 0x00, 0xe8, 0x3a, 0x00, 0x2e,
  0x80, 0x0e, 0x8d, 0x3e, 0xc0, 0x5d, 0x35, 0x41, 0x41, 0x00, 0x80, 0x00,
  0xe8, 0x3a, 0x40, 0x2e, 0x80, 0x0e, 0x8d, 0x3e, 0xea, 0xc7, 0x52, 0x3f,
  0x40, 0x20, 0x80, 0x00, 0xe8, 0x3a, 0x00, 0x22, 0x80, 0x01, 0x8d, 0x3e,
  0xc0, 0x5d, 0x35, 0x41, 0x41, 0x20, 0x80, 0x00, 0xe8, 0x3a, 0xc0, 0x21,
  0x80, 0x01, 0x8d, 0x3e, 0xea, 0xc7, 0x52, 0x3f, 0x41, 0x56, 0x02, 0x20,
  0xe7, 0x70, 0x74, 0x70, 0x40, 0x00, 0x80, 0x00, 0xe8, 0x3a, 0x40, 0x2e,
  0x40, 0x4e, 0x8d, 0x3e, 0x83, 0x98, 0xb5, 0xc0, 0x41, 0x20, 0x80, 0x00,
  0xe8, 0x3a, 0x00, 0x22, 0x80, 0x01, 0x8d, 0x3a, 0x00, 0x02, 0x8d, 0x00,
  0x40, 0x20, 0x80, 0x00, 0xe8, 0x3a, 0xc0, 0x21, 0xc0, 0x41, 0x8d, 0x3e,
  0x83, 0x98, 0xb5, 0xc0, 0x40, 0x00, 0x80, 0x00, 0xe8, 0x3a, 0x00, 0x2e,
  0x00, 0x0e, 0x8d, 0x3e, 0x60, 0xbd, 0xe6, 0x41, 0x41, 0x56, 0x02, 0x20,
  0xe7, 0x72, 0x74, 0x72, 0x40, 0x20, 0x80, 0x00, 0xe8, 0x3a, 0x00, 0x22,
  0x00, 0x02, 0x8d, 0x3e, 0x60, 0xbd, 0xe6, 0x41, 0x41, 0x20, 0x80, 0x00,
  0xe8, 0x3a, 0xc0, 0x21, 0x80, 0x01, 0x8d, 0x3a, 0xc0, 0x01, 0x8d, 0x00,
  0x41, 0x56, 0x02, 0x20, 0xe7, 0x70, 0x74, 0x70, 0x40, 0x00, 0x80, 0x00,
  0xe8, 0x3a, 0x40, 0x2e, 0x40, 0x0e, 0x8d, 0x3e, 0x07, 0x19, 0xd2, 0xc0,
  0x41, 0x20, 0x80, 0x00, 0xe8, 0x3a, 0x00, 0x22, 0x80, 0x01, 0x8d, 0x3a,
  0x00, 0x02, 0x8d, 0x00, 0x40, 0x20, 0x80, 0x00, 0xe8, 0x3a, 0xc0, 0x21,
  0xc0, 0x01, 0x8d, 0x3e, 0x07, 0x19, 0xd2, 0xc0, 0x40, 0x00, 0x80, 0x00,
  0xe8, 0x3a, 0x00, 0x2e, 0x00, 0x0e, 0x8d, 0x3e, 0xc8, 0x92, 0x9d, 0x41,
  0x41, 0x56, 0x02, 0x20, 0xe7, 0x72, 0x74, 0x72, 0x40, 0x20, 0x80, 0x00,
  0xe8, 0x3a, 0x00, 0x22, 0x00, 0x02, 0x8d, 0x3e, 0xc8, 0x92, 0x9d, 0x41,
  0x41, 0x20, 0x80, 0x00, 0xe8, 0x3a, 0xc0, 0x21, 0x80, 0x01, 0x8d, 0x3a,
  0xc0, 0x01, 0x8d, 0x00, 0x38, 0x16, 0x01, 0x21, 0x07, 0x70, 0x70, 0x00,
  0x41, 0x56, 0x02, 0x20, 0xe7, 0x72, 0x76, 0x72, 0x38, 0x20, 0x80, 0x01,
  0xe8, 0x3a, 0x00, 0x22, 0x00, 0x02, 0x8d, 0x00, 0x00, 0x00, 0x00, 0x00,
  0x41, 0x20, 0x80, 0x00, 0xe8, 0x3a, 0xc0, 0x21, 0xc0, 0x00, 0x8d, 0x3a,
  0xc0, 0x01, 0x8d, 0x00, 0x41, 0x56, 0x02, 0x20, 0xe7, 0x70, 0x70, 0x72,
  0x41, 0x20, 0x80, 0x00, 0xe8, 0x3a, 0x00, 0x22, 0x00, 0x02, 0x8d, 0x3a,
  0xc0, 0x01, 0x8d, 0x00, 0x40, 0x56, 0x02, 0x20, 0xe7, 0x70, 0x76, 0x70,
  0x40, 0x20, 0x80, 0x00, 0xe8, 0x3a, 0x00, 0x22, 0xc0, 0x00, 0x8d, 0x3a,
  0x00, 0x02, 0x8d, 0x00, 0x40, 0x00, 0x80, 0x00, 0xe8, 0x3a, 0x00, 0x2f,
  0x00, 0x4e, 0x8d, 0x3e, 0xdb, 0x0f, 0xc9, 0x3f, 0x40, 0x20, 0x80, 0x00,
  0xe8, 0x3a, 0x80, 0x20, 0x00, 0x42, 0x8d, 0x3e, 0xdb, 0x0f, 0xc9, 0x3f,
  0x02, 0x00, 0x81, 0x00, 0xea, 0x3a, 0x80, 0x2e, 0x00, 0x0f, 0x8d, 0x3a,
  0x00, 0x0e, 0x8d, 0x00, 0x02, 0x20, 0x81, 0x00, 0xea, 0x3a, 0x80, 0x21,
  0x80, 0x00, 0x8d, 0x3a, 0x00, 0x02, 0x8d, 0x00, 0x12, 0x01, 0x80, 0x05,
  0x60, 0x00, 0x1e, 0x1c, 0xc8, 0x41, 0x07, 0x39, 0xe8, 0x20, 0x07, 0x1f,
  0x12, 0x21, 0x80, 0x05, 0x60, 0x00, 0x1e, 0x1a, 0xc8, 0xc1, 0x00, 0x39,
  0x18, 0x20, 0x87, 0x1e, 0x24, 0x00, 0xa0, 0x00, 0x00, 0x0e, 0x00, 0x20,
  0x58, 0x0a, 0x00, 0x00, 0x58, 0x0a, 0x00, 0x00, 0x10, 0x00, 0x80, 0x05,
  0xe2, 0x3a, 0x00, 0x20, 0xc0, 0x03, 0x8d, 0x3e, 0x00, 0x00, 0x00, 0x00,
  0x10, 0x20, 0x80, 0x05, 0xe2, 0x3a, 0x00, 0x20, 0xc0, 0x02, 0x8d, 0x3e,
  0x00, 0x00, 0x00, 0x00, 0x10, 0x76, 0x02, 0x24, 0x07, 0x00, 0x1c, 0x00,
  0x10, 0x20, 0x80, 0x04, 0xe0, 0x3a, 0x00, 0x20, 0x00, 0x03, 0x8d, 0x3e,
  0x00, 0x00, 0x00, 0x00, 0x04, 0x00, 0x00, 0x00, 0x4c, 0x10, 0xc0, 0x2f,
  0x20, 0x06, 0x00, 0x00, 0x00, 0x00, 0x00, 0x00, 0x04, 0x20, 0x00, 0x00,
  0x4c, 0x10, 0xc2, 0x2f, 0x22, 0x06, 0x00, 0x00, 0x00, 0x00, 0x00, 0x00,
  0x01, 0x00, 0x00, 0x00, 0x4c, 0x16, 0xc4, 0x2f, 0x00, 0x00, 0x00, 0x00,
  0x01, 0x00, 0x01, 0x00, 0x04, 0x00, 0x00, 0x00, 0x44, 0x10, 0x20, 0x26,
  0x00, 0x06, 0x00, 0x00, 0x00, 0x00, 0x00, 0x00, 0x04, 0x20, 0x00, 0x00,
  0x44, 0x10, 0x22, 0x26, 0x02, 0x06, 0x00, 0x00, 0x00, 0x00, 0x00, 0x00,
  0x01, 0x20, 0x00, 0x20, 0x00, 0x30, 0x7e, 0x00, 0x02, 0x00, 0x81, 0x00,
  0x4a, 0x12, 0x80, 0x2f, 0xc4, 0x0f, 0x00, 0x16, 0x00, 0x00, 0x00, 0x00,
  0x02, 0x20, 0x81, 0x00, 0x4a, 0x12, 0x40, 0x2f, 0xc4, 0x0f, 0x00, 0x16,
  0x00, 0x00, 0x00, 0x00, 0x02, 0x00, 0x81, 0x00, 0x48, 0x12, 0xa0, 0x2f,
  0xc4, 0x0f, 0x00, 0x16, 0x00, 0x00, 0x00, 0x00, 0x06, 0xd6, 0x03, 0xe2,
  0xff, 0x00, 0x7d, 0x7c, 0x01, 0x00, 0x08, 0x20, 0x00, 0x7e, 0x30, 0x00,
  0x01, 0x20, 0x00, 0x20, 0x00, 0x30, 0x7e, 0x00, 0x01, 0x20, 0x18, 0x20,
  0x00, 0x31, 0x7e, 0x00, 0x02, 0x20, 0x81, 0x00, 0x48, 0x12, 0x60, 0x2f,
  0xc4, 0x0f, 0x00, 0x16, 0x00, 0x00, 0x00, 0x00, 0x06, 0x20, 0x80, 0x02,
  0x42, 0x12, 0x00, 0x20, 0x60, 0x0f, 0xb1, 0x12, 0x40, 0x0f, 0xb1, 0x00,
  0x01, 0x00, 0x08, 0x20, 0x00, 0x7e, 0x31, 0x00, 0x01, 0x20, 0x18, 0x20,
  0x00, 0x30, 0x7e, 0x00, 0x22, 0x00, 0xb1, 0x00, 0x00, 0x0e, 0x00, 0x20,
  0x28, 0x09, 0x00, 0x00, 0xa8, 0x02, 0x00, 0x00, 0x38, 0x56, 0x02, 0xa9,
  0xe7, 0x7c, 0x1c, 0x1e, 0x7e, 0x00, 0x00, 0x00, 0x00, 0x00, 0x00, 0x00,
  0x00, 0x00, 0x00, 0x00, 0x00, 0x00, 0x00, 0x00, 0x38, 0x20, 0x80, 0x09,
  0xe8, 0x3a, 0x40, 0x2f, 0x00, 0x43, 0x8d, 0x3a, 0xc0, 0x02, 0x8d, 0x00,
  0x10, 0x00, 0x80, 0x03, 0xe0, 0x3a, 0x00, 0x20, 0x80, 0x2f, 0x8d, 0x3e,
  0x00, 0x00, 0x80, 0x3f, 0x38, 0x16, 0x01, 0x61, 0x07, 0x78, 0x7c, 0x00,
  0x38, 0x20, 0x80, 0x01, 0xe8, 0x3a, 0x80, 0x20, 0x40, 0x2f, 0x8d, 0x00,
  0x00, 0x00, 0x00, 0x00, 0x10, 0x20, 0x80, 0x03, 0xe0, 0x3a, 0x00, 0x20,
  0x40, 0x2f, 0x8d, 0x3e, 0x00, 0x00, 0x80, 0x3f, 0x02, 0x59, 0x02, 0x20,
  0xef, 0x76, 0x78, 0x7c, 0x02, 0x20, 0x81, 0x00, 0xe8, 0x3a, 0xc0, 0x20,
  0x80, 0x00, 0x8d, 0x3a, 0x40, 0x2f, 0x8d, 0x00, 0x41, 0x56, 0x02, 0x20,
  0xe7, 0x74, 0x76, 0x76, 0x41, 0x20, 0x80, 0x00, 0xe8, 0x3a, 0x80, 0x21,
  0xc0, 0x00, 0x8d, 0x3a, 0xc0, 0x00, 0x8d, 0x00, 0x40, 0x00, 0x80, 0x00,
  0xe8, 0x3a, 0x00, 0x2e, 0x80, 0x0e, 0x8d, 0x3e, 0xc0, 0x5d, 0x35, 0x41,
  0x41, 0x00, 0x80, 0x00, 0xe8, 0x3a, 0x40, 0x2e, 0x80, 0x0e, 0x8d, 0x3e,
  0xea, 0xc7, 0x52, 0x3f, 0x40, 0x20, 0x80, 0x00, 0xe8, 0x3a, 0x00, 0x22,
  0x80, 0x01, 0x8d, 0x3e, 0xc0, 0x5d, 0x35, 0x41, 0x41, 0x20, 0x80, 0x00,
  0xe8, 0x3a, 0xc0, 0x21, 0x80, 0x01, 0x8d, 0x3e, 0xea, 0xc7, 0x52, 0x3f,
  0x41, 0x56, 0x02, 0x20, 0xe7, 0x70, 0x74, 0x70, 0x40, 0x00, 0x80, 0x00,
  0xe8, 0x3a, 0x40, 0x2e, 0x40, 0x4e, 0x8d, 0x3e, 0x83, 0x98, 0xb5, 0xc0,
  0x41, 0x20, 0x80, 0x00, 0xe8, 0x3a, 0x00, 0x22, 0x80, 0x01, 0x8d, 0x3a,
  0x00, 0x02, 0x8d, 0x00, 0x40, 0x20, 0x80, 0x00, 0xe8, 0x3a, 0xc0, 0x21,
  0xc0, 0x41, 0x8d, 0x3e, 0x83, 0x98, 0xb5, 0xc0, 0x40, 0x00, 0x80, 0x00,
  0xe8, 0x3a, 0x00, 0x2e, 0x00, 0x0e, 0x8d, 0x3e, 0x60, 0xbd, 0xe6, 0x41,
  0x41, 0x56, 0x02, 0x20, 0xe7, 0x72, 0x74, 0x72, 0x40, 0x20, 0x80, 0x00,
  0xe8, 0x3a, 0x00, 0x22, 0x00, 0x02, 0x8d, 0x3e, 0x60, 0xbd, 0xe6, 0x41,
  0x41, 0x20, 0x80, 0x00, 0xe8, 0x3a, 0xc0, 0x21, 0x80, 0x01, 0x8d, 0x3a,
  0xc0, 0x01, 0x8d, 0x00, 0x41, 0x56, 0x02, 0x20, 0xe7, 0x70, 0x74, 0x70,
  0x40, 0x00, 0x80, 0x00, 0xe8, 0x3a, 0x40, 0x2e, 0x40, 0x0e, 0x8d, 0x3e,
  0x07, 0x19, 0xd2, 0xc0, 0x41, 0x20, 0x80, 0x00, 0xe8, 0x3a, 0x00, 0x22,
  0x80, 0x01, 0x8d, 0x3a, 0x00, 0x02, 0x8d, 0x00, 0x40, 0x20, 0x80, 0x00,
  0xe8, 0x3a, 0xc0, 0x21, 0xc0, 0x01, 0x8d, 0x3e, 0x07, 0x19, 0xd2, 0xc0,
  0x40, 0x00, 0x80, 0x00, 0xe8, 0x3a, 0x00, 0x2e, 0x00, 0x0e, 0x8d, 0x3e,
  0xc8, 0x92, 0x9d, 0x41, 0x41, 0x56, 0x02, 0x20, 0xe7, 0x72, 0x74, 0x72,
  0x40, 0x20, 0x80, 0x00, 0xe8, 0x3a, 0x00, 0x22, 0x00, 0x02, 0x8d, 0x3e,
  0xc8, 0x92, 0x9d, 0x41, 0x41, 0x20, 0x80, 0x00, 0xe8, 0x3a, 0xc0, 0x21,
  0x80, 0x01, 0x8d, 0x3a, 0xc0, 0x01, 0x8d, 0x00, 0x38, 0x16, 0x01, 0x21,
  0x07, 0x70, 0x70, 0x00, 0x41, 0x56, 0x02, 0x20, 0xe7, 0x72, 0x76, 0x72,
  0x38, 0x20, 0x80, 0x01, 0xe8, 0x3a, 0x00, 0x22, 0x00, 0x02, 0x8d, 0x00,
  0x00, 0x00, 0x00, 0x00, 0x41, 0x20, 0x80, 0x00, 0xe8, 0x3a, 0xc0, 0x21,
  0xc0, 0x00, 0x8d, 0x3a, 0xc0, 0x01, 0x8d, 0x00, 0x41, 0x56, 0x02, 0x20,
  0xe7, 0x70, 0x70, 0x72, 0x41, 0x20, 0x80, 0x00, 0xe8, 0x3a, 0x00, 0x22,
  0x00, 0x02, 0x8d, 0x3a, 0xc0, 0x01, 0x8d, 0x00, 0x40, 0x56, 0x02, 0x20,
  0xe7, 0x70, 0x76, 0x70, 0x40, 0x20, 0x80, 0x00, 0xe8, 0x3a, 0x00, 0x22,
  0xc0, 0x00, 0x8d, 0x3a, 0x00, 0x02, 0x8d, 0x00, 0x40, 0x00, 0x80, 0x00,
  0xe8, 0x3a, 0x00, 0x2f, 0x00, 0x4e, 0x8d, 0x3e, 0xdb, 0x0f, 0xc9, 0x3f,
  0x40, 0x20, 0x80, 0x00, 0xe8, 0x3a, 0x80, 0x20, 0x00, 0x42, 0x8d, 0x3e,
  0xdb, 0x0f, 0xc9, 0x3f, 0x02, 0x59, 0x02, 0x20, 0xe7, 0x74, 0x78, 0x70,
  0x02, 0x20, 0x81, 0x00, 0xe8, 0x3a, 0x80, 0x21, 0x80, 0x00, 0x8d, 0x3a,
  0x00, 0x02, 0x8d, 0x00, 0x12, 0x01, 0x80, 0x05, 0x60, 0x00, 0x1e, 0x6e,
  0xc8, 0x41, 0x07, 0x39, 0xe8, 0x20, 0x07, 0x1f, 0x12, 0x21, 0x80, 0x05,
  0x60, 0x00, 0x1e, 0x6c, 0xc8, 0xc1, 0x00, 0x39, 0x18, 0x20, 0x87, 0x1e,
  0x40, 0x00, 0x80, 0x00, 0xe8, 0x3a, 0x80, 0x23, 0xc0, 0x4d, 0x8d, 0x3e,
  0xd0, 0x0f, 0x49, 0x40, 0x40, 0x20, 0x80, 0x00, 0xe8, 0x3a, 0x40, 0x23,
  0x80, 0x4d, 0x8d, 0x3e, 0xd0, 0x0f, 0x49, 0x40, 0x24, 0x00, 0xa0, 0x00,
  0x00, 0x0e, 0x00, 0x20, 0x90, 0x06, 0x00, 0x00, 0x90, 0x06, 0x00, 0x00,
  0x10, 0x20, 0x80, 0x05, 0xe2, 0x3a, 0x00, 0x20, 0x00, 0x03, 0x8d, 0x3e,
  0x00, 0x00, 0x00, 0x00, 0x10, 0x20, 0x80, 0x05, 0xe0, 0x3a, 0x00, 0x20,
  0xc0, 0x02, 0x8d, 0x3e, 0x00, 0x00, 0x00, 0x00, 0x01, 0x00, 0x00, 0x00,
  0x4c, 0x16, 0xc0, 0x2f, 0x00, 0x00, 0x00, 0x00, 0x01, 0x00, 0x01, 0x00,
  0x10, 0x76, 0x02, 0x25, 0x07, 0x00, 0x1c, 0x00, 0x02, 0x20, 0x81, 0x00,
  0x48, 0x12, 0xa0, 0x2f, 0xc0, 0x0f, 0x00, 0x16, 0x00, 0x00, 0x00, 0x00,
  0x02, 0x20, 0x81, 0x00, 0x4a, 0x12, 0x80, 0x2f, 0xc0, 0x0f, 0x00, 0x16,
  0x00, 0x00, 0x00, 0x00, 0x10, 0x79, 0x02, 0x25, 0x07, 0x00, 0x1e, 0x00,
  0x05, 0x20, 0x80, 0x02, 0x40, 0x12, 0x00, 0x20, 0xa0, 0x0f, 0xb1, 0x12,
  0x80, 0x0f, 0xb1, 0x00, 0x22, 0x00, 0xb1, 0x00, 0x00, 0x0e, 0x00, 0x20,
  0x00, 0x06, 0x00, 0x00, 0x78, 0x03, 0x00, 0x00, 0x10, 0x20, 0x80, 0x05,
  0xe0, 0x3a, 0x00, 0x20, 0x00, 0x03, 0x8d, 0x3e, 0x00, 0x00, 0x00, 0x00,
  0x10, 0x20, 0x80, 0x04, 0xe2, 0x3a, 0x00, 0x20, 0xc0, 0x02, 0x8d, 0x3e,
  0x00, 0x00, 0x00, 0x00, 0x01, 0x00, 0x00, 0x00, 0x4c, 0x16, 0xc0, 0x2f,
  0x00, 0x00, 0x00, 0x00, 0x01, 0x00, 0x01, 0x00, 0x10, 0x00, 0x80, 0x05,
  0xe2, 0x3a, 0x00, 0x20, 0x80, 0x03, 0x8d, 0x3e, 0x00, 0x00, 0x00, 0x00,
  0x02, 0x20, 0x81, 0x00, 0x4a, 0x12, 0xa0, 0x2f, 0xc0, 0x0f, 0x00, 0x16,
  0x00, 0x00, 0x00, 0x00, 0x02, 0x20, 0x81, 0x00, 0x48, 0x12, 0x80, 0x2f,
  0xc0, 0x0f, 0x00, 0x16, 0x00, 0x00, 0x00, 0x00, 0x10, 0x00, 0x81, 0x04,
  0xe2, 0x3a, 0x00, 0x20, 0xc0, 0x03, 0x8d, 0x3e, 0x00, 0x00, 0x00, 0x00,
  0x05, 0x20, 0x80, 0x02, 0x42, 0x12, 0x00, 0x20, 0xa0, 0x0f, 0xb1, 0x12,
  0x80, 0x0f, 0xb1, 0x00, 0x22, 0x00, 0xb1, 0x00, 0x02, 0x0e, 0x00, 0x20,
  0xc8, 0x02, 0x00, 0x00, 0x40, 0x00, 0x00, 0x00, 0x01, 0x00, 0x80, 0x00,
  0xe8, 0x3e, 0x80, 0x23, 0x00, 0x00, 0x00, 0x00, 0x00, 0x00, 0x00, 0x00,
  0x01, 0x20, 0x80, 0x00, 0xe8, 0x3e, 0x40, 0x23, 0x00, 0x00, 0x00, 0x00,
  0x00, 0x00, 0x00, 0x00, 0x24, 0x00, 0xa0, 0x00, 0x00, 0x0e, 0x00, 0x20,
  0x98, 0x02, 0x00, 0x00, 0x98, 0x02, 0x00, 0x00, 0x38, 0x56, 0x02, 0xa9,
  0xe7, 0x7c, 0x1c, 0x1e, 0x7e, 0x00, 0x00, 0x00, 0x00, 0x00, 0x00, 0x00,
  0x00, 0x00, 0x00, 0x00, 0x00, 0x00, 0x00, 0x00, 0x38, 0x20, 0x80, 0x09,
  0xe8, 0x3a, 0x40, 0x2f, 0x00, 0x43, 0x8d, 0x3a, 0xc0, 0x02, 0x8d, 0x00,
  0x10, 0x00, 0x80, 0x03, 0xe2, 0x3a, 0x00, 0x20, 0x80, 0x2f, 0x8d, 0x3e,
  0x00, 0x00, 0x80, 0x3f, 0x38, 0x16, 0x01, 0x61, 0x07, 0x78, 0x7c, 0x00,
  0x38, 0x20, 0x80, 0x01, 0xe8, 0x3a, 0x80, 0x20, 0x40, 0x2f, 0x8d, 0x00,
  0x00, 0x00, 0x00, 0x00, 0x10, 0x20, 0x80, 0x03, 0xe2, 0x3a, 0x00, 0x20,
  0x40, 0x2f, 0x8d, 0x3e, 0x00, 0x00, 0x80, 0x3f, 0x02, 0x00, 0x81, 0x00,
  0xea, 0x3a, 0xc0, 0x2e, 0x00, 0x0f, 0x8d, 0x3a, 0x80, 0x2f, 0x8d, 0x00,
  0x02, 0x20, 0x81, 0x00, 0xea, 0x3a, 0xc0, 0x20, 0x80, 0x00, 0x8d, 0x3a,
  0x40, 0x2f, 0x8d, 0x00, 0x41, 0x56, 0x02, 0x20, 0xe7, 0x74, 0x76, 0x76,
  0x41, 0x20, 0x80, 0x00, 0xe8, 0x3a, 0x80, 0x21, 0xc0, 0x00, 0x8d, 0x3a,
  0xc0, 0x00, 0x8d, 0x00, 0x40, 0x00, 0x80, 0x00, 0xe8, 0x3a, 0x00, 0x2e,
  0x80, 0x0e, 0x8d, 0x3e, 0xc0, 0x5d, 0x35, 0x41, 0x41, 0x00, 0x80, 0x00,
  0xe8, 0x3a, 0x40, 0x2e, 0x80, 0x0e, 0x8d, 0x3e, 0xea, 0xc7, 0x52, 0x3f,
  0x40, 0x20, 0x80, 0x00, 0xe8, 0x3a, 0x00, 0x22, 0x80, 0x01, 0x8d, 0x3e,
  0xc0, 0x5d, 0x35, 0x41, 0x41, 0x20, 0x80, 0x00, 0xe8, 0x3a, 0xc0, 0x21,
  0x80, 0x01, 0x8d, 0x3e, 0xea, 0xc7, 0x52, 0x3f, 0x41, 0x56, 0x02, 0x20,
  0xe7, 0x70, 0x74, 0x70, 0x40, 0x00, 0x80, 0x00, 0xe8, 0x3a, 0x40, 0x2e,
  0x40, 0x4e, 0x8d, 0x3e, 0x83, 0x98, 0xb5, 0xc0, 0x41, 0x20, 0x80, 0x00,
  0xe8, 0x3a, 0x00, 0x22, 0x80, 0x01, 0x8d, 0x3a, 0x00, 0x02, 0x8d, 0x00,
  0x40, 0x20, 0x80, 0x00, 0xe8, 0x3a, 0xc0, 0x21, 0xc0, 0x41, 0x8d, 0x3e,
  0x83, 0x98, 0xb5, 0xc0, 0x40, 0x00, 0x80, 0x00, 0xe8, 0x3a, 0x00, 0x2e,
  0x00, 0x0e, 0x8d, 0x3e, 0x60, 0xbd, 0xe6, 0x41, 0x41, 0x56, 0x02, 0x20,
  0xe7, 0x72, 0x74, 0x72, 0x40, 0x20, 0x80, 0x00, 0xe8, 0x3a, 0x00, 0x22,
  0x00, 0x02, 0x8d, 0x3e, 0x60, 0xbd, 0xe6, 0x41, 0x41, 0x20, 0x80, 0x00,
  0xe8, 0x3a, 0xc0, 0x21, 0x80, 0x01, 0x8d, 0x3a, 0xc0, 0x01, 0x8d, 0x00,
  0x41, 0x56, 0x02, 0x20, 0xe7, 0x70, 0x74, 0x70, 0x40, 0x00, 0x80, 0x00,
  0xe8, 0x3a, 0x40, 0x2e, 0x40, 0x0e, 0x8d, 0x3e, 0x07, 0x19, 0xd2, 0xc0,
  0x41, 0x20, 0x80, 0x00, 0xe8, 0x3a, 0x00, 0x22, 0x80, 0x01, 0x8d, 0x3a,
  0x00, 0x02, 0x8d, 0x00, 0x40, 0x20, 0x80, 0x00, 0xe8, 0x3a, 0xc0, 0x21,
  0xc0, 0x01, 0x8d, 0x3e, 0x07, 0x19, 0xd2, 0xc0, 0x40, 0x00, 0x80, 0x00,
  0xe8, 0x3a, 0x00, 0x2e, 0x00, 0x0e, 0x8d, 0x3e, 0xc8, 0x92, 0x9d, 0x41,
  0x41, 0x56, 0x02, 0x20, 0xe7, 0x72, 0x74, 0x72, 0x40, 0x20, 0x80, 0x00,
  0xe8, 0x3a, 0x00, 0x22, 0x00, 0x02, 0x8d, 0x3e, 0xc8, 0x92, 0x9d, 0x41,
  0x41, 0x20, 0x80, 0x00, 0xe8, 0x3a, 0xc0, 0x21, 0x80, 0x01, 0x8d, 0x3a,
  0xc0, 0x01, 0x8d, 0x00, 0x38, 0x16, 0x01, 0x21, 0x07, 0x70, 0x70, 0x00,
  0x41, 0x56, 0x02, 0x20, 0xe7, 0x72, 0x76, 0x72, 0x38, 0x20, 0x80, 0x01,
  0xe8, 0x3a, 0x00, 0x22, 0x00, 0x02, 0x8d, 0x00, 0x00, 0x00, 0x00, 0x00,
  0x41, 0x20, 0x80, 0x00, 0xe8, 0x3a, 0xc0, 0x21, 0xc0, 0x00, 0x8d, 0x3a,
  0xc0, 0x01, 0x8d, 0x00, 0x41, 0x56, 0x02, 0x20, 0xe7, 0x70, 0x70, 0x72,
  0x41, 0x20, 0x80, 0x00, 0xe8, 0x3a, 0x00, 0x22, 0x00, 0x02, 0x8d, 0x3a,
  0xc0, 0x01, 0x8d, 0x00, 0x40, 0x56, 0x02, 0x20, 0xe7, 0x70, 0x76, 0x70,
  0x40, 0x20, 0x80, 0x00, 0xe8, 0x3a, 0x00, 0x22, 0xc0, 0x00, 0x8d, 0x3a,
  0x00, 0x02, 0x8d, 0x00, 0x40, 0x00, 0x80, 0x00, 0xe8, 0x3a, 0x00, 0x2f,
  0x00, 0x4e, 0x8d, 0x3e, 0xdb, 0x0f, 0xc9, 0x3f, 0x40, 0x20, 0x80, 0x00,
  0xe8, 0x3a, 0x80, 0x20, 0x00, 0x42, 0x8d, 0x3e, 0xdb, 0x0f, 0xc9, 0x3f,
  0x02, 0x00, 0x81, 0x00, 0xea, 0x3a, 0x80, 0x2e, 0x00, 0x0f, 0x8d, 0x3a,
  0x00, 0x0e, 0x8d, 0x00, 0x02, 0x20, 0x81, 0x00, 0xea, 0x3a, 0x80, 0x21,
  0x80, 0x00, 0x8d, 0x3a, 0x00, 0x02, 0x8d, 0x00, 0x12, 0x01, 0x80, 0x05,
  0x60, 0x00, 0x1e, 0x6e, 0xc8, 0x41, 0x07, 0x39, 0xe8, 0x20, 0x07, 0x1f,
  0x12, 0x21, 0x80, 0x05, 0x60, 0x00, 0x1e, 0x6c, 0xc8, 0xc1, 0x00, 0x39,
  0x18, 0x20, 0x87, 0x1e, 0x5b, 0xc6, 0x01, 0x20, 0x83, 0x75, 0x2b, 0x14,
  0x5b, 0xa7, 0x01, 0x20, 0x83, 0x65, 0x2b, 0x14, 0x25, 0x00, 0xa0, 0x00,
  0x00, 0x00, 0x00, 0x20, 0x00, 0x00, 0x00, 0x0e, 0x10, 0x00, 0x00, 0x00,
  0x24, 0x00, 0xa0, 0x00, 0x00, 0x0e, 0x00, 0x20, 0x98, 0x02, 0x00, 0x00,
  0x98, 0x02, 0x00, 0x00, 0x38, 0x56, 0x02, 0x29, 0xe7, 0x7c, 0x1c, 0x1e,
  0x7e, 0x00, 0x00, 0x00, 0x00, 0x00, 0x00, 0x00, 0x00, 0x00, 0x00, 0x00,
  0x00, 0x00, 0x00, 0x00, 0x38, 0x20, 0x80, 0x09, 0xe8, 0x3a, 0x40, 0x2f,
  0x00, 0x03, 0x8d, 0x3a, 0xc0, 0x02, 0x8d, 0x00, 0x10, 0x00, 0x80, 0x03,
  0xe0, 0x3a, 0x00, 0x20, 0x80, 0x2f, 0x8d, 0x3e, 0x00, 0x00, 0x80, 0x3f,
  0x38, 0x16, 0x01, 0x61, 0x07, 0x78, 0x7c, 0x00, 0x38, 0x20, 0x80, 0x01,
  0xe8, 0x3a, 0x80, 0x20, 0x40, 0x2f, 0x8d, 0x00, 0x00, 0x00, 0x00, 0x00,
  0x10, 0x20, 0x80, 0x03, 0xe0, 0x3a, 0x00, 0x20, 0x40, 0x2f, 0x8d, 0x3e,
  0x00, 0x00, 0x80, 0x3f, 0x02, 0x59, 0x02, 0x20, 0xef, 0x76, 0x78, 0x7c,
  0x02, 0x20, 0x81, 0x00, 0xe8, 0x3a, 0xc0, 0x20, 0x80, 0x00, 0x8d, 0x3a,
  0x40, 0x2f, 0x8d, 0x00, 0x41, 0x56, 0x02, 0x20, 0xe7, 0x74, 0x76, 0x76,
  0x41, 0x20, 0x80, 0x00, 0xe8, 0x3a, 0x80, 0x21, 0xc0, 0x00, 0x8d, 0x3a,
  0xc0, 0x00, 0x8d, 0x00, 0x40, 0x00, 0x80, 0x00, 0xe8, 0x3a, 0x00, 0x2e,
  0x80, 0x0e, 0x8d, 0x3e, 0xc0, 0x5d, 0x35, 0x41, 0x41, 0x00, 0x80, 0x00,
  0xe8, 0x3a, 0x40, 0x2e, 0x80, 0x0e, 0x8d, 0x3e, 0xea, 0xc7, 0x52, 0x3f,
  0x40, 0x20, 0x80, 0x00, 0xe8, 0x3a, 0x00, 0x22, 0x80, 0x01, 0x8d, 0x3e,
  0xc0, 0x5d, 0x35, 0x41, 0x41, 0x20, 0x80, 0x00, 0xe8, 0x3a, 0xc0, 0x21,
  0x80, 0x01, 0x8d, 0x3e, 0xea, 0xc7, 0x52, 0x3f, 0x41, 0x56, 0x02, 0x20,
  0xe7, 0x70, 0x74, 0x70, 0x40, 0x00, 0x80, 0x00, 0xe8, 0x3a, 0x40, 0x2e,
  0x40, 0x4e, 0x8d, 0x3e, 0x83, 0x98, 0xb5, 0xc0, 0x41, 0x20, 0x80, 0x00,
  0xe8, 0x3a, 0x00, 0x22, 0x80, 0x01, 0x8d, 0x3a, 0x00, 0x02, 0x8d, 0x00,
  0x40, 0x20, 0x80, 0x00, 0xe8, 0x3a, 0xc0, 0x21, 0xc0, 0x41, 0x8d, 0x3e,
  0x83, 0x98, 0xb5, 0xc0, 0x40, 0x00, 0x80, 0x00, 0xe8, 0x3a, 0x00, 0x2e,
  0x00, 0x0e, 0x8d, 0x3e, 0x60, 0xbd, 0xe6, 0x41, 0x41, 0x56, 0x02, 0x20,
  0xe7, 0x72, 0x74, 0x72, 0x40, 0x20, 0x80, 0x00, 0xe8, 0x3a, 0x00, 0x22,
  0x00, 0x02, 0x8d, 0x3e, 0x60, 0xbd, 0xe6, 0x41, 0x41, 0x20, 0x80, 0x00,
  0xe8, 0x3a, 0xc0, 0x21, 0x80, 0x01, 0x8d, 0x3a, 0xc0, 0x01, 0x8d, 0x00,
  0x41, 0x56, 0x02, 0x20, 0xe7, 0x70, 0x74, 0x70, 0x40, 0x00, 0x80, 0x00,
  0xe8, 0x3a, 0x40, 0x2e, 0x40, 0x0e, 0x8d, 0x3e, 0x07, 0x19, 0xd2, 0xc0,
  0x41, 0x20, 0x80, 0x00, 0xe8, 0x3a, 0x00, 0x22, 0x80, 0x01, 0x8d, 0x3a,
  0x00, 0x02, 0x8d, 0x00, 0x40, 0x20, 0x80, 0x00, 0xe8, 0x3a, 0xc0, 0x21,
  0xc0, 0x01, 0x8d, 0x3e, 0x07, 0x19, 0xd2, 0xc0, 0x40, 0x00, 0x80, 0x00,
  0xe8, 0x3a, 0x00, 0x2e, 0x00, 0x0e, 0x8d, 0x3e, 0xc8, 0x92, 0x9d, 0x41,
  0x41, 0x56, 0x02, 0x20, 0xe7, 0x72, 0x74, 0x72, 0x40, 0x20, 0x80, 0x00,
  0xe8, 0x3a, 0x00, 0x22, 0x00, 0x02, 0x8d, 0x3e, 0xc8, 0x92, 0x9d, 0x41,
  0x41, 0x20, 0x80, 0x00, 0xe8, 0x3a, 0xc0, 0x21, 0x80, 0x01, 0x8d, 0x3a,
  0xc0, 0x01, 0x8d, 0x00, 0x38, 0x16, 0x01, 0x21, 0x07, 0x70, 0x70, 0x00,
  0x41, 0x56, 0x02, 0x20, 0xe7, 0x72, 0x76, 0x72, 0x38, 0x20, 0x80, 0x01,
  0xe8, 0x3a, 0x00, 0x22, 0x00, 0x02, 0x8d, 0x00, 0x00, 0x00, 0x00, 0x00,
  0x41, 0x20, 0x80, 0x00, 0xe8, 0x3a, 0xc0, 0x21, 0xc0, 0x00, 0x8d, 0x3a,
  0xc0, 0x01, 0x8d, 0x00, 0x41, 0x56, 0x02, 0x20, 0xe7, 0x70, 0x70, 0x72,
  0x41, 0x20, 0x80, 0x00, 0xe8, 0x3a, 0x00, 0x22, 0x00, 0x02, 0x8d, 0x3a,
  0xc0, 0x01, 0x8d, 0x00, 0x40, 0x56, 0x02, 0x20, 0xe7, 0x70, 0x76, 0x70,
  0x40, 0x20, 0x80, 0x00, 0xe8, 0x3a, 0x00, 0x22, 0xc0, 0x00, 0x8d, 0x3a,
  0x00, 0x02, 0x8d, 0x00, 0x40, 0x00, 0x80, 0x00, 0xe8, 0x3a, 0x00, 0x2f,
  0x00, 0x4e, 0x8d, 0x3e, 0xdb, 0x0f, 0xc9, 0x3f, 0x40, 0x20, 0x80, 0x00,
  0xe8, 0x3a, 0x80, 0x20, 0x00, 0x42, 0x8d, 0x3e, 0xdb, 0x0f, 0xc9, 0x3f,
  0x02, 0x59, 0x02, 0x20, 0xe7, 0x74, 0x78, 0x70, 0x02, 0x20, 0x81, 0x00,
  0xe8, 0x3a, 0x80, 0x21, 0x80, 0x00, 0x8d, 0x3a, 0x00, 0x02, 0x8d, 0x00,
  0x12, 0x01, 0x80, 0x05, 0x60, 0x00, 0x1e, 0x6e, 0xc8, 0x41, 0x07, 0x39,
  0xe8, 0x20, 0x07, 0x1f, 0x12, 0x21, 0x80, 0x05, 0x60, 0x00, 0x1e, 0x6c,
  0xc8, 0xc1, 0x00, 0x39, 0x18, 0x20, 0x87, 0x1e, 0x40, 0x00, 0x80, 0x00,
  0xe8, 0x3a, 0x80, 0x23, 0xc0, 0x0d, 0x8d, 0x3e, 0xd0, 0x0f, 0x49, 0x40,
  0x40, 0x20, 0x80, 0x00, 0xe8, 0x3a, 0x40, 0x23, 0x80, 0x0d, 0x8d, 0x3e,
  0xd0, 0x0f, 0x49, 0x40, 0x25, 0x00, 0xa0, 0x00, 0x00, 0x00, 0x00, 0x20,
  0x00, 0x00, 0x00, 0x0e, 0x10, 0x00, 0x00, 0x00, 0x25, 0x00, 0xa0, 0x00,
  0x00, 0x00, 0x00, 0x20, 0x00, 0x00, 0x00, 0x0e, 0x10, 0x00, 0x00, 0x00,
  0x25, 0x00, 0xa0, 0x00, 0x00, 0x00, 0x00, 0x20, 0x00, 0x00, 0x00, 0x0e,
  0x10, 0x00, 0x00, 0x00, 0x40, 0x00, 0x80, 0x00, 0x28, 0x0a, 0x80, 0x2f,
  0x40, 0x09, 0x8d, 0x1e, 0xa8, 0x00, 0xa8, 0x00, 0x40, 0x20, 0x80, 0x00,
  0x28, 0x0a, 0x40, 0x2f, 0x00, 0x09, 0x8d, 0x1e, 0xa8, 0x00, 0xa8, 0x00,
  0x10, 0x00, 0x80, 0x05, 0x60, 0x12, 0x00, 0x20, 0x20, 0x00, 0xb1, 0x16,
  0x19, 0x00, 0x19, 0x00, 0x10, 0x20, 0x80, 0x05, 0x60, 0x12, 0x00, 0x20,
  0x40, 0x00, 0xb1, 0x16, 0x19, 0x00, 0x19, 0x00, 0x33, 0x00, 0x80, 0x0c,
  0x70, 0xc0, 0x01, 0x00, 0x82, 0x0f, 0x00, 0x00, 0xfe, 0x5e, 0x02, 0x04,
  0x33, 0x20, 0x80, 0x0c, 0x70, 0xa0, 0x01, 0x00, 0x42, 0x0f, 0x00, 0x00,
  0xfe, 0x5e, 0x02, 0x04, 0x22, 0x00, 0xa1, 0x00, 0x00, 0x0e, 0x00, 0x20,
  0x90, 0x2a, 0x00, 0x00, 0x90, 0x2a, 0x00, 0x00, 0x40, 0x20, 0x80, 0x00,
  0x28, 0x0a, 0x80, 0x2f, 0x40, 0x02, 0x8d, 0x1e, 0x08, 0x04, 0x08, 0x04,
  0x40, 0x20, 0x80, 0x00, 0x28, 0x0a, 0x00, 0x2f, 0x40, 0x02, 0x8d, 0x1e,
  0x54, 0x02, 0x54, 0x02, 0x40, 0x00, 0x80, 0x00, 0x28, 0x0a, 0x80, 0x20,
  0x80, 0x02, 0x8d, 0x1e, 0x08, 0x04, 0x08, 0x04, 0x40, 0x00, 0x80, 0x00,
  0x28, 0x0a, 0x80, 0x2e, 0x80, 0x02, 0x8d, 0x1e, 0x54, 0x02, 0x54, 0x02,
  0x31, 0x20, 0x80, 0x0c, 0x68, 0x02, 0x40, 0x2f, 0x80, 0x0f, 0x00, 0x06,
  0x03, 0x5e, 0x20, 0x04, 0x31, 0x20, 0x80, 0x0c, 0x68, 0x02, 0xc0, 0x2e,
  0x00, 0x0f, 0x00, 0x06, 0x03, 0x5e, 0x20, 0x04, 0x31, 0x00, 0x80, 0x0c,
  0x68, 0x02, 0xc0, 0x20, 0x80, 0x00, 0x00, 0x06, 0x03, 0x5e, 0x20, 0x04,
  0x31, 0x00, 0x80, 0x0c, 0x68, 0x02, 0x40, 0x2e, 0x80, 0x0e, 0x00, 0x06,
  0x03, 0x5e, 0x20, 0x04, 0x40, 0x00, 0x80, 0x00, 0x28, 0x0a, 0x80, 0x2e,
  0x80, 0x02, 0x8d, 0x1e, 0xbc, 0x05, 0xbc, 0x05, 0x01, 0x00, 0x00, 0x00,
  0x4c, 0x16, 0xc0, 0x2f, 0x00, 0x00, 0x00, 0x00, 0x01, 0x00, 0x01, 0x00,
  0x31, 0x00, 0x80, 0x0c, 0x68, 0x02, 0x80, 0x2a, 0x80, 0x0e, 0x00, 0x06,
  0x03, 0x5e, 0x20, 0x04, 0x41, 0x20, 0x80, 0x00, 0x28, 0x0a, 0x40, 0x2f,
  0x40, 0x0f, 0x8d, 0x0a, 0x14, 0x01, 0x00, 0x00, 0x41, 0x20, 0x80, 0x00,
  0x28, 0x0a, 0x00, 0x2e, 0xc0, 0x0e, 0x8d, 0x0a, 0x14, 0x01, 0x00, 0x00,
  0x41, 0x96, 0x71, 0x20, 0x07, 0x06, 0x06, 0x08, 0x41, 0x96, 0x71, 0x20,
  0x07, 0x6e, 0x72, 0x08, 0x40, 0x20, 0x80, 0x00, 0x28, 0x0a, 0x80, 0x21,
  0x44, 0x08, 0x00, 0x0a, 0x40, 0x0f, 0x8d, 0x00, 0x40, 0x20, 0x80, 0x00,
  0x28, 0x0a, 0xc0, 0x22, 0x40, 0x08, 0x00, 0x0a, 0x00, 0x0e, 0x8d, 0x00,
  0x40, 0x96, 0x15, 0x20, 0xe0, 0x10, 0x42, 0x06, 0x40, 0x96, 0x01, 0x20,
  0xe0, 0x26, 0x42, 0x6e, 0x40, 0x20, 0x80, 0x00, 0x28, 0x0a, 0xc0, 0x21,
  0x4c, 0x01, 0x00, 0x0a, 0x80, 0x01, 0x8d, 0x00, 0x02, 0x20, 0x80, 0x05,
  0x28, 0x0a, 0x40, 0x24, 0xc0, 0x02, 0x8d, 0x0a, 0x04, 0x01, 0x00, 0x00,
  0x40, 0x96, 0x1d, 0x20, 0xe0, 0x20, 0x0a, 0x10, 0x02, 0x96, 0x2d, 0x25,
  0x07, 0x24, 0x26, 0x08, 0x02, 0x20, 0x80, 0x05, 0x28, 0x0a, 0x80, 0x23,
  0xc0, 0x01, 0x8d, 0x0a, 0x00, 0x01, 0x00, 0x00, 0x10, 0x20, 0x80, 0x03,
  0x22, 0x0a, 0x00, 0x20, 0x40, 0x04, 0x8d, 0x1e, 0x00, 0x00, 0x00, 0x00,
  0x40, 0x20, 0x80, 0x00, 0x28, 0x0a, 0x80, 0x20, 0xc0, 0x02, 0x8d, 0x0a,
  0x0c, 0x01, 0x00, 0x00, 0x40, 0x96, 0x65, 0x20, 0x07, 0x78, 0x26, 0x08,
  0x10, 0x20, 0x80, 0x03, 0x20, 0x0a, 0x00, 0x20, 0x80, 0x03, 0x8d, 0x1e,
  0x00, 0x00, 0x00, 0x00, 0x40, 0x20, 0x80, 0x00, 0x28, 0x0a, 0x40, 0x2f,
  0xc0, 0x01, 0x8d, 0x0a, 0x40, 0x01, 0x00, 0x00, 0x40, 0x96, 0x01, 0x20,
  0x07, 0x7c, 0x20, 0x0a, 0x02, 0x96, 0x01, 0x25, 0x07, 0x1e, 0x20, 0x08,
  0x10, 0x00, 0x80, 0x03, 0x20, 0x0a, 0x00, 0x20, 0x80, 0x04, 0x8d, 0x1e,
  0x00, 0x00, 0x00, 0x00, 0x02, 0x20, 0x81, 0x00, 0x4a, 0x12, 0x60, 0x20,
  0xc0, 0x0f, 0x00, 0x16, 0x00, 0x00, 0x00, 0x00, 0x02, 0x20, 0x81, 0x00,
  0x48, 0x12, 0xe0, 0x2e, 0xc0, 0x0f, 0x00, 0x16, 0x00, 0x00, 0x00, 0x00,
  0x40, 0x20, 0x80, 0x00, 0x28, 0x0a, 0xc0, 0x20, 0x40, 0x02, 0x8d, 0x1e,
  0xbc, 0x05, 0xbc, 0x05, 0x02, 0x20, 0x80, 0x05, 0x28, 0x0a, 0x80, 0x20,
  0x80, 0x00, 0x8d, 0x0a, 0x04, 0x01, 0x00, 0x00, 0x02, 0x96, 0x2d, 0x25,
  0x07, 0x28, 0x78, 0x08, 0x02, 0x20, 0x80, 0x05, 0x28, 0x0a, 0x00, 0x23,
  0x40, 0x0f, 0x8d, 0x0a, 0x00, 0x01, 0x00, 0x00, 0x02, 0x96, 0x01, 0x25,
  0x07, 0x1a, 0x7c, 0x08, 0x10, 0x00, 0x81, 0x03, 0x20, 0x0a, 0x00, 0x20,
  0xc0, 0x03, 0x8d, 0x1e, 0x00, 0x00, 0x00, 0x00, 0x05, 0x20, 0x80, 0x02,
  0x40, 0x12, 0x00, 0x20, 0xe0, 0x0e, 0xb1, 0x12, 0x60, 0x00, 0xb1, 0x00,
  0x31, 0x20, 0x80, 0x0c, 0x68, 0x02, 0xc0, 0x28, 0xc0, 0x00, 0x00, 0x06,
  0x03, 0x5e, 0x20, 0x04, 0x40, 0x20, 0x80, 0x00, 0x28, 0x0a, 0x00, 0x27,
  0x40, 0x04, 0x8d, 0x1e, 0xff, 0xff, 0xff, 0xff, 0x40, 0x00, 0x80, 0x00,
  0x28, 0x0a, 0x40, 0x27, 0x80, 0x04, 0x8d, 0x1e, 0xff, 0xff, 0xff, 0xff,
  0x40, 0x20, 0x80, 0x00, 0x28, 0x0a, 0x80, 0x25, 0x80, 0x03, 0x8d, 0x1e,
  0xff, 0xff, 0xff, 0xff, 0x40, 0x00, 0x80, 0x00, 0x28, 0x0a, 0xc0, 0x25,
  0xc0, 0x03, 0x8d, 0x1e, 0xff, 0xff, 0xff, 0xff, 0x40, 0x20, 0x80, 0x00,
  0x28, 0x0a, 0xc0, 0x27, 0x80, 0x00, 0x8d, 0x1e, 0xff, 0xff, 0xff, 0xff,
  0x40, 0x00, 0x80, 0x00, 0x28, 0x0a, 0xc0, 0x26, 0x00, 0x05, 0x8d, 0x1e,
  0xff, 0xff, 0xff, 0xff, 0x40, 0x00, 0x80, 0x00, 0x28, 0x0a, 0x40, 0x25,
  0x40, 0x03, 0x8d, 0x1e, 0xff, 0xff, 0xff, 0xff, 0x40, 0x20, 0x80, 0x00,
  0x28, 0x0a, 0xc0, 0x20, 0x00, 0x03, 0x8d, 0x1e, 0xff, 0xff, 0xff, 0xff,
  0x22, 0x00, 0xb1, 0x00, 0x00, 0x0e, 0x00, 0x20, 0xc8, 0x00, 0x00, 0x00,
  0x40, 0x00, 0x00, 0x00, 0x01, 0x00, 0x80, 0x00, 0xe8, 0x3e, 0x80, 0x27,
  0x00, 0x00, 0x00, 0x00, 0x00, 0x00, 0x00, 0x00, 0x01, 0x20, 0x80, 0x00,
  0xe8, 0x3e, 0x80, 0x26, 0x00, 0x00, 0x00, 0x00, 0x00, 0x00, 0x00, 0x00,
  0x24, 0x00, 0xa0, 0x00, 0x00, 0x0e, 0x00, 0x20, 0x98, 0x00, 0x00, 0x00,
  0x98, 0x00, 0x00, 0x00, 0x41, 0x96, 0x5d, 0x20, 0x07, 0x7c, 0x2e, 0x0a,
  0x41, 0x20, 0x80, 0x00, 0x28, 0x0a, 0x40, 0x2f, 0x80, 0x05, 0x8d, 0x0a,
  0x48, 0x01, 0x00, 0x00, 0x40, 0x96, 0x01, 0x20, 0xe7, 0x7c, 0x7c, 0x3a,
  0x40, 0x20, 0x80, 0x00, 0x28, 0x0a, 0x40, 0x2f, 0x40, 0x0f, 0x8d, 0x0a,
  0x00, 0x07, 0x8d, 0x00, 0x09, 0x00, 0x80, 0x00, 0x28, 0x0a, 0x80, 0x2f,
  0x80, 0x0f, 0x8d, 0x1e, 0x02, 0x00, 0x02, 0x00, 0x09, 0x20, 0x80, 0x00,
  0x28, 0x0a, 0x40, 0x2f, 0x40, 0x0f, 0x8d, 0x1e, 0x02, 0x00, 0x02, 0x00,
  0x40, 0x96, 0x2d, 0x20, 0x07, 0x7c, 0x7c, 0x0b, 0x40, 0x20, 0x80, 0x00,
  0x28, 0x0a, 0x40, 0x2f, 0x40, 0x0f, 0x8d, 0x0a, 0x64, 0x01, 0x00, 0x00,
  0x31, 0x00, 0x80, 0x0c, 0x68, 0x02, 0x80, 0x27, 0x80, 0x0f, 0x00, 0x06,
  0x01, 0x5e, 0x20, 0x04, 0x31, 0x20, 0x80, 0x0c, 0x68, 0x02, 0x80, 0x26,
  0x40, 0x0f, 0x00, 0x06, 0x01, 0x5e, 0x20, 0x04, 0x25, 0x00, 0xa0, 0x00,
  0x00, 0x00, 0x00, 0x20, 0x00, 0x00, 0x00, 0x0e, 0x10, 0x00, 0x00, 0x00,
  0x10, 0x20, 0x80, 0x03, 0x20, 0x0a, 0x00, 0x20, 0x80, 0x00, 0x8d, 0x1e,
  0x00, 0x00, 0x00, 0x00, 0x10, 0x20, 0x80, 0x03, 0x22, 0x0a, 0x00, 0x20,
  0x80, 0x03, 0x8d, 0x1e, 0x00, 0x00, 0x00, 0x00, 0x01, 0x00, 0x00, 0x00,
  0x4c, 0x16, 0xc0, 0x2f, 0x00, 0x00, 0x00, 0x00, 0x01, 0x00, 0x01, 0x00,
  0x10, 0x00, 0x80, 0x03, 0x22, 0x0a, 0x00, 0x20, 0x00, 0x05, 0x8d, 0x1e,
  0x00, 0x00, 0x00, 0x00, 0x02, 0x20, 0x81, 0x00, 0x4a, 0x12, 0xa0, 0x2f,
  0xc0, 0x0f, 0x00, 0x16, 0x00, 0x00, 0x00, 0x00, 0x02, 0x20, 0x81, 0x00,
  0x48, 0x12, 0x80, 0x2f, 0xc0, 0x0f, 0x00, 0x16, 0x00, 0x00, 0x00, 0x00,
  0x10, 0x00, 0x81, 0x03, 0x22, 0x0a, 0x00, 0x20, 0xc0, 0x03, 0x8d, 0x1e,
  0x00, 0x00, 0x00, 0x00, 0x05, 0x20, 0x80, 0x02, 0x42, 0x12, 0x00, 0x20,
  0xa0, 0x0f, 0xb1, 0x12, 0x80, 0x0f, 0xb1, 0x00, 0x22, 0x00, 0xb1, 0x00,
  0x02, 0x0e, 0x00, 0x20, 0xc8, 0x00, 0x00, 0x00, 0x40, 0x00, 0x00, 0x00,
  0x01, 0x00, 0x80, 0x00, 0xe8, 0x3e, 0x40, 0x26, 0x00, 0x00, 0x00, 0x00,
  0x00, 0x00, 0x00, 0x00, 0x01, 0x20, 0x80, 0x00, 0xe8, 0x3e, 0x00, 0x26,
  0x00, 0x00, 0x00, 0x00, 0x00, 0x00, 0x00, 0x00, 0x24, 0x00, 0xa0, 0x00,
  0x00, 0x0e, 0x00, 0x20, 0x98, 0x00, 0x00, 0x00, 0x98, 0x00, 0x00, 0x00,
  0x41, 0x96, 0x5d, 0x20, 0x07, 0x7c, 0x2e, 0x0a, 0x41, 0x20, 0x80, 0x00,
  0x28, 0x0a, 0x40, 0x2f, 0x80, 0x05, 0x8d, 0x0a, 0x48, 0x01, 0x00, 0x00,
  0x40, 0x96, 0x01, 0x20, 0xe7, 0x7c, 0x7c, 0x36, 0x40, 0x20, 0x80, 0x00,
  0x28, 0x0a, 0x40, 0x2f, 0x40, 0x0f, 0x8d, 0x0a, 0xc0, 0x07, 0x8d, 0x00,
  0x09, 0x00, 0x80, 0x00, 0x28, 0x0a, 0x80, 0x2f, 0x80, 0x0f, 0x8d, 0x1e,
  0x02, 0x00, 0x02, 0x00, 0x09, 0x20, 0x80, 0x00, 0x28, 0x0a, 0x40, 0x2f,
  0x40, 0x0f, 0x8d, 0x1e, 0x02, 0x00, 0x02, 0x00, 0x40, 0x96, 0x2d, 0x20,
  0x07, 0x7c, 0x7c, 0x0b, 0x40, 0x20, 0x80, 0x00, 0x28, 0x0a, 0x40, 0x2f,
  0x40, 0x0f, 0x8d, 0x0a, 0x64, 0x01, 0x00, 0x00, 0x31, 0x00, 0x80, 0x0c,
  0x68, 0x02, 0x40, 0x26, 0x80, 0x0f, 0x00, 0x06, 0x01, 0x5e, 0x20, 0x04,
  0x31, 0x20, 0x80, 0x0c, 0x68, 0x02, 0x00, 0x26, 0x40, 0x0f, 0x00, 0x06,
  0x01, 0x5e, 0x20, 0x04, 0x25, 0x00, 0xa0, 0x00, 0x00, 0x00, 0x00, 0x20,
  0x00, 0x00, 0x00, 0x0e, 0x10, 0x00, 0x00, 0x00, 0x10, 0x20, 0x80, 0x03,
  0x22, 0x0a, 0x00, 0x20, 0x40, 0x04, 0x8d, 0x1e, 0x00, 0x00, 0x00, 0x00,
  0x10, 0x20, 0x80, 0x03, 0x20, 0x0a, 0x00, 0x20, 0x00, 0x03, 0x8d, 0x1e,
  0x00, 0x00, 0x00, 0x00, 0x01, 0x00, 0x00, 0x00, 0x4c, 0x16, 0xc0, 0x2f,
  0x00, 0x00, 0x00, 0x00, 0x01, 0x00, 0x01, 0x00, 0x10, 0x00, 0x80, 0x03,
  0x20, 0x0a, 0x00, 0x20, 0x80, 0x04, 0x8d, 0x1e, 0x00, 0x00, 0x00, 0x00,
  0x02, 0x20, 0x81, 0x00, 0x48, 0x12, 0xa0, 0x2f, 0xc0, 0x0f, 0x00, 0x16,
  0x00, 0x00, 0x00, 0x00, 0x02, 0x20, 0x81, 0x00, 0x4a, 0x12, 0x80, 0x2f,
  0xc0, 0x0f, 0x00, 0x16, 0x00, 0x00, 0x00, 0x00, 0x10, 0x00, 0x81, 0x03,
  0x20, 0x0a, 0x00, 0x20, 0x40, 0x03, 0x8d, 0x1e, 0x00, 0x00, 0x00, 0x00,
  0x05, 0x20, 0x80, 0x02, 0x40, 0x12, 0x00, 0x20, 0xa0, 0x0f, 0xb1, 0x12,
  0x80, 0x0f, 0xb1, 0x00, 0x22, 0x00, 0xb1, 0x00, 0x00, 0x0e, 0x00, 0x20,
  0xc8, 0x00, 0x00, 0x00, 0x40, 0x00, 0x00, 0x00, 0x01, 0x00, 0x80, 0x00,
  0xe8, 0x3e, 0x80, 0x24, 0x00, 0x00, 0x00, 0x00, 0x00, 0x00, 0x00, 0x00,
  0x01, 0x20, 0x80, 0x00, 0xe8, 0x3e, 0x40, 0x24, 0x00, 0x00, 0x00, 0x00,
  0x00, 0x00, 0x00, 0x00, 0x24, 0x00, 0xa0, 0x00, 0x00, 0x0e, 0x00, 0x20,
  0x98, 0x00, 0x00, 0x00, 0x98, 0x00, 0x00, 0x00, 0x41, 0x96, 0x5d, 0x20,
  0x07, 0x7c, 0x2a, 0x0a, 0x41, 0x20, 0x80, 0x00, 0x28, 0x0a, 0x40, 0x2f,
  0xc0, 0x00, 0x8d, 0x0a, 0x48, 0x01, 0x00, 0x00, 0x40, 0x96, 0x01, 0x20,
  0xe7, 0x7c, 0x7c, 0x3a, 0x40, 0x20, 0x80, 0x00, 0x28, 0x0a, 0x40, 0x2f,
  0x40, 0x0f, 0x8d, 0x0a, 0x00, 0x07, 0x8d, 0x00, 0x09, 0x00, 0x80, 0x00,
  0x28, 0x0a, 0x80, 0x2f, 0x80, 0x0f, 0x8d, 0x1e, 0x02, 0x00, 0x02, 0x00,
  0x09, 0x20, 0x80, 0x00, 0x28, 0x0a, 0x40, 0x2f, 0x40, 0x0f, 0x8d, 0x1e,
  0x02, 0x00, 0x02, 0x00, 0x40, 0x96, 0x2d, 0x20, 0x07, 0x7c, 0x7c, 0x0b,
  0x40, 0x20, 0x80, 0x00, 0x28, 0x0a, 0x40, 0x2f, 0x40, 0x0f, 0x8d, 0x0a,
  0x64, 0x01, 0x00, 0x00, 0x31, 0x00, 0x80, 0x0c, 0x68, 0x02, 0x80, 0x24,
  0x80, 0x0f, 0x00, 0x06, 0x01, 0x5e, 0x20, 0x04, 0x31, 0x20, 0x80, 0x0c,
  0x68, 0x02, 0x40, 0x24, 0x40, 0x0f, 0x00, 0x06, 0x01, 0x5e, 0x20, 0x04,
  0x25, 0x00, 0xa0, 0x00, 0x00, 0x00, 0x00, 0x20, 0x00, 0x00, 0x00, 0x0e,
  0x10, 0x00, 0x00, 0x00, 0x10, 0x20, 0x80, 0x03, 0x20, 0x0a, 0x00, 0x20,
  0x80, 0x00, 0x8d, 0x1e, 0x00, 0x00, 0x00, 0x00, 0x10, 0x20, 0x80, 0x03,
  0x22, 0x0a, 0x00, 0x20, 0x00, 0x03, 0x8d, 0x1e, 0x00, 0x00, 0x00, 0x00,
  0x01, 0x00, 0x00, 0x00, 0x4c, 0x16, 0xc0, 0x2f, 0x00, 0x00, 0x00, 0x00,
  0x01, 0x00, 0x01, 0x00, 0x10, 0x00, 0x80, 0x03, 0x22, 0x0a, 0x00, 0x20,
  0x00, 0x05, 0x8d, 0x1e, 0x00, 0x00, 0x00, 0x00, 0x02, 0x20, 0x81, 0x00,
  0x4a, 0x12, 0xa0, 0x2f, 0xc0, 0x0f, 0x00, 0x16, 0x00, 0x00, 0x00, 0x00,
  0x02, 0x20, 0x81, 0x00, 0x48, 0x12, 0x80, 0x2f, 0xc0, 0x0f, 0x00, 0x16,
  0x00, 0x00, 0x00, 0x00, 0x10, 0x00, 0x81, 0x03, 0x22, 0x0a, 0x00, 0x20,
  0x40, 0x03, 0x8d, 0x1e, 0x00, 0x00, 0x00, 0x00, 0x05, 0x20, 0x80, 0x02,
  0x42, 0x12, 0x00, 0x20, 0xa0, 0x0f, 0xb1, 0x12, 0x80, 0x0f, 0xb1, 0x00,
  0x22, 0x00, 0xb1, 0x00, 0x02, 0x0e, 0x00, 0x20, 0xc8, 0x00, 0x00, 0x00,
  0x40, 0x00, 0x00, 0x00, 0x01, 0x00, 0x80, 0x00, 0xe8, 0x3e, 0x00, 0x25,
  0x00, 0x00, 0x00, 0x00, 0x00, 0x00, 0x00, 0x00, 0x01, 0x20, 0x80, 0x00,
  0xe8, 0x3e, 0x80, 0x20, 0x00, 0x00, 0x00, 0x00, 0x00, 0x00, 0x00, 0x00,
  0x24, 0x00, 0xa0, 0x00, 0x00, 0x0e, 0x00, 0x20, 0x98, 0x00, 0x00, 0x00,
  0x98, 0x00, 0x00, 0x00, 0x41, 0x96, 0x5d, 0x20, 0x07, 0x7c, 0x2a, 0x0a,
  0x41, 0x20, 0x80, 0x00, 0x28, 0x0a, 0x40, 0x2f, 0xc0, 0x00, 0x8d, 0x0a,
  0x48, 0x01, 0x00, 0x00, 0x40, 0x96, 0x01, 0x20, 0xe7, 0x7c, 0x7c, 0x36,
  0x40, 0x20, 0x80, 0x00, 0x28, 0x0a, 0x40, 0x2f, 0x40, 0x0f, 0x8d, 0x0a,
  0xc0, 0x07, 0x8d, 0x00, 0x09, 0x00, 0x80, 0x00, 0x28, 0x0a, 0x80, 0x2f,
  0x80, 0x0f, 0x8d, 0x1e, 0x02, 0x00, 0x02, 0x00, 0x09, 0x20, 0x80, 0x00,
  0x28, 0x0a, 0x40, 0x2f, 0x40, 0x0f, 0x8d, 0x1e, 0x02, 0x00, 0x02, 0x00,
  0x40, 0x96, 0x2d, 0x20, 0x07, 0x7c, 0x7c, 0x0b, 0x40, 0x20, 0x80, 0x00,
  0x28, 0x0a, 0x40, 0x2f, 0x40, 0x0f, 0x8d, 0x0a, 0x64, 0x01, 0x00, 0x00,
  0x31, 0x00, 0x80, 0x0c, 0x68, 0x02, 0x00, 0x25, 0x80, 0x0f, 0x00, 0x06,
  0x01, 0x5e, 0x20, 0x04, 0x31, 0x20, 0x80, 0x0c, 0x68, 0x02, 0x80, 0x20,
  0x40, 0x0f, 0x00, 0x06, 0x01, 0x5e, 0x20, 0x04, 0x25, 0x00, 0xa0, 0x00,
  0x00, 0x00, 0x00, 0x20, 0x00, 0x00, 0x00, 0x0e, 0x10, 0x00, 0x00, 0x00,
  0x40, 0x20, 0x80, 0x00, 0xe8, 0x3a, 0x40, 0x2f, 0x80, 0x06, 0x8d, 0x3a,
  0x00, 0x46, 0x8d, 0x00, 0x40, 0x56, 0x02, 0x20, 0xf7, 0x7c, 0x3c, 0x32,
  0x01, 0x00, 0x00, 0x00, 0x4c, 0x16, 0xc0, 0x2f, 0x00, 0x00, 0x00, 0x00,
  0x01, 0x00, 0x01, 0x00, 0x40, 0x20, 0x80, 0x00, 0xe8, 0x3a, 0x40, 0x2f,
  0x40, 0x0f, 0x8d, 0x3a, 0x40, 0x44, 0x8d, 0x00, 0x40, 0x56, 0x02, 0x20,
  0xf7, 0x7c, 0x7c, 0x24, 0x40, 0x20, 0x80, 0x00, 0xe8, 0x3a, 0x40, 0x2f,
  0x40, 0x0f, 0x8d, 0x3a, 0x80, 0x00, 0x8d, 0x00, 0x40, 0x96, 0x1d, 0x20,
  0xe0, 0x04, 0x0a, 0x26, 0x40, 0x56, 0x02, 0x20, 0xe7, 0x7c, 0x7c, 0x28,
  0x40, 0x20, 0x80, 0x00, 0x28, 0x0a, 0x00, 0x25, 0x4c, 0x01, 0x00, 0x0a,
  0xc0, 0x02, 0x8d, 0x00, 0x02, 0x20, 0x80, 0x04, 0xe8, 0x3a, 0xc0, 0x2a,
  0x40, 0x0f, 0x8d, 0x3e, 0x00, 0x00, 0x00, 0x00, 0x02, 0x96, 0x2d, 0x25,
  0x07, 0x26, 0x04, 0x08, 0x02, 0x96, 0x03, 0x24, 0x07, 0x58, 0x7c, 0x00,
  0x02, 0x20, 0x80, 0x05, 0x28, 0x0a, 0x80, 0x24, 0x00, 0x05, 0x8d, 0x0a,
  0x04, 0x01, 0x00, 0x00, 0x40, 0x96, 0x65, 0x20, 0x07, 0x78, 0x04, 0x08,
  0x10, 0x00, 0x80, 0x03, 0x22, 0x0a, 0x00, 0x20, 0xc0, 0x04, 0x8d, 0x1e,
  0x00, 0x00, 0x00, 0x00, 0x40, 0x20, 0x80, 0x00, 0x28, 0x0a, 0xc0, 0x2e,
  0x00, 0x05, 0x8d, 0x0a, 0x0c, 0x01, 0x00, 0x00, 0x40, 0x00, 0x80, 0x00,
  0x28, 0x0a, 0x40, 0x24, 0xc0, 0x04, 0x8d, 0x1e, 0xff, 0xff, 0xff, 0xff,
  0x02, 0x96, 0x2d, 0x25, 0x07, 0x30, 0x78, 0x08, 0x01, 0x00, 0x00, 0x00,
  0x0c, 0x00, 0x14, 0x21, 0x20, 0x06, 0x00, 0x00, 0x00, 0x00, 0x00, 0x00,
  0x10, 0x20, 0x80, 0x03, 0x22, 0x0a, 0x00, 0x20, 0x80, 0x04, 0x8d, 0x1e,
  0x00, 0x00, 0x00, 0x00, 0x02, 0x20, 0x80, 0x05, 0x28, 0x0a, 0x40, 0x27,
  0xc0, 0x0e, 0x8d, 0x0a, 0x04, 0x01, 0x00, 0x00, 0x40, 0x20, 0x80, 0x00,
  0x28, 0x0a, 0xc0, 0x22, 0x80, 0x04, 0x8d, 0x1e, 0xff, 0xff, 0xff, 0xff,
  0x01, 0x20, 0x28, 0x20, 0x00, 0x30, 0x08, 0x00, 0x02, 0x20, 0x81, 0x00,
  0x4a, 0x12, 0x80, 0x2f, 0xc0, 0x0f, 0x00, 0x16, 0x00, 0x00, 0x00, 0x00,
  0x01, 0x20, 0x28, 0x20, 0x00, 0x30, 0x08, 0x00, 0x40, 0x00, 0x80, 0x00,
  0x28, 0x0a, 0x00, 0x27, 0x00, 0x06, 0x8d, 0x1e, 0xff, 0xff, 0xff, 0xff,
  0x40, 0x20, 0x80, 0x00, 0x28, 0x0a, 0x80, 0x28, 0x40, 0x07, 0x8d, 0x1e,
  0xff, 0xff, 0xff, 0xff, 0x10, 0x00, 0x81, 0x03, 0x20, 0x0a, 0x00, 0x20,
  0xc0, 0x03, 0x8d, 0x1e, 0x00, 0x00, 0x00, 0x00, 0x01, 0x00, 0x00, 0x00,
  0x0c, 0x00, 0x14, 0x21, 0x00, 0x06, 0x00, 0x00, 0x00, 0x00, 0x00, 0x00,
  0x01, 0x20, 0x28, 0x20, 0x00, 0x30, 0x08, 0x00, 0x10, 0x20, 0x80, 0x03,
  0x20, 0x0a, 0x00, 0x20, 0x80, 0x03, 0x8d, 0x1e, 0x00, 0x00, 0x00, 0x00,
  0x01, 0x00, 0x00, 0x00, 0x0c, 0x00, 0x14, 0x21, 0x00, 0x06, 0x00, 0x00,
  0x00, 0x00, 0x00, 0x00, 0x02, 0x20, 0x81, 0x00, 0x48, 0x12, 0xa0, 0x2f,
  0xc0, 0x0f, 0x00, 0x16, 0x00, 0x00, 0x00, 0x00, 0x01, 0x20, 0x28, 0x20,
  0x00, 0x30, 0x08, 0x00, 0x05, 0x20, 0x80, 0x02, 0x40, 0x12, 0x00, 0x20,
  0xa0, 0x0f, 0xb1, 0x12, 0x80, 0x0f, 0xb1, 0x00, 0x01, 0x00, 0x00, 0x00,
  0x0c, 0x00, 0x14, 0x21, 0x00, 0x06, 0x00, 0x00, 0x00, 0x00, 0x00, 0x00,
  0x01, 0x20, 0x28, 0x20, 0x00, 0x31, 0x08, 0x00, 0x22, 0x00, 0xb1, 0x00,
  0x02, 0x0e, 0x00, 0x20, 0xc8, 0x00, 0x00, 0x00, 0x40, 0x00, 0x00, 0x00,
  0x01, 0x00, 0x80, 0x00, 0xe8, 0x3e, 0x40, 0x28, 0x00, 0x00, 0x00, 0x00,
  0x00, 0x00, 0x00, 0x00, 0x01, 0x20, 0x80, 0x00, 0xe8, 0x3e, 0xc0, 0x27,
  0x00, 0x00, 0x00, 0x00, 0x00, 0x00, 0x00, 0x00, 0x24, 0x00, 0xa0, 0x00,
  0x00, 0x0e, 0x00, 0x20, 0x98, 0x00, 0x00, 0x00, 0x98, 0x00, 0x00, 0x00,
  0x41, 0x96, 0x5d, 0x20, 0x07, 0x7c, 0x2e, 0x0a, 0x41, 0x20, 0x80, 0x00,
  0x28, 0x0a, 0x40, 0x2f, 0x80, 0x05, 0x8d, 0x0a, 0x48, 0x01, 0x00, 0x00,
  0x40, 0x96, 0x01, 0x20, 0xe7, 0x7c, 0x7c, 0x22, 0x40, 0x20, 0x80, 0x00,
  0x28, 0x0a, 0x40, 0x2f, 0x40, 0x0f, 0x8d, 0x0a, 0xc0, 0x02, 0x8d, 0x00,
  0x09, 0x00, 0x80, 0x00, 0x28, 0x0a, 0x80, 0x2f, 0x80, 0x0f, 0x8d, 0x1e,
  0x02, 0x00, 0x02, 0x00, 0x09, 0x20, 0x80, 0x00, 0x28, 0x0a, 0x40, 0x2f,
  0x40, 0x0f, 0x8d, 0x1e, 0x02, 0x00, 0x02, 0x00, 0x40, 0x96, 0x2d, 0x20,
  0x07, 0x7c, 0x7c, 0x0b, 0x40, 0x20, 0x80, 0x00, 0x28, 0x0a, 0x40, 0x2f,
  0x40, 0x0f, 0x8d, 0x0a, 0x64, 0x01, 0x00, 0x00, 0x31, 0x00, 0x80, 0x0c,
  0x68, 0x02, 0x40, 0x28, 0x80, 0x0f, 0x00, 0x06, 0x01, 0x5e, 0x20, 0x04,
  0x31, 0x20, 0x80, 0x0c, 0x68, 0x02, 0xc0, 0x27, 0x40, 0x0f, 0x00, 0x06,
  0x01, 0x5e, 0x20, 0x04, 0x25, 0x00, 0xa0, 0x00, 0x00, 0x00, 0x00, 0x20,
  0x00, 0x00, 0x00, 0x0e, 0x10, 0x00, 0x00, 0x00, 0x10, 0x20, 0x80, 0x03,
  0x22, 0x0a, 0x00, 0x20, 0x40, 0x07, 0x8d, 0x1e, 0x00, 0x00, 0x00, 0x00,
  0x10, 0x20, 0x80, 0x03, 0x20, 0x0a, 0x00, 0x20, 0x80, 0x03, 0x8d, 0x1e,
  0x00, 0x00, 0x00, 0x00, 0x01, 0x00, 0x00, 0x00, 0x4c, 0x16, 0xc4, 0x2f,
  0x00, 0x00, 0x00, 0x00, 0x01, 0x00, 0x01, 0x00, 0x10, 0x00, 0x80, 0x03,
  0x20, 0x0a, 0x00, 0x20, 0x00, 0x06, 0x8d, 0x1e, 0x00, 0x00, 0x00, 0x00,
  0x01, 0x00, 0x00, 0x20, 0x00, 0x7e, 0x31, 0x00, 0x02, 0x20, 0x81, 0x00,
  0x48, 0x12, 0xa0, 0x2f, 0xc4, 0x0f, 0x00, 0x16, 0x00, 0x00, 0x00, 0x00,
  0x10, 0x00, 0x81, 0x03, 0x20, 0x0a, 0x00, 0x20, 0xc0, 0x03, 0x8d, 0x1e,
  0x00, 0x00, 0x00, 0x00, 0x01, 0x20, 0x00, 0x20, 0x00, 0x31, 0x7e, 0x00,
  0x02, 0x20, 0x81, 0x00, 0x4a, 0x12, 0x80, 0x2f, 0xc4, 0x0f, 0x00, 0x16,
  0x00, 0x00, 0x00, 0x00, 0x05, 0x20, 0x80, 0x02, 0x40, 0x12, 0x00, 0x20,
  0xa0, 0x0f, 0xb1, 0x12, 0x80, 0x0f, 0xb1, 0x00, 0x22, 0x00, 0xb1, 0x00,
  0x00, 0x0e, 0x00, 0x20, 0xc8, 0x00, 0x00, 0x00, 0x40, 0x00, 0x00, 0x00,
  0x01, 0x00, 0x80, 0x00, 0xe8, 0x3e, 0x80, 0x27, 0x00, 0x00, 0x00, 0x00,
  0x00, 0x00, 0x00, 0x00, 0x01, 0x20, 0x80, 0x00, 0xe8, 0x3e, 0xc0, 0x26,
  0x00, 0x00, 0x00, 0x00, 0x00, 0x00, 0x00, 0x00, 0x24, 0x00, 0xa0, 0x00,
  0x00, 0x0e, 0x00, 0x20, 0x98, 0x00, 0x00, 0x00, 0x98, 0x00, 0x00, 0x00,
  0x41, 0x96, 0x5d, 0x20, 0x07, 0x7c, 0x2e, 0x0a, 0x41, 0x20, 0x80, 0x00,
  0x28, 0x0a, 0x40, 0x2f, 0x80, 0x05, 0x8d, 0x0a, 0x48, 0x01, 0x00, 0x00,
  0x40, 0x96, 0x01, 0x20, 0xe7, 0x7c, 0x7c, 0x38, 0x40, 0x20, 0x80, 0x00,
  0x28, 0x0a, 0x40, 0x2f, 0x40, 0x0f, 0x8d, 0x0a, 0x80, 0x08, 0x8d, 0x00,
  0x09, 0x00, 0x80, 0x00, 0x28, 0x0a, 0x80, 0x2f, 0x80, 0x0f, 0x8d, 0x1e,
  0x02, 0x00, 0x02, 0x00, 0x09, 0x20, 0x80, 0x00, 0x28, 0x0a, 0x40, 0x2f,
  0x40, 0x0f, 0x8d, 0x1e, 0x02, 0x00, 0x02, 0x00, 0x40, 0x96, 0x2d, 0x20,
  0x07, 0x7c, 0x7c, 0x0b, 0x40, 0x20, 0x80, 0x00, 0x28, 0x0a, 0x40, 0x2f,
  0x40, 0x0f, 0x8d, 0x0a, 0x64, 0x01, 0x00, 0x00, 0x31, 0x00, 0x80, 0x0c,
  0x68, 0x02, 0x80, 0x27, 0x80, 0x0f, 0x00, 0x06, 0x01, 0x5e, 0x20, 0x04,
  0x31, 0x20, 0x80, 0x0c, 0x68, 0x02, 0xc0, 0x26, 0x40, 0x0f, 0x00, 0x06,
  0x01, 0x5e, 0x20, 0x04, 0x25, 0x00, 0xa0, 0x00, 0x00, 0x00, 0x00, 0x20,
  0x00, 0x00, 0x00, 0x0e, 0x10, 0x00, 0x00, 0x00, 0x10, 0x20, 0x80, 0x03,
  0x20, 0x0a, 0x00, 0x20, 0x80, 0x04, 0x8d, 0x1e, 0x00, 0x00, 0x00, 0x00,
  0x10, 0x20, 0x80, 0x03, 0x22, 0x0a, 0x00, 0x20, 0x00, 0x03, 0x8d, 0x1e,
  0x00, 0x00, 0x00, 0x00, 0x01, 0x00, 0x00, 0x00, 0x4c, 0x16, 0xc4, 0x2f,
  0x00, 0x00, 0x00, 0x00, 0x01, 0x00, 0x01, 0x00, 0x10, 0x00, 0x80, 0x03,
  0x22, 0x0a, 0x00, 0x20, 0xc0, 0x04, 0x8d, 0x1e, 0x00, 0x00, 0x00, 0x00,
  0x01, 0x00, 0x00, 0x20, 0x00, 0x7e, 0x30, 0x00, 0x02, 0x20, 0x81, 0x00,
  0x4a, 0x12, 0xa0, 0x2f, 0xc4, 0x0f, 0x00, 0x16, 0x00, 0x00, 0x00, 0x00,
  0x10, 0x00, 0x81, 0x03, 0x22, 0x0a, 0x00, 0x20, 0x40, 0x03, 0x8d, 0x1e,
  0x00, 0x00, 0x00, 0x00, 0x01, 0x20, 0x00, 0x20, 0x00, 0x30, 0x7e, 0x00,
  0x02, 0x20, 0x81, 0x00, 0x48, 0x12, 0x80, 0x2f, 0xc4, 0x0f, 0x00, 0x16,
  0x00, 0x00, 0x00, 0x00, 0x05, 0x20, 0x80, 0x02, 0x42, 0x12, 0x00, 0x20,
  0xa0, 0x0f, 0xb1, 0x12, 0x80, 0x0f, 0xb1, 0x00, 0x22, 0x00, 0xb1, 0x00,
  0x02, 0x0e, 0x00, 0x20, 0xc8, 0x00, 0x00, 0x00, 0x40, 0x00, 0x00, 0x00,
  0x01, 0x00, 0x80, 0x00, 0xe8, 0x3e, 0x80, 0x26, 0x00, 0x00, 0x00, 0x00,
  0x00, 0x00, 0x00, 0x00, 0x01, 0x20, 0x80, 0x00, 0xe8, 0x3e, 0x40, 0x26,
  0x00, 0x00, 0x00, 0x00, 0x00, 0x00, 0x00, 0x00, 0x24, 0x00, 0xa0, 0x00,
  0x00, 0x0e, 0x00, 0x20, 0x98, 0x00, 0x00, 0x00, 0x98, 0x00, 0x00, 0x00,
  0x41, 0x96, 0x5d, 0x20, 0x07, 0x7c, 0x2a, 0x0a, 0x41, 0x20, 0x80, 0x00,
  0x28, 0x0a, 0x40, 0x2f, 0xc0, 0x00, 0x8d, 0x0a, 0x48, 0x01, 0x00, 0x00,
  0x40, 0x96, 0x01, 0x20, 0xe7, 0x7c, 0x7c, 0x22, 0x40, 0x20, 0x80, 0x00,
  0x28, 0x0a, 0x40, 0x2f, 0x40, 0x0f, 0x8d, 0x0a, 0xc0, 0x02, 0x8d, 0x00,
  0x09, 0x00, 0x80, 0x00, 0x28, 0x0a, 0x80, 0x2f, 0x80, 0x0f, 0x8d, 0x1e,
  0x02, 0x00, 0x02, 0x00, 0x09, 0x20, 0x80, 0x00, 0x28, 0x0a, 0x40, 0x2f,
  0x40, 0x0f, 0x8d, 0x1e, 0x02, 0x00, 0x02, 0x00, 0x40, 0x96, 0x2d, 0x20,
  0x07, 0x7c, 0x7c, 0x0b, 0x40, 0x20, 0x80, 0x00, 0x28, 0x0a, 0x40, 0x2f,
  0x40, 0x0f, 0x8d, 0x0a, 0x64, 0x01, 0x00, 0x00, 0x31, 0x00, 0x80, 0x0c,
  0x68, 0x02, 0x80, 0x26, 0x80, 0x0f, 0x00, 0x06, 0x01, 0x5e, 0x20, 0x04,
  0x31, 0x20, 0x80, 0x0c, 0x68, 0x02, 0x40, 0x26, 0x40, 0x0f, 0x00, 0x06,
  0x01, 0x5e, 0x20, 0x04, 0x25, 0x00, 0xa0, 0x00, 0x00, 0x00, 0x00, 0x20,
  0x00, 0x00, 0x00, 0x0e, 0x10, 0x00, 0x00, 0x00, 0x10, 0x20, 0x80, 0x03,
  0x22, 0x0a, 0x00, 0x20, 0x40, 0x07, 0x8d, 0x1e, 0x00, 0x00, 0x00, 0x00,
  0x10, 0x20, 0x80, 0x03, 0x20, 0x0a, 0x00, 0x20, 0x00, 0x03, 0x8d, 0x1e,
  0x00, 0x00, 0x00, 0x00, 0x01, 0x00, 0x00, 0x00, 0x4c, 0x16, 0xc4, 0x2f,
  0x00, 0x00, 0x00, 0x00, 0x01, 0x00, 0x01, 0x00, 0x10, 0x00, 0x80, 0x03,
  0x20, 0x0a, 0x00, 0x20, 0x00, 0x06, 0x8d, 0x1e, 0x00, 0x00, 0x00, 0x00,
  0x01, 0x00, 0x00, 0x20, 0x00, 0x7e, 0x31, 0x00, 0x02, 0x20, 0x81, 0x00,
  0x48, 0x12, 0xa0, 0x2f, 0xc4, 0x0f, 0x00, 0x16, 0x00, 0x00, 0x00, 0x00,
  0x10, 0x00, 0x81, 0x03, 0x20, 0x0a, 0x00, 0x20, 0x40, 0x03, 0x8d, 0x1e,
  0x00, 0x00, 0x00, 0x00, 0x01, 0x20, 0x00, 0x20, 0x00, 0x31, 0x7e, 0x00,
  0x02, 0x20, 0x81, 0x00, 0x4a, 0x12, 0x80, 0x2f, 0xc4, 0x0f, 0x00, 0x16,
  0x00, 0x00, 0x00, 0x00, 0x05, 0x20, 0x80, 0x02, 0x40, 0x12, 0x00, 0x20,
  0xa0, 0x0f, 0xb1, 0x12, 0x80, 0x0f, 0xb1, 0x00, 0x22, 0x00, 0xb1, 0x00,
  0x00, 0x0e, 0x00, 0x20, 0xc8, 0x00, 0x00, 0x00, 0x40, 0x00, 0x00, 0x00,
  0x01, 0x00, 0x80, 0x00, 0xe8, 0x3e, 0x40, 0x23, 0x00, 0x00, 0x00, 0x00,
  0x00, 0x00, 0x00, 0x00, 0x01, 0x20, 0x80, 0x00, 0xe8, 0x3e, 0x00, 0x23,
  0x00, 0x00, 0x00, 0x00, 0x00, 0x00, 0x00, 0x00, 0x24, 0x00, 0xa0, 0x00,
  0x00, 0x0e, 0x00, 0x20, 0x98, 0x00, 0x00, 0x00, 0x98, 0x00, 0x00, 0x00,
  0x41, 0x96, 0x5d, 0x20, 0x07, 0x7c, 0x2a, 0x0a, 0x41, 0x20, 0x80, 0x00,
  0x28, 0x0a, 0x40, 0x2f, 0xc0, 0x00, 0x8d, 0x0a, 0x48, 0x01, 0x00, 0x00,
  0x40, 0x96, 0x01, 0x20, 0xe7, 0x7c, 0x7c, 0x38, 0x40, 0x20, 0x80, 0x00,
  0x28, 0x0a, 0x40, 0x2f, 0x40, 0x0f, 0x8d, 0x0a, 0x80, 0x08, 0x8d, 0x00,
  0x09, 0x00, 0x80, 0x00, 0x28, 0x0a, 0x80, 0x2f, 0x80, 0x0f, 0x8d, 0x1e,
  0x02, 0x00, 0x02, 0x00, 0x09, 0x20, 0x80, 0x00, 0x28, 0x0a, 0x40, 0x2f,
  0x40, 0x0f, 0x8d, 0x1e, 0x02, 0x00, 0x02, 0x00, 0x40, 0x96, 0x2d, 0x20,
  0x07, 0x7c, 0x7c, 0x0b, 0x40, 0x20, 0x80, 0x00, 0x28, 0x0a, 0x40, 0x2f,
  0x40, 0x0f, 0x8d, 0x0a, 0x64, 0x01, 0x00, 0x00, 0x31, 0x00, 0x80, 0x0c,
  0x68, 0x02, 0x40, 0x23, 0x80, 0x0f, 0x00, 0x06, 0x01, 0x5e, 0x20, 0x04,
  0x31, 0x20, 0x80, 0x0c, 0x68, 0x02, 0x00, 0x23, 0x40, 0x0f, 0x00, 0x06,
  0x01, 0x5e, 0x20, 0x04, 0x25, 0x00, 0xa0, 0x00, 0x00, 0x00, 0x00, 0x20,
  0x00, 0x00, 0x00, 0x0e, 0x10, 0x00, 0x00, 0x00, 0x40, 0x56, 0x02, 0x20,
  0xf7, 0x7c, 0x42, 0x3c, 0x40, 0x20, 0x80, 0x00, 0xe8, 0x3a, 0x40, 0x2f,
  0xc0, 0x07, 0x8d, 0x3a, 0xc0, 0x46, 0x8d, 0x00, 0x10, 0x20, 0x80, 0x03,
  0x20, 0x0a, 0x00, 0x20, 0x80, 0x04, 0x8d, 0x1e, 0x00, 0x00, 0x00, 0x00,
  0x40, 0x00, 0x80, 0x00, 0x28, 0x0a, 0x40, 0x27, 0x80, 0x02, 0x8d, 0x1e,
  0x50, 0x01, 0x50, 0x01, 0x40, 0x56, 0x02, 0x20, 0xf7, 0x7c, 0x7c, 0x34,
  0x40, 0x20, 0x80, 0x00, 0xe8, 0x3a, 0x40, 0x2f, 0x40, 0x0f, 0x8d, 0x3a,
  0x40, 0x46, 0x8d, 0x00, 0x02, 0x20, 0x80, 0x05, 0x28, 0x0a, 0x80, 0x22,
  0x80, 0x01, 0x8d, 0x0a, 0x00, 0x01, 0x00, 0x00, 0x01, 0x00, 0x00, 0x20,
  0x00, 0x7e, 0x30, 0x00, 0x40, 0x56, 0x02, 0x20, 0xe7, 0x7c, 0x7c, 0x1a,
  0x40, 0x20, 0x80, 0x00, 0xe8, 0x3a, 0x40, 0x2f, 0x40, 0x0f, 0x8d, 0x3a,
  0x00, 0x03, 0x8d, 0x00, 0x40, 0x20, 0x80, 0x00, 0x28, 0x0a, 0x00, 0x27,
  0x40, 0x02, 0x8d, 0x1e, 0x50, 0x01, 0x50, 0x01, 0x40, 0x96, 0x65, 0x20,
  0x07, 0x78, 0x10, 0x08, 0x02, 0x96, 0x03, 0x24, 0x07, 0x7c, 0x7c, 0x00,
  0x02, 0x20, 0x80, 0x04, 0xe8, 0x3a, 0x40, 0x2f, 0x40, 0x0f, 0x8d, 0x3e,
  0x00, 0x00, 0x00, 0x00, 0x01, 0x00, 0x00, 0x00, 0x4c, 0x16, 0xc4, 0x2f,
  0x00, 0x00, 0x00, 0x00, 0x01, 0x00, 0x01, 0x00, 0x10, 0x20, 0x80, 0x03,
  0x22, 0x0a, 0x00, 0x20, 0x80, 0x02, 0x8d, 0x1e, 0x00, 0x00, 0x00, 0x00,
  0x40, 0x56, 0x02, 0x20, 0xf7, 0x7c, 0x58, 0x7c, 0x40, 0x20, 0x80, 0x00,
  0xe8, 0x3a, 0x40, 0x2f, 0xc0, 0x0a, 0x8d, 0x3a, 0x40, 0x4f, 0x8d, 0x00,
  0x01, 0x20, 0x00, 0x20, 0x00, 0x30, 0x7e, 0x00, 0x40, 0x20, 0x80, 0x00,
  0x28, 0x0a, 0xc0, 0x2e, 0x80, 0x01, 0x8d, 0x0a, 0x0c, 0x01, 0x00, 0x00,
  0x41, 0x56, 0x02, 0x20, 0xe7, 0x7c, 0x54, 0x7c, 0x41, 0x20, 0x80, 0x00,
  0xe8, 0x3a, 0x40, 0x2f, 0xc0, 0x08, 0x8d, 0x3a, 0x40, 0x0f, 0x8d, 0x00,
  0x02, 0x96, 0x01, 0x25, 0x07, 0x0c, 0x78, 0x08, 0x10, 0x00, 0x80, 0x03,
  0x22, 0x0a, 0x00, 0x20, 0xc0, 0x04, 0x8d, 0x1e, 0x00, 0x00, 0x00, 0x00,
  0x33, 0x00, 0x80, 0x0c, 0x70, 0xc0, 0x07, 0x00, 0x42, 0x07, 0x00, 0x00,
  0xfe, 0x5e, 0x02, 0x04, 0x40, 0x96, 0x01, 0x20, 0x07, 0x7c, 0x04, 0x0a,
  0x33, 0x20, 0x80, 0x0c, 0x70, 0xa0, 0x07, 0x00, 0x02, 0x07, 0x00, 0x00,
  0xfe, 0x5e, 0x02, 0x04, 0x40, 0x20, 0x80, 0x00, 0x28, 0x0a, 0x40, 0x2f,
  0x00, 0x05, 0x8d, 0x0a, 0x40, 0x01, 0x00, 0x00, 0x02, 0x96, 0x01, 0x25,
  0x07, 0x18, 0x10, 0x08, 0x02, 0x96, 0x2d, 0x25, 0x07, 0x28, 0x7c, 0x08,
  0x02, 0x20, 0x81, 0x00, 0x4a, 0x12, 0x20, 0x2f, 0xc4, 0x0f, 0x00, 0x16,
  0x00, 0x00, 0x00, 0x00, 0x02, 0x20, 0x81, 0x00, 0x48, 0x12, 0xa0, 0x2f,
  0xc4, 0x0f, 0x00, 0x16, 0x00, 0x00, 0x00, 0x00, 0x02, 0x20, 0x80, 0x05,
  0x28, 0x0a, 0x40, 0x26, 0xc0, 0x0e, 0x8d, 0x0a, 0x00, 0x01, 0x00, 0x00,
  0x02, 0x20, 0x80, 0x05, 0x28, 0x0a, 0x40, 0x23, 0x40, 0x0f, 0x8d, 0x0a,
  0x04, 0x01, 0x00, 0x00, 0x10, 0x00, 0x81, 0x03, 0x22, 0x0a, 0x00, 0x20,
  0x00, 0x03, 0x8d, 0x1e, 0x00, 0x00, 0x00, 0x00, 0x05, 0x20, 0x80, 0x02,
  0x42, 0x12, 0x00, 0x20, 0x20, 0x0f, 0xb1, 0x12, 0xa0, 0x0f, 0xb1, 0x00,
  0x40, 0x20, 0x80, 0x00, 0x28, 0x0a, 0xc0, 0x20, 0x80, 0x02, 0x8d, 0x1e,
  0xff, 0xff, 0xff, 0xff, 0x40, 0x00, 0x80, 0x00, 0x28, 0x0a, 0x00, 0x26,
  0x80, 0x01, 0x8d, 0x1e, 0xff, 0xff, 0xff, 0xff, 0x40, 0x00, 0x80, 0x00,
  0x28, 0x0a, 0x40, 0x22, 0x00, 0x03, 0x8d, 0x1e, 0xff, 0xff, 0xff, 0xff,
  0x40, 0x00, 0x80, 0x00, 0x28, 0x0a, 0x00, 0x22, 0x00, 0x05, 0x8d, 0x1e,
  0xff, 0xff, 0xff, 0xff, 0x40, 0x20, 0x80, 0x00, 0x28, 0x0a, 0x40, 0x25,
  0x40, 0x06, 0x8d, 0x1e, 0xff, 0xff, 0xff, 0xff, 0x40, 0x20, 0x80, 0x00,
  0x28, 0x0a, 0x80, 0x20, 0x40, 0x03, 0x8d, 0x1e, 0xff, 0xff, 0xff, 0xff,
  0x22, 0x00, 0xb1, 0x00, 0x02, 0x0e, 0x00, 0x20, 0xc8, 0x00, 0x00, 0x00,
  0x40, 0x00, 0x00, 0x00, 0x01, 0x00, 0x80, 0x00, 0xe8, 0x3e, 0xc0, 0x26,
  0x00, 0x00, 0x00, 0x00, 0x00, 0x00, 0x00, 0x00, 0x01, 0x20, 0x80, 0x00,
  0xe8, 0x3e, 0x80, 0x26, 0x00, 0x00, 0x00, 0x00, 0x00, 0x00, 0x00, 0x00,
  0x24, 0x00, 0xa0, 0x00, 0x00, 0x0e, 0x00, 0x20, 0x98, 0x00, 0x00, 0x00,
  0x98, 0x00, 0x00, 0x00, 0x41, 0x96, 0x5d, 0x20, 0x07, 0x7c, 0x12, 0x0a,
  0x41, 0x20, 0x80, 0x00, 0x28, 0x0a, 0x40, 0x2f, 0xc0, 0x00, 0x8d, 0x0a,
  0x48, 0x01, 0x00, 0x00, 0x40, 0x96, 0x01, 0x20, 0xe7, 0x7c, 0x7c, 0x22,
  0x40, 0x20, 0x80, 0x00, 0x28, 0x0a, 0x40, 0x2f, 0x40, 0x0f, 0x8d, 0x0a,
  0xc0, 0x02, 0x8d, 0x00, 0x09, 0x00, 0x80, 0x00, 0x28, 0x0a, 0x80, 0x2f,
  0x80, 0x0f, 0x8d, 0x1e, 0x02, 0x00, 0x02, 0x00, 0x09, 0x20, 0x80, 0x00,
  0x28, 0x0a, 0x40, 0x2f, 0x40, 0x0f, 0x8d, 0x1e, 0x02, 0x00, 0x02, 0x00,
  0x40, 0x96, 0x2d, 0x20, 0x07, 0x7c, 0x7c, 0x0b, 0x40, 0x20, 0x80, 0x00,
  0x28, 0x0a, 0x40, 0x2f, 0x40, 0x0f, 0x8d, 0x0a, 0x64, 0x01, 0x00, 0x00,
  0x31, 0x00, 0x80, 0x0c, 0x68, 0x02, 0xc0, 0x26, 0x80, 0x0f, 0x00, 0x06,
  0x01, 0x5e, 0x20, 0x04, 0x31, 0x20, 0x80, 0x0c, 0x68, 0x02, 0x80, 0x26,
  0x40, 0x0f, 0x00, 0x06, 0x01, 0x5e, 0x20, 0x04, 0x25, 0x00, 0xa0, 0x00,
  0x00, 0x00, 0x00, 0x20, 0x00, 0x00, 0x00, 0x0e, 0x10, 0x00, 0x00, 0x00,
  0x10, 0x20, 0x80, 0x03, 0x22, 0x0a, 0x00, 0x20, 0x40, 0x03, 0x8d, 0x1e,
  0x00, 0x00, 0x00, 0x00, 0x10, 0x20, 0x80, 0x03, 0x20, 0x0a, 0x00, 0x20,
  0x80, 0x02, 0x8d, 0x1e, 0x00, 0x00, 0x00, 0x00, 0x01, 0x00, 0x00, 0x00,
  0x4c, 0x16, 0xc4, 0x2f, 0x00, 0x00, 0x00, 0x00, 0x01, 0x00, 0x01, 0x00,
  0x10, 0x00, 0x80, 0x03, 0x20, 0x0a, 0x00, 0x20, 0x00, 0x05, 0x8d, 0x1e,
  0x00, 0x00, 0x00, 0x00, 0x01, 0x00, 0x00, 0x20, 0x00, 0x7e, 0x31, 0x00,
  0x02, 0x20, 0x81, 0x00, 0x48, 0x12, 0xa0, 0x2f, 0xc4, 0x0f, 0x00, 0x16,
  0x00, 0x00, 0x00, 0x00, 0x10, 0x00, 0x81, 0x03, 0x20, 0x0a, 0x00, 0x20,
  0x00, 0x03, 0x8d, 0x1e, 0x00, 0x00, 0x00, 0x00, 0x01, 0x20, 0x00, 0x20,
  0x00, 0x31, 0x7e, 0x00, 0x02, 0x20, 0x81, 0x00, 0x4a, 0x12, 0x80, 0x2f,
  0xc4, 0x0f, 0x00, 0x16, 0x00, 0x00, 0x00, 0x00, 0x05, 0x20, 0x80, 0x02,
  0x40, 0x12, 0x00, 0x20, 0xa0, 0x0f, 0xb1, 0x12, 0x80, 0x0f, 0xb1, 0x00,
  0x22, 0x00, 0xb1, 0x00, 0x00, 0x0e, 0x00, 0x20, 0xc8, 0x00, 0x00, 0x00,
  0x40, 0x00, 0x00, 0x00, 0x01, 0x00, 0x80, 0x00, 0xe8, 0x3e, 0x40, 0x22,
  0x00, 0x00, 0x00, 0x00, 0x00, 0x00, 0x00, 0x00, 0x01, 0x20, 0x80, 0x00,
  0xe8, 0x3e, 0x80, 0x22, 0x00, 0x00, 0x00, 0x00, 0x00, 0x00, 0x00, 0x00,
  0x24, 0x00, 0xa0, 0x00, 0x00, 0x0e, 0x00, 0x20, 0x98, 0x00, 0x00, 0x00,
  0x98, 0x00, 0x00, 0x00, 0x41, 0x96, 0x5d, 0x20, 0x07, 0x7c, 0x12, 0x0a,
  0x41, 0x20, 0x80, 0x00, 0x28, 0x0a, 0x40, 0x2f, 0xc0, 0x00, 0x8d, 0x0a,
  0x48, 0x01, 0x00, 0x00, 0x40, 0x96, 0x01, 0x20, 0xe7, 0x7c, 0x7c, 0x10,
  0x40, 0x20, 0x80, 0x00, 0x28, 0x0a, 0x40, 0x2f, 0x40, 0x0f, 0x8d, 0x0a,
  0x80, 0x00, 0x8d, 0x00, 0x09, 0x00, 0x80, 0x00, 0x28, 0x0a, 0x80, 0x2f,
  0x80, 0x0f, 0x8d, 0x1e, 0x02, 0x00, 0x02, 0x00, 0x09, 0x20, 0x80, 0x00,
  0x28, 0x0a, 0x40, 0x2f, 0x40, 0x0f, 0x8d, 0x1e, 0x02, 0x00, 0x02, 0x00,
  0x40, 0x96, 0x2d, 0x20, 0x07, 0x7c, 0x7c, 0x0b, 0x40, 0x20, 0x80, 0x00,
  0x28, 0x0a, 0x40, 0x2f, 0x40, 0x0f, 0x8d, 0x0a, 0x64, 0x01, 0x00, 0x00,
  0x31, 0x00, 0x80, 0x0c, 0x68, 0x02, 0x40, 0x22, 0x80, 0x0f, 0x00, 0x06,
  0x01, 0x5e, 0x20, 0x04, 0x31, 0x20, 0x80, 0x0c, 0x68, 0x02, 0x80, 0x22,
  0x40, 0x0f, 0x00, 0x06, 0x01, 0x5e, 0x20, 0x04, 0x25, 0x00, 0xa0, 0x00,
  0x00, 0x00, 0x00, 0x20, 0x00, 0x00, 0x00, 0x0e, 0x10, 0x00, 0x00, 0x00,
  0x10, 0x20, 0x80, 0x03, 0x20, 0x0a, 0x00, 0x20, 0x80, 0x04, 0x8d, 0x1e,
  0x00, 0x00, 0x00, 0x00, 0x10, 0x20, 0x80, 0x03, 0x22, 0x0a, 0x00, 0x20,
  0x40, 0x06, 0x8d, 0x1e, 0x00, 0x00, 0x00, 0x00, 0x01, 0x00, 0x00, 0x00,
  0x4c, 0x16, 0xc4, 0x2f, 0x00, 0x00, 0x00, 0x00, 0x01, 0x00, 0x01, 0x00,
  0x10, 0x00, 0x80, 0x03, 0x22, 0x0a, 0x00, 0x20, 0xc0, 0x04, 0x8d, 0x1e,
  0x00, 0x00, 0x00, 0x00, 0x01, 0x00, 0x00, 0x20, 0x00, 0x7e, 0x30, 0x00,
  0x02, 0x20, 0x81, 0x00, 0x4a, 0x12, 0xa0, 0x2f, 0xc4, 0x0f, 0x00, 0x16,
  0x00, 0x00, 0x00, 0x00, 0x10, 0x00, 0x81, 0x03, 0x22, 0x0a, 0x00, 0x20,
  0x80, 0x01, 0x8d, 0x1e, 0x00, 0x00, 0x00, 0x00, 0x01, 0x20, 0x00, 0x20,
  0x00, 0x30, 0x7e, 0x00, 0x02, 0x20, 0x81, 0x00, 0x48, 0x12, 0x80, 0x2f,
  0xc4, 0x0f, 0x00, 0x16, 0x00, 0x00, 0x00, 0x00, 0x05, 0x20, 0x80, 0x02,
  0x42, 0x12, 0x00, 0x20, 0xa0, 0x0f, 0xb1, 0x12, 0x80, 0x0f, 0xb1, 0x00,
  0x22, 0x00, 0xb1, 0x00, 0x02, 0x0e, 0x00, 0x20, 0xc8, 0x00, 0x00, 0x00,
  0x40, 0x00, 0x00, 0x00, 0x01, 0x00, 0x80, 0x00, 0xe8, 0x3e, 0x00, 0x23,
  0x00, 0x00, 0x00, 0x00, 0x00, 0x00, 0x00, 0x00, 0x01, 0x20, 0x80, 0x00,
  0xe8, 0x3e, 0xc0, 0x20, 0x00, 0x00, 0x00, 0x00, 0x00, 0x00, 0x00, 0x00,
  0x24, 0x00, 0xa0, 0x00, 0x00, 0x0e, 0x00, 0x20, 0x98, 0x00, 0x00, 0x00,
  0x98, 0x00, 0x00, 0x00, 0x41, 0x96, 0x5d, 0x20, 0x07, 0x7c, 0x30, 0x0a,
  0x41, 0x20, 0x80, 0x00, 0x28, 0x0a, 0x40, 0x2f, 0x40, 0x05, 0x8d, 0x0a,
  0x48, 0x01, 0x00, 0x00, 0x40, 0x96, 0x01, 0x20, 0xe7, 0x7c, 0x7c, 0x22,
  0x40, 0x20, 0x80, 0x00, 0x28, 0x0a, 0x40, 0x2f, 0x40, 0x0f, 0x8d, 0x0a,
  0xc0, 0x02, 0x8d, 0x00, 0x09, 0x00, 0x80, 0x00, 0x28, 0x0a, 0x80, 0x2f,
  0x80, 0x0f, 0x8d, 0x1e, 0x02, 0x00, 0x02, 0x00, 0x09, 0x20, 0x80, 0x00,
  0x28, 0x0a, 0x40, 0x2f, 0x40, 0x0f, 0x8d, 0x1e, 0x02, 0x00, 0x02, 0x00,
  0x40, 0x96, 0x2d, 0x20, 0x07, 0x7c, 0x7c, 0x0b, 0x40, 0x20, 0x80, 0x00,
  0x28, 0x0a, 0x40, 0x2f, 0x40, 0x0f, 0x8d, 0x0a, 0x64, 0x01, 0x00, 0x00,
  0x31, 0x00, 0x80, 0x0c, 0x68, 0x02, 0x00, 0x23, 0x80, 0x0f, 0x00, 0x06,
  0x01, 0x5e, 0x20, 0x04, 0x31, 0x20, 0x80, 0x0c, 0x68, 0x02, 0xc0, 0x20,
  0x40, 0x0f, 0x00, 0x06, 0x01, 0x5e, 0x20, 0x04, 0x25, 0x00, 0xa0, 0x00,
  0x00, 0x00, 0x00, 0x20, 0x00, 0x00, 0x00, 0x0e, 0x10, 0x00, 0x00, 0x00,
  0x10, 0x20, 0x80, 0x03, 0x22, 0x0a, 0x00, 0x20, 0x40, 0x03, 0x8d, 0x1e,
  0x00, 0x00, 0x00, 0x00, 0x10, 0x20, 0x80, 0x03, 0x20, 0x0a, 0x00, 0x20,
  0x40, 0x06, 0x8d, 0x1e, 0x00, 0x00, 0x00, 0x00, 0x01, 0x00, 0x00, 0x00,
  0x4c, 0x16, 0xc4, 0x2f, 0x00, 0x00, 0x00, 0x00, 0x01, 0x00, 0x01, 0x00,
  0x10, 0x00, 0x80, 0x03, 0x20, 0x0a, 0x00, 0x20, 0x00, 0x05, 0x8d, 0x1e,
  0x00, 0x00, 0x00, 0x00, 0x01, 0x00, 0x00, 0x20, 0x00, 0x7e, 0x31, 0x00,
  0x02, 0x20, 0x81, 0x00, 0x48, 0x12, 0xa0, 0x2f, 0xc4, 0x0f, 0x00, 0x16,
  0x00, 0x00, 0x00, 0x00, 0x10, 0x00, 0x81, 0x03, 0x20, 0x0a, 0x00, 0x20,
  0x80, 0x01, 0x8d, 0x1e, 0x00, 0x00, 0x00, 0x00, 0x01, 0x20, 0x00, 0x20,
  0x00, 0x31, 0x7e, 0x00, 0x02, 0x20, 0x81, 0x00, 0x4a, 0x12, 0x80, 0x2f,
  0xc4, 0x0f, 0x00, 0x16, 0x00, 0x00, 0x00, 0x00, 0x05, 0x20, 0x80, 0x02,
  0x40, 0x12, 0x00, 0x20, 0xa0, 0x0f, 0xb1, 0x12, 0x80, 0x0f, 0xb1, 0x00,
  0x22, 0x00, 0xb1, 0x00, 0x00, 0x0e, 0x00, 0x20, 0xc8, 0x00, 0x00, 0x00,
  0x40, 0x00, 0x00, 0x00, 0x01, 0x00, 0x80, 0x00, 0xe8, 0x3e, 0x00, 0x26,
  0x00, 0x00, 0x00, 0x00, 0x00, 0x00, 0x00, 0x00, 0x01, 0x20, 0x80, 0x00,
  0xe8, 0x3e, 0x80, 0x21, 0x00, 0x00, 0x00, 0x00, 0x00, 0x00, 0x00, 0x00,
  0x24, 0x00, 0xa0, 0x00, 0x00, 0x0e, 0x00, 0x20, 0x98, 0x00, 0x00, 0x00,
  0x98, 0x00, 0x00, 0x00, 0x41, 0x96, 0x5d, 0x20, 0x07, 0x7c, 0x30, 0x0a,
  0x41, 0x20, 0x80, 0x00, 0x28, 0x0a, 0x40, 0x2f, 0x40, 0x05, 0x8d, 0x0a,
  0x48, 0x01, 0x00, 0x00, 0x40, 0x96, 0x01, 0x20, 0xe7, 0x7c, 0x7c, 0x10,
  0x40, 0x20, 0x80, 0x00, 0x28, 0x0a, 0x40, 0x2f, 0x40, 0x0f, 0x8d, 0x0a,
  0x80, 0x00, 0x8d, 0x00, 0x09, 0x00, 0x80, 0x00, 0x28, 0x0a, 0x80, 0x2f,
  0x80, 0x0f, 0x8d, 0x1e, 0x02, 0x00, 0x02, 0x00, 0x09, 0x20, 0x80, 0x00,
  0x28, 0x0a, 0x40, 0x2f, 0x40, 0x0f, 0x8d, 0x1e, 0x02, 0x00, 0x02, 0x00,
  0x40, 0x96, 0x2d, 0x20, 0x07, 0x7c, 0x7c, 0x0b, 0x40, 0x20, 0x80, 0x00,
  0x28, 0x0a, 0x40, 0x2f, 0x40, 0x0f, 0x8d, 0x0a, 0x64, 0x01, 0x00, 0x00,
  0x31, 0x00, 0x80, 0x0c, 0x68, 0x02, 0x00, 0x26, 0x80, 0x0f, 0x00, 0x06,
  0x01, 0x5e, 0x20, 0x04, 0x31, 0x20, 0x80, 0x0c, 0x68, 0x02, 0x80, 0x21,
  0x40, 0x0f, 0x00, 0x06, 0x01, 0x5e, 0x20, 0x04, 0x25, 0x00, 0xa0, 0x00,
  0x00, 0x00, 0x00, 0x20, 0x00, 0x00, 0x00, 0x0e, 0x10, 0x00, 0x00, 0x00,
  0x40, 0x56, 0x02, 0x20, 0xf7, 0x7c, 0x36, 0x12, 0x40, 0x20, 0x80, 0x00,
  0xe8, 0x3a, 0x40, 0x2f, 0x80, 0x06, 0x8d, 0x3a, 0x80, 0x42, 0x8d, 0x00,
  0x40, 0x96, 0x65, 0x20, 0x07, 0x78, 0x20, 0x08, 0x40, 0x20, 0x80, 0x00,
  0x28, 0x0a, 0xc0, 0x2e, 0xc0, 0x01, 0x8d, 0x0a, 0x0c, 0x01, 0x00, 0x00,
  0x40, 0x56, 0x02, 0x20, 0xf7, 0x7c, 0x7c, 0x18, 0x40, 0x20, 0x80, 0x00,
  0xe8, 0x3a, 0x40, 0x2f, 0x40, 0x0f, 0x8d, 0x3a, 0xc0, 0x40, 0x8d, 0x00,
  0x02, 0x96, 0x01, 0x25, 0x07, 0x06, 0x78, 0x08, 0x02, 0x20, 0x80, 0x05,
  0x28, 0x0a, 0x00, 0x23, 0xc0, 0x0e, 0x8d, 0x0a, 0x00, 0x01, 0x00, 0x00,
  0x40, 0x56, 0x02, 0x20, 0xe7, 0x7c, 0x7c, 0x30, 0x40, 0x20, 0x80, 0x00,
  0xe8, 0x3a, 0x40, 0x2f, 0x40, 0x0f, 0x8d, 0x3a, 0x80, 0x01, 0x8d, 0x00,
  0x01, 0x20, 0x28, 0x20, 0x00, 0x30, 0x08, 0x00, 0x40, 0x00, 0x80, 0x00,
  0x28, 0x0a, 0x80, 0x22, 0xc0, 0x00, 0x8d, 0x1e, 0xff, 0xff, 0xff, 0xff,
  0x40, 0x20, 0x80, 0x00, 0x28, 0x0a, 0x40, 0x22, 0x00, 0x03, 0x8d, 0x1e,
  0xff, 0xff, 0xff, 0xff, 0x02, 0x96, 0x03, 0x24, 0x07, 0x30, 0x7c, 0x00,
  0x02, 0x20, 0x80, 0x04, 0xe8, 0x3a, 0x40, 0x25, 0x40, 0x0f, 0x8d, 0x3e,
  0x00, 0x00, 0x00, 0x00, 0x22, 0x00, 0xb1, 0x00, 0x00, 0x0e, 0x00, 0x20,
  0xc8, 0x00, 0x00, 0x00, 0x40, 0x00, 0x00, 0x00, 0x01, 0x00, 0x80, 0x00,
  0xe8, 0x3e, 0xc0, 0x21, 0x00, 0x00, 0x00, 0x00, 0x00, 0x00, 0x00, 0x00,
  0x01, 0x20, 0x80, 0x00, 0xe8, 0x3e, 0x80, 0x21, 0x00, 0x00, 0x00, 0x00,
  0x00, 0x00, 0x00, 0x00, 0x24, 0x00, 0xa0, 0x00, 0x00, 0x0e, 0x00, 0x20,
  0x98, 0x00, 0x00, 0x00, 0x98, 0x00, 0x00, 0x00, 0x41, 0x96, 0x5d, 0x20,
  0x07, 0x7c, 0x2e, 0x0a, 0x41, 0x20, 0x80, 0x00, 0x28, 0x0a, 0x40, 0x2f,
  0x80, 0x05, 0x8d, 0x0a, 0x48, 0x01, 0x00, 0x00, 0x40, 0x96, 0x01, 0x20,
  0xe7, 0x7c, 0x7c, 0x22, 0x40, 0x20, 0x80, 0x00, 0x28, 0x0a, 0x40, 0x2f,
  0x40, 0x0f, 0x8d, 0x0a, 0xc0, 0x02, 0x8d, 0x00, 0x09, 0x00, 0x80, 0x00,
  0x28, 0x0a, 0x80, 0x2f, 0x80, 0x0f, 0x8d, 0x1e, 0x02, 0x00, 0x02, 0x00,
  0x09, 0x20, 0x80, 0x00, 0x28, 0x0a, 0x40, 0x2f, 0x40, 0x0f, 0x8d, 0x1e,
  0x02, 0x00, 0x02, 0x00, 0x40, 0x96, 0x2d, 0x20, 0x07, 0x7c, 0x7c, 0x0b,
  0x40, 0x20, 0x80, 0x00, 0x28, 0x0a, 0x40, 0x2f, 0x40, 0x0f, 0x8d, 0x0a,
  0x64, 0x01, 0x00, 0x00, 0x31, 0x00, 0x80, 0x0c, 0x68, 0x02, 0xc0, 0x21,
  0x80, 0x0f, 0x00, 0x06, 0x01, 0x5e, 0x20, 0x04, 0x31, 0x20, 0x80, 0x0c,
  0x68, 0x02, 0x80, 0x21, 0x40, 0x0f, 0x00, 0x06, 0x01, 0x5e, 0x20, 0x04,
  0x25, 0x00, 0xa0, 0x00, 0x00, 0x00, 0x00, 0x20, 0x00, 0x00, 0x00, 0x0e,
  0x10, 0x00, 0x00, 0x00, 0x10, 0x20, 0x80, 0x03, 0x22, 0x0a, 0x00, 0x20,
  0x40, 0x03, 0x8d, 0x1e, 0x00, 0x00, 0x00, 0x00, 0x10, 0x20, 0x80, 0x03,
  0x20, 0x0a, 0x00, 0x20, 0x80, 0x03, 0x8d, 0x1e, 0x00, 0x00, 0x00, 0x00,
  0x01, 0x00, 0x00, 0x00, 0x4c, 0x16, 0xc0, 0x2f, 0x00, 0x00, 0x00, 0x00,
  0x01, 0x00, 0x01, 0x00, 0x10, 0x00, 0x80, 0x03, 0x20, 0x0a, 0x00, 0x20,
  0x00, 0x05, 0x8d, 0x1e, 0x00, 0x00, 0x00, 0x00, 0x02, 0x20, 0x81, 0x00,
  0x48, 0x12, 0xa0, 0x2f, 0xc0, 0x0f, 0x00, 0x16, 0x00, 0x00, 0x00, 0x00,
  0x02, 0x20, 0x81, 0x00, 0x4a, 0x12, 0x80, 0x2f, 0xc0, 0x0f, 0x00, 0x16,
  0x00, 0x00, 0x00, 0x00, 0x10, 0x00, 0x81, 0x03, 0x20, 0x0a, 0x00, 0x20,
  0xc0, 0x03, 0x8d, 0x1e, 0x00, 0x00, 0x00, 0x00, 0x05, 0x20, 0x80, 0x02,
  0x40, 0x12, 0x00, 0x20, 0xa0, 0x0f, 0xb1, 0x12, 0x80, 0x0f, 0xb1, 0x00,
  0x22, 0x00, 0xb1, 0x00, 0x00, 0x0e, 0x00, 0x20, 0xc8, 0x00, 0x00, 0x00,
  0x40, 0x00, 0x00, 0x00, 0x01, 0x00, 0x80, 0x00, 0xe8, 0x3e, 0xc0, 0x23,
  0x00, 0x00, 0x00, 0x00, 0x00, 0x00, 0x00, 0x00, 0x01, 0x20, 0x80, 0x00,
  0xe8, 0x3e, 0x80, 0x23, 0x00, 0x00, 0x00, 0x00, 0x00, 0x00, 0x00, 0x00,
  0x24, 0x00, 0xa0, 0x00, 0x00, 0x0e, 0x00, 0x20, 0x98, 0x00, 0x00, 0x00,
  0x98, 0x00, 0x00, 0x00, 0x41, 0x96, 0x5d, 0x20, 0x07, 0x7c, 0x2e, 0x0a,
  0x41, 0x20, 0x80, 0x00, 0x28, 0x0a, 0x40, 0x2f, 0x80, 0x05, 0x8d, 0x0a,
  0x48, 0x01, 0x00, 0x00, 0x40, 0x96, 0x01, 0x20, 0xe7, 0x7c, 0x7c, 0x10,
  0x40, 0x20, 0x80, 0x00, 0x28, 0x0a, 0x40, 0x2f, 0x40, 0x0f, 0x8d, 0x0a,
  0x80, 0x00, 0x8d, 0x00, 0x09, 0x00, 0x80, 0x00, 0x28, 0x0a, 0x80, 0x2f,
  0x80, 0x0f, 0x8d, 0x1e, 0x02, 0x00, 0x02, 0x00, 0x09, 0x20, 0x80, 0x00,
  0x28, 0x0a, 0x40, 0x2f, 0x40, 0x0f, 0x8d, 0x1e, 0x02, 0x00, 0x02, 0x00,
  0x40, 0x96, 0x2d, 0x20, 0x07, 0x7c, 0x7c, 0x0b, 0x40, 0x20, 0x80, 0x00,
  0x28, 0x0a, 0x40, 0x2f, 0x40, 0x0f, 0x8d, 0x0a, 0x64, 0x01, 0x00, 0x00,
  0x31, 0x00, 0x80, 0x0c, 0x68, 0x02, 0xc0, 0x23, 0x80, 0x0f, 0x00, 0x06,
  0x01, 0x5e, 0x20, 0x04, 0x31, 0x20, 0x80, 0x0c, 0x68, 0x02, 0x80, 0x23,
  0x40, 0x0f, 0x00, 0x06, 0x01, 0x5e, 0x20, 0x04, 0x25, 0x00, 0xa0, 0x00,
  0x00, 0x00, 0x00, 0x20, 0x00, 0x00, 0x00, 0x0e, 0x10, 0x00, 0x00, 0x00,
  0x10, 0x20, 0x80, 0x03, 0x20, 0x0a, 0x00, 0x20, 0x80, 0x04, 0x8d, 0x1e,
  0x00, 0x00, 0x00, 0x00, 0x10, 0x20, 0x80, 0x03, 0x22, 0x0a, 0x00, 0x20,
  0x00, 0x03, 0x8d, 0x1e, 0x00, 0x00, 0x00, 0x00, 0x01, 0x00, 0x00, 0x00,
  0x4c, 0x16, 0xc0, 0x2f, 0x00, 0x00, 0x00, 0x00, 0x01, 0x00, 0x01, 0x00,
  0x10, 0x00, 0x80, 0x03, 0x22, 0x0a, 0x00, 0x20, 0xc0, 0x04, 0x8d, 0x1e,
  0x00, 0x00, 0x00, 0x00, 0x02, 0x20, 0x81, 0x00, 0x4a, 0x12, 0xa0, 0x2f,
  0xc0, 0x0f, 0x00, 0x16, 0x00, 0x00, 0x00, 0x00, 0x02, 0x20, 0x81, 0x00,
  0x48, 0x12, 0x80, 0x2f, 0xc0, 0x0f, 0x00, 0x16, 0x00, 0x00, 0x00, 0x00,
  0x10, 0x00, 0x81, 0x03, 0x22, 0x0a, 0x00, 0x20, 0xc0, 0x00, 0x8d, 0x1e,
  0x00, 0x00, 0x00, 0x00, 0x05, 0x20, 0x80, 0x02, 0x42, 0x12, 0x00, 0x20,
  0xa0, 0x0f, 0xb1, 0x12, 0x80, 0x0f, 0xb1, 0x00, 0x22, 0x00, 0xb1, 0x00,
  0x02, 0x0e, 0x00, 0x20, 0xc8, 0x00, 0x00, 0x00, 0x40, 0x00, 0x00, 0x00,
  0x01, 0x00, 0x80, 0x00, 0xe8, 0x3e, 0x40, 0x24, 0x00, 0x00, 0x00, 0x00,
  0x00, 0x00, 0x00, 0x00, 0x01, 0x20, 0x80, 0x00, 0xe8, 0x3e, 0x00, 0x24,
  0x00, 0x00, 0x00, 0x00, 0x00, 0x00, 0x00, 0x00, 0x24, 0x00, 0xa0, 0x00,
  0x00, 0x0e, 0x00, 0x20, 0x98, 0x00, 0x00, 0x00, 0x98, 0x00, 0x00, 0x00,
  0x41, 0x96, 0x5d, 0x20, 0x07, 0x7c, 0x14, 0x0a, 0x41, 0x20, 0x80, 0x00,
  0x28, 0x0a, 0x40, 0x2f, 0x40, 0x02, 0x8d, 0x0a, 0x48, 0x01, 0x00, 0x00,
  0x40, 0x96, 0x01, 0x20, 0xe7, 0x7c, 0x7c, 0x22, 0x40, 0x20, 0x80, 0x00,
  0x28, 0x0a, 0x40, 0x2f, 0x40, 0x0f, 0x8d, 0x0a, 0xc0, 0x02, 0x8d, 0x00,
  0x09, 0x00, 0x80, 0x00, 0x28, 0x0a, 0x80, 0x2f, 0x80, 0x0f, 0x8d, 0x1e,
  0x02, 0x00, 0x02, 0x00, 0x09, 0x20, 0x80, 0x00, 0x28, 0x0a, 0x40, 0x2f,
  0x40, 0x0f, 0x8d, 0x1e, 0x02, 0x00, 0x02, 0x00, 0x40, 0x96, 0x2d, 0x20,
  0x07, 0x7c, 0x7c, 0x0b, 0x40, 0x20, 0x80, 0x00, 0x28, 0x0a, 0x40, 0x2f,
  0x40, 0x0f, 0x8d, 0x0a, 0x64, 0x01, 0x00, 0x00, 0x31, 0x00, 0x80, 0x0c,
  0x68, 0x02, 0x40, 0x24, 0x80, 0x0f, 0x00, 0x06, 0x01, 0x5e, 0x20, 0x04,
  0x31, 0x20, 0x80, 0x0c, 0x68, 0x02, 0x00, 0x24, 0x40, 0x0f, 0x00, 0x06,
  0x01, 0x5e, 0x20, 0x04, 0x25, 0x00, 0xa0, 0x00, 0x00, 0x00, 0x00, 0x20,
  0x00, 0x00, 0x00, 0x0e, 0x10, 0x00, 0x00, 0x00, 0x10, 0x20, 0x80, 0x03,
  0x22, 0x0a, 0x00, 0x20, 0x40, 0x03, 0x8d, 0x1e, 0x00, 0x00, 0x00, 0x00,
  0x10, 0x20, 0x80, 0x03, 0x20, 0x0a, 0x00, 0x20, 0x00, 0x03, 0x8d, 0x1e,
  0x00, 0x00, 0x00, 0x00, 0x01, 0x00, 0x00, 0x00, 0x4c, 0x16, 0xc0, 0x2f,
  0x00, 0x00, 0x00, 0x00, 0x01, 0x00, 0x01, 0x00, 0x10, 0x00, 0x80, 0x03,
  0x20, 0x0a, 0x00, 0x20, 0x00, 0x05, 0x8d, 0x1e, 0x00, 0x00, 0x00, 0x00,
  0x02, 0x20, 0x81, 0x00, 0x48, 0x12, 0xa0, 0x2f, 0xc0, 0x0f, 0x00, 0x16,
  0x00, 0x00, 0x00, 0x00, 0x02, 0x20, 0x81, 0x00, 0x4a, 0x12, 0x80, 0x2f,
  0xc0, 0x0f, 0x00, 0x16, 0x00, 0x00, 0x00, 0x00, 0x10, 0x00, 0x81, 0x03,
  0x20, 0x0a, 0x00, 0x20, 0xc0, 0x00, 0x8d, 0x1e, 0x00, 0x00, 0x00, 0x00,
  0x05, 0x20, 0x80, 0x02, 0x40, 0x12, 0x00, 0x20, 0xa0, 0x0f, 0xb1, 0x12,
  0x80, 0x0f, 0xb1, 0x00, 0x22, 0x00, 0xb1, 0x00, 0x00, 0x0e, 0x00, 0x20,
  0xc8, 0x00, 0x00, 0x00, 0x40, 0x00, 0x00, 0x00, 0x01, 0x00, 0x80, 0x00,
  0xe8, 0x3e, 0xc0, 0x20, 0x00, 0x00, 0x00, 0x00, 0x00, 0x00, 0x00, 0x00,
  0x01, 0x20, 0x80, 0x00, 0xe8, 0x3e, 0xc0, 0x22, 0x00, 0x00, 0x00, 0x00,
  0x00, 0x00, 0x00, 0x00, 0x24, 0x00, 0xa0, 0x00, 0x00, 0x0e, 0x00, 0x20,
  0x98, 0x00, 0x00, 0x00, 0x98, 0x00, 0x00, 0x00, 0x41, 0x96, 0x5d, 0x20,
  0x07, 0x7c, 0x14, 0x0a, 0x41, 0x20, 0x80, 0x00, 0x28, 0x0a, 0x40, 0x2f,
  0x40, 0x02, 0x8d, 0x0a, 0x48, 0x01, 0x00, 0x00, 0x40, 0x96, 0x01, 0x20,
  0xe7, 0x7c, 0x7c, 0x10, 0x40, 0x20, 0x80, 0x00, 0x28, 0x0a, 0x40, 0x2f,
  0x40, 0x0f, 0x8d, 0x0a, 0x80, 0x00, 0x8d, 0x00, 0x09, 0x00, 0x80, 0x00,
  0x28, 0x0a, 0x80, 0x2f, 0x80, 0x0f, 0x8d, 0x1e, 0x02, 0x00, 0x02, 0x00,
  0x09, 0x20, 0x80, 0x00, 0x28, 0x0a, 0x40, 0x2f, 0x40, 0x0f, 0x8d, 0x1e,
  0x02, 0x00, 0x02, 0x00, 0x40, 0x96, 0x2d, 0x20, 0x07, 0x7c, 0x7c, 0x0b,
  0x40, 0x20, 0x80, 0x00, 0x28, 0x0a, 0x40, 0x2f, 0x40, 0x0f, 0x8d, 0x0a,
  0x64, 0x01, 0x00, 0x00, 0x31, 0x00, 0x80, 0x0c, 0x68, 0x02, 0xc0, 0x20,
  0x80, 0x0f, 0x00, 0x06, 0x01, 0x5e, 0x20, 0x04, 0x31, 0x20, 0x80, 0x0c,
  0x68, 0x02, 0xc0, 0x22, 0x40, 0x0f, 0x00, 0x06, 0x01, 0x5e, 0x20, 0x04,
  0x25, 0x00, 0xa0, 0x00, 0x00, 0x00, 0x00, 0x20, 0x00, 0x00, 0x00, 0x0e,
  0x10, 0x00, 0x00, 0x00, 0x40, 0x56, 0x02, 0x20, 0xf7, 0x7c, 0x0e, 0x1e,
  0x40, 0x20, 0x80, 0x00, 0xe8, 0x3a, 0x40, 0x2f, 0x80, 0x01, 0x8d, 0x3a,
  0x80, 0x43, 0x8d, 0x00, 0x40, 0x00, 0x80, 0x00, 0x28, 0x0a, 0x00, 0x2f,
  0xc0, 0x09, 0x8d, 0x1e, 0x50, 0x01, 0x50, 0x01, 0x40, 0x20, 0x80, 0x00,
  0x28, 0x0a, 0xc0, 0x2e, 0x80, 0x09, 0x8d, 0x1e, 0x50, 0x01, 0x50, 0x01,
  0x40, 0x56, 0x02, 0x20, 0xf7, 0x7c, 0x7c, 0x22, 0x40, 0x20, 0x80, 0x00,
  0xe8, 0x3a, 0x40, 0x2f, 0x40, 0x0f, 0x8d, 0x3a, 0x00, 0x44, 0x8d, 0x00,
  0x01, 0x00, 0x00, 0x00, 0x4c, 0x16, 0xc4, 0x2f, 0x00, 0x00, 0x00, 0x00,
  0x01, 0x00, 0x01, 0x00, 0x40, 0x56, 0x02, 0x20, 0xe7, 0x7c, 0x7c, 0x06,
  0x40, 0x20, 0x80, 0x00, 0xe8, 0x3a, 0x40, 0x2f, 0x40, 0x0f, 0x8d, 0x3a,
  0xc0, 0x02, 0x8d, 0x00, 0x02, 0x96, 0x03, 0x24, 0x07, 0x7c, 0x7c, 0x00,
  0x02, 0x20, 0x80, 0x04, 0xe8, 0x3a, 0x40, 0x2f, 0x40, 0x0f, 0x8d, 0x3e,
  0x00, 0x00, 0x00, 0x00, 0x40, 0x56, 0x02, 0x20, 0xf7, 0x7c, 0x30, 0x7c,
  0x40, 0x20, 0x80, 0x00, 0xe8, 0x3a, 0x40, 0x2f, 0x40, 0x05, 0x8d, 0x3a,
  0x40, 0x4f, 0x8d, 0x00, 0x41, 0x56, 0x02, 0x24, 0xe7, 0x18, 0x54, 0x7c,
  0x41, 0x20, 0x80, 0x04, 0xe8, 0x3a, 0x40, 0x22, 0xc0, 0x08, 0x8d, 0x3a,
  0x40, 0x0f, 0x8d, 0x00, 0x33, 0x00, 0x80, 0x0c, 0x70, 0x80, 0x01, 0x00,
  0x02, 0x0f, 0x00, 0x00, 0xfe, 0x5e, 0x02, 0x04, 0x33, 0x20, 0x80, 0x0c,
  0x70, 0x20, 0x01, 0x00, 0xc2, 0x0e, 0x00, 0x00, 0xfe, 0x5e, 0x02, 0x04,
  0x31, 0x00, 0x80, 0x0c, 0x68, 0x02, 0x40, 0x23, 0x40, 0x07, 0x00, 0x06,
  0xfe, 0x5e, 0x20, 0x04, 0x31, 0x20, 0x80, 0x0c, 0x68, 0x02, 0xc0, 0x22,
  0x00, 0x07, 0x00, 0x06, 0xfe, 0x5e, 0x20, 0x04, 0x10, 0x00, 0x80, 0x04,
  0xe2, 0x3a, 0x00, 0x20, 0x40, 0x03, 0x8d, 0x3e, 0x00, 0x00, 0x00, 0x00,
  0x10, 0x20, 0x80, 0x04, 0xe2, 0x3a, 0x00, 0x20, 0xc0, 0x02, 0x8d, 0x3e,
  0x00, 0x00, 0x00, 0x00, 0x04, 0x00, 0x00, 0x00, 0x4c, 0x10, 0xc0, 0x2f,
  0x20, 0x06, 0x00, 0x00, 0x00, 0x00, 0x00, 0x00, 0x04, 0x00, 0x00, 0x00,
  0x44, 0x10, 0x20, 0x26, 0x00, 0x06, 0x00, 0x00, 0x00, 0x00, 0x00, 0x00,
  0x04, 0x20, 0x00, 0x00, 0x4c, 0x10, 0xc2, 0x2f, 0x22, 0x06, 0x00, 0x00,
  0x00, 0x00, 0x00, 0x00, 0x04, 0x20, 0x00, 0x00, 0x44, 0x10, 0x22, 0x26,
  0x02, 0x06, 0x00, 0x00, 0x00, 0x00, 0x00, 0x00, 0x02, 0x00, 0x81, 0x00,
  0x4a, 0x12, 0x80, 0x2f, 0xc4, 0x0f, 0x00, 0x16, 0x00, 0x00, 0x00, 0x00,
  0x01, 0x20, 0x00, 0x20, 0x00, 0x30, 0x7e, 0x00, 0x02, 0x20, 0x81, 0x00,
  0x4a, 0x12, 0x40, 0x2f, 0xc4, 0x0f, 0x00, 0x16, 0x00, 0x00, 0x00, 0x00,
  0x02, 0x00, 0x81, 0x00, 0x48, 0x12, 0xa0, 0x2f, 0xc4, 0x0f, 0x00, 0x16,
  0x00, 0x00, 0x00, 0x00, 0x02, 0x20, 0x81, 0x00, 0x48, 0x12, 0x60, 0x2f,
  0xc4, 0x0f, 0x00, 0x16, 0x00, 0x00, 0x00, 0x00, 0x06, 0x00, 0x80, 0x02,
  0x42, 0x12, 0x00, 0x20, 0xa0, 0x0f, 0xb1, 0x12, 0x80, 0x0f, 0xb1, 0x00,
  0x06, 0x20, 0x80, 0x02, 0x42, 0x12, 0x00, 0x20, 0x60, 0x0f, 0xb1, 0x12,
  0x40, 0x0f, 0xb1, 0x00, 0x22, 0x00, 0xb1, 0x00, 0x02, 0x0e, 0x00, 0x20,
  0xe8, 0x0c, 0x00, 0x00, 0x98, 0x02, 0x00, 0x00, 0x38, 0x56, 0x02, 0x29,
  0xe7, 0x7c, 0x18, 0x1a, 0x7e, 0x00, 0x00, 0x00, 0x00, 0x00, 0x00, 0x00,
  0x00, 0x00, 0x00, 0x00, 0x00, 0x00, 0x00, 0x00, 0x38, 0x20, 0x80, 0x09,
  0xe8, 0x3a, 0x40, 0x2f, 0x40, 0x02, 0x8d, 0x3a, 0xc0, 0x02, 0x8d, 0x00,
  0x10, 0x00, 0x80, 0x03, 0xe2, 0x3a, 0x00, 0x20, 0x80, 0x2f, 0x8d, 0x3e,
  0x00, 0x00, 0x80, 0x3f, 0x38, 0x16, 0x01, 0x61, 0x07, 0x78, 0x7c, 0x00,
  0x38, 0x20, 0x80, 0x01, 0xe8, 0x3a, 0x80, 0x20, 0x40, 0x2f, 0x8d, 0x00,
  0x00, 0x00, 0x00, 0x00, 0x10, 0x20, 0x80, 0x03, 0xe2, 0x3a, 0x00, 0x20,
  0x40, 0x2f, 0x8d, 0x3e, 0x00, 0x00, 0x80, 0x3f, 0x02, 0x00, 0x81, 0x00,
  0xea, 0x3a, 0xc0, 0x2e, 0x00, 0x0f, 0x8d, 0x3a, 0x80, 0x2f, 0x8d, 0x00,
  0x02, 0x20, 0x81, 0x00, 0xea, 0x3a, 0xc0, 0x20, 0x80, 0x00, 0x8d, 0x3a,
  0x40, 0x2f, 0x8d, 0x00, 0x41, 0x56, 0x02, 0x20, 0xe7, 0x74, 0x76, 0x76,
  0x41, 0x20, 0x80, 0x00, 0xe8, 0x3a, 0x80, 0x21, 0xc0, 0x00, 0x8d, 0x3a,
  0xc0, 0x00, 0x8d, 0x00, 0x40, 0x00, 0x80, 0x00, 0xe8, 0x3a, 0x00, 0x2e,
  0x80, 0x0e, 0x8d, 0x3e, 0xc0, 0x5d, 0x35, 0x41, 0x41, 0x00, 0x80, 0x00,
  0xe8, 0x3a, 0x40, 0x2e, 0x80, 0x0e, 0x8d, 0x3e, 0xea, 0xc7, 0x52, 0x3f,
  0x40, 0x20, 0x80, 0x00, 0xe8, 0x3a, 0x00, 0x22, 0x80, 0x01, 0x8d, 0x3e,
  0xc0, 0x5d, 0x35, 0x41, 0x41, 0x20, 0x80, 0x00, 0xe8, 0x3a, 0xc0, 0x21,
  0x80, 0x01, 0x8d, 0x3e, 0xea, 0xc7, 0x52, 0x3f, 0x41, 0x56, 0x02, 0x20,
  0xe7, 0x70, 0x74, 0x70, 0x40, 0x00, 0x80, 0x00, 0xe8, 0x3a, 0x40, 0x2e,
  0x40, 0x4e, 0x8d, 0x3e, 0x83, 0x98, 0xb5, 0xc0, 0x41, 0x20, 0x80, 0x00,
  0xe8, 0x3a, 0x00, 0x22, 0x80, 0x01, 0x8d, 0x3a, 0x00, 0x02, 0x8d, 0x00,
  0x40, 0x20, 0x80, 0x00, 0xe8, 0x3a, 0xc0, 0x21, 0xc0, 0x41, 0x8d, 0x3e,
  0x83, 0x98, 0xb5, 0xc0, 0x40, 0x00, 0x80, 0x00, 0xe8, 0x3a, 0x00, 0x2e,
  0x00, 0x0e, 0x8d, 0x3e, 0x60, 0xbd, 0xe6, 0x41, 0x41, 0x56, 0x02, 0x20,
  0xe7, 0x72, 0x74, 0x72, 0x40, 0x20, 0x80, 0x00, 0xe8, 0x3a, 0x00, 0x22,
  0x00, 0x02, 0x8d, 0x3e, 0x60, 0xbd, 0xe6, 0x41, 0x41, 0x20, 0x80, 0x00,
  0xe8, 0x3a, 0xc0, 0x21, 0x80, 0x01, 0x8d, 0x3a, 0xc0, 0x01, 0x8d, 0x00,
  0x41, 0x56, 0x02, 0x20, 0xe7, 0x70, 0x74, 0x70, 0x40, 0x00, 0x80, 0x00,
  0xe8, 0x3a, 0x40, 0x2e, 0x40, 0x0e, 0x8d, 0x3e, 0x07, 0x19, 0xd2, 0xc0,
  0x41, 0x20, 0x80, 0x00, 0xe8, 0x3a, 0x00, 0x22, 0x80, 0x01, 0x8d, 0x3a,
  0x00, 0x02, 0x8d, 0x00, 0x40, 0x20, 0x80, 0x00, 0xe8, 0x3a, 0xc0, 0x21,
  0xc0, 0x01, 0x8d, 0x3e, 0x07, 0x19, 0xd2, 0xc0, 0x40, 0x00, 0x80, 0x00,
  0xe8, 0x3a, 0x00, 0x2e, 0x00, 0x0e, 0x8d, 0x3e, 0xc8, 0x92, 0x9d, 0x41,
  0x41, 0x56, 0x02, 0x20, 0xe7, 0x72, 0x74, 0x72, 0x40, 0x20, 0x80, 0x00,
  0xe8, 0x3a, 0x00, 0x22, 0x00, 0x02, 0x8d, 0x3e, 0xc8, 0x92, 0x9d, 0x41,
  0x41, 0x20, 0x80, 0x00, 0xe8, 0x3a, 0xc0, 0x21, 0x80, 0x01, 0x8d, 0x3a,
  0xc0, 0x01, 0x8d, 0x00, 0x38, 0x16, 0x01, 0x21, 0x07, 0x70, 0x70, 0x00,
  0x41, 0x56, 0x02, 0x20, 0xe7, 0x72, 0x76, 0x72, 0x38, 0x20, 0x80, 0x01,
  0xe8, 0x3a, 0x00, 0x22, 0x00, 0x02, 0x8d, 0x00, 0x00, 0x00, 0x00, 0x00,
  0x41, 0x20, 0x80, 0x00, 0xe8, 0x3a, 0xc0, 0x21, 0xc0, 0x00, 0x8d, 0x3a,
  0xc0, 0x01, 0x8d, 0x00, 0x41, 0x56, 0x02, 0x20, 0xe7, 0x70, 0x70, 0x72,
  0x41, 0x20, 0x80, 0x00, 0xe8, 0x3a, 0x00, 0x22, 0x00, 0x02, 0x8d, 0x3a,
  0xc0, 0x01, 0x8d, 0x00, 0x40, 0x56, 0x02, 0x20, 0xe7, 0x70, 0x76, 0x70,
  0x40, 0x20, 0x80, 0x00, 0xe8, 0x3a, 0x00, 0x22, 0xc0, 0x00, 0x8d, 0x3a,
  0x00, 0x02, 0x8d, 0x00, 0x40, 0x00, 0x80, 0x00, 0xe8, 0x3a, 0x00, 0x2f,
  0x00, 0x4e, 0x8d, 0x3e, 0xdb, 0x0f, 0xc9, 0x3f, 0x40, 0x20, 0x80, 0x00,
  0xe8, 0x3a, 0x80, 0x20, 0x00, 0x42, 0x8d, 0x3e, 0xdb, 0x0f, 0xc9, 0x3f,
  0x02, 0x00, 0x81, 0x00, 0xea, 0x3a, 0x80, 0x2e, 0x00, 0x0f, 0x8d, 0x3a,
  0x00, 0x0e, 0x8d, 0x00, 0x02, 0x20, 0x81, 0x00, 0xea, 0x3a, 0x80, 0x21,
  0x80, 0x00, 0x8d, 0x3a, 0x00, 0x02, 0x8d, 0x00, 0x12, 0x01, 0x80, 0x05,
  0x60, 0x00, 0x1e, 0x18, 0xc8, 0x41, 0x07, 0x39, 0xe8, 0x20, 0x07, 0x1f,
  0x12, 0x21, 0x80, 0x05, 0x60, 0x00, 0x1e, 0x14, 0xc8, 0xc1, 0x00, 0x39,
  0x18, 0x20, 0x87, 0x1e, 0x24, 0x00, 0xa0, 0x00, 0x00, 0x0e, 0x00, 0x20,
  0x60, 0x0a, 0x00, 0x00, 0x60, 0x0a, 0x00, 0x00, 0x10, 0x76, 0x02, 0x25,
  0x07, 0x00, 0x1a, 0x00, 0x10, 0x20, 0x80, 0x05, 0xe0, 0x3a, 0x00, 0x20,
  0xc0, 0x02, 0x8d, 0x3e, 0x00, 0x00, 0x00, 0x00, 0x10, 0x00, 0x80, 0x04,
  0xe2, 0x3a, 0x00, 0x20, 0x00, 0x03, 0x8d, 0x3e, 0x00, 0x00, 0x00, 0x00,
  0x10, 0x20, 0x80, 0x04, 0xe2, 0x3a, 0x00, 0x20, 0x40, 0x02, 0x8d, 0x3e,
  0x00, 0x00, 0x00, 0x00, 0x04, 0x00, 0x00, 0x00, 0x4c, 0x10, 0xc0, 0x2f,
  0x00, 0x06, 0x00, 0x00, 0x00, 0x00, 0x00, 0x00, 0x04, 0x20, 0x00, 0x00,
  0x4c, 0x10, 0xc2, 0x2f, 0x02, 0x06, 0x00, 0x00, 0x00, 0x00, 0x00, 0x00,
  0x01, 0x00, 0x00, 0x00, 0x4c, 0x16, 0xc4, 0x2f, 0x00, 0x00, 0x00, 0x00,
  0x01, 0x00, 0x01, 0x00, 0x04, 0x00, 0x00, 0x00, 0x44, 0x10, 0x00, 0x26,
  0x20, 0x06, 0x00, 0x00, 0x00, 0x00, 0x00, 0x00, 0x04, 0x20, 0x00, 0x00,
  0x44, 0x10, 0x02, 0x26, 0x22, 0x06, 0x00, 0x00, 0x00, 0x00, 0x00, 0x00,
  0x01, 0x20, 0x00, 0x20, 0x00, 0x31, 0x7e, 0x00, 0x02, 0x00, 0x81, 0x00,
  0x48, 0x12, 0x80, 0x2f, 0xc4, 0x0f, 0x00, 0x16, 0x00, 0x00, 0x00, 0x00,
  0x02, 0x20, 0x81, 0x00, 0x48, 0x12, 0x40, 0x2f, 0xc4, 0x0f, 0x00, 0x16,
  0x00, 0x00, 0x00, 0x00, 0x02, 0x00, 0x81, 0x00, 0x4a, 0x12, 0xa0, 0x2f,
  0xc4, 0x0f, 0x00, 0x16, 0x00, 0x00, 0x00, 0x00, 0x06, 0x00, 0x80, 0x02,
  0x42, 0x12, 0x00, 0x20, 0xa0, 0x0f, 0xb1, 0x12, 0x80, 0x0f, 0xb1, 0x00,
  0x01, 0x00, 0x08, 0x20, 0x00, 0x7e, 0x31, 0x00, 0x01, 0x20, 0x00, 0x20,
  0x00, 0x31, 0x7e, 0x00, 0x02, 0x20, 0x81, 0x00, 0x4a, 0x12, 0x60, 0x2f,
  0xc4, 0x0f, 0x00, 0x16, 0x00, 0x00, 0x00, 0x00, 0x01, 0x20, 0x18, 0x20,
  0x00, 0x31, 0x7e, 0x00, 0x06, 0x20, 0x80, 0x02, 0x42, 0x12, 0x00, 0x20,
  0x60, 0x0f, 0xb1, 0x12, 0x40, 0x0f, 0xb1, 0x00, 0x01, 0x00, 0x08, 0x20,
  0x00, 0x7e, 0x31, 0x00, 0x01, 0x20, 0x18, 0x20, 0x00, 0x30, 0x7e, 0x00,
  0x22, 0x00, 0xb1, 0x00, 0x00, 0x0e, 0x00, 0x20, 0x28, 0x09, 0x00, 0x00,
  0xa8, 0x02, 0x00, 0x00, 0x38, 0x56, 0x02, 0xa9, 0xe7, 0x7c, 0x18, 0x1a,
  0x7e, 0x00, 0x00, 0x00, 0x00, 0x00, 0x00, 0x00, 0x00, 0x00, 0x00, 0x00,
  0x00, 0x00, 0x00, 0x00, 0x38, 0x20, 0x80, 0x09, 0xe8, 0x3a, 0x40, 0x2f,
  0x40, 0x42, 0x8d, 0x3a, 0xc0, 0x02, 0x8d, 0x00, 0x10, 0x00, 0x80, 0x03,
  0xe0, 0x3a, 0x00, 0x20, 0x80, 0x2f, 0x8d, 0x3e, 0x00, 0x00, 0x80, 0x3f,
  0x38, 0x16, 0x01, 0x61, 0x07, 0x78, 0x7c, 0x00, 0x38, 0x20, 0x80, 0x01,
  0xe8, 0x3a, 0x80, 0x20, 0x40, 0x2f, 0x8d, 0x00, 0x00, 0x00, 0x00, 0x00,
  0x10, 0x20, 0x80, 0x03, 0xe0, 0x3a, 0x00, 0x20, 0x40, 0x2f, 0x8d, 0x3e,
  0x00, 0x00, 0x80, 0x3f, 0x02, 0x59, 0x02, 0x20, 0xef, 0x76, 0x78, 0x7c,
  0x02, 0x20, 0x81, 0x00, 0xe8, 0x3a, 0xc0, 0x20, 0x80, 0x00, 0x8d, 0x3a,
  0x40, 0x2f, 0x8d, 0x00, 0x41, 0x56, 0x02, 0x20, 0xe7, 0x74, 0x76, 0x76,
  0x41, 0x20, 0x80, 0x00, 0xe8, 0x3a, 0x80, 0x21, 0xc0, 0x00, 0x8d, 0x3a,
  0xc0, 0x00, 0x8d, 0x00, 0x40, 0x00, 0x80, 0x00, 0xe8, 0x3a, 0x00, 0x2e,
  0x80, 0x0e, 0x8d, 0x3e, 0xc0, 0x5d, 0x35, 0x41, 0x41, 0x00, 0x80, 0x00,
  0xe8, 0x3a, 0x40, 0x2e, 0x80, 0x0e, 0x8d, 0x3e, 0xea, 0xc7, 0x52, 0x3f,
  0x40, 0x20, 0x80, 0x00, 0xe8, 0x3a, 0x00, 0x22, 0x80, 0x01, 0x8d, 0x3e,
  0xc0, 0x5d, 0x35, 0x41, 0x41, 0x20, 0x80, 0x00, 0xe8, 0x3a, 0xc0, 0x21,
  0x80, 0x01, 0x8d, 0x3e, 0xea, 0xc7, 0x52, 0x3f, 0x41, 0x56, 0x02, 0x20,
  0xe7, 0x70, 0x74, 0x70, 0x40, 0x00, 0x80, 0x00, 0xe8, 0x3a, 0x40, 0x2e,
  0x40, 0x4e, 0x8d, 0x3e, 0x83, 0x98, 0xb5, 0xc0, 0x41, 0x20, 0x80, 0x00,
  0xe8, 0x3a, 0x00, 0x22, 0x80, 0x01, 0x8d, 0x3a, 0x00, 0x02, 0x8d, 0x00,
  0x40, 0x20, 0x80, 0x00, 0xe8, 0x3a, 0xc0, 0x21, 0xc0, 0x41, 0x8d, 0x3e,
  0x83, 0x98, 0xb5, 0xc0, 0x40, 0x00, 0x80, 0x00, 0xe8, 0x3a, 0x00, 0x2e,
  0x00, 0x0e, 0x8d, 0x3e, 0x60, 0xbd, 0xe6, 0x41, 0x41, 0x56, 0x02, 0x20,
  0xe7, 0x72, 0x74, 0x72, 0x40, 0x20, 0x80, 0x00, 0xe8, 0x3a, 0x00, 0x22,
  0x00, 0x02, 0x8d, 0x3e, 0x60, 0xbd, 0xe6, 0x41, 0x41, 0x20, 0x80, 0x00,
  0xe8, 0x3a, 0xc0, 0x21, 0x80, 0x01, 0x8d, 0x3a, 0xc0, 0x01, 0x8d, 0x00,
  0x41, 0x56, 0x02, 0x20, 0xe7, 0x70, 0x74, 0x70, 0x40, 0x00, 0x80, 0x00,
  0xe8, 0x3a, 0x40, 0x2e, 0x40, 0x0e, 0x8d, 0x3e, 0x07, 0x19, 0xd2, 0xc0,
  0x41, 0x20, 0x80, 0x00, 0xe8, 0x3a, 0x00, 0x22, 0x80, 0x01, 0x8d, 0x3a,
  0x00, 0x02, 0x8d, 0x00, 0x40, 0x20, 0x80, 0x00, 0xe8, 0x3a, 0xc0, 0x21,
  0xc0, 0x01, 0x8d, 0x3e, 0x07, 0x19, 0xd2, 0xc0, 0x40, 0x00, 0x80, 0x00,
  0xe8, 0x3a, 0x00, 0x2e, 0x00, 0x0e, 0x8d, 0x3e, 0xc8, 0x92, 0x9d, 0x41,
  0x41, 0x56, 0x02, 0x20, 0xe7, 0x72, 0x74, 0x72, 0x40, 0x20, 0x80, 0x00,
  0xe8, 0x3a, 0x00, 0x22, 0x00, 0x02, 0x8d, 0x3e, 0xc8, 0x92, 0x9d, 0x41,
  0x41, 0x20, 0x80, 0x00, 0xe8, 0x3a, 0xc0, 0x21, 0x80, 0x01, 0x8d, 0x3a,
  0xc0, 0x01, 0x8d, 0x00, 0x38, 0x16, 0x01, 0x21, 0x07, 0x70, 0x70, 0x00,
  0x41, 0x56, 0x02, 0x20, 0xe7, 0x72, 0x76, 0x72, 0x38, 0x20, 0x80, 0x01,
  0xe8, 0x3a, 0x00, 0x22, 0x00, 0x02, 0x8d, 0x00, 0x00, 0x00, 0x00, 0x00,
  0x41, 0x20, 0x80, 0x00, 0xe8, 0x3a, 0xc0, 0x21, 0xc0, 0x00, 0x8d, 0x3a,
  0xc0, 0x01, 0x8d, 0x00, 0x41, 0x56, 0x02, 0x20, 0xe7, 0x70, 0x70, 0x72,
  0x41, 0x20, 0x80, 0x00, 0xe8, 0x3a, 0x00, 0x22, 0x00, 0x02, 0x8d, 0x3a,
  0xc0, 0x01, 0x8d, 0x00, 0x40, 0x56, 0x02, 0x20, 0xe7, 0x70, 0x76, 0x70,
  0x40, 0x20, 0x80, 0x00, 0xe8, 0x3a, 0x00, 0x22, 0xc0, 0x00, 0x8d, 0x3a,
  0x00, 0x02, 0x8d, 0x00, 0x40, 0x00, 0x80, 0x00, 0xe8, 0x3a, 0x00, 0x2f,
  0x00, 0x4e, 0x8d, 0x3e, 0xdb, 0x0f, 0xc9, 0x3f, 0x40, 0x20, 0x80, 0x00,
  0xe8, 0x3a, 0x80, 0x20, 0x00, 0x42, 0x8d, 0x3e, 0xdb, 0x0f, 0xc9, 0x3f,
  0x02, 0x59, 0x02, 0x20, 0xe7, 0x74, 0x78, 0x70, 0x02, 0x20, 0x81, 0x00,
  0xe8, 0x3a, 0x80, 0x21, 0x80, 0x00, 0x8d, 0x3a, 0x00, 0x02, 0x8d, 0x00,
  0x12, 0x01, 0x80, 0x05, 0x60, 0x00, 0x1e, 0x6e, 0xc8, 0x41, 0x07, 0x39,
  0xe8, 0x20, 0x07, 0x1f, 0x12, 0x21, 0x80, 0x05, 0x60, 0x00, 0x1e, 0x6c,
  0xc8, 0xc1, 0x00, 0x39, 0x18, 0x20, 0x87, 0x1e, 0x40, 0x00, 0x80, 0x00,
  0xe8, 0x3a, 0x00, 0x23, 0xc0, 0x4d, 0x8d, 0x3e, 0xd0, 0x0f, 0x49, 0x40,
  0x40, 0x20, 0x80, 0x00, 0xe8, 0x3a, 0x80, 0x22, 0x80, 0x4d, 0x8d, 0x3e,
  0xd0, 0x0f, 0x49, 0x40, 0x24, 0x00, 0xa0, 0x00, 0x00, 0x0e, 0x00, 0x20,
  0x90, 0x06, 0x00, 0x00, 0x90, 0x06, 0x00, 0x00, 0x10, 0x20, 0x80, 0x05,
  0xe0, 0x3a, 0x00, 0x20, 0x40, 0x02, 0x8d, 0x3e, 0x00, 0x00, 0x00, 0x00,
  0x10, 0x20, 0x80, 0x05, 0xe2, 0x3a, 0x00, 0x20, 0xc0, 0x02, 0x8d, 0x3e,
  0x00, 0x00, 0x00, 0x00, 0x01, 0x00, 0x00, 0x00, 0x4c, 0x16, 0xc0, 0x2f,
  0x00, 0x00, 0x00, 0x00, 0x01, 0x00, 0x01, 0x00, 0x10, 0x00, 0x80, 0x05,
  0xe2, 0x3a, 0x00, 0x20, 0x00, 0x03, 0x8d, 0x3e, 0x00, 0x00, 0x00, 0x00,
  0x02, 0x20, 0x81, 0x00, 0x4a, 0x12, 0xa0, 0x2f, 0xc0, 0x0f, 0x00, 0x16,
  0x00, 0x00, 0x00, 0x00, 0x02, 0x20, 0x81, 0x00, 0x48, 0x12, 0x80, 0x2f,
  0xc0, 0x0f, 0x00, 0x16, 0x00, 0x00, 0x00, 0x00, 0x10, 0x00, 0x81, 0x05,
  0xe2, 0x3a, 0x00, 0x20, 0x40, 0x03, 0x8d, 0x3e, 0x00, 0x00, 0x00, 0x00,
  0x05, 0x20, 0x80, 0x02, 0x42, 0x12, 0x00, 0x20, 0xa0, 0x0f, 0xb1, 0x12,
  0x80, 0x0f, 0xb1, 0x00, 0x22, 0x00, 0xb1, 0x00, 0x02, 0x0e, 0x00, 0x20,
  0xf0, 0x05, 0x00, 0x00, 0x68, 0x03, 0x00, 0x00, 0x10, 0x20, 0x80, 0x05,
  0xe2, 0x3a, 0x00, 0x20, 0x40, 0x02, 0x8d, 0x3e, 0x00, 0x00, 0x00, 0x00,
  0x10, 0x20, 0x80, 0x04, 0xe0, 0x3a, 0x00, 0x20, 0xc0, 0x02, 0x8d, 0x3e,
  0x00, 0x00, 0x00, 0x00, 0x01, 0x00, 0x00, 0x00, 0x4c, 0x16, 0xc0, 0x2f,
  0x00, 0x00, 0x00, 0x00, 0x01, 0x00, 0x01, 0x00, 0x10, 0x76, 0x02, 0x25,
  0x07, 0x00, 0x18, 0x00, 0x02, 0x20, 0x81, 0x00, 0x48, 0x12, 0xa0, 0x2f,
  0xc0, 0x0f, 0x00, 0x16, 0x00, 0x00, 0x00, 0x00, 0x02, 0x20, 0x81, 0x00,
  0x4a, 0x12, 0x80, 0x2f, 0xc0, 0x0f, 0x00, 0x16, 0x00, 0x00, 0x00, 0x00,
  0x10, 0x79, 0x02, 0x24, 0x07, 0x00, 0x1a, 0x00, 0x05, 0x20, 0x80, 0x02,
  0x40, 0x12, 0x00, 0x20, 0xa0, 0x0f, 0xb1, 0x12, 0x80, 0x0f, 0xb1, 0x00,
  0x22, 0x00, 0xb1, 0x00, 0x00, 0x0e, 0x00, 0x20, 0xc8, 0x02, 0x00, 0x00,
  0x40, 0x00, 0x00, 0x00, 0x01, 0x00, 0x80, 0x00, 0xe8, 0x3e, 0x00, 0x23,
  0x00, 0x00, 0x00, 0x00, 0x00, 0x00, 0x00, 0x00, 0x01, 0x20, 0x80, 0x00,
  0xe8, 0x3e, 0x80, 0x22, 0x00, 0x00, 0x00, 0x00, 0x00, 0x00, 0x00, 0x00,
  0x24, 0x00, 0xa0, 0x00, 0x00, 0x0e, 0x00, 0x20, 0x98, 0x02, 0x00, 0x00,
  0x98, 0x02, 0x00, 0x00, 0x38, 0x56, 0x02, 0xa9, 0xe7, 0x7c, 0x18, 0x1a,
  0x7e, 0x00, 0x00, 0x00, 0x00, 0x00, 0x00, 0x00, 0x00, 0x00, 0x00, 0x00,
  0x00, 0x00, 0x00, 0x00, 0x38, 0x20, 0x80, 0x09, 0xe8, 0x3a, 0x40, 0x2f,
  0x40, 0x42, 0x8d, 0x3a, 0xc0, 0x02, 0x8d, 0x00, 0x10, 0x00, 0x80, 0x03,
  0xe2, 0x3a, 0x00, 0x20, 0x80, 0x2f, 0x8d, 0x3e, 0x00, 0x00, 0x80, 0x3f,
  0x38, 0x16, 0x01, 0x61, 0x07, 0x78, 0x7c, 0x00, 0x38, 0x20, 0x80, 0x01,
  0xe8, 0x3a, 0x80, 0x20, 0x40, 0x2f, 0x8d, 0x00, 0x00, 0x00, 0x00, 0x00,
  0x10, 0x20, 0x80, 0x03, 0xe2, 0x3a, 0x00, 0x20, 0x40, 0x2f, 0x8d, 0x3e,
  0x00, 0x00, 0x80, 0x3f, 0x02, 0x00, 0x81, 0x00, 0xea, 0x3a, 0xc0, 0x2e,
  0x00, 0x0f, 0x8d, 0x3a, 0x80, 0x2f, 0x8d, 0x00, 0x02, 0x20, 0x81, 0x00,
  0xea, 0x3a, 0xc0, 0x20, 0x80, 0x00, 0x8d, 0x3a, 0x40, 0x2f, 0x8d, 0x00,
  0x41, 0x56, 0x02, 0x20, 0xe7, 0x74, 0x76, 0x76, 0x41, 0x20, 0x80, 0x00,
  0xe8, 0x3a, 0x80, 0x21, 0xc0, 0x00, 0x8d, 0x3a, 0xc0, 0x00, 0x8d, 0x00,
  0x40, 0x00, 0x80, 0x00, 0xe8, 0x3a, 0x00, 0x2e, 0x80, 0x0e, 0x8d, 0x3e,
  0xc0, 0x5d, 0x35, 0x41, 0x41, 0x00, 0x80, 0x00, 0xe8, 0x3a, 0x40, 0x2e,
  0x80, 0x0e, 0x8d, 0x3e, 0xea, 0xc7, 0x52, 0x3f, 0x40, 0x20, 0x80, 0x00,
  0xe8, 0x3a, 0x00, 0x22, 0x80, 0x01, 0x8d, 0x3e, 0xc0, 0x5d, 0x35, 0x41,
  0x41, 0x20, 0x80, 0x00, 0xe8, 0x3a, 0xc0, 0x21, 0x80, 0x01, 0x8d, 0x3e,
  0xea, 0xc7, 0x52, 0x3f, 0x41, 0x56, 0x02, 0x20, 0xe7, 0x70, 0x74, 0x70,
  0x40, 0x00, 0x80, 0x00, 0xe8, 0x3a, 0x40, 0x2e, 0x40, 0x4e, 0x8d, 0x3e,
  0x83, 0x98, 0xb5, 0xc0, 0x41, 0x20, 0x80, 0x00, 0xe8, 0x3a, 0x00, 0x22,
  0x80, 0x01, 0x8d, 0x3a, 0x00, 0x02, 0x8d, 0x00, 0x40, 0x20, 0x80, 0x00,
  0xe8, 0x3a, 0xc0, 0x21, 0xc0, 0x41, 0x8d, 0x3e, 0x83, 0x98, 0xb5, 0xc0,
  0x40, 0x00, 0x80, 0x00, 0xe8, 0x3a, 0x00, 0x2e, 0x00, 0x0e, 0x8d, 0x3e,
  0x60, 0xbd, 0xe6, 0x41, 0x41, 0x56, 0x02, 0x20, 0xe7, 0x72, 0x74, 0x72,
  0x40, 0x20, 0x80, 0x00, 0xe8, 0x3a, 0x00, 0x22, 0x00, 0x02, 0x8d, 0x3e,
  0x60, 0xbd, 0xe6, 0x41, 0x41, 0x20, 0x80, 0x00, 0xe8, 0x3a, 0xc0, 0x21,
  0x80, 0x01, 0x8d, 0x3a, 0xc0, 0x01, 0x8d, 0x00, 0x41, 0x56, 0x02, 0x20,
  0xe7, 0x70, 0x74, 0x70, 0x40, 0x00, 0x80, 0x00, 0xe8, 0x3a, 0x40, 0x2e,
  0x40, 0x0e, 0x8d, 0x3e, 0x07, 0x19, 0xd2, 0xc0, 0x41, 0x20, 0x80, 0x00,
  0xe8, 0x3a, 0x00, 0x22, 0x80, 0x01, 0x8d, 0x3a, 0x00, 0x02, 0x8d, 0x00,
  0x40, 0x20, 0x80, 0x00, 0xe8, 0x3a, 0xc0, 0x21, 0xc0, 0x01, 0x8d, 0x3e,
  0x07, 0x19, 0xd2, 0xc0, 0x40, 0x00, 0x80, 0x00, 0xe8, 0x3a, 0x00, 0x2e,
  0x00, 0x0e, 0x8d, 0x3e, 0xc8, 0x92, 0x9d, 0x41, 0x41, 0x56, 0x02, 0x20,
  0xe7, 0x72, 0x74, 0x72, 0x40, 0x20, 0x80, 0x00, 0xe8, 0x3a, 0x00, 0x22,
  0x00, 0x02, 0x8d, 0x3e, 0xc8, 0x92, 0x9d, 0x41, 0x41, 0x20, 0x80, 0x00,
  0xe8, 0x3a, 0xc0, 0x21, 0x80, 0x01, 0x8d, 0x3a, 0xc0, 0x01, 0x8d, 0x00,
  0x38, 0x16, 0x01, 0x21, 0x07, 0x70, 0x70, 0x00, 0x41, 0x56, 0x02, 0x20,
  0xe7, 0x72, 0x76, 0x72, 0x38, 0x20, 0x80, 0x01, 0xe8, 0x3a, 0x00, 0x22,
  0x00, 0x02, 0x8d, 0x00, 0x00, 0x00, 0x00, 0x00, 0x41, 0x20, 0x80, 0x00,
  0xe8, 0x3a, 0xc0, 0x21, 0xc0, 0x00, 0x8d, 0x3a, 0xc0, 0x01, 0x8d, 0x00,
  0x41, 0x56, 0x02, 0x20, 0xe7, 0x70, 0x70, 0x72, 0x41, 0x20, 0x80, 0x00,
  0xe8, 0x3a, 0x00, 0x22, 0x00, 0x02, 0x8d, 0x3a, 0xc0, 0x01, 0x8d, 0x00,
  0x40, 0x56, 0x02, 0x20, 0xe7, 0x70, 0x76, 0x70, 0x40, 0x20, 0x80, 0x00,
  0xe8, 0x3a, 0x00, 0x22, 0xc0, 0x00, 0x8d, 0x3a, 0x00, 0x02, 0x8d, 0x00,
  0x40, 0x00, 0x80, 0x00, 0xe8, 0x3a, 0x00, 0x2f, 0x00, 0x4e, 0x8d, 0x3e,
  0xdb, 0x0f, 0xc9, 0x3f, 0x40, 0x20, 0x80, 0x00, 0xe8, 0x3a, 0x80, 0x20,
  0x00, 0x42, 0x8d, 0x3e, 0xdb, 0x0f, 0xc9, 0x3f, 0x02, 0x00, 0x81, 0x00,
  0xea, 0x3a, 0x80, 0x2e, 0x00, 0x0f, 0x8d, 0x3a, 0x00, 0x0e, 0x8d, 0x00,
  0x02, 0x20, 0x81, 0x00, 0xea, 0x3a, 0x80, 0x21, 0x80, 0x00, 0x8d, 0x3a,
  0x00, 0x02, 0x8d, 0x00, 0x12, 0x01, 0x80, 0x05, 0x60, 0x00, 0x1e, 0x6e,
  0xc8, 0x41, 0x07, 0x39, 0xe8, 0x20, 0x07, 0x1f, 0x12, 0x21, 0x80, 0x05,
  0x60, 0x00, 0x1e, 0x6c, 0xc8, 0xc1, 0x00, 0x39, 0x18, 0x20, 0x87, 0x1e,
  0x5b, 0x86, 0x01, 0x20, 0x83, 0x75, 0x2b, 0x14, 0x5b, 0x47, 0x01, 0x20,
  0x83, 0x65, 0x2b, 0x14, 0x25, 0x00, 0xa0, 0x00, 0x00, 0x00, 0x00, 0x20,
  0x00, 0x00, 0x00, 0x0e, 0x10, 0x00, 0x00, 0x00, 0x24, 0x00, 0xa0, 0x00,
  0x00, 0x0e, 0x00, 0x20, 0x98, 0x02, 0x00, 0x00, 0x98, 0x02, 0x00, 0x00,
  0x38, 0x56, 0x02, 0x29, 0xe7, 0x7c, 0x18, 0x1a, 0x7e, 0x00, 0x00, 0x00,
  0x00, 0x00, 0x00, 0x00, 0x00, 0x00, 0x00, 0x00, 0x00, 0x00, 0x00, 0x00,
  0x38, 0x20, 0x80, 0x09, 0xe8, 0x3a, 0x40, 0x2f, 0x40, 0x02, 0x8d, 0x3a,
  0xc0, 0x02, 0x8d, 0x00, 0x10, 0x00, 0x80, 0x03, 0xe0, 0x3a, 0x00, 0x20,
  0x80, 0x2f, 0x8d, 0x3e, 0x00, 0x00, 0x80, 0x3f, 0x38, 0x16, 0x01, 0x61,
  0x07, 0x78, 0x7c, 0x00, 0x38, 0x20, 0x80, 0x01, 0xe8, 0x3a, 0x80, 0x20,
  0x40, 0x2f, 0x8d, 0x00, 0x00, 0x00, 0x00, 0x00, 0x10, 0x20, 0x80, 0x03,
  0xe0, 0x3a, 0x00, 0x20, 0x40, 0x2f, 0x8d, 0x3e, 0x00, 0x00, 0x80, 0x3f,
  0x02, 0x59, 0x02, 0x20, 0xef, 0x76, 0x78, 0x7c, 0x02, 0x20, 0x81, 0x00,
  0xe8, 0x3a, 0xc0, 0x20, 0x80, 0x00, 0x8d, 0x3a, 0x40, 0x2f, 0x8d, 0x00,
  0x41, 0x56, 0x02, 0x20, 0xe7, 0x74, 0x76, 0x76, 0x41, 0x20, 0x80, 0x00,
  0xe8, 0x3a, 0x80, 0x21, 0xc0, 0x00, 0x8d, 0x3a, 0xc0, 0x00, 0x8d, 0x00,
  0x40, 0x00, 0x80, 0x00, 0xe8, 0x3a, 0x00, 0x2e, 0x80, 0x0e, 0x8d, 0x3e,
  0xc0, 0x5d, 0x35, 0x41, 0x41, 0x00, 0x80, 0x00, 0xe8, 0x3a, 0x40, 0x2e,
  0x80, 0x0e, 0x8d, 0x3e, 0xea, 0xc7, 0x52, 0x3f, 0x40, 0x20, 0x80, 0x00,
  0xe8, 0x3a, 0x00, 0x22, 0x80, 0x01, 0x8d, 0x3e, 0xc0, 0x5d, 0x35, 0x41,
  0x41, 0x20, 0x80, 0x00, 0xe8, 0x3a, 0xc0, 0x21, 0x80, 0x01, 0x8d, 0x3e,
  0xea, 0xc7, 0x52, 0x3f, 0x41, 0x56, 0x02, 0x20, 0xe7, 0x70, 0x74, 0x70,
  0x40, 0x00, 0x80, 0x00, 0xe8, 0x3a, 0x40, 0x2e, 0x40, 0x4e, 0x8d, 0x3e,
  0x83, 0x98, 0xb5, 0xc0, 0x41, 0x20, 0x80, 0x00, 0xe8, 0x3a, 0x00, 0x22,
  0x80, 0x01, 0x8d, 0x3a, 0x00, 0x02, 0x8d, 0x00, 0x40, 0x20, 0x80, 0x00,
  0xe8, 0x3a, 0xc0, 0x21, 0xc0, 0x41, 0x8d, 0x3e, 0x83, 0x98, 0xb5, 0xc0,
  0x40, 0x00, 0x80, 0x00, 0xe8, 0x3a, 0x00, 0x2e, 0x00, 0x0e, 0x8d, 0x3e,
  0x60, 0xbd, 0xe6, 0x41, 0x41, 0x56, 0x02, 0x20, 0xe7, 0x72, 0x74, 0x72,
  0x40, 0x20, 0x80, 0x00, 0xe8, 0x3a, 0x00, 0x22, 0x00, 0x02, 0x8d, 0x3e,
  0x60, 0xbd, 0xe6, 0x41, 0x41, 0x20, 0x80, 0x00, 0xe8, 0x3a, 0xc0, 0x21,
  0x80, 0x01, 0x8d, 0x3a, 0xc0, 0x01, 0x8d, 0x00, 0x41, 0x56, 0x02, 0x20,
  0xe7, 0x70, 0x74, 0x70, 0x40, 0x00, 0x80, 0x00, 0xe8, 0x3a, 0x40, 0x2e,
  0x40, 0x0e, 0x8d, 0x3e, 0x07, 0x19, 0xd2, 0xc0, 0x41, 0x20, 0x80, 0x00,
  0xe8, 0x3a, 0x00, 0x22, 0x80, 0x01, 0x8d, 0x3a, 0x00, 0x02, 0x8d, 0x00,
  0x40, 0x20, 0x80, 0x00, 0xe8, 0x3a, 0xc0, 0x21, 0xc0, 0x01, 0x8d, 0x3e,
  0x07, 0x19, 0xd2, 0xc0, 0x40, 0x00, 0x80, 0x00, 0xe8, 0x3a, 0x00, 0x2e,
  0x00, 0x0e, 0x8d, 0x3e, 0xc8, 0x92, 0x9d, 0x41, 0x41, 0x56, 0x02, 0x20,
  0xe7, 0x72, 0x74, 0x72, 0x40, 0x20, 0x80, 0x00, 0xe8, 0x3a, 0x00, 0x22,
  0x00, 0x02, 0x8d, 0x3e, 0xc8, 0x92, 0x9d, 0x41, 0x41, 0x20, 0x80, 0x00,
  0xe8, 0x3a, 0xc0, 0x21, 0x80, 0x01, 0x8d, 0x3a, 0xc0, 0x01, 0x8d, 0x00,
  0x38, 0x16, 0x01, 0x21, 0x07, 0x70, 0x70, 0x00, 0x41, 0x56, 0x02, 0x20,
  0xe7, 0x72, 0x76, 0x72, 0x38, 0x20, 0x80, 0x01, 0xe8, 0x3a, 0x00, 0x22,
  0x00, 0x02, 0x8d, 0x00, 0x00, 0x00, 0x00, 0x00, 0x41, 0x20, 0x80, 0x00,
  0xe8, 0x3a, 0xc0, 0x21, 0xc0, 0x00, 0x8d, 0x3a, 0xc0, 0x01, 0x8d, 0x00,
  0x41, 0x56, 0x02, 0x20, 0xe7, 0x70, 0x70, 0x72, 0x41, 0x20, 0x80, 0x00,
  0xe8, 0x3a, 0x00, 0x22, 0x00, 0x02, 0x8d, 0x3a, 0xc0, 0x01, 0x8d, 0x00,
  0x40, 0x56, 0x02, 0x20, 0xe7, 0x70, 0x76, 0x70, 0x40, 0x20, 0x80, 0x00,
  0xe8, 0x3a, 0x00, 0x22, 0xc0, 0x00, 0x8d, 0x3a, 0x00, 0x02, 0x8d, 0x00,
  0x40, 0x00, 0x80, 0x00, 0xe8, 0x3a, 0x00, 0x2f, 0x00, 0x4e, 0x8d, 0x3e,
  0xdb, 0x0f, 0xc9, 0x3f, 0x40, 0x20, 0x80, 0x00, 0xe8, 0x3a, 0x80, 0x20,
  0x00, 0x42, 0x8d, 0x3e, 0xdb, 0x0f, 0xc9, 0x3f, 0x02, 0x59, 0x02, 0x20,
  0xe7, 0x74, 0x78, 0x70, 0x02, 0x20, 0x81, 0x00, 0xe8, 0x3a, 0x80, 0x21,
  0x80, 0x00, 0x8d, 0x3a, 0x00, 0x02, 0x8d, 0x00, 0x12, 0x01, 0x80, 0x05,
  0x60, 0x00, 0x1e, 0x6e, 0xc8, 0x41, 0x07, 0x39, 0xe8, 0x20, 0x07, 0x1f,
  0x12, 0x21, 0x80, 0x05, 0x60, 0x00, 0x1e, 0x6c, 0xc8, 0xc1, 0x00, 0x39,
  0x18, 0x20, 0x87, 0x1e, 0x40, 0x00, 0x80, 0x00, 0xe8, 0x3a, 0x00, 0x23,
  0xc0, 0x0d, 0x8d, 0x3e, 0xd0, 0x0f, 0x49, 0x40, 0x40, 0x20, 0x80, 0x00,
  0xe8, 0x3a, 0x80, 0x22, 0x80, 0x0d, 0x8d, 0x3e, 0xd0, 0x0f, 0x49, 0x40,
  0x25, 0x00, 0xa0, 0x00, 0x00, 0x00, 0x00, 0x20, 0x00, 0x00, 0x00, 0x0e,
  0x10, 0x00, 0x00, 0x00, 0x25, 0x00, 0xa0, 0x00, 0x00, 0x00, 0x00, 0x20,
  0x00, 0x00, 0x00, 0x0e, 0x10, 0x00, 0x00, 0x00, 0x25, 0x00, 0xa0, 0x00,
  0x00, 0x00, 0x00, 0x20, 0x00, 0x00, 0x00, 0x0e, 0x10, 0x00, 0x00, 0x00,
  0x40, 0x00, 0x80, 0x00, 0x28, 0x0a, 0x80, 0x2f, 0x40, 0x09, 0x8d, 0x1e,
  0x50, 0x01, 0x50, 0x01, 0x40, 0x20, 0x80, 0x00, 0x28, 0x0a, 0x40, 0x2f,
  0x00, 0x09, 0x8d, 0x1e, 0x50, 0x01, 0x50, 0x01, 0x33, 0x00, 0x80, 0x0c,
  0x70, 0x80, 0x01, 0x00, 0x82, 0x0f, 0x00, 0x00, 0xfe, 0x5e, 0x02, 0x04,
  0x33, 0x20, 0x80, 0x0c, 0x70, 0x40, 0x01, 0x00, 0x42, 0x0f, 0x00, 0x00,
  0xfe, 0x5e, 0x02, 0x04, 0x25, 0x00, 0xa0, 0x00, 0x00, 0x00, 0x00, 0x20,
  0x00, 0x00, 0x00, 0x0e, 0x10, 0x00, 0x00, 0x00, 0x25, 0x00, 0xa0, 0x00,
  0x00, 0x00, 0x00, 0x20, 0x00, 0x00, 0x00, 0x0e, 0x10, 0x00, 0x00, 0x00,
  0x25, 0x00, 0xa0, 0x00, 0x00, 0x00, 0x00, 0x20, 0x00, 0x00, 0x00, 0x0e,
  0x10, 0x00, 0x00, 0x00, 0x05, 0x00, 0x60, 0x00, 0x0c, 0x02, 0xc0, 0x2f,
  0x08, 0x08, 0x00, 0x06, 0x00, 0x00, 0x00, 0x8f, 0x01, 0x80, 0x00, 0x00,
  0x04, 0x06, 0x00, 0x32, 0x00, 0x00, 0x00, 0x00, 0x00, 0x00, 0x00, 0x00,
  0x31, 0x00, 0x00, 0x03, 0x04, 0x02, 0x00, 0x20, 0xc0, 0x0f, 0x00, 0x06,
  0x04, 0x00, 0x00, 0x02, 0x30, 0x00, 0x00, 0x00, 0x04, 0x00, 0x00, 0x32,
  0x00, 0x12, 0x00, 0x00, 0x00, 0x00, 0x00, 0x00, 0x10, 0x00, 0x80, 0x05,
  0x60, 0x12, 0x00, 0x20, 0x20, 0x00, 0xb1, 0x16, 0x06, 0x00, 0x06, 0x00,
  0x01, 0x00, 0x00, 0x20, 0x00, 0x08, 0x30, 0x00, 0x01, 0x20, 0x00, 0x20,
  0x00, 0x31, 0x08, 0x00, 0x10, 0x20, 0x80, 0x05, 0x62, 0x12, 0x00, 0x20,
  0x40, 0x00, 0xb1, 0x16, 0x06, 0x00, 0x06, 0x00, 0x01, 0x00, 0x00, 0x20,
  0x00, 0x08, 0x31, 0x00, 0x01, 0x20, 0x00, 0x20, 0x00, 0x30, 0x08, 0x00,
  0x22, 0x00, 0xa1, 0x00, 0x00, 0x0e, 0x00, 0x20, 0xa8, 0x00, 0x00, 0x00,
  0xa8, 0x00, 0x00, 0x00, 0x09, 0x00, 0x80, 0x00, 0x28, 0x0a, 0x80, 0x2f,
  0x00, 0x0a, 0x8d, 0x1e, 0x02, 0x00, 0x02, 0x00, 0x09, 0x20, 0x80, 0x00,
  0x28, 0x0a, 0x40, 0x2f, 0x40, 0x0a, 0x8d, 0x1e, 0x02, 0x00, 0x02, 0x00,
  0x01, 0x00, 0x80, 0x00, 0xe8, 0x3e, 0x00, 0x2f, 0x00, 0x00, 0x00, 0x00,
  0x00, 0x00, 0x00, 0x00, 0x01, 0x20, 0x80, 0x00, 0xe8, 0x3e, 0xc0, 0x2e,
  0x00, 0x00, 0x00, 0x00, 0x00, 0x00, 0x00, 0x00, 0x40, 0x96, 0x75, 0x20,
  0x07, 0x7c, 0x7c, 0x08, 0x40, 0x20, 0x80, 0x00, 0x28, 0x0a, 0x40, 0x2f,
  0x40, 0x0f, 0x8d, 0x0a, 0x18, 0x01, 0x00, 0x00, 0x40, 0x00, 0x80, 0x00,
  0x28, 0x0a, 0x80, 0x2f, 0x80, 0x0f, 0x8d, 0x1e, 0xa8, 0x00, 0xa8, 0x00,
  0x40, 0x20, 0x80, 0x00, 0x28, 0x0a, 0x40, 0x2f, 0x40, 0x0f, 0x8d, 0x1e,
  0xa8, 0x00, 0xa8, 0x00, 0x33, 0x00, 0x80, 0x0c, 0x70, 0x80, 0x07, 0x00,
  0x82, 0x0f, 0x00, 0x00, 0xfe, 0x5e, 0x02, 0x04, 0x33, 0x20, 0x80, 0x0c,
  0x70, 0x60, 0x07, 0x00, 0x42, 0x0f, 0x00, 0x00, 0xfe, 0x5e, 0x02, 0x04,
  0x25, 0x00, 0xa0, 0x00, 0x00, 0x00, 0x00, 0x20, 0x00, 0x00, 0x00, 0x0e,
  0x10, 0x00, 0x00, 0x00, 0x01, 0x00, 0x80, 0x00, 0xe8, 0x12, 0x80, 0x2f,
  0x20, 0x00, 0xb1, 0x00, 0x00, 0x00, 0x00, 0x00, 0x01, 0x20, 0x80, 0x00,
  0xe8, 0x12, 0x40, 0x2f, 0x40, 0x00, 0xb1, 0x00, 0x00, 0x00, 0x00, 0x00,
  0x01, 0x00, 0x80, 0x00, 0xe8, 0x3e, 0x00, 0x24, 0x00, 0x00, 0x00, 0x00,
  0x00, 0x00, 0x00, 0x00, 0x01, 0x20, 0x80, 0x00, 0xe8, 0x3e, 0x80, 0x22,
  0x00, 0x00, 0x00, 0x00, 0x00, 0x00, 0x00, 0x00, 0x41, 0x00, 0x80, 0x00,
  0xe8, 0x3a, 0xc0, 0x21, 0x80, 0x0f, 0x8d, 0x3e, 0x9a, 0x99, 0x19, 0x3e,
  0x41, 0x20, 0x80, 0x00, 0xe8, 0x3a, 0x80, 0x21, 0x40, 0x0f, 0x8d, 0x3e,
  0x9a, 0x99, 0x19, 0x3e, 0x01, 0x20, 0x80, 0x00, 0xe8, 0x3e, 0x40, 0x22,
  0x00, 0x00, 0x00, 0x00, 0x00, 0x00, 0x00, 0x00, 0x01, 0x00, 0x00, 0x00,
  0x2c, 0x02, 0x0c, 0x21, 0x10, 0x01, 0x00, 0x00, 0x00, 0x00, 0x00, 0x00,
  0x40, 0x00, 0x80, 0x00, 0xe8, 0x3a, 0x00, 0x2f, 0xc0, 0x01, 0x8d, 0x3e,
  0x8b, 0x0a, 0x86, 0x3f, 0x40, 0x20, 0x80, 0x00, 0xe8, 0x3a, 0xc0, 0x2e,
  0x80, 0x01, 0x8d, 0x3e, 0x8b, 0x0a, 0x86, 0x3f, 0x40, 0x00, 0x80, 0x00,
  0xe8, 0x3a, 0x80, 0x2e, 0xc0, 0x01, 0x8d, 0x3e, 0x2d, 0x8d, 0xa7, 0xc0,
  0x40, 0x20, 0x80, 0x00, 0xe8, 0x3a, 0x80, 0x20, 0x80, 0x01, 0x8d, 0x3e,
  0x2d, 0x8d, 0xa7, 0xc0, 0x10, 0x00, 0x80, 0x03, 0xe2, 0x3a, 0x00, 0x20,
  0x00, 0x0f, 0x8d, 0x3e, 0xd0, 0x0f, 0xc9, 0x40, 0x10, 0x20, 0x80, 0x03,
  0xe2, 0x3a, 0x00, 0x20, 0xc0, 0x0e, 0x8d, 0x3e, 0xd0, 0x0f, 0xc9, 0x40,
  0x01, 0x00, 0x40, 0x00, 0x2c, 0x02, 0x50, 0x23, 0x08, 0x01, 0x00, 0x00,
  0x00, 0x00, 0x00, 0x00, 0x01, 0x00, 0x40, 0x00, 0x2c, 0x02, 0x10, 0x23,
  0x08, 0x01, 0x00, 0x00, 0x00, 0x00, 0x00, 0x00, 0x01, 0x00, 0x40, 0x00,
  0x2c, 0x02, 0x40, 0x23, 0x08, 0x01, 0x00, 0x00, 0x00, 0x00, 0x00, 0x00,
  0x02, 0x00, 0x81, 0x00, 0xea, 0x3a, 0xc0, 0x20, 0x80, 0x0e, 0x8d, 0x3a,
  0x00, 0x0f, 0x8d, 0x00, 0x02, 0x20, 0x81, 0x00, 0xea, 0x3a, 0x00, 0x22,
  0x80, 0x00, 0x8d, 0x3a, 0xc0, 0x0e, 0x8d, 0x00, 0x01, 0x00, 0x80, 0x00,
  0xe8, 0x3e, 0x80, 0x2e, 0x00, 0x00, 0x00, 0x00, 0x00, 0x00, 0x00, 0x00,
  0x01, 0x00, 0x40, 0x00, 0x2c, 0x02, 0x00, 0x23, 0x08, 0x01, 0x00, 0x00,
  0x00, 0x00, 0x00, 0x00, 0x10, 0x36, 0x02, 0x25, 0xe7, 0x00, 0x06, 0x0e,
  0x10, 0x20, 0x80, 0x05, 0xe0, 0x3a, 0x00, 0x20, 0x00, 0x02, 0x8d, 0x3a,
  0x80, 0x01, 0x8d, 0x00, 0x01, 0x00, 0x40, 0x00, 0x2c, 0x02, 0xd0, 0x22,
  0x08, 0x01, 0x00, 0x00, 0x00, 0x00, 0x00, 0x00, 0x01, 0x00, 0x00, 0x00,
  0x2c, 0x1e, 0x04, 0x21, 0x00, 0x00, 0x00, 0x00, 0x00, 0x00, 0x00, 0x00,
  0x01, 0x00, 0x40, 0x00, 0x2c, 0x02, 0xc0, 0x22, 0x08, 0x01, 0x00, 0x00,
  0x00, 0x00, 0x00, 0x00, 0x01, 0x00, 0x40, 0x00, 0x2c, 0x02, 0x90, 0x20,
  0x08, 0x01, 0x00, 0x00, 0x00, 0x00, 0x00, 0x00, 0x01, 0x00, 0x40, 0x00,
  0x2c, 0x02, 0x80, 0x20, 0x08, 0x01, 0x00, 0x00, 0x00, 0x00, 0x00, 0x00,
  0x09, 0x00, 0x00, 0x00, 0x2c, 0x0a, 0x08, 0x21, 0x04, 0x01, 0x00, 0x1e,
  0x02, 0x00, 0x02, 0x00, 0x40, 0x00, 0x00, 0x00, 0x2c, 0x0a, 0xc0, 0x2f,
  0x08, 0x01, 0x00, 0x0a, 0x0c, 0x01, 0x00, 0x00, 0x31, 0x00, 0x00, 0x0a,
  0x0c, 0x02, 0x40, 0x21, 0xc0, 0x0f, 0x00, 0x06, 0xfe, 0x08, 0x11, 0x02,
  0x01, 0x00, 0x00, 0x00, 0x4c, 0x16, 0xc0, 0x2f, 0x00, 0x00, 0x00, 0x00,
  0x01, 0x00, 0x01, 0x00, 0x10, 0x00, 0x80, 0x05, 0xe2, 0x3a, 0x00, 0x20,
  0xc0, 0x01, 0x8d, 0x3a, 0x40, 0x01, 0x00, 0x00, 0x01, 0x00, 0x00, 0x20,
  0x00, 0x7d, 0x31, 0x00, 0x10, 0x20, 0x80, 0x05, 0xe2, 0x3a, 0x00, 0x20,
  0x80, 0x01, 0x8d, 0x3a, 0x40, 0x01, 0x00, 0x00, 0x01, 0x00, 0x00, 0x00,
  0x0c, 0x00, 0xa4, 0x2f, 0x20, 0x06, 0x00, 0x00, 0x00, 0x00, 0x00, 0x00,
  0x01, 0x20, 0x00, 0x20, 0x00, 0x31, 0x7d, 0x00, 0x01, 0x20, 0x00, 0x20,
  0x00, 0x31, 0x7d, 0x00, 0x10, 0x00, 0x81, 0x05, 0xe2, 0x3a, 0x00, 0x20,
  0xc0, 0x01, 0x8d, 0x3a, 0xc0, 0x00, 0x8d, 0x00, 0x01, 0x00, 0x00, 0x20,
  0x00, 0x7d, 0x31, 0x00, 0x01, 0x20, 0x14, 0x20, 0x00, 0x31, 0x7d, 0x00,
  0x01, 0x20, 0x14, 0x20, 0x00, 0x31, 0x7d, 0x00, 0x10, 0x20, 0x81, 0x05,
  0xe2, 0x3a, 0x00, 0x20, 0x80, 0x01, 0x8d, 0x3a, 0x00, 0x02, 0x8d, 0x00,
  0x01, 0x00, 0x00, 0x00, 0x0c, 0x00, 0xa4, 0x2f, 0x20, 0x06, 0x00, 0x00,
  0x00, 0x00, 0x00, 0x00, 0x01, 0x20, 0x00, 0x20, 0x00, 0x31, 0x7d, 0x00,
  0x01, 0x20, 0x00, 0x20, 0x00, 0x31, 0x7d, 0x00, 0x10, 0x00, 0x81, 0x05,
  0xe2, 0x3a, 0x00, 0x20, 0x40, 0x01, 0x00, 0x3a, 0xc0, 0x00, 0x8d, 0x00,
  0x01, 0x00, 0x00, 0x20, 0x00, 0x7d, 0x31, 0x00, 0x01, 0x20, 0x00, 0x20,
  0x00, 0x31, 0x7d, 0x00, 0x10, 0x20, 0x80, 0x05, 0xe2, 0x3a, 0x00, 0x20,
  0x40, 0x01, 0x00, 0x3a, 0x00, 0x02, 0x8d, 0x00, 0x02, 0x20, 0x81, 0x00,
  0x4a, 0x12, 0x80, 0x2f, 0xc0, 0x0f, 0x00, 0x16, 0x00, 0x00, 0x00, 0x00,
  0x01, 0x00, 0x00, 0x20, 0x00, 0x7d, 0x31, 0x00, 0x01, 0x20, 0x14, 0x20,
  0x00, 0x31, 0x7d, 0x00, 0x02, 0x20, 0x81, 0x00, 0x4a, 0x12, 0x60, 0x2f,
  0xc0, 0x0f, 0x00, 0x16, 0x00, 0x00, 0x00, 0x00, 0x01, 0x20, 0x00, 0x20,
  0x00, 0x31, 0x7d, 0x00, 0x05, 0x20, 0x80, 0x02, 0x42, 0x12, 0x00, 0x20,
  0x80, 0x0f, 0xb1, 0x12, 0x60, 0x0f, 0xb1, 0x00, 0x01, 0x00, 0x00, 0x20,
  0x00, 0x7d, 0x31, 0x00, 0x22, 0x00, 0xb1, 0x00, 0x02, 0x0e, 0x00, 0x20,
  0x18, 0x03, 0x00, 0x00, 0xb0, 0x02, 0x00, 0x00, 0x22, 0x00, 0xa1, 0x00,
  0x00, 0x0e, 0x00, 0x20, 0x80, 0x02, 0x00, 0x00, 0x80, 0x02, 0x00, 0x00,
  0x10, 0x00, 0x80, 0x05, 0xe2, 0x3a, 0x00, 0x20, 0x40, 0x01, 0x00, 0x3a,
  0xc0, 0x00, 0x8d, 0x00, 0x01, 0x00, 0x00, 0x00, 0x4c, 0x16, 0xc8, 0x2f,
  0x00, 0x00, 0x00, 0x00, 0x01, 0x00, 0x01, 0x00, 0x01, 0x00, 0x00, 0x20,
  0x00, 0x7e, 0x31, 0x00, 0x01, 0x20, 0x00, 0x20, 0x00, 0x31, 0x7e, 0x00,
  0x10, 0x20, 0x80, 0x05, 0xe2, 0x3a, 0x00, 0x20, 0x40, 0x01, 0x00, 0x3a,
  0x00, 0x02, 0x8d, 0x00, 0x01, 0x00, 0x00, 0x20, 0x00, 0x7e, 0x31, 0x00,
  0x01, 0x20, 0x00, 0x20, 0x00, 0x31, 0x7e, 0x00, 0x01, 0x20, 0x00, 0x20,
  0x00, 0x31, 0x7e, 0x00, 0x10, 0x00, 0x81, 0x03, 0xe2, 0x3a, 0x00, 0x20,
  0x40, 0x01, 0x00, 0x3e, 0x00, 0x00, 0x00, 0x00, 0x01, 0x00, 0x00, 0x20,
  0x00, 0x7e, 0x31, 0x00, 0x01, 0x20, 0x00, 0x20, 0x00, 0x31, 0x7e, 0x00,
  0x01, 0x20, 0x00, 0x20, 0x00, 0x31, 0x7e, 0x00, 0x10, 0x20, 0x81, 0x03,
  0xe2, 0x3a, 0x00, 0x20, 0x40, 0x01, 0x00, 0x3e, 0x00, 0x00, 0x00, 0x00,
  0x01, 0x00, 0x00, 0x20, 0x00, 0x7e, 0x31, 0x00, 0x10, 0x00, 0x80, 0x05,
  0xe6, 0x3a, 0x00, 0x20, 0x40, 0x01, 0x00, 0x3e, 0xd0, 0x0f, 0xc9, 0x40,
  0x01, 0x00, 0x00, 0x00, 0x0c, 0x00, 0xc4, 0x2f, 0x20, 0x06, 0x00, 0x00,
  0x00, 0x00, 0x00, 0x00, 0x01, 0x20, 0x14, 0x20, 0x00, 0x31, 0x7e, 0x00,
  0x10, 0x20, 0x80, 0x05, 0xe6, 0x3a, 0x00, 0x20, 0x40, 0x01, 0x00, 0x3e,
  0xd0, 0x0f, 0xc9, 0x40, 0x01, 0x00, 0x00, 0x00, 0x0c, 0x00, 0xc4, 0x2f,
  0x20, 0x06, 0x00, 0x00, 0x00, 0x00, 0x00, 0x00, 0x01, 0x20, 0x14, 0x20,
  0x00, 0x31, 0x7e, 0x00, 0x01, 0x20, 0x14, 0x20, 0x00, 0x31, 0x7e, 0x00,
  0x10, 0x00, 0x81, 0x05, 0xe2, 0x3a, 0x00, 0x20, 0xc0, 0x01, 0x8d, 0x3a,
  0x40, 0x01, 0x00, 0x00, 0x01, 0x00, 0x00, 0x00, 0x0c, 0x00, 0xc4, 0x2f,
  0x20, 0x06, 0x00, 0x00, 0x00, 0x00, 0x00, 0x00, 0x01, 0x20, 0x14, 0x20,
  0x00, 0x31, 0x7e, 0x00, 0x01, 0x20, 0x14, 0x20, 0x00, 0x31, 0x7e, 0x00,
  0x10, 0x20, 0x81, 0x05, 0xe2, 0x3a, 0x00, 0x20, 0x80, 0x01, 0x8d, 0x3a,
  0x40, 0x01, 0x00, 0x00, 0x01, 0x00, 0x00, 0x00, 0x0c, 0x00, 0xc4, 0x2f,
  0x20, 0x06, 0x00, 0x00, 0x00, 0x00, 0x00, 0x00, 0x01, 0x20, 0x00, 0x20,
  0x00, 0x31, 0x7e, 0x00, 0x02, 0x00, 0x81, 0x00, 0x4a, 0x12, 0xa0, 0x2f,
  0xc8, 0x0f, 0x00, 0x16, 0x00, 0x00, 0x00, 0x00, 0x01, 0x20, 0x14, 0x20,
  0x00, 0x31, 0x7e, 0x00, 0x02, 0x00, 0x81, 0x00, 0x4a, 0x12, 0x80, 0x2f,
  0xc8, 0x0f, 0x00, 0x16, 0x00, 0x00, 0x00, 0x00, 0x06, 0x00, 0x80, 0x02,
  0x42, 0x12, 0x00, 0x20, 0xa0, 0x0f, 0xb1, 0x12, 0x80, 0x0f, 0xb1, 0x00,
  0x01, 0x00, 0x00, 0x00, 0x0c, 0x00, 0xcc, 0x2f, 0x20, 0x06, 0x00, 0x00,
  0x00, 0x00, 0x00, 0x00, 0x01, 0x20, 0x00, 0x20, 0x00, 0x31, 0x7e, 0x00,
  0x02, 0x20, 0x81, 0x00, 0x4a, 0x12, 0x60, 0x2f, 0xc8, 0x0f, 0x00, 0x16,
  0x00, 0x00, 0x00, 0x00, 0x01, 0x20, 0x14, 0x20, 0x00, 0x31, 0x7e, 0x00,
  0x02, 0x20, 0x81, 0x00, 0x4a, 0x12, 0x40, 0x2f, 0xc8, 0x0f, 0x00, 0x16,
  0x00, 0x00, 0x00, 0x00, 0x01, 0x20, 0x1c, 0x20, 0x00, 0x31, 0x7e, 0x00,
  0x06, 0x20, 0x80, 0x02, 0x42, 0x12, 0x00, 0x20, 0x60, 0x0f, 0xb1, 0x12,
  0x40, 0x0f, 0xb1, 0x00, 0x01, 0x00, 0x00, 0x00, 0x0c, 0x00, 0xcc, 0x2f,
  0x20, 0x06, 0x00, 0x00, 0x00, 0x00, 0x00, 0x00, 0x22, 0x00, 0xa1, 0x00,
  0x02, 0x0e, 0x00, 0x20, 0x78, 0x00, 0x00, 0x00, 0x78, 0x00, 0x00, 0x00,
  0x01, 0x40, 0x18, 0x20, 0x00, 0x7e, 0x08, 0x00, 0x40, 0x00, 0x00, 0x00,
  0x2c, 0x0a, 0x80, 0x2f, 0x08, 0x01, 0x00, 0x0a, 0x50, 0x03, 0x00, 0x00,
  0x31, 0x00, 0x00, 0x0a, 0x0c, 0x02, 0xa0, 0x2f, 0xc0, 0x0f, 0x00, 0x06,
  0xfe, 0x08, 0x11, 0x02, 0x31, 0x00, 0x00, 0x0a, 0x0c, 0x02, 0x60, 0x2f,
  0x80, 0x0f, 0x00, 0x06, 0xfe, 0x08, 0x11, 0x02, 0x40, 0x56, 0x02, 0x20,
  0x07, 0x74, 0x74, 0x7d, 0x40, 0x20, 0x80, 0x00, 0xe8, 0x3a, 0x40, 0x22,
  0x40, 0x02, 0x8d, 0x3a, 0xa0, 0x0f, 0x00, 0x00, 0x40, 0x56, 0x02, 0x20,
  0x07, 0x20, 0x20, 0x7b, 0x40, 0x20, 0x80, 0x00, 0xe8, 0x3a, 0x80, 0x22,
  0x80, 0x02, 0x8d, 0x3a, 0x60, 0x0f, 0x00, 0x00, 0x25, 0x00, 0xa0, 0x00,
  0x00, 0x00, 0x00, 0x20, 0x00, 0x00, 0x00, 0x0e, 0x10, 0x00, 0x00, 0x00,
  0x25, 0x00, 0xa0, 0x00, 0x00, 0x00, 0x00, 0x20, 0x00, 0x00, 0x00, 0x0e,
  0x10, 0x00, 0x00, 0x00, 0x24, 0x00, 0xa0, 0x00, 0x00, 0x0e, 0x00, 0x20,
  0x78, 0x00, 0x00, 0x00, 0x78, 0x00, 0x00, 0x00, 0x01, 0x40, 0x18, 0x20,
  0x00, 0x7e, 0x08, 0x00, 0x40, 0x00, 0x00, 0x00, 0x2c, 0x0a, 0x80, 0x2f,
  0x08, 0x01, 0x00, 0x0a, 0x54, 0x03, 0x00, 0x00, 0x31, 0x00, 0x00, 0x0a,
  0x0c, 0x02, 0xa0, 0x2f, 0xc0, 0x0f, 0x00, 0x06, 0xfe, 0x08, 0x11, 0x02,
  0x31, 0x00, 0x00, 0x0a, 0x0c, 0x02, 0x60, 0x2f, 0x80, 0x0f, 0x00, 0x06,
  0xfe, 0x08, 0x11, 0x02, 0x40, 0x56, 0x02, 0x20, 0x07, 0x74, 0x74, 0x7d,
  0x40, 0x20, 0x80, 0x00, 0xe8, 0x3a, 0x40, 0x22, 0x40, 0x02, 0x8d, 0x3a,
  0xa0, 0x0f, 0x00, 0x00, 0x40, 0x56, 0x02, 0x20, 0x07, 0x20, 0x20, 0x7b,
  0x40, 0x20, 0x80, 0x00, 0xe8, 0x3a, 0x80, 0x22, 0x80, 0x02, 0x8d, 0x3a,
  0x60, 0x0f, 0x00, 0x00, 0x25, 0x00, 0xa0, 0x00, 0x00, 0x00, 0x00, 0x20,
  0x00, 0x00, 0x00, 0x0e, 0x10, 0x00, 0x00, 0x00, 0x06, 0x00, 0x00, 0x00,
  0x2c, 0x0a, 0xc0, 0x2f, 0x04, 0x01, 0x00, 0x1e, 0x01, 0x00, 0x01, 0x00,
  0x09, 0x00, 0x00, 0x00, 0x2c, 0x0a, 0x08, 0x21, 0xc0, 0x0f, 0x00, 0x1e,
  0x02, 0x00, 0x02, 0x00, 0x01, 0x00, 0x00, 0x00, 0x4c, 0x16, 0xc0, 0x2f,
  0x00, 0x00, 0x00, 0x00, 0x01, 0x00, 0x01, 0x00, 0x40, 0x00, 0x00, 0x00,
  0x2c, 0x0a, 0xa0, 0x2f, 0x08, 0x01, 0x00, 0x0a, 0x0c, 0x01, 0x00, 0x00,
  0x31, 0x00, 0x00, 0x0a, 0x0c, 0x02, 0x40, 0x21, 0xa0, 0x0f, 0x00, 0x06,
  0xfe, 0x08, 0x11, 0x02, 0x10, 0x00, 0x80, 0x05, 0xe2, 0x3a, 0x00, 0x20,
  0xc0, 0x01, 0x8d, 0x3a, 0x40, 0x01, 0x00, 0x00, 0x01, 0x00, 0x00, 0x20,
  0x00, 0x7c, 0x31, 0x00, 0x10, 0x20, 0x80, 0x05, 0xe2, 0x3a, 0x00, 0x20,
  0x80, 0x01, 0x8d, 0x3a, 0x40, 0x01, 0x00, 0x00, 0x01, 0x00, 0x00, 0x00,
  0x0c, 0x00, 0x84, 0x2f, 0x20, 0x06, 0x00, 0x00, 0x00, 0x00, 0x00, 0x00,
  0x01, 0x20, 0x00, 0x20, 0x00, 0x31, 0x7c, 0x00, 0x01, 0x20, 0x00, 0x20,
  0x00, 0x31, 0x7c, 0x00, 0x10, 0x00, 0x81, 0x05, 0xe2, 0x3a, 0x00, 0x20,
  0xc0, 0x01, 0x8d, 0x3a, 0xc0, 0x00, 0x8d, 0x00, 0x01, 0x00, 0x00, 0x20,
  0x00, 0x7c, 0x31, 0x00, 0x01, 0x20, 0x14, 0x20, 0x00, 0x31, 0x7c, 0x00,
  0x01, 0x20, 0x14, 0x20, 0x00, 0x31, 0x7c, 0x00, 0x10, 0x20, 0x81, 0x05,
  0xe2, 0x3a, 0x00, 0x20, 0x80, 0x01, 0x8d, 0x3a, 0x00, 0x02, 0x8d, 0x00,
  0x01, 0x00, 0x00, 0x00, 0x0c, 0x00, 0x84, 0x2f, 0x20, 0x06, 0x00, 0x00,
  0x00, 0x00, 0x00, 0x00, 0x01, 0x20, 0x00, 0x20, 0x00, 0x31, 0x7c, 0x00,
  0x01, 0x20, 0x00, 0x20, 0x00, 0x31, 0x7c, 0x00, 0x10, 0x00, 0x81, 0x05,
  0xe2, 0x3a, 0x00, 0x20, 0x40, 0x01, 0x00, 0x3a, 0xc0, 0x00, 0x8d, 0x00,
  0x01, 0x00, 0x00, 0x20, 0x00, 0x7c, 0x31, 0x00, 0x01, 0x20, 0x00, 0x20,
  0x00, 0x31, 0x7c, 0x00, 0x10, 0x20, 0x80, 0x05, 0xe2, 0x3a, 0x00, 0x20,
  0x40, 0x01, 0x00, 0x3a, 0x00, 0x02, 0x8d, 0x00, 0x02, 0x20, 0x81, 0x00,
  0x4a, 0x12, 0xa0, 0x2f, 0xc0, 0x0f, 0x00, 0x16, 0x00, 0x00, 0x00, 0x00,
  0x01, 0x00, 0x00, 0x20, 0x00, 0x7c, 0x31, 0x00, 0x01, 0x20, 0x14, 0x20,
  0x00, 0x31, 0x7c, 0x00, 0x02, 0x20, 0x81, 0x00, 0x4a, 0x12, 0x60, 0x2f,
  0xc0, 0x0f, 0x00, 0x16, 0x00, 0x00, 0x00, 0x00, 0x01, 0x20, 0x00, 0x20,
  0x00, 0x31, 0x7c, 0x00, 0x05, 0x20, 0x80, 0x02, 0x42, 0x12, 0x00, 0x20,
  0xa0, 0x0f, 0xb1, 0x12, 0x60, 0x0f, 0xb1, 0x00, 0x01, 0x00, 0x00, 0x20,
  0x00, 0x7c, 0x31, 0x00, 0x22, 0x00, 0xb1, 0x00, 0x02, 0x0e, 0x00, 0x20,
  0x18, 0x03, 0x00, 0x00, 0xb0, 0x02, 0x00, 0x00, 0x22, 0x00, 0xa1, 0x00,
  0x00, 0x0e, 0x00, 0x20, 0x80, 0x02, 0x00, 0x00, 0x80, 0x02, 0x00, 0x00,
  0x10, 0x00, 0x80, 0x05, 0xe2, 0x3a, 0x00, 0x20, 0x40, 0x01, 0x00, 0x3a,
  0xc0, 0x00, 0x8d, 0x00, 0x01, 0x00, 0x00, 0x00, 0x4c, 0x16, 0xc8, 0x2f,
  0x00, 0x00, 0x00, 0x00, 0x01, 0x00, 0x01, 0x00, 0x01, 0x00, 0x00, 0x20,
  0x00, 0x7e, 0x31, 0x00, 0x01, 0x20, 0x00, 0x20, 0x00, 0x31, 0x7e, 0x00,
  0x10, 0x20, 0x80, 0x05, 0xe2, 0x3a, 0x00, 0x20, 0x40, 0x01, 0x00, 0x3a,
  0x00, 0x02, 0x8d, 0x00, 0x01, 0x00, 0x00, 0x20, 0x00, 0x7e, 0x31, 0x00,
  0x01, 0x20, 0x00, 0x20, 0x00, 0x31, 0x7e, 0x00, 0x01, 0x20, 0x00, 0x20,
  0x00, 0x31, 0x7e, 0x00, 0x10, 0x00, 0x81, 0x03, 0xe2, 0x3a, 0x00, 0x20,
  0x40, 0x01, 0x00, 0x3e, 0x00, 0x00, 0x00, 0x00, 0x01, 0x00, 0x00, 0x20,
  0x00, 0x7e, 0x31, 0x00, 0x01, 0x20, 0x00, 0x20, 0x00, 0x31, 0x7e, 0x00,
  0x01, 0x20, 0x00, 0x20, 0x00, 0x31, 0x7e, 0x00, 0x10, 0x20, 0x81, 0x03,
  0xe2, 0x3a, 0x00, 0x20, 0x40, 0x01, 0x00, 0x3e, 0x00, 0x00, 0x00, 0x00,
  0x01, 0x00, 0x00, 0x20, 0x00, 0x7e, 0x31, 0x00, 0x10, 0x00, 0x80, 0x05,
  0xe6, 0x3a, 0x00, 0x20, 0x40, 0x01, 0x00, 0x3e, 0xd0, 0x0f, 0xc9, 0x40,
  0x01, 0x00, 0x00, 0x00, 0x0c, 0x00, 0xc4, 0x2f, 0x20, 0x06, 0x00, 0x00,
  0x00, 0x00, 0x00, 0x00, 0x01, 0x20, 0x14, 0x20, 0x00, 0x31, 0x7e, 0x00,
  0x10, 0x20, 0x80, 0x05, 0xe6, 0x3a, 0x00, 0x20, 0x40, 0x01, 0x00, 0x3e,
  0xd0, 0x0f, 0xc9, 0x40, 0x01, 0x00, 0x00, 0x00, 0x0c, 0x00, 0xc4, 0x2f,
  0x20, 0x06, 0x00, 0x00, 0x00, 0x00, 0x00, 0x00, 0x01, 0x20, 0x14, 0x20,
  0x00, 0x31, 0x7e, 0x00, 0x01, 0x20, 0x14, 0x20, 0x00, 0x31, 0x7e, 0x00,
  0x10, 0x00, 0x81, 0x05, 0xe2, 0x3a, 0x00, 0x20, 0xc0, 0x01, 0x8d, 0x3a,
  0x40, 0x01, 0x00, 0x00, 0x01, 0x00, 0x00, 0x00, 0x0c, 0x00, 0xc4, 0x2f,
  0x20, 0x06, 0x00, 0x00, 0x00, 0x00, 0x00, 0x00, 0x01, 0x20, 0x14, 0x20,
  0x00, 0x31, 0x7e, 0x00, 0x01, 0x20, 0x14, 0x20, 0x00, 0x31, 0x7e, 0x00,
  0x10, 0x20, 0x81, 0x05, 0xe2, 0x3a, 0x00, 0x20, 0x80, 0x01, 0x8d, 0x3a,
  0x40, 0x01, 0x00, 0x00, 0x01, 0x00, 0x00, 0x00, 0x0c, 0x00, 0xc4, 0x2f,
  0x20, 0x06, 0x00, 0x00, 0x00, 0x00, 0x00, 0x00, 0x01, 0x20, 0x00, 0x20,
  0x00, 0x31, 0x7e, 0x00, 0x02, 0x00, 0x81, 0x00, 0x4a, 0x12, 0xa0, 0x2f,
  0xc8, 0x0f, 0x00, 0x16, 0x00, 0x00, 0x00, 0x00, 0x01, 0x20, 0x14, 0x20,
  0x00, 0x31, 0x7e, 0x00, 0x02, 0x00, 0x81, 0x00, 0x4a, 0x12, 0x80, 0x2f,
  0xc8, 0x0f, 0x00, 0x16, 0x00, 0x00, 0x00, 0x00, 0x06, 0x00, 0x80, 0x02,
  0x42, 0x12, 0x00, 0x20, 0xa0, 0x0f, 0xb1, 0x12, 0x80, 0x0f, 0xb1, 0x00,
  0x01, 0x00, 0x00, 0x00, 0x0c, 0x00, 0xcc, 0x2f, 0x20, 0x06, 0x00, 0x00,
  0x00, 0x00, 0x00, 0x00, 0x01, 0x20, 0x00, 0x20, 0x00, 0x31, 0x7e, 0x00,
  0x02, 0x20, 0x81, 0x00, 0x4a, 0x12, 0x60, 0x2f, 0xc8, 0x0f, 0x00, 0x16,
  0x00, 0x00, 0x00, 0x00, 0x01, 0x20, 0x14, 0x20, 0x00, 0x31, 0x7e, 0x00,
  0x02, 0x20, 0x81, 0x00, 0x4a, 0x12, 0x40, 0x2f, 0xc8, 0x0f, 0x00, 0x16,
  0x00, 0x00, 0x00, 0x00, 0x01, 0x20, 0x1c, 0x20, 0x00, 0x31, 0x7e, 0x00,
  0x06, 0x20, 0x80, 0x02, 0x42, 0x12, 0x00, 0x20, 0x60, 0x0f, 0xb1, 0x12,
  0x40, 0x0f, 0xb1, 0x00, 0x01, 0x00, 0x00, 0x00, 0x0c, 0x00, 0xcc, 0x2f,
  0x20, 0x06, 0x00, 0x00, 0x00, 0x00, 0x00, 0x00, 0x22, 0x00, 0xa1, 0x00,
  0x02, 0x0e, 0x00, 0x20, 0x78, 0x00, 0x00, 0x00, 0x78, 0x00, 0x00, 0x00,
  0x01, 0x40, 0x18, 0x20, 0x00, 0x7e, 0x08, 0x00, 0x40, 0x00, 0x00, 0x00,
  0x2c, 0x0a, 0x80, 0x2f, 0x08, 0x01, 0x00, 0x0a, 0x58, 0x03, 0x00, 0x00,
  0x31, 0x00, 0x00, 0x0a, 0x0c, 0x02, 0xa0, 0x2f, 0xc0, 0x0f, 0x00, 0x06,
  0xfe, 0x08, 0x11, 0x02, 0x31, 0x00, 0x00, 0x0a, 0x0c, 0x02, 0x60, 0x2f,
  0x80, 0x0f, 0x00, 0x06, 0xfe, 0x08, 0x11, 0x02, 0x40, 0x56, 0x02, 0x20,
  0x07, 0x74, 0x74, 0x7d, 0x40, 0x20, 0x80, 0x00, 0xe8, 0x3a, 0x40, 0x22,
  0x40, 0x02, 0x8d, 0x3a, 0xa0, 0x0f, 0x00, 0x00, 0x40, 0x56, 0x02, 0x20,
  0x07, 0x20, 0x20, 0x7b, 0x40, 0x20, 0x80, 0x00, 0xe8, 0x3a, 0x80, 0x22,
  0x80, 0x02, 0x8d, 0x3a, 0x60, 0x0f, 0x00, 0x00, 0x25, 0x00, 0xa0, 0x00,
  0x00, 0x00, 0x00, 0x20, 0x00, 0x00, 0x00, 0x0e, 0x10, 0x00, 0x00, 0x00,
  0x25, 0x00, 0xa0, 0x00, 0x00, 0x00, 0x00, 0x20, 0x00, 0x00, 0x00, 0x0e,
  0x10, 0x00, 0x00, 0x00, 0x24, 0x00, 0xa0, 0x00, 0x00, 0x0e, 0x00, 0x20,
  0x78, 0x00, 0x00, 0x00, 0x78, 0x00, 0x00, 0x00, 0x01, 0x40, 0x18, 0x20,
  0x00, 0x7e, 0x08, 0x00, 0x40, 0x00, 0x00, 0x00, 0x2c, 0x0a, 0x80, 0x2f,
  0x08, 0x01, 0x00, 0x0a, 0x5c, 0x03, 0x00, 0x00, 0x31, 0x00, 0x00, 0x0a,
  0x0c, 0x02, 0xa0, 0x2f, 0xc0, 0x0f, 0x00, 0x06, 0xfe, 0x08, 0x11, 0x02,
  0x31, 0x00, 0x00, 0x0a, 0x0c, 0x02, 0x60, 0x2f, 0x80, 0x0f, 0x00, 0x06,
  0xfe, 0x08, 0x11, 0x02, 0x40, 0x56, 0x02, 0x20, 0x07, 0x74, 0x74, 0x7d,
  0x40, 0x20, 0x80, 0x00, 0xe8, 0x3a, 0x40, 0x22, 0x40, 0x02, 0x8d, 0x3a,
  0xa0, 0x0f, 0x00, 0x00, 0x40, 0x56, 0x02, 0x20, 0x07, 0x20, 0x20, 0x7b,
  0x40, 0x20, 0x80, 0x00, 0xe8, 0x3a, 0x80, 0x22, 0x80, 0x02, 0x8d, 0x3a,
  0x60, 0x0f, 0x00, 0x00, 0x25, 0x00, 0xa0, 0x00, 0x00, 0x00, 0x00, 0x20,
  0x00, 0x00, 0x00, 0x0e, 0x10, 0x00, 0x00, 0x00, 0x06, 0x00, 0x00, 0x00,
  0x2c, 0x0a, 0xc0, 0x2f, 0x04, 0x01, 0x00, 0x1e, 0x02, 0x00, 0x02, 0x00,
  0x09, 0x00, 0x00, 0x00, 0x2c, 0x0a, 0x08, 0x21, 0xc0, 0x0f, 0x00, 0x1e,
  0x02, 0x00, 0x02, 0x00, 0x01, 0x00, 0x00, 0x00, 0x4c, 0x16, 0xc0, 0x2f,
  0x00, 0x00, 0x00, 0x00, 0x01, 0x00, 0x01, 0x00, 0x40, 0x00, 0x00, 0x00,
  0x2c, 0x0a, 0xa0, 0x2f, 0x08, 0x01, 0x00, 0x0a, 0x0c, 0x01, 0x00, 0x00,
  0x31, 0x00, 0x00, 0x0a, 0x0c, 0x02, 0x40, 0x21, 0xa0, 0x0f, 0x00, 0x06,
  0xfe, 0x08, 0x11, 0x02, 0x10, 0x00, 0x80, 0x05, 0xe2, 0x3a, 0x00, 0x20,
  0xc0, 0x01, 0x8d, 0x3a, 0x40, 0x01, 0x00, 0x00, 0x01, 0x00, 0x00, 0x20,
  0x00, 0x7c, 0x31, 0x00, 0x10, 0x20, 0x80, 0x05, 0xe2, 0x3a, 0x00, 0x20,
  0x80, 0x01, 0x8d, 0x3a, 0x40, 0x01, 0x00, 0x00, 0x01, 0x00, 0x00, 0x00,
  0x0c, 0x00, 0x84, 0x2f, 0x20, 0x06, 0x00, 0x00, 0x00, 0x00, 0x00, 0x00,
  0x01, 0x20, 0x00, 0x20, 0x00, 0x31, 0x7c, 0x00, 0x01, 0x20, 0x00, 0x20,
  0x00, 0x31, 0x7c, 0x00, 0x10, 0x00, 0x81, 0x05, 0xe2, 0x3a, 0x00, 0x20,
  0xc0, 0x01, 0x8d, 0x3a, 0xc0, 0x00, 0x8d, 0x00, 0x01, 0x00, 0x00, 0x20,
  0x00, 0x7c, 0x31, 0x00, 0x01, 0x20, 0x14, 0x20, 0x00, 0x31, 0x7c, 0x00,
  0x01, 0x20, 0x14, 0x20, 0x00, 0x31, 0x7c, 0x00, 0x10, 0x20, 0x81, 0x05,
  0xe2, 0x3a, 0x00, 0x20, 0x80, 0x01, 0x8d, 0x3a, 0x00, 0x02, 0x8d, 0x00,
  0x01, 0x00, 0x00, 0x00, 0x0c, 0x00, 0x84, 0x2f, 0x20, 0x06, 0x00, 0x00,
  0x00, 0x00, 0x00, 0x00, 0x01, 0x20, 0x00, 0x20, 0x00, 0x31, 0x7c, 0x00,
  0x01, 0x20, 0x00, 0x20, 0x00, 0x31, 0x7c, 0x00, 0x10, 0x00, 0x81, 0x05,
  0xe2, 0x3a, 0x00, 0x20, 0x40, 0x01, 0x00, 0x3a, 0xc0, 0x00, 0x8d, 0x00,
  0x01, 0x00, 0x00, 0x20, 0x00, 0x7c, 0x31, 0x00, 0x01, 0x20, 0x00, 0x20,
  0x00, 0x31, 0x7c, 0x00, 0x10, 0x20, 0x80, 0x05, 0xe2, 0x3a, 0x00, 0x20,
  0x40, 0x01, 0x00, 0x3a, 0x00, 0x02, 0x8d, 0x00, 0x02, 0x20, 0x81, 0x00,
  0x4a, 0x12, 0xa0, 0x2f, 0xc0, 0x0f, 0x00, 0x16, 0x00, 0x00, 0x00, 0x00,
  0x01, 0x00, 0x00, 0x20, 0x00, 0x7c, 0x31, 0x00, 0x01, 0x20, 0x14, 0x20,
  0x00, 0x31, 0x7c, 0x00, 0x02, 0x20, 0x81, 0x00, 0x4a, 0x12, 0x60, 0x2f,
  0xc0, 0x0f, 0x00, 0x16, 0x00, 0x00, 0x00, 0x00, 0x01, 0x20, 0x00, 0x20,
  0x00, 0x31, 0x7c, 0x00, 0x05, 0x20, 0x80, 0x02, 0x42, 0x12, 0x00, 0x20,
  0xa0, 0x0f, 0xb1, 0x12, 0x60, 0x0f, 0xb1, 0x00, 0x01, 0x00, 0x00, 0x20,
  0x00, 0x7c, 0x31, 0x00, 0x22, 0x00, 0xb1, 0x00, 0x02, 0x0e, 0x00, 0x20,
  0x10, 0x03, 0x00, 0x00, 0xa8, 0x02, 0x00, 0x00, 0x22, 0x00, 0xa1, 0x00,
  0x00, 0x0e, 0x00, 0x20, 0x78, 0x02, 0x00, 0x00, 0x78, 0x02, 0x00, 0x00,
  0x10, 0x00, 0x80, 0x05, 0xe2, 0x3a, 0x00, 0x20, 0x40, 0x01, 0x00, 0x3a,
  0xc0, 0x00, 0x8d, 0x00, 0x01, 0x00, 0x00, 0x00, 0x4c, 0x16, 0xc8, 0x2f,
  0x00, 0x00, 0x00, 0x00, 0x01, 0x00, 0x01, 0x00, 0x01, 0x00, 0x00, 0x20,
  0x00, 0x7e, 0x31, 0x00, 0x01, 0x20, 0x00, 0x20, 0x00, 0x31, 0x7e, 0x00,
  0x10, 0x20, 0x80, 0x05, 0xe2, 0x3a, 0x00, 0x20, 0x40, 0x01, 0x00, 0x3a,
  0x00, 0x02, 0x8d, 0x00, 0x01, 0x00, 0x00, 0x20, 0x00, 0x7e, 0x31, 0x00,
  0x01, 0x20, 0x00, 0x20, 0x00, 0x31, 0x7e, 0x00, 0x01, 0x20, 0x00, 0x20,
  0x00, 0x31, 0x7e, 0x00, 0x10, 0x00, 0x81, 0x03, 0xe2, 0x3a, 0x00, 0x20,
  0x40, 0x01, 0x00, 0x3e, 0x00, 0x00, 0x00, 0x00, 0x01, 0x00, 0x00, 0x20,
  0x00, 0x7e, 0x31, 0x00, 0x01, 0x20, 0x00, 0x20, 0x00, 0x31, 0x7e, 0x00,
  0x01, 0x20, 0x00, 0x20, 0x00, 0x31, 0x7e, 0x00, 0x10, 0x20, 0x81, 0x03,
  0xe2, 0x3a, 0x00, 0x20, 0x40, 0x01, 0x00, 0x3e, 0x00, 0x00, 0x00, 0x00,
  0x01, 0x00, 0x00, 0x20, 0x00, 0x7e, 0x31, 0x00, 0x10, 0x00, 0x80, 0x05,
  0xe6, 0x3a, 0x00, 0x20, 0x40, 0x01, 0x00, 0x3e, 0xd0, 0x0f, 0xc9, 0x40,
  0x01, 0x00, 0x00, 0x00, 0x0c, 0x00, 0xc4, 0x2f, 0x20, 0x06, 0x00, 0x00,
  0x00, 0x00, 0x00, 0x00, 0x01, 0x20, 0x14, 0x20, 0x00, 0x31, 0x7e, 0x00,
  0x10, 0x20, 0x80, 0x05, 0xe6, 0x3a, 0x00, 0x20, 0x40, 0x01, 0x00, 0x3e,
  0xd0, 0x0f, 0xc9, 0x40, 0x01, 0x00, 0x00, 0x00, 0x0c, 0x00, 0xc4, 0x2f,
  0x20, 0x06, 0x00, 0x00, 0x00, 0x00, 0x00, 0x00, 0x01, 0x20, 0x14, 0x20,
  0x00, 0x31, 0x7e, 0x00, 0x01, 0x20, 0x14, 0x20, 0x00, 0x31, 0x7e, 0x00,
  0x10, 0x00, 0x81, 0x05, 0xe2, 0x3a, 0x00, 0x20, 0xc0, 0x01, 0x8d, 0x3a,
  0x40, 0x01, 0x00, 0x00, 0x01, 0x00, 0x00, 0x00, 0x0c, 0x00, 0xc4, 0x2f,
  0x20, 0x06, 0x00, 0x00, 0x00, 0x00, 0x00, 0x00, 0x01, 0x20, 0x14, 0x20,
  0x00, 0x31, 0x7e, 0x00, 0x01, 0x20, 0x14, 0x20, 0x00, 0x31, 0x7e, 0x00,
  0x10, 0x20, 0x81, 0x05, 0xe2, 0x3a, 0x00, 0x20, 0x80, 0x01, 0x8d, 0x3a,
  0x40, 0x01, 0x00, 0x00, 0x01, 0x00, 0x00, 0x00, 0x0c, 0x00, 0xc4, 0x2f,
  0x20, 0x06, 0x00, 0x00, 0x00, 0x00, 0x00, 0x00, 0x01, 0x20, 0x00, 0x20,
  0x00, 0x31, 0x7e, 0x00, 0x02, 0x00, 0x81, 0x00, 0x4a, 0x12, 0xa0, 0x2f,
  0xc8, 0x0f, 0x00, 0x16, 0x00, 0x00, 0x00, 0x00, 0x01, 0x20, 0x14, 0x20,
  0x00, 0x31, 0x7e, 0x00, 0x02, 0x00, 0x81, 0x00, 0x4a, 0x12, 0x80, 0x2f,
  0xc8, 0x0f, 0x00, 0x16, 0x00, 0x00, 0x00, 0x00, 0x06, 0x00, 0x80, 0x02,
  0x42, 0x12, 0x00, 0x20, 0xa0, 0x0f, 0xb1, 0x12, 0x80, 0x0f, 0xb1, 0x00,
  0x01, 0x00, 0x00, 0x00, 0x0c, 0x00, 0xcc, 0x2f, 0x20, 0x06, 0x00, 0x00,
  0x00, 0x00, 0x00, 0x00, 0x01, 0x20, 0x00, 0x20, 0x00, 0x31, 0x7e, 0x00,
  0x02, 0x20, 0x81, 0x00, 0x4a, 0x12, 0x60, 0x2f, 0xc8, 0x0f, 0x00, 0x16,
  0x00, 0x00, 0x00, 0x00, 0x01, 0x20, 0x14, 0x20, 0x00, 0x31, 0x7e, 0x00,
  0x02, 0x20, 0x81, 0x00, 0x4a, 0x12, 0x40, 0x2f, 0xc8, 0x0f, 0x00, 0x16,
  0x00, 0x00, 0x00, 0x00, 0x01, 0x20, 0x1c, 0x20, 0x00, 0x31, 0x7e, 0x00,
  0x06, 0x20, 0x80, 0x02, 0x42, 0x12, 0x00, 0x20, 0x60, 0x0f, 0xb1, 0x12,
  0x40, 0x0f, 0xb1, 0x00, 0x01, 0x00, 0x00, 0x00, 0x0c, 0x00, 0xcc, 0x2f,
  0x20, 0x06, 0x00, 0x00, 0x00, 0x00, 0x00, 0x00, 0x22, 0x00, 0xa1, 0x00,
  0x02, 0x0e, 0x00, 0x20, 0x70, 0x00, 0x00, 0x00, 0x70, 0x00, 0x00, 0x00,
  0x01, 0x40, 0x18, 0x20, 0x00, 0x7e, 0x08, 0x00, 0x40, 0x80, 0x19, 0x20,
  0x00, 0x7c, 0x08, 0x1a, 0x31, 0x00, 0x00, 0x0a, 0x0c, 0x02, 0xa0, 0x2f,
  0xc0, 0x0f, 0x00, 0x06, 0xfe, 0x08, 0x11, 0x02, 0x31, 0x00, 0x00, 0x0a,
  0x0c, 0x02, 0x60, 0x2f, 0x80, 0x0f, 0x00, 0x06, 0xfe, 0x08, 0x11, 0x02,
  0x40, 0x56, 0x02, 0x20, 0x07, 0x74, 0x74, 0x7d, 0x40, 0x20, 0x80, 0x00,
  0xe8, 0x3a, 0x40, 0x22, 0x40, 0x02, 0x8d, 0x3a, 0xa0, 0x0f, 0x00, 0x00,
  0x40, 0x56, 0x02, 0x20, 0x07, 0x20, 0x20, 0x7b, 0x40, 0x20, 0x80, 0x00,
  0xe8, 0x3a, 0x80, 0x22, 0x80, 0x02, 0x8d, 0x3a, 0x60, 0x0f, 0x00, 0x00,
  0x25, 0x00, 0xa0, 0x00, 0x00, 0x00, 0x00, 0x20, 0x00, 0x00, 0x00, 0x0e,
  0x10, 0x00, 0x00, 0x00, 0x25, 0x00, 0xa0, 0x00, 0x00, 0x00, 0x00, 0x20,
  0x00, 0x00, 0x00, 0x0e, 0x10, 0x00, 0x00, 0x00, 0x24, 0x00, 0xa0, 0x00,
  0x00, 0x0e, 0x00, 0x20, 0x78, 0x00, 0x00, 0x00, 0x78, 0x00, 0x00, 0x00,
  0x01, 0x40, 0x18, 0x20, 0x00, 0x7e, 0x08, 0x00, 0x40, 0x00, 0x00, 0x00,
  0x2c, 0x0a, 0x80, 0x2f, 0x08, 0x01, 0x00, 0x0a, 0x44, 0x03, 0x00, 0x00,
  0x31, 0x00, 0x00, 0x0a, 0x0c, 0x02, 0xa0, 0x2f, 0xc0, 0x0f, 0x00, 0x06,
  0xfe, 0x08, 0x11, 0x02, 0x31, 0x00, 0x00, 0x0a, 0x0c, 0x02, 0x60, 0x2f,
  0x80, 0x0f, 0x00, 0x06, 0xfe, 0x08, 0x11, 0x02, 0x40, 0x56, 0x02, 0x20,
  0x07, 0x74, 0x74, 0x7d, 0x40, 0x20, 0x80, 0x00, 0xe8, 0x3a, 0x40, 0x22,
  0x40, 0x02, 0x8d, 0x3a, 0xa0, 0x0f, 0x00, 0x00, 0x40, 0x56, 0x02, 0x20,
  0x07, 0x20, 0x20, 0x7b, 0x40, 0x20, 0x80, 0x00, 0xe8, 0x3a, 0x80, 0x22,
  0x80, 0x02, 0x8d, 0x3a, 0x60, 0x0f, 0x00, 0x00, 0x25, 0x00, 0xa0, 0x00,
  0x00, 0x00, 0x00, 0x20, 0x00, 0x00, 0x00, 0x0e, 0x10, 0x00, 0x00, 0x00,
  0x06, 0x00, 0x00, 0x00, 0x2c, 0x0a, 0xc0, 0x2f, 0x04, 0x01, 0x00, 0x1e,
  0x03, 0x00, 0x03, 0x00, 0x09, 0x00, 0x00, 0x00, 0x2c, 0x0a, 0x08, 0x21,
  0xc0, 0x0f, 0x00, 0x1e, 0x02, 0x00, 0x02, 0x00, 0x01, 0x00, 0x00, 0x00,
  0x4c, 0x16, 0xc0, 0x2f, 0x00, 0x00, 0x00, 0x00, 0x01, 0x00, 0x01, 0x00,
  0x40, 0x00, 0x00, 0x00, 0x2c, 0x0a, 0xa0, 0x2f, 0x08, 0x01, 0x00, 0x0a,
  0x0c, 0x01, 0x00, 0x00, 0x31, 0x00, 0x00, 0x0a, 0x0c, 0x02, 0x40, 0x21,
  0xa0, 0x0f, 0x00, 0x06, 0xfe, 0x08, 0x11, 0x02, 0x10, 0x00, 0x80, 0x05,
  0xe2, 0x3a, 0x00, 0x20, 0xc0, 0x01, 0x8d, 0x3a, 0x40, 0x01, 0x00, 0x00,
  0x01, 0x00, 0x00, 0x20, 0x00, 0x7c, 0x31, 0x00, 0x10, 0x20, 0x80, 0x05,
  0xe2, 0x3a, 0x00, 0x20, 0x80, 0x01, 0x8d, 0x3a, 0x40, 0x01, 0x00, 0x00,
  0x01, 0x00, 0x00, 0x00, 0x0c, 0x00, 0x84, 0x2f, 0x20, 0x06, 0x00, 0x00,
  0x00, 0x00, 0x00, 0x00, 0x01, 0x20, 0x00, 0x20, 0x00, 0x31, 0x7c, 0x00,
  0x01, 0x20, 0x00, 0x20, 0x00, 0x31, 0x7c, 0x00, 0x10, 0x00, 0x81, 0x05,
  0xe2, 0x3a, 0x00, 0x20, 0xc0, 0x01, 0x8d, 0x3a, 0xc0, 0x00, 0x8d, 0x00,
  0x01, 0x00, 0x00, 0x20, 0x00, 0x7c, 0x31, 0x00, 0x01, 0x20, 0x14, 0x20,
  0x00, 0x31, 0x7c, 0x00, 0x01, 0x20, 0x14, 0x20, 0x00, 0x31, 0x7c, 0x00,
  0x10, 0x20, 0x81, 0x05, 0xe2, 0x3a, 0x00, 0x20, 0x80, 0x01, 0x8d, 0x3a,
  0x00, 0x02, 0x8d, 0x00, 0x01, 0x00, 0x00, 0x00, 0x0c, 0x00, 0x84, 0x2f,
  0x20, 0x06, 0x00, 0x00, 0x00, 0x00, 0x00, 0x00, 0x01, 0x20, 0x00, 0x20,
  0x00, 0x31, 0x7c, 0x00, 0x01, 0x20, 0x00, 0x20, 0x00, 0x31, 0x7c, 0x00,
  0x10, 0x00, 0x81, 0x05, 0xe2, 0x3a, 0x00, 0x20, 0x40, 0x01, 0x00, 0x3a,
  0xc0, 0x00, 0x8d, 0x00, 0x01, 0x00, 0x00, 0x20, 0x00, 0x7c, 0x31, 0x00,
  0x01, 0x20, 0x00, 0x20, 0x00, 0x31, 0x7c, 0x00, 0x10, 0x20, 0x80, 0x05,
  0xe2, 0x3a, 0x00, 0x20, 0x40, 0x01, 0x00, 0x3a, 0x00, 0x02, 0x8d, 0x00,
  0x02, 0x20, 0x81, 0x00, 0x4a, 0x12, 0xa0, 0x2f, 0xc0, 0x0f, 0x00, 0x16,
  0x00, 0x00, 0x00, 0x00, 0x01, 0x00, 0x00, 0x20, 0x00, 0x7c, 0x31, 0x00,
  0x01, 0x20, 0x14, 0x20, 0x00, 0x31, 0x7c, 0x00, 0x02, 0x20, 0x81, 0x00,
  0x4a, 0x12, 0x60, 0x2f, 0xc0, 0x0f, 0x00, 0x16, 0x00, 0x00, 0x00, 0x00,
  0x01, 0x20, 0x00, 0x20, 0x00, 0x31, 0x7c, 0x00, 0x05, 0x20, 0x80, 0x02,
  0x42, 0x12, 0x00, 0x20, 0xa0, 0x0f, 0xb1, 0x12, 0x60, 0x0f, 0xb1, 0x00,
  0x01, 0x00, 0x00, 0x20, 0x00, 0x7c, 0x31, 0x00, 0x22, 0x00, 0xb1, 0x00,
  0x02, 0x0e, 0x00, 0x20, 0x18, 0x03, 0x00, 0x00, 0xb0, 0x02, 0x00, 0x00,
  0x22, 0x00, 0xa1, 0x00, 0x00, 0x0e, 0x00, 0x20, 0x80, 0x02, 0x00, 0x00,
  0x80, 0x02, 0x00, 0x00, 0x10, 0x00, 0x80, 0x05, 0xe2, 0x3a, 0x00, 0x20,
  0x40, 0x01, 0x00, 0x3a, 0xc0, 0x00, 0x8d, 0x00, 0x01, 0x00, 0x00, 0x00,
  0x4c, 0x16, 0xc8, 0x2f, 0x00, 0x00, 0x00, 0x00, 0x01, 0x00, 0x01, 0x00,
  0x01, 0x00, 0x00, 0x20, 0x00, 0x7e, 0x31, 0x00, 0x01, 0x20, 0x00, 0x20,
  0x00, 0x31, 0x7e, 0x00, 0x10, 0x20, 0x80, 0x05, 0xe2, 0x3a, 0x00, 0x20,
  0x40, 0x01, 0x00, 0x3a, 0x00, 0x02, 0x8d, 0x00, 0x01, 0x00, 0x00, 0x20,
  0x00, 0x7e, 0x31, 0x00, 0x01, 0x20, 0x00, 0x20, 0x00, 0x31, 0x7e, 0x00,
  0x01, 0x20, 0x00, 0x20, 0x00, 0x31, 0x7e, 0x00, 0x10, 0x00, 0x81, 0x03,
  0xe2, 0x3a, 0x00, 0x20, 0x40, 0x01, 0x00, 0x3e, 0x00, 0x00, 0x00, 0x00,
  0x01, 0x00, 0x00, 0x20, 0x00, 0x7e, 0x31, 0x00, 0x01, 0x20, 0x00, 0x20,
  0x00, 0x31, 0x7e, 0x00, 0x01, 0x20, 0x00, 0x20, 0x00, 0x31, 0x7e, 0x00,
  0x10, 0x20, 0x81, 0x03, 0xe2, 0x3a, 0x00, 0x20, 0x40, 0x01, 0x00, 0x3e,
  0x00, 0x00, 0x00, 0x00, 0x01, 0x00, 0x00, 0x20, 0x00, 0x7e, 0x31, 0x00,
  0x10, 0x00, 0x80, 0x05, 0xe6, 0x3a, 0x00, 0x20, 0x40, 0x01, 0x00, 0x3e,
  0xd0, 0x0f, 0xc9, 0x40, 0x01, 0x00, 0x00, 0x00, 0x0c, 0x00, 0xc4, 0x2f,
  0x20, 0x06, 0x00, 0x00, 0x00, 0x00, 0x00, 0x00, 0x01, 0x20, 0x14, 0x20,
  0x00, 0x31, 0x7e, 0x00, 0x10, 0x20, 0x80, 0x05, 0xe6, 0x3a, 0x00, 0x20,
  0x40, 0x01, 0x00, 0x3e, 0xd0, 0x0f, 0xc9, 0x40, 0x01, 0x00, 0x00, 0x00,
  0x0c, 0x00, 0xc4, 0x2f, 0x20, 0x06, 0x00, 0x00, 0x00, 0x00, 0x00, 0x00,
  0x01, 0x20, 0x14, 0x20, 0x00, 0x31, 0x7e, 0x00, 0x01, 0x20, 0x14, 0x20,
  0x00, 0x31, 0x7e, 0x00, 0x10, 0x00, 0x81, 0x05, 0xe2, 0x3a, 0x00, 0x20,
  0xc0, 0x01, 0x8d, 0x3a, 0x40, 0x01, 0x00, 0x00, 0x01, 0x00, 0x00, 0x00,
  0x0c, 0x00, 0xc4, 0x2f, 0x20, 0x06, 0x00, 0x00, 0x00, 0x00, 0x00, 0x00,
  0x01, 0x20, 0x14, 0x20, 0x00, 0x31, 0x7e, 0x00, 0x01, 0x20, 0x14, 0x20,
  0x00, 0x31, 0x7e, 0x00, 0x10, 0x20, 0x81, 0x05, 0xe2, 0x3a, 0x00, 0x20,
  0x80, 0x01, 0x8d, 0x3a, 0x40, 0x01, 0x00, 0x00, 0x01, 0x00, 0x00, 0x00,
  0x0c, 0x00, 0xc4, 0x2f, 0x20, 0x06, 0x00, 0x00, 0x00, 0x00, 0x00, 0x00,
  0x01, 0x20, 0x00, 0x20, 0x00, 0x31, 0x7e, 0x00, 0x02, 0x00, 0x81, 0x00,
  0x4a, 0x12, 0xa0, 0x2f, 0xc8, 0x0f, 0x00, 0x16, 0x00, 0x00, 0x00, 0x00,
  0x01, 0x20, 0x14, 0x20, 0x00, 0x31, 0x7e, 0x00, 0x02, 0x00, 0x81, 0x00,
  0x4a, 0x12, 0x80, 0x2f, 0xc8, 0x0f, 0x00, 0x16, 0x00, 0x00, 0x00, 0x00,
  0x06, 0x00, 0x80, 0x02, 0x42, 0x12, 0x00, 0x20, 0xa0, 0x0f, 0xb1, 0x12,
  0x80, 0x0f, 0xb1, 0x00, 0x01, 0x00, 0x00, 0x00, 0x0c, 0x00, 0xcc, 0x2f,
  0x20, 0x06, 0x00, 0x00, 0x00, 0x00, 0x00, 0x00, 0x01, 0x20, 0x00, 0x20,
  0x00, 0x31, 0x7e, 0x00, 0x02, 0x20, 0x81, 0x00, 0x4a, 0x12, 0x60, 0x2f,
  0xc8, 0x0f, 0x00, 0x16, 0x00, 0x00, 0x00, 0x00, 0x01, 0x20, 0x14, 0x20,
  0x00, 0x31, 0x7e, 0x00, 0x02, 0x20, 0x81, 0x00, 0x4a, 0x12, 0x40, 0x2f,
  0xc8, 0x0f, 0x00, 0x16, 0x00, 0x00, 0x00, 0x00, 0x01, 0x20, 0x1c, 0x20,
  0x00, 0x31, 0x7e, 0x00, 0x06, 0x20, 0x80, 0x02, 0x42, 0x12, 0x00, 0x20,
  0x60, 0x0f, 0xb1, 0x12, 0x40, 0x0f, 0xb1, 0x00, 0x01, 0x00, 0x00, 0x00,
  0x0c, 0x00, 0xcc, 0x2f, 0x20, 0x06, 0x00, 0x00, 0x00, 0x00, 0x00, 0x00,
  0x22, 0x00, 0xa1, 0x00, 0x02, 0x0e, 0x00, 0x20, 0x78, 0x00, 0x00, 0x00,
  0x78, 0x00, 0x00, 0x00, 0x01, 0x40, 0x18, 0x20, 0x00, 0x7e, 0x08, 0x00,
  0x40, 0x00, 0x00, 0x00, 0x2c, 0x0a, 0x80, 0x2f, 0x08, 0x01, 0x00, 0x0a,
  0x48, 0x03, 0x00, 0x00, 0x31, 0x00, 0x00, 0x0a, 0x0c, 0x02, 0xa0, 0x2f,
  0xc0, 0x0f, 0x00, 0x06, 0xfe, 0x08, 0x11, 0x02, 0x31, 0x00, 0x00, 0x0a,
  0x0c, 0x02, 0x60, 0x2f, 0x80, 0x0f, 0x00, 0x06, 0xfe, 0x08, 0x11, 0x02,
  0x40, 0x56, 0x02, 0x20, 0x07, 0x74, 0x74, 0x7d, 0x40, 0x20, 0x80, 0x00,
  0xe8, 0x3a, 0x40, 0x22, 0x40, 0x02, 0x8d, 0x3a, 0xa0, 0x0f, 0x00, 0x00,
  0x40, 0x56, 0x02, 0x20, 0x07, 0x20, 0x20, 0x7b, 0x40, 0x20, 0x80, 0x00,
  0xe8, 0x3a, 0x80, 0x22, 0x80, 0x02, 0x8d, 0x3a, 0x60, 0x0f, 0x00, 0x00,
  0x25, 0x00, 0xa0, 0x00, 0x00, 0x00, 0x00, 0x20, 0x00, 0x00, 0x00, 0x0e,
  0x10, 0x00, 0x00, 0x00, 0x25, 0x00, 0xa0, 0x00, 0x00, 0x00, 0x00, 0x20,
  0x00, 0x00, 0x00, 0x0e, 0x10, 0x00, 0x00, 0x00, 0x24, 0x00, 0xa0, 0x00,
  0x00, 0x0e, 0x00, 0x20, 0x78, 0x00, 0x00, 0x00, 0x78, 0x00, 0x00, 0x00,
  0x01, 0x40, 0x18, 0x20, 0x00, 0x7e, 0x08, 0x00, 0x40, 0x00, 0x00, 0x00,
  0x2c, 0x0a, 0x80, 0x2f, 0x08, 0x01, 0x00, 0x0a, 0x4c, 0x03, 0x00, 0x00,
  0x31, 0x00, 0x00, 0x0a, 0x0c, 0x02, 0xa0, 0x2f, 0xc0, 0x0f, 0x00, 0x06,
  0xfe, 0x08, 0x11, 0x02, 0x31, 0x00, 0x00, 0x0a, 0x0c, 0x02, 0x60, 0x2f,
  0x80, 0x0f, 0x00, 0x06, 0xfe, 0x08, 0x11, 0x02, 0x40, 0x56, 0x02, 0x20,
  0x07, 0x74, 0x74, 0x7d, 0x40, 0x20, 0x80, 0x00, 0xe8, 0x3a, 0x40, 0x22,
  0x40, 0x02, 0x8d, 0x3a, 0xa0, 0x0f, 0x00, 0x00, 0x40, 0x56, 0x02, 0x20,
  0x07, 0x20, 0x20, 0x7b, 0x40, 0x20, 0x80, 0x00, 0xe8, 0x3a, 0x80, 0x22,
  0x80, 0x02, 0x8d, 0x3a, 0x60, 0x0f, 0x00, 0x00, 0x25, 0x00, 0xa0, 0x00,
  0x00, 0x00, 0x00, 0x20, 0x00, 0x00, 0x00, 0x0e, 0x10, 0x00, 0x00, 0x00,
  0x06, 0x00, 0x00, 0x00, 0x2c, 0x0a, 0xc0, 0x2f, 0x04, 0x01, 0x00, 0x1e,
  0x04, 0x00, 0x04, 0x00, 0x09, 0x00, 0x00, 0x00, 0x2c, 0x0a, 0x08, 0x21,
  0xc0, 0x0f, 0x00, 0x1e, 0x02, 0x00, 0x02, 0x00, 0x01, 0x00, 0x00, 0x00,
  0x4c, 0x16, 0xc0, 0x2f, 0x00, 0x00, 0x00, 0x00, 0x01, 0x00, 0x01, 0x00,
  0x40, 0x00, 0x00, 0x00, 0x2c, 0x0a, 0xa0, 0x2f, 0x08, 0x01, 0x00, 0x0a,
  0x0c, 0x01, 0x00, 0x00, 0x31, 0x00, 0x00, 0x0a, 0x0c, 0x02, 0x40, 0x21,
  0xa0, 0x0f, 0x00, 0x06, 0xfe, 0x08, 0x11, 0x02, 0x10, 0x00, 0x80, 0x05,
  0xe2, 0x3a, 0x00, 0x20, 0xc0, 0x01, 0x8d, 0x3a, 0x40, 0x01, 0x00, 0x00,
  0x01, 0x00, 0x00, 0x20, 0x00, 0x7c, 0x31, 0x00, 0x10, 0x20, 0x80, 0x05,
  0xe2, 0x3a, 0x00, 0x20, 0x80, 0x01, 0x8d, 0x3a, 0x40, 0x01, 0x00, 0x00,
  0x01, 0x00, 0x00, 0x00, 0x0c, 0x00, 0x84, 0x2f, 0x20, 0x06, 0x00, 0x00,
  0x00, 0x00, 0x00, 0x00, 0x01, 0x20, 0x00, 0x20, 0x00, 0x31, 0x7c, 0x00,
  0x01, 0x20, 0x00, 0x20, 0x00, 0x31, 0x7c, 0x00, 0x10, 0x00, 0x81, 0x05,
  0xe2, 0x3a, 0x00, 0x20, 0xc0, 0x01, 0x8d, 0x3a, 0xc0, 0x00, 0x8d, 0x00,
  0x01, 0x00, 0x00, 0x20, 0x00, 0x7c, 0x31, 0x00, 0x01, 0x20, 0x14, 0x20,
  0x00, 0x31, 0x7c, 0x00, 0x01, 0x20, 0x14, 0x20, 0x00, 0x31, 0x7c, 0x00,
  0x10, 0x20, 0x81, 0x05, 0xe2, 0x3a, 0x00, 0x20, 0x80, 0x01, 0x8d, 0x3a,
  0x00, 0x02, 0x8d, 0x00, 0x01, 0x00, 0x00, 0x00, 0x0c, 0x00, 0x84, 0x2f,
  0x20, 0x06, 0x00, 0x00, 0x00, 0x00, 0x00, 0x00, 0x01, 0x20, 0x00, 0x20,
  0x00, 0x31, 0x7c, 0x00, 0x01, 0x20, 0x00, 0x20, 0x00, 0x31, 0x7c, 0x00,
  0x10, 0x00, 0x81, 0x05, 0xe2, 0x3a, 0x00, 0x20, 0x40, 0x01, 0x00, 0x3a,
  0xc0, 0x00, 0x8d, 0x00, 0x01, 0x00, 0x00, 0x20, 0x00, 0x7c, 0x31, 0x00,
  0x01, 0x20, 0x00, 0x20, 0x00, 0x31, 0x7c, 0x00, 0x10, 0x20, 0x80, 0x05,
  0xe2, 0x3a, 0x00, 0x20, 0x40, 0x01, 0x00, 0x3a, 0x00, 0x02, 0x8d, 0x00,
  0x02, 0x20, 0x81, 0x00, 0x4a, 0x12, 0xa0, 0x2f, 0xc0, 0x0f, 0x00, 0x16,
  0x00, 0x00, 0x00, 0x00, 0x01, 0x00, 0x00, 0x20, 0x00, 0x7c, 0x31, 0x00,
  0x01, 0x20, 0x14, 0x20, 0x00, 0x31, 0x7c, 0x00, 0x02, 0x20, 0x81, 0x00,
  0x4a, 0x12, 0x60, 0x2f, 0xc0, 0x0f, 0x00, 0x16, 0x00, 0x00, 0x00, 0x00,
  0x01, 0x20, 0x00, 0x20, 0x00, 0x31, 0x7c, 0x00, 0x05, 0x20, 0x80, 0x02,
  0x42, 0x12, 0x00, 0x20, 0xa0, 0x0f, 0xb1, 0x12, 0x60, 0x0f, 0xb1, 0x00,
  0x01, 0x00, 0x00, 0x20, 0x00, 0x7c, 0x31, 0x00, 0x22, 0x00, 0xb1, 0x00,
  0x02, 0x0e, 0x00, 0x20, 0x18, 0x03, 0x00, 0x00, 0xb0, 0x02, 0x00, 0x00,
  0x22, 0x00, 0xa1, 0x00, 0x00, 0x0e, 0x00, 0x20, 0x80, 0x02, 0x00, 0x00,
  0x80, 0x02, 0x00, 0x00, 0x10, 0x00, 0x80, 0x05, 0xe2, 0x3a, 0x00, 0x20,
  0x40, 0x01, 0x00, 0x3a, 0xc0, 0x00, 0x8d, 0x00, 0x01, 0x00, 0x00, 0x00,
  0x4c, 0x16, 0xc8, 0x2f, 0x00, 0x00, 0x00, 0x00, 0x01, 0x00, 0x01, 0x00,
  0x01, 0x00, 0x00, 0x20, 0x00, 0x7e, 0x31, 0x00, 0x01, 0x20, 0x00, 0x20,
  0x00, 0x31, 0x7e, 0x00, 0x10, 0x20, 0x80, 0x05, 0xe2, 0x3a, 0x00, 0x20,
  0x40, 0x01, 0x00, 0x3a, 0x00, 0x02, 0x8d, 0x00, 0x01, 0x00, 0x00, 0x20,
  0x00, 0x7e, 0x31, 0x00, 0x01, 0x20, 0x00, 0x20, 0x00, 0x31, 0x7e, 0x00,
  0x01, 0x20, 0x00, 0x20, 0x00, 0x31, 0x7e, 0x00, 0x10, 0x00, 0x81, 0x03,
  0xe2, 0x3a, 0x00, 0x20, 0x40, 0x01, 0x00, 0x3e, 0x00, 0x00, 0x00, 0x00,
  0x01, 0x00, 0x00, 0x20, 0x00, 0x7e, 0x31, 0x00, 0x01, 0x20, 0x00, 0x20,
  0x00, 0x31, 0x7e, 0x00, 0x01, 0x20, 0x00, 0x20, 0x00, 0x31, 0x7e, 0x00,
  0x10, 0x20, 0x81, 0x03, 0xe2, 0x3a, 0x00, 0x20, 0x40, 0x01, 0x00, 0x3e,
  0x00, 0x00, 0x00, 0x00, 0x01, 0x00, 0x00, 0x20, 0x00, 0x7e, 0x31, 0x00,
  0x10, 0x00, 0x80, 0x05, 0xe6, 0x3a, 0x00, 0x20, 0x40, 0x01, 0x00, 0x3e,
  0xd0, 0x0f, 0xc9, 0x40, 0x01, 0x00, 0x00, 0x00, 0x0c, 0x00, 0xc4, 0x2f,
  0x20, 0x06, 0x00, 0x00, 0x00, 0x00, 0x00, 0x00, 0x01, 0x20, 0x14, 0x20,
  0x00, 0x31, 0x7e, 0x00, 0x10, 0x20, 0x80, 0x05, 0xe6, 0x3a, 0x00, 0x20,
  0x40, 0x01, 0x00, 0x3e, 0xd0, 0x0f, 0xc9, 0x40, 0x01, 0x00, 0x00, 0x00,
  0x0c, 0x00, 0xc4, 0x2f, 0x20, 0x06, 0x00, 0x00, 0x00, 0x00, 0x00, 0x00,
  0x01, 0x20, 0x14, 0x20, 0x00, 0x31, 0x7e, 0x00, 0x01, 0x20, 0x14, 0x20,
  0x00, 0x31, 0x7e, 0x00, 0x10, 0x00, 0x81, 0x05, 0xe2, 0x3a, 0x00, 0x20,
  0xc0, 0x01, 0x8d, 0x3a, 0x40, 0x01, 0x00, 0x00, 0x01, 0x00, 0x00, 0x00,
  0x0c, 0x00, 0xc4, 0x2f, 0x20, 0x06, 0x00, 0x00, 0x00, 0x00, 0x00, 0x00,
  0x01, 0x20, 0x14, 0x20, 0x00, 0x31, 0x7e, 0x00, 0x01, 0x20, 0x14, 0x20,
  0x00, 0x31, 0x7e, 0x00, 0x10, 0x20, 0x81, 0x05, 0xe2, 0x3a, 0x00, 0x20,
  0x80, 0x01, 0x8d, 0x3a, 0x40, 0x01, 0x00, 0x00, 0x01, 0x00, 0x00, 0x00,
  0x0c, 0x00, 0xc4, 0x2f, 0x20, 0x06, 0x00, 0x00, 0x00, 0x00, 0x00, 0x00,
  0x01, 0x20, 0x00, 0x20, 0x00, 0x31, 0x7e, 0x00, 0x02, 0x00, 0x81, 0x00,
  0x4a, 0x12, 0xa0, 0x2f, 0xc8, 0x0f, 0x00, 0x16, 0x00, 0x00, 0x00, 0x00,
  0x01, 0x20, 0x14, 0x20, 0x00, 0x31, 0x7e, 0x00, 0x02, 0x00, 0x81, 0x00,
  0x4a, 0x12, 0x80, 0x2f, 0xc8, 0x0f, 0x00, 0x16, 0x00, 0x00, 0x00, 0x00,
  0x06, 0x00, 0x80, 0x02, 0x42, 0x12, 0x00, 0x20, 0xa0, 0x0f, 0xb1, 0x12,
  0x80, 0x0f, 0xb1, 0x00, 0x01, 0x00, 0x00, 0x00, 0x0c, 0x00, 0xcc, 0x2f,
  0x20, 0x06, 0x00, 0x00, 0x00, 0x00, 0x00, 0x00, 0x01, 0x20, 0x00, 0x20,
  0x00, 0x31, 0x7e, 0x00, 0x02, 0x20, 0x81, 0x00, 0x4a, 0x12, 0x60, 0x2f,
  0xc8, 0x0f, 0x00, 0x16, 0x00, 0x00, 0x00, 0x00, 0x01, 0x20, 0x14, 0x20,
  0x00, 0x31, 0x7e, 0x00, 0x02, 0x20, 0x81, 0x00, 0x4a, 0x12, 0x40, 0x2f,
  0xc8, 0x0f, 0x00, 0x16, 0x00, 0x00, 0x00, 0x00, 0x01, 0x20, 0x1c, 0x20,
  0x00, 0x31, 0x7e, 0x00, 0x06, 0x20, 0x80, 0x02, 0x42, 0x12, 0x00, 0x20,
  0x60, 0x0f, 0xb1, 0x12, 0x40, 0x0f, 0xb1, 0x00, 0x01, 0x00, 0x00, 0x00,
  0x0c, 0x00, 0xcc, 0x2f, 0x20, 0x06, 0x00, 0x00, 0x00, 0x00, 0x00, 0x00,
  0x22, 0x00, 0xa1, 0x00, 0x02, 0x0e, 0x00, 0x20, 0x78, 0x00, 0x00, 0x00,
  0x78, 0x00, 0x00, 0x00, 0x01, 0x40, 0x18, 0x20, 0x00, 0x7e, 0x08, 0x00,
  0x40, 0x00, 0x00, 0x00, 0x2c, 0x0a, 0x80, 0x2f, 0x08, 0x01, 0x00, 0x0a,
  0x10, 0x03, 0x00, 0x00, 0x31, 0x00, 0x00, 0x0a, 0x0c, 0x02, 0xa0, 0x2f,
  0xc0, 0x0f, 0x00, 0x06, 0xfe, 0x08, 0x11, 0x02, 0x31, 0x00, 0x00, 0x0a,
  0x0c, 0x02, 0x60, 0x2f, 0x80, 0x0f, 0x00, 0x06, 0xfe, 0x08, 0x11, 0x02,
  0x40, 0x56, 0x02, 0x20, 0x07, 0x74, 0x74, 0x7d, 0x40, 0x20, 0x80, 0x00,
  0xe8, 0x3a, 0x40, 0x22, 0x40, 0x02, 0x8d, 0x3a, 0xa0, 0x0f, 0x00, 0x00,
  0x40, 0x56, 0x02, 0x20, 0x07, 0x20, 0x20, 0x7b, 0x40, 0x20, 0x80, 0x00,
  0xe8, 0x3a, 0x80, 0x22, 0x80, 0x02, 0x8d, 0x3a, 0x60, 0x0f, 0x00, 0x00,
  0x25, 0x00, 0xa0, 0x00, 0x00, 0x00, 0x00, 0x20, 0x00, 0x00, 0x00, 0x0e,
  0x10, 0x00, 0x00, 0x00, 0x25, 0x00, 0xa0, 0x00, 0x00, 0x00, 0x00, 0x20,
  0x00, 0x00, 0x00, 0x0e, 0x10, 0x00, 0x00, 0x00, 0x24, 0x00, 0xa0, 0x00,
  0x00, 0x0e, 0x00, 0x20, 0x78, 0x00, 0x00, 0x00, 0x78, 0x00, 0x00, 0x00,
  0x01, 0x40, 0x18, 0x20, 0x00, 0x7e, 0x08, 0x00, 0x40, 0x00, 0x00, 0x00,
  0x2c, 0x0a, 0x80, 0x2f, 0x08, 0x01, 0x00, 0x0a, 0x14, 0x03, 0x00, 0x00,
  0x31, 0x00, 0x00, 0x0a, 0x0c, 0x02, 0xa0, 0x2f, 0xc0, 0x0f, 0x00, 0x06,
  0xfe, 0x08, 0x11, 0x02, 0x31, 0x00, 0x00, 0x0a, 0x0c, 0x02, 0x60, 0x2f,
  0x80, 0x0f, 0x00, 0x06, 0xfe, 0x08, 0x11, 0x02, 0x40, 0x56, 0x02, 0x20,
  0x07, 0x74, 0x74, 0x7d, 0x40, 0x20, 0x80, 0x00, 0xe8, 0x3a, 0x40, 0x22,
  0x40, 0x02, 0x8d, 0x3a, 0xa0, 0x0f, 0x00, 0x00, 0x40, 0x56, 0x02, 0x20,
  0x07, 0x20, 0x20, 0x7b, 0x40, 0x20, 0x80, 0x00, 0xe8, 0x3a, 0x80, 0x22,
  0x80, 0x02, 0x8d, 0x3a, 0x60, 0x0f, 0x00, 0x00, 0x25, 0x00, 0xa0, 0x00,
  0x00, 0x00, 0x00, 0x20, 0x00, 0x00, 0x00, 0x0e, 0x10, 0x00, 0x00, 0x00,
  0x06, 0x00, 0x00, 0x00, 0x2c, 0x0a, 0xc0, 0x2f, 0x04, 0x01, 0x00, 0x1e,
  0x05, 0x00, 0x05, 0x00, 0x09, 0x00, 0x00, 0x00, 0x2c, 0x0a, 0x08, 0x21,
  0xc0, 0x0f, 0x00, 0x1e, 0x02, 0x00, 0x02, 0x00, 0x01, 0x00, 0x00, 0x00,
  0x4c, 0x16, 0xc0, 0x2f, 0x00, 0x00, 0x00, 0x00, 0x01, 0x00, 0x01, 0x00,
  0x40, 0x00, 0x00, 0x00, 0x2c, 0x0a, 0xa0, 0x2f, 0x08, 0x01, 0x00, 0x0a,
  0x0c, 0x01, 0x00, 0x00, 0x31, 0x00, 0x00, 0x0a, 0x0c, 0x02, 0x40, 0x21,
  0xa0, 0x0f, 0x00, 0x06, 0xfe, 0x08, 0x11, 0x02, 0x10, 0x00, 0x80, 0x05,
  0xe2, 0x3a, 0x00, 0x20, 0xc0, 0x01, 0x8d, 0x3a, 0x40, 0x01, 0x00, 0x00,
  0x01, 0x00, 0x00, 0x20, 0x00, 0x7c, 0x31, 0x00, 0x10, 0x20, 0x80, 0x05,
  0xe2, 0x3a, 0x00, 0x20, 0x80, 0x01, 0x8d, 0x3a, 0x40, 0x01, 0x00, 0x00,
  0x01, 0x00, 0x00, 0x00, 0x0c, 0x00, 0x84, 0x2f, 0x20, 0x06, 0x00, 0x00,
  0x00, 0x00, 0x00, 0x00, 0x01, 0x20, 0x00, 0x20, 0x00, 0x31, 0x7c, 0x00,
  0x01, 0x20, 0x00, 0x20, 0x00, 0x31, 0x7c, 0x00, 0x10, 0x00, 0x81, 0x05,
  0xe2, 0x3a, 0x00, 0x20, 0xc0, 0x01, 0x8d, 0x3a, 0xc0, 0x00, 0x8d, 0x00,
  0x01, 0x00, 0x00, 0x20, 0x00, 0x7c, 0x31, 0x00, 0x01, 0x20, 0x14, 0x20,
  0x00, 0x31, 0x7c, 0x00, 0x01, 0x20, 0x14, 0x20, 0x00, 0x31, 0x7c, 0x00,
  0x10, 0x20, 0x81, 0x05, 0xe2, 0x3a, 0x00, 0x20, 0x80, 0x01, 0x8d, 0x3a,
  0x00, 0x02, 0x8d, 0x00, 0x01, 0x00, 0x00, 0x00, 0x0c, 0x00, 0x84, 0x2f,
  0x20, 0x06, 0x00, 0x00, 0x00, 0x00, 0x00, 0x00, 0x01, 0x20, 0x00, 0x20,
  0x00, 0x31, 0x7c, 0x00, 0x01, 0x20, 0x00, 0x20, 0x00, 0x31, 0x7c, 0x00,
  0x10, 0x00, 0x81, 0x05, 0xe2, 0x3a, 0x00, 0x20, 0x40, 0x01, 0x00, 0x3a,
  0xc0, 0x00, 0x8d, 0x00, 0x01, 0x00, 0x00, 0x20, 0x00, 0x7c, 0x31, 0x00,
  0x01, 0x20, 0x00, 0x20, 0x00, 0x31, 0x7c, 0x00, 0x10, 0x20, 0x80, 0x05,
  0xe2, 0x3a, 0x00, 0x20, 0x40, 0x01, 0x00, 0x3a, 0x00, 0x02, 0x8d, 0x00,
  0x02, 0x20, 0x81, 0x00, 0x4a, 0x12, 0xa0, 0x2f, 0xc0, 0x0f, 0x00, 0x16,
  0x00, 0x00, 0x00, 0x00, 0x01, 0x00, 0x00, 0x20, 0x00, 0x7c, 0x31, 0x00,
  0x01, 0x20, 0x14, 0x20, 0x00, 0x31, 0x7c, 0x00, 0x02, 0x20, 0x81, 0x00,
  0x4a, 0x12, 0x60, 0x2f, 0xc0, 0x0f, 0x00, 0x16, 0x00, 0x00, 0x00, 0x00,
  0x01, 0x20, 0x00, 0x20, 0x00, 0x31, 0x7c, 0x00, 0x05, 0x20, 0x80, 0x02,
  0x42, 0x12, 0x00, 0x20, 0xa0, 0x0f, 0xb1, 0x12, 0x60, 0x0f, 0xb1, 0x00,
  0x01, 0x00, 0x00, 0x20, 0x00, 0x7c, 0x31, 0x00, 0x22, 0x00, 0xb1, 0x00,
  0x02, 0x0e, 0x00, 0x20, 0x18, 0x03, 0x00, 0x00, 0xb0, 0x02, 0x00, 0x00,
  0x22, 0x00, 0xa1, 0x00, 0x00, 0x0e, 0x00, 0x20, 0x80, 0x02, 0x00, 0x00,
  0x80, 0x02, 0x00, 0x00, 0x10, 0x00, 0x80, 0x05, 0xe2, 0x3a, 0x00, 0x20,
  0x40, 0x01, 0x00, 0x3a, 0xc0, 0x00, 0x8d, 0x00, 0x01, 0x00, 0x00, 0x00,
  0x4c, 0x16, 0xc8, 0x2f, 0x00, 0x00, 0x00, 0x00, 0x01, 0x00, 0x01, 0x00,
  0x01, 0x00, 0x00, 0x20, 0x00, 0x7e, 0x31, 0x00, 0x01, 0x20, 0x00, 0x20,
  0x00, 0x31, 0x7e, 0x00, 0x10, 0x20, 0x80, 0x05, 0xe2, 0x3a, 0x00, 0x20,
  0x40, 0x01, 0x00, 0x3a, 0x00, 0x02, 0x8d, 0x00, 0x01, 0x00, 0x00, 0x20,
  0x00, 0x7e, 0x31, 0x00, 0x01, 0x20, 0x00, 0x20, 0x00, 0x31, 0x7e, 0x00,
  0x01, 0x20, 0x00, 0x20, 0x00, 0x31, 0x7e, 0x00, 0x10, 0x00, 0x81, 0x03,
  0xe2, 0x3a, 0x00, 0x20, 0x40, 0x01, 0x00, 0x3e, 0x00, 0x00, 0x00, 0x00,
  0x01, 0x00, 0x00, 0x20, 0x00, 0x7e, 0x31, 0x00, 0x01, 0x20, 0x00, 0x20,
  0x00, 0x31, 0x7e, 0x00, 0x01, 0x20, 0x00, 0x20, 0x00, 0x31, 0x7e, 0x00,
  0x10, 0x20, 0x81, 0x03, 0xe2, 0x3a, 0x00, 0x20, 0x40, 0x01, 0x00, 0x3e,
  0x00, 0x00, 0x00, 0x00, 0x01, 0x00, 0x00, 0x20, 0x00, 0x7e, 0x31, 0x00,
  0x10, 0x00, 0x80, 0x05, 0xe6, 0x3a, 0x00, 0x20, 0x40, 0x01, 0x00, 0x3e,
  0xd0, 0x0f, 0xc9, 0x40, 0x01, 0x00, 0x00, 0x00, 0x0c, 0x00, 0xc4, 0x2f,
  0x20, 0x06, 0x00, 0x00, 0x00, 0x00, 0x00, 0x00, 0x01, 0x20, 0x14, 0x20,
  0x00, 0x31, 0x7e, 0x00, 0x10, 0x20, 0x80, 0x05, 0xe6, 0x3a, 0x00, 0x20,
  0x40, 0x01, 0x00, 0x3e, 0xd0, 0x0f, 0xc9, 0x40, 0x01, 0x00, 0x00, 0x00,
  0x0c, 0x00, 0xc4, 0x2f, 0x20, 0x06, 0x00, 0x00, 0x00, 0x00, 0x00, 0x00,
  0x01, 0x20, 0x14, 0x20, 0x00, 0x31, 0x7e, 0x00, 0x01, 0x20, 0x14, 0x20,
  0x00, 0x31, 0x7e, 0x00, 0x10, 0x00, 0x81, 0x05, 0xe2, 0x3a, 0x00, 0x20,
  0xc0, 0x01, 0x8d, 0x3a, 0x40, 0x01, 0x00, 0x00, 0x01, 0x00, 0x00, 0x00,
  0x0c, 0x00, 0xc4, 0x2f, 0x20, 0x06, 0x00, 0x00, 0x00, 0x00, 0x00, 0x00,
  0x01, 0x20, 0x14, 0x20, 0x00, 0x31, 0x7e, 0x00, 0x01, 0x20, 0x14, 0x20,
  0x00, 0x31, 0x7e, 0x00, 0x10, 0x20, 0x81, 0x05, 0xe2, 0x3a, 0x00, 0x20,
  0x80, 0x01, 0x8d, 0x3a, 0x40, 0x01, 0x00, 0x00, 0x01, 0x00, 0x00, 0x00,
  0x0c, 0x00, 0xc4, 0x2f, 0x20, 0x06, 0x00, 0x00, 0x00, 0x00, 0x00, 0x00,
  0x01, 0x20, 0x00, 0x20, 0x00, 0x31, 0x7e, 0x00, 0x02, 0x00, 0x81, 0x00,
  0x4a, 0x12, 0xa0, 0x2f, 0xc8, 0x0f, 0x00, 0x16, 0x00, 0x00, 0x00, 0x00,
  0x01, 0x20, 0x14, 0x20, 0x00, 0x31, 0x7e, 0x00, 0x02, 0x00, 0x81, 0x00,
  0x4a, 0x12, 0x80, 0x2f, 0xc8, 0x0f, 0x00, 0x16, 0x00, 0x00, 0x00, 0x00,
  0x06, 0x00, 0x80, 0x02, 0x42, 0x12, 0x00, 0x20, 0xa0, 0x0f, 0xb1, 0x12,
  0x80, 0x0f, 0xb1, 0x00, 0x01, 0x00, 0x00, 0x00, 0x0c, 0x00, 0xcc, 0x2f,
  0x20, 0x06, 0x00, 0x00, 0x00, 0x00, 0x00, 0x00, 0x01, 0x20, 0x00, 0x20,
  0x00, 0x31, 0x7e, 0x00, 0x02, 0x20, 0x81, 0x00, 0x4a, 0x12, 0x60, 0x2f,
  0xc8, 0x0f, 0x00, 0x16, 0x00, 0x00, 0x00, 0x00, 0x01, 0x20, 0x14, 0x20,
  0x00, 0x31, 0x7e, 0x00, 0x02, 0x20, 0x81, 0x00, 0x4a, 0x12, 0x40, 0x2f,
  0xc8, 0x0f, 0x00, 0x16, 0x00, 0x00, 0x00, 0x00, 0x01, 0x20, 0x1c, 0x20,
  0x00, 0x31, 0x7e, 0x00, 0x06, 0x20, 0x80, 0x02, 0x42, 0x12, 0x00, 0x20,
  0x60, 0x0f, 0xb1, 0x12, 0x40, 0x0f, 0xb1, 0x00, 0x01, 0x00, 0x00, 0x00,
  0x0c, 0x00, 0xcc, 0x2f, 0x20, 0x06, 0x00, 0x00, 0x00, 0x00, 0x00, 0x00,
  0x22, 0x00, 0xa1, 0x00, 0x02, 0x0e, 0x00, 0x20, 0x78, 0x00, 0x00, 0x00,
  0x78, 0x00, 0x00, 0x00, 0x01, 0x40, 0x18, 0x20, 0x00, 0x7e, 0x08, 0x00,
  0x40, 0x00, 0x00, 0x00, 0x2c, 0x0a, 0x80, 0x2f, 0x08, 0x01, 0x00, 0x0a,
  0x18, 0x03, 0x00, 0x00, 0x31, 0x00, 0x00, 0x0a, 0x0c, 0x02, 0xa0, 0x2f,
  0xc0, 0x0f, 0x00, 0x06, 0xfe, 0x08, 0x11, 0x02, 0x31, 0x00, 0x00, 0x0a,
  0x0c, 0x02, 0x60, 0x2f, 0x80, 0x0f, 0x00, 0x06, 0xfe, 0x08, 0x11, 0x02,
  0x40, 0x56, 0x02, 0x20, 0x07, 0x74, 0x74, 0x7d, 0x40, 0x20, 0x80, 0x00,
  0xe8, 0x3a, 0x40, 0x22, 0x40, 0x02, 0x8d, 0x3a, 0xa0, 0x0f, 0x00, 0x00,
  0x40, 0x56, 0x02, 0x20, 0x07, 0x20, 0x20, 0x7b, 0x40, 0x20, 0x80, 0x00,
  0xe8, 0x3a, 0x80, 0x22, 0x80, 0x02, 0x8d, 0x3a, 0x60, 0x0f, 0x00, 0x00,
  0x25, 0x00, 0xa0, 0x00, 0x00, 0x00, 0x00, 0x20, 0x00, 0x00, 0x00, 0x0e,
  0x10, 0x00, 0x00, 0x00, 0x25, 0x00, 0xa0, 0x00, 0x00, 0x00, 0x00, 0x20,
  0x00, 0x00, 0x00, 0x0e, 0x10, 0x00, 0x00, 0x00, 0x24, 0x00, 0xa0, 0x00,
  0x00, 0x0e, 0x00, 0x20, 0x78, 0x00, 0x00, 0x00, 0x78, 0x00, 0x00, 0x00,
  0x01, 0x40, 0x18, 0x20, 0x00, 0x7e, 0x08, 0x00, 0x40, 0x00, 0x00, 0x00,
  0x2c, 0x0a, 0x80, 0x2f, 0x08, 0x01, 0x00, 0x0a, 0x1c, 0x03, 0x00, 0x00,
  0x31, 0x00, 0x00, 0x0a, 0x0c, 0x02, 0xa0, 0x2f, 0xc0, 0x0f, 0x00, 0x06,
  0xfe, 0x08, 0x11, 0x02, 0x31, 0x00, 0x00, 0x0a, 0x0c, 0x02, 0x60, 0x2f,
  0x80, 0x0f, 0x00, 0x06, 0xfe, 0x08, 0x11, 0x02, 0x40, 0x56, 0x02, 0x20,
  0x07, 0x74, 0x74, 0x7d, 0x40, 0x20, 0x80, 0x00, 0xe8, 0x3a, 0x40, 0x22,
  0x40, 0x02, 0x8d, 0x3a, 0xa0, 0x0f, 0x00, 0x00, 0x40, 0x56, 0x02, 0x20,
  0x07, 0x20, 0x20, 0x7b, 0x40, 0x20, 0x80, 0x00, 0xe8, 0x3a, 0x80, 0x22,
  0x80, 0x02, 0x8d, 0x3a, 0x60, 0x0f, 0x00, 0x00, 0x25, 0x00, 0xa0, 0x00,
  0x00, 0x00, 0x00, 0x20, 0x00, 0x00, 0x00, 0x0e, 0x10, 0x00, 0x00, 0x00,
  0x06, 0x00, 0x00, 0x00, 0x2c, 0x0a, 0xc0, 0x2f, 0x04, 0x01, 0x00, 0x1e,
  0x06, 0x00, 0x06, 0x00, 0x09, 0x00, 0x00, 0x00, 0x2c, 0x0a, 0x08, 0x21,
  0xc0, 0x0f, 0x00, 0x1e, 0x02, 0x00, 0x02, 0x00, 0x01, 0x00, 0x00, 0x00,
  0x4c, 0x16, 0xc0, 0x2f, 0x00, 0x00, 0x00, 0x00, 0x01, 0x00, 0x01, 0x00,
  0x40, 0x00, 0x00, 0x00, 0x2c, 0x0a, 0xa0, 0x2f, 0x08, 0x01, 0x00, 0x0a,
  0x0c, 0x01, 0x00, 0x00, 0x31, 0x00, 0x00, 0x0a, 0x0c, 0x02, 0x40, 0x21,
  0xa0, 0x0f, 0x00, 0x06, 0xfe, 0x08, 0x11, 0x02, 0x10, 0x00, 0x80, 0x05,
  0xe2, 0x3a, 0x00, 0x20, 0xc0, 0x01, 0x8d, 0x3a, 0x40, 0x01, 0x00, 0x00,
  0x01, 0x00, 0x00, 0x20, 0x00, 0x7c, 0x31, 0x00, 0x10, 0x20, 0x80, 0x05,
  0xe2, 0x3a, 0x00, 0x20, 0x80, 0x01, 0x8d, 0x3a, 0x40, 0x01, 0x00, 0x00,
  0x01, 0x00, 0x00, 0x00, 0x0c, 0x00, 0x84, 0x2f, 0x20, 0x06, 0x00, 0x00,
  0x00, 0x00, 0x00, 0x00, 0x01, 0x20, 0x00, 0x20, 0x00, 0x31, 0x7c, 0x00,
  0x01, 0x20, 0x00, 0x20, 0x00, 0x31, 0x7c, 0x00, 0x10, 0x00, 0x81, 0x05,
  0xe2, 0x3a, 0x00, 0x20, 0xc0, 0x01, 0x8d, 0x3a, 0xc0, 0x00, 0x8d, 0x00,
  0x01, 0x00, 0x00, 0x20, 0x00, 0x7c, 0x31, 0x00, 0x01, 0x20, 0x14, 0x20,
  0x00, 0x31, 0x7c, 0x00, 0x01, 0x20, 0x14, 0x20, 0x00, 0x31, 0x7c, 0x00,
  0x10, 0x20, 0x81, 0x05, 0xe2, 0x3a, 0x00, 0x20, 0x80, 0x01, 0x8d, 0x3a,
  0x00, 0x02, 0x8d, 0x00, 0x01, 0x00, 0x00, 0x00, 0x0c, 0x00, 0x84, 0x2f,
  0x20, 0x06, 0x00, 0x00, 0x00, 0x00, 0x00, 0x00, 0x01, 0x20, 0x00, 0x20,
  0x00, 0x31, 0x7c, 0x00, 0x01, 0x20, 0x00, 0x20, 0x00, 0x31, 0x7c, 0x00,
  0x10, 0x00, 0x81, 0x05, 0xe2, 0x3a, 0x00, 0x20, 0x40, 0x01, 0x00, 0x3a,
  0xc0, 0x00, 0x8d, 0x00, 0x01, 0x00, 0x00, 0x20, 0x00, 0x7c, 0x31, 0x00,
  0x01, 0x20, 0x00, 0x20, 0x00, 0x31, 0x7c, 0x00, 0x10, 0x20, 0x80, 0x05,
  0xe2, 0x3a, 0x00, 0x20, 0x40, 0x01, 0x00, 0x3a, 0x00, 0x02, 0x8d, 0x00,
  0x02, 0x20, 0x81, 0x00, 0x4a, 0x12, 0xa0, 0x2f, 0xc0, 0x0f, 0x00, 0x16,
  0x00, 0x00, 0x00, 0x00, 0x01, 0x00, 0x00, 0x20, 0x00, 0x7c, 0x31, 0x00,
  0x01, 0x20, 0x14, 0x20, 0x00, 0x31, 0x7c, 0x00, 0x02, 0x20, 0x81, 0x00,
  0x4a, 0x12, 0x60, 0x2f, 0xc0, 0x0f, 0x00, 0x16, 0x00, 0x00, 0x00, 0x00,
  0x01, 0x20, 0x00, 0x20, 0x00, 0x31, 0x7c, 0x00, 0x05, 0x20, 0x80, 0x02,
  0x42, 0x12, 0x00, 0x20, 0xa0, 0x0f, 0xb1, 0x12, 0x60, 0x0f, 0xb1, 0x00,
  0x01, 0x00, 0x00, 0x20, 0x00, 0x7c, 0x31, 0x00, 0x22, 0x00, 0xb1, 0x00,
  0x02, 0x0e, 0x00, 0x20, 0x10, 0x03, 0x00, 0x00, 0xa8, 0x02, 0x00, 0x00,
  0x22, 0x00, 0xa1, 0x00, 0x00, 0x0e, 0x00, 0x20, 0x78, 0x02, 0x00, 0x00,
  0x78, 0x02, 0x00, 0x00, 0x10, 0x00, 0x80, 0x05, 0xe2, 0x3a, 0x00, 0x20,
  0x40, 0x01, 0x00, 0x3a, 0xc0, 0x00, 0x8d, 0x00, 0x01, 0x00, 0x00, 0x00,
  0x4c, 0x16, 0xc8, 0x2f, 0x00, 0x00, 0x00, 0x00, 0x01, 0x00, 0x01, 0x00,
  0x01, 0x00, 0x00, 0x20, 0x00, 0x7e, 0x31, 0x00, 0x01, 0x20, 0x00, 0x20,
  0x00, 0x31, 0x7e, 0x00, 0x10, 0x20, 0x80, 0x05, 0xe2, 0x3a, 0x00, 0x20,
  0x40, 0x01, 0x00, 0x3a, 0x00, 0x02, 0x8d, 0x00, 0x01, 0x00, 0x00, 0x20,
  0x00, 0x7e, 0x31, 0x00, 0x01, 0x20, 0x00, 0x20, 0x00, 0x31, 0x7e, 0x00,
  0x01, 0x20, 0x00, 0x20, 0x00, 0x31, 0x7e, 0x00, 0x10, 0x00, 0x81, 0x03,
  0xe2, 0x3a, 0x00, 0x20, 0x40, 0x01, 0x00, 0x3e, 0x00, 0x00, 0x00, 0x00,
  0x01, 0x00, 0x00, 0x20, 0x00, 0x7e, 0x31, 0x00, 0x01, 0x20, 0x00, 0x20,
  0x00, 0x31, 0x7e, 0x00, 0x01, 0x20, 0x00, 0x20, 0x00, 0x31, 0x7e, 0x00,
  0x10, 0x20, 0x81, 0x03, 0xe2, 0x3a, 0x00, 0x20, 0x40, 0x01, 0x00, 0x3e,
  0x00, 0x00, 0x00, 0x00, 0x01, 0x00, 0x00, 0x20, 0x00, 0x7e, 0x31, 0x00,
  0x10, 0x00, 0x80, 0x05, 0xe6, 0x3a, 0x00, 0x20, 0x40, 0x01, 0x00, 0x3e,
  0xd0, 0x0f, 0xc9, 0x40, 0x01, 0x00, 0x00, 0x00, 0x0c, 0x00, 0xc4, 0x2f,
  0x20, 0x06, 0x00, 0x00, 0x00, 0x00, 0x00, 0x00, 0x01, 0x20, 0x14, 0x20,
  0x00, 0x31, 0x7e, 0x00, 0x10, 0x20, 0x80, 0x05, 0xe6, 0x3a, 0x00, 0x20,
  0x40, 0x01, 0x00, 0x3e, 0xd0, 0x0f, 0xc9, 0x40, 0x01, 0x00, 0x00, 0x00,
  0x0c, 0x00, 0xc4, 0x2f, 0x20, 0x06, 0x00, 0x00, 0x00, 0x00, 0x00, 0x00,
  0x01, 0x20, 0x14, 0x20, 0x00, 0x31, 0x7e, 0x00, 0x01, 0x20, 0x14, 0x20,
  0x00, 0x31, 0x7e, 0x00, 0x10, 0x00, 0x81, 0x05, 0xe2, 0x3a, 0x00, 0x20,
  0xc0, 0x01, 0x8d, 0x3a, 0x40, 0x01, 0x00, 0x00, 0x01, 0x00, 0x00, 0x00,
  0x0c, 0x00, 0xc4, 0x2f, 0x20, 0x06, 0x00, 0x00, 0x00, 0x00, 0x00, 0x00,
  0x01, 0x20, 0x14, 0x20, 0x00, 0x31, 0x7e, 0x00, 0x01, 0x20, 0x14, 0x20,
  0x00, 0x31, 0x7e, 0x00, 0x10, 0x20, 0x81, 0x05, 0xe2, 0x3a, 0x00, 0x20,
  0x80, 0x01, 0x8d, 0x3a, 0x40, 0x01, 0x00, 0x00, 0x01, 0x00, 0x00, 0x00,
  0x0c, 0x00, 0xc4, 0x2f, 0x20, 0x06, 0x00, 0x00, 0x00, 0x00, 0x00, 0x00,
  0x01, 0x20, 0x00, 0x20, 0x00, 0x31, 0x7e, 0x00, 0x02, 0x00, 0x81, 0x00,
  0x4a, 0x12, 0xa0, 0x2f, 0xc8, 0x0f, 0x00, 0x16, 0x00, 0x00, 0x00, 0x00,
  0x01, 0x20, 0x14, 0x20, 0x00, 0x31, 0x7e, 0x00, 0x02, 0x00, 0x81, 0x00,
  0x4a, 0x12, 0x80, 0x2f, 0xc8, 0x0f, 0x00, 0x16, 0x00, 0x00, 0x00, 0x00,
  0x06, 0x00, 0x80, 0x02, 0x42, 0x12, 0x00, 0x20, 0xa0, 0x0f, 0xb1, 0x12,
  0x80, 0x0f, 0xb1, 0x00, 0x01, 0x00, 0x00, 0x00, 0x0c, 0x00, 0xcc, 0x2f,
  0x20, 0x06, 0x00, 0x00, 0x00, 0x00, 0x00, 0x00, 0x01, 0x20, 0x00, 0x20,
  0x00, 0x31, 0x7e, 0x00, 0x02, 0x20, 0x81, 0x00, 0x4a, 0x12, 0x60, 0x2f,
  0xc8, 0x0f, 0x00, 0x16, 0x00, 0x00, 0x00, 0x00, 0x01, 0x20, 0x14, 0x20,
  0x00, 0x31, 0x7e, 0x00, 0x02, 0x20, 0x81, 0x00, 0x4a, 0x12, 0x40, 0x2f,
  0xc8, 0x0f, 0x00, 0x16, 0x00, 0x00, 0x00, 0x00, 0x01, 0x20, 0x1c, 0x20,
  0x00, 0x31, 0x7e, 0x00, 0x06, 0x20, 0x80, 0x02, 0x42, 0x12, 0x00, 0x20,
  0x60, 0x0f, 0xb1, 0x12, 0x40, 0x0f, 0xb1, 0x00, 0x01, 0x00, 0x00, 0x00,
  0x0c, 0x00, 0xcc, 0x2f, 0x20, 0x06, 0x00, 0x00, 0x00, 0x00, 0x00, 0x00,
  0x22, 0x00, 0xa1, 0x00, 0x02, 0x0e, 0x00, 0x20, 0x70, 0x00, 0x00, 0x00,
  0x70, 0x00, 0x00, 0x00, 0x01, 0x40, 0x18, 0x20, 0x00, 0x7e, 0x08, 0x00,
  0x40, 0x80, 0x19, 0x20, 0x00, 0x7c, 0x08, 0x18, 0x31, 0x00, 0x00, 0x0a,
  0x0c, 0x02, 0xa0, 0x2f, 0xc0, 0x0f, 0x00, 0x06, 0xfe, 0x08, 0x11, 0x02,
  0x31, 0x00, 0x00, 0x0a, 0x0c, 0x02, 0x60, 0x2f, 0x80, 0x0f, 0x00, 0x06,
  0xfe, 0x08, 0x11, 0x02, 0x40, 0x56, 0x02, 0x20, 0x07, 0x74, 0x74, 0x7d,
  0x40, 0x20, 0x80, 0x00, 0xe8, 0x3a, 0x40, 0x22, 0x40, 0x02, 0x8d, 0x3a,
  0xa0, 0x0f, 0x00, 0x00, 0x40, 0x56, 0x02, 0x20, 0x07, 0x20, 0x20, 0x7b,
  0x40, 0x20, 0x80, 0x00, 0xe8, 0x3a, 0x80, 0x22, 0x80, 0x02, 0x8d, 0x3a,
  0x60, 0x0f, 0x00, 0x00, 0x25, 0x00, 0xa0, 0x00, 0x00, 0x00, 0x00, 0x20,
  0x00, 0x00, 0x00, 0x0e, 0x10, 0x00, 0x00, 0x00, 0x25, 0x00, 0xa0, 0x00,
  0x00, 0x00, 0x00, 0x20, 0x00, 0x00, 0x00, 0x0e, 0x10, 0x00, 0x00, 0x00,
  0x24, 0x00, 0xa0, 0x00, 0x00, 0x0e, 0x00, 0x20, 0x78, 0x00, 0x00, 0x00,
  0x78, 0x00, 0x00, 0x00, 0x01, 0x40, 0x18, 0x20, 0x00, 0x7e, 0x08, 0x00,
  0x40, 0x00, 0x00, 0x00, 0x2c, 0x0a, 0x80, 0x2f, 0x08, 0x01, 0x00, 0x0a,
  0x04, 0x03, 0x00, 0x00, 0x31, 0x00, 0x00, 0x0a, 0x0c, 0x02, 0xa0, 0x2f,
  0xc0, 0x0f, 0x00, 0x06, 0xfe, 0x08, 0x11, 0x02, 0x31, 0x00, 0x00, 0x0a,
  0x0c, 0x02, 0x60, 0x2f, 0x80, 0x0f, 0x00, 0x06, 0xfe, 0x08, 0x11, 0x02,
  0x40, 0x56, 0x02, 0x20, 0x07, 0x74, 0x74, 0x7d, 0x40, 0x20, 0x80, 0x00,
  0xe8, 0x3a, 0x40, 0x22, 0x40, 0x02, 0x8d, 0x3a, 0xa0, 0x0f, 0x00, 0x00,
  0x40, 0x56, 0x02, 0x20, 0x07, 0x20, 0x20, 0x7b, 0x40, 0x20, 0x80, 0x00,
  0xe8, 0x3a, 0x80, 0x22, 0x80, 0x02, 0x8d, 0x3a, 0x60, 0x0f, 0x00, 0x00,
  0x25, 0x00, 0xa0, 0x00, 0x00, 0x00, 0x00, 0x20, 0x00, 0x00, 0x00, 0x0e,
  0x10, 0x00, 0x00, 0x00, 0x06, 0x00, 0x00, 0x00, 0x2c, 0x0a, 0xc0, 0x2f,
  0x04, 0x01, 0x00, 0x1e, 0x07, 0x00, 0x07, 0x00, 0x09, 0x00, 0x00, 0x00,
  0x2c, 0x0a, 0x08, 0x21, 0xc0, 0x0f, 0x00, 0x1e, 0x02, 0x00, 0x02, 0x00,
  0x01, 0x00, 0x00, 0x00, 0x4c, 0x16, 0xc0, 0x2f, 0x00, 0x00, 0x00, 0x00,
  0x01, 0x00, 0x01, 0x00, 0x40, 0x00, 0x00, 0x00, 0x2c, 0x0a, 0xa0, 0x2f,
  0x08, 0x01, 0x00, 0x0a, 0x0c, 0x01, 0x00, 0x00, 0x31, 0x00, 0x00, 0x0a,
  0x0c, 0x02, 0x40, 0x21, 0xa0, 0x0f, 0x00, 0x06, 0xfe, 0x08, 0x11, 0x02,
  0x10, 0x00, 0x80, 0x05, 0xe2, 0x3a, 0x00, 0x20, 0xc0, 0x01, 0x8d, 0x3a,
  0x40, 0x01, 0x00, 0x00, 0x01, 0x00, 0x00, 0x20, 0x00, 0x7c, 0x31, 0x00,
  0x10, 0x20, 0x80, 0x05, 0xe2, 0x3a, 0x00, 0x20, 0x80, 0x01, 0x8d, 0x3a,
  0x40, 0x01, 0x00, 0x00, 0x01, 0x00, 0x00, 0x00, 0x0c, 0x00, 0x84, 0x2f,
  0x20, 0x06, 0x00, 0x00, 0x00, 0x00, 0x00, 0x00, 0x01, 0x20, 0x00, 0x20,
  0x00, 0x31, 0x7c, 0x00, 0x01, 0x20, 0x00, 0x20, 0x00, 0x31, 0x7c, 0x00,
  0x10, 0x00, 0x81, 0x05, 0xe2, 0x3a, 0x00, 0x20, 0xc0, 0x01, 0x8d, 0x3a,
  0xc0, 0x00, 0x8d, 0x00, 0x01, 0x00, 0x00, 0x20, 0x00, 0x7c, 0x31, 0x00,
  0x01, 0x20, 0x14, 0x20, 0x00, 0x31, 0x7c, 0x00, 0x01, 0x20, 0x14, 0x20,
  0x00, 0x31, 0x7c, 0x00, 0x10, 0x20, 0x81, 0x05, 0xe2, 0x3a, 0x00, 0x20,
  0x80, 0x01, 0x8d, 0x3a, 0x00, 0x02, 0x8d, 0x00, 0x01, 0x00, 0x00, 0x00,
  0x0c, 0x00, 0x84, 0x2f, 0x20, 0x06, 0x00, 0x00, 0x00, 0x00, 0x00, 0x00,
  0x01, 0x20, 0x00, 0x20, 0x00, 0x31, 0x7c, 0x00, 0x01, 0x20, 0x00, 0x20,
  0x00, 0x31, 0x7c, 0x00, 0x10, 0x00, 0x81, 0x05, 0xe2, 0x3a, 0x00, 0x20,
  0x40, 0x01, 0x00, 0x3a, 0xc0, 0x00, 0x8d, 0x00, 0x01, 0x00, 0x00, 0x20,
  0x00, 0x7c, 0x31, 0x00, 0x01, 0x20, 0x00, 0x20, 0x00, 0x31, 0x7c, 0x00,
  0x10, 0x20, 0x80, 0x05, 0xe2, 0x3a, 0x00, 0x20, 0x40, 0x01, 0x00, 0x3a,
  0x00, 0x02, 0x8d, 0x00, 0x02, 0x20, 0x81, 0x00, 0x4a, 0x12, 0xa0, 0x2f,
  0xc0, 0x0f, 0x00, 0x16, 0x00, 0x00, 0x00, 0x00, 0x01, 0x00, 0x00, 0x20,
  0x00, 0x7c, 0x31, 0x00, 0x01, 0x20, 0x14, 0x20, 0x00, 0x31, 0x7c, 0x00,
  0x02, 0x20, 0x81, 0x00, 0x4a, 0x12, 0x60, 0x2f, 0xc0, 0x0f, 0x00, 0x16,
  0x00, 0x00, 0x00, 0x00, 0x01, 0x20, 0x00, 0x20, 0x00, 0x31, 0x7c, 0x00,
  0x05, 0x20, 0x80, 0x02, 0x42, 0x12, 0x00, 0x20, 0xa0, 0x0f, 0xb1, 0x12,
  0x60, 0x0f, 0xb1, 0x00, 0x01, 0x00, 0x00, 0x20, 0x00, 0x7c, 0x31, 0x00,
  0x22, 0x00, 0xb1, 0x00, 0x02, 0x0e, 0x00, 0x20, 0x18, 0x03, 0x00, 0x00,
  0xb0, 0x02, 0x00, 0x00, 0x22, 0x00, 0xa1, 0x00, 0x00, 0x0e, 0x00, 0x20,
  0x80, 0x02, 0x00, 0x00, 0x80, 0x02, 0x00, 0x00, 0x10, 0x00, 0x80, 0x05,
  0xe2, 0x3a, 0x00, 0x20, 0x40, 0x01, 0x00, 0x3a, 0xc0, 0x00, 0x8d, 0x00,
  0x01, 0x00, 0x00, 0x00, 0x4c, 0x16, 0xc8, 0x2f, 0x00, 0x00, 0x00, 0x00,
  0x01, 0x00, 0x01, 0x00, 0x01, 0x00, 0x00, 0x20, 0x00, 0x7e, 0x31, 0x00,
  0x01, 0x20, 0x00, 0x20, 0x00, 0x31, 0x7e, 0x00, 0x10, 0x20, 0x80, 0x05,
  0xe2, 0x3a, 0x00, 0x20, 0x40, 0x01, 0x00, 0x3a, 0x00, 0x02, 0x8d, 0x00,
  0x01, 0x00, 0x00, 0x20, 0x00, 0x7e, 0x31, 0x00, 0x01, 0x20, 0x00, 0x20,
  0x00, 0x31, 0x7e, 0x00, 0x01, 0x20, 0x00, 0x20, 0x00, 0x31, 0x7e, 0x00,
  0x10, 0x00, 0x81, 0x03, 0xe2, 0x3a, 0x00, 0x20, 0x40, 0x01, 0x00, 0x3e,
  0x00, 0x00, 0x00, 0x00, 0x01, 0x00, 0x00, 0x20, 0x00, 0x7e, 0x31, 0x00,
  0x01, 0x20, 0x00, 0x20, 0x00, 0x31, 0x7e, 0x00, 0x01, 0x20, 0x00, 0x20,
  0x00, 0x31, 0x7e, 0x00, 0x10, 0x20, 0x81, 0x03, 0xe2, 0x3a, 0x00, 0x20,
  0x40, 0x01, 0x00, 0x3e, 0x00, 0x00, 0x00, 0x00, 0x01, 0x00, 0x00, 0x20,
  0x00, 0x7e, 0x31, 0x00, 0x10, 0x00, 0x80, 0x05, 0xe6, 0x3a, 0x00, 0x20,
  0x40, 0x01, 0x00, 0x3e, 0xd0, 0x0f, 0xc9, 0x40, 0x01, 0x00, 0x00, 0x00,
  0x0c, 0x00, 0xc4, 0x2f, 0x20, 0x06, 0x00, 0x00, 0x00, 0x00, 0x00, 0x00,
  0x01, 0x20, 0x14, 0x20, 0x00, 0x31, 0x7e, 0x00, 0x10, 0x20, 0x80, 0x05,
  0xe6, 0x3a, 0x00, 0x20, 0x40, 0x01, 0x00, 0x3e, 0xd0, 0x0f, 0xc9, 0x40,
  0x01, 0x00, 0x00, 0x00, 0x0c, 0x00, 0xc4, 0x2f, 0x20, 0x06, 0x00, 0x00,
  0x00, 0x00, 0x00, 0x00, 0x01, 0x20, 0x14, 0x20, 0x00, 0x31, 0x7e, 0x00,
  0x01, 0x20, 0x14, 0x20, 0x00, 0x31, 0x7e, 0x00, 0x10, 0x00, 0x81, 0x05,
  0xe2, 0x3a, 0x00, 0x20, 0xc0, 0x01, 0x8d, 0x3a, 0x40, 0x01, 0x00, 0x00,
  0x01, 0x00, 0x00, 0x00, 0x0c, 0x00, 0xc4, 0x2f, 0x20, 0x06, 0x00, 0x00,
  0x00, 0x00, 0x00, 0x00, 0x01, 0x20, 0x14, 0x20, 0x00, 0x31, 0x7e, 0x00,
  0x01, 0x20, 0x14, 0x20, 0x00, 0x31, 0x7e, 0x00, 0x10, 0x20, 0x81, 0x05,
  0xe2, 0x3a, 0x00, 0x20, 0x80, 0x01, 0x8d, 0x3a, 0x40, 0x01, 0x00, 0x00,
  0x01, 0x00, 0x00, 0x00, 0x0c, 0x00, 0xc4, 0x2f, 0x20, 0x06, 0x00, 0x00,
  0x00, 0x00, 0x00, 0x00, 0x01, 0x20, 0x00, 0x20, 0x00, 0x31, 0x7e, 0x00,
  0x02, 0x00, 0x81, 0x00, 0x4a, 0x12, 0xa0, 0x2f, 0xc8, 0x0f, 0x00, 0x16,
  0x00, 0x00, 0x00, 0x00, 0x01, 0x20, 0x14, 0x20, 0x00, 0x31, 0x7e, 0x00,
  0x02, 0x00, 0x81, 0x00, 0x4a, 0x12, 0x80, 0x2f, 0xc8, 0x0f, 0x00, 0x16,
  0x00, 0x00, 0x00, 0x00, 0x06, 0x00, 0x80, 0x02, 0x42, 0x12, 0x00, 0x20,
  0xa0, 0x0f, 0xb1, 0x12, 0x80, 0x0f, 0xb1, 0x00, 0x01, 0x00, 0x00, 0x00,
  0x0c, 0x00, 0xcc, 0x2f, 0x20, 0x06, 0x00, 0x00, 0x00, 0x00, 0x00, 0x00,
  0x01, 0x20, 0x00, 0x20, 0x00, 0x31, 0x7e, 0x00, 0x02, 0x20, 0x81, 0x00,
  0x4a, 0x12, 0x60, 0x2f, 0xc8, 0x0f, 0x00, 0x16, 0x00, 0x00, 0x00, 0x00,
  0x01, 0x20, 0x14, 0x20, 0x00, 0x31, 0x7e, 0x00, 0x02, 0x20, 0x81, 0x00,
  0x4a, 0x12, 0x40, 0x2f, 0xc8, 0x0f, 0x00, 0x16, 0x00, 0x00, 0x00, 0x00,
  0x01, 0x20, 0x1c, 0x20, 0x00, 0x31, 0x7e, 0x00, 0x06, 0x20, 0x80, 0x02,
  0x42, 0x12, 0x00, 0x20, 0x60, 0x0f, 0xb1, 0x12, 0x40, 0x0f, 0xb1, 0x00,
  0x01, 0x00, 0x00, 0x00, 0x0c, 0x00, 0xcc, 0x2f, 0x20, 0x06, 0x00, 0x00,
  0x00, 0x00, 0x00, 0x00, 0x22, 0x00, 0xa1, 0x00, 0x02, 0x0e, 0x00, 0x20,
  0x78, 0x00, 0x00, 0x00, 0x78, 0x00, 0x00, 0x00, 0x01, 0x40, 0x18, 0x20,
  0x00, 0x7e, 0x08, 0x00, 0x40, 0x00, 0x00, 0x00, 0x2c, 0x0a, 0x80, 0x2f,
  0x08, 0x01, 0x00, 0x0a, 0x08, 0x03, 0x00, 0x00, 0x31, 0x00, 0x00, 0x0a,
  0x0c, 0x02, 0xa0, 0x2f, 0xc0, 0x0f, 0x00, 0x06, 0xfe, 0x08, 0x11, 0x02,
  0x31, 0x00, 0x00, 0x0a, 0x0c, 0x02, 0x60, 0x2f, 0x80, 0x0f, 0x00, 0x06,
  0xfe, 0x08, 0x11, 0x02, 0x40, 0x56, 0x02, 0x20, 0x07, 0x74, 0x74, 0x7d,
  0x40, 0x20, 0x80, 0x00, 0xe8, 0x3a, 0x40, 0x22, 0x40, 0x02, 0x8d, 0x3a,
  0xa0, 0x0f, 0x00, 0x00, 0x40, 0x56, 0x02, 0x20, 0x07, 0x20, 0x20, 0x7b,
  0x40, 0x20, 0x80, 0x00, 0xe8, 0x3a, 0x80, 0x22, 0x80, 0x02, 0x8d, 0x3a,
  0x60, 0x0f, 0x00, 0x00, 0x25, 0x00, 0xa0, 0x00, 0x00, 0x00, 0x00, 0x20,
  0x00, 0x00, 0x00, 0x0e, 0x10, 0x00, 0x00, 0x00, 0x25, 0x00, 0xa0, 0x00,
  0x00, 0x00, 0x00, 0x20, 0x00, 0x00, 0x00, 0x0e, 0x10, 0x00, 0x00, 0x00,
  0x24, 0x00, 0xa0, 0x00, 0x00, 0x0e, 0x00, 0x20, 0x78, 0x00, 0x00, 0x00,
  0x78, 0x00, 0x00, 0x00, 0x01, 0x40, 0x18, 0x20, 0x00, 0x7e, 0x08, 0x00,
  0x40, 0x00, 0x00, 0x00, 0x2c, 0x0a, 0x80, 0x2f, 0x08, 0x01, 0x00, 0x0a,
  0x0c, 0x03, 0x00, 0x00, 0x31, 0x00, 0x00, 0x0a, 0x0c, 0x02, 0xa0, 0x2f,
  0xc0, 0x0f, 0x00, 0x06, 0xfe, 0x08, 0x11, 0x02, 0x31, 0x00, 0x00, 0x0a,
  0x0c, 0x02, 0x60, 0x2f, 0x80, 0x0f, 0x00, 0x06, 0xfe, 0x08, 0x11, 0x02,
  0x40, 0x56, 0x02, 0x20, 0x07, 0x74, 0x74, 0x7d, 0x40, 0x20, 0x80, 0x00,
  0xe8, 0x3a, 0x40, 0x22, 0x40, 0x02, 0x8d, 0x3a, 0xa0, 0x0f, 0x00, 0x00,
  0x40, 0x56, 0x02, 0x20, 0x07, 0x20, 0x20, 0x7b, 0x40, 0x20, 0x80, 0x00,
  0xe8, 0x3a, 0x80, 0x22, 0x80, 0x02, 0x8d, 0x3a, 0x60, 0x0f, 0x00, 0x00,
  0x25, 0x00, 0xa0, 0x00, 0x00, 0x00, 0x00, 0x20, 0x00, 0x00, 0x00, 0x0e,
  0x10, 0x00, 0x00, 0x00, 0x06, 0x00, 0x00, 0x00, 0x2c, 0x0a, 0xc0, 0x2f,
  0x04, 0x01, 0x00, 0x1e, 0x08, 0x00, 0x08, 0x00, 0x09, 0x00, 0x00, 0x00,
  0x2c, 0x0a, 0x08, 0x21, 0xc0, 0x0f, 0x00, 0x1e, 0x02, 0x00, 0x02, 0x00,
  0x01, 0x00, 0x00, 0x00, 0x4c, 0x16, 0xc0, 0x2f, 0x00, 0x00, 0x00, 0x00,
  0x01, 0x00, 0x01, 0x00, 0x40, 0x00, 0x00, 0x00, 0x2c, 0x0a, 0xa0, 0x2f,
  0x08, 0x01, 0x00, 0x0a, 0x0c, 0x01, 0x00, 0x00, 0x31, 0x00, 0x00, 0x0a,
  0x0c, 0x02, 0x40, 0x21, 0xa0, 0x0f, 0x00, 0x06, 0xfe, 0x08, 0x11, 0x02,
  0x10, 0x00, 0x80, 0x05, 0xe2, 0x3a, 0x00, 0x20, 0xc0, 0x01, 0x8d, 0x3a,
  0x40, 0x01, 0x00, 0x00, 0x01, 0x00, 0x00, 0x20, 0x00, 0x7c, 0x31, 0x00,
  0x10, 0x20, 0x80, 0x05, 0xe2, 0x3a, 0x00, 0x20, 0x80, 0x01, 0x8d, 0x3a,
  0x40, 0x01, 0x00, 0x00, 0x01, 0x00, 0x00, 0x00, 0x0c, 0x00, 0x84, 0x2f,
  0x20, 0x06, 0x00, 0x00, 0x00, 0x00, 0x00, 0x00, 0x01, 0x20, 0x00, 0x20,
  0x00, 0x31, 0x7c, 0x00, 0x01, 0x20, 0x00, 0x20, 0x00, 0x31, 0x7c, 0x00,
  0x10, 0x00, 0x81, 0x05, 0xe2, 0x3a, 0x00, 0x20, 0xc0, 0x01, 0x8d, 0x3a,
  0xc0, 0x00, 0x8d, 0x00, 0x01, 0x00, 0x00, 0x20, 0x00, 0x7c, 0x31, 0x00,
  0x01, 0x20, 0x14, 0x20, 0x00, 0x31, 0x7c, 0x00, 0x01, 0x20, 0x14, 0x20,
  0x00, 0x31, 0x7c, 0x00, 0x10, 0x20, 0x81, 0x05, 0xe2, 0x3a, 0x00, 0x20,
  0x80, 0x01, 0x8d, 0x3a, 0x00, 0x02, 0x8d, 0x00, 0x01, 0x00, 0x00, 0x00,
  0x0c, 0x00, 0x84, 0x2f, 0x20, 0x06, 0x00, 0x00, 0x00, 0x00, 0x00, 0x00,
  0x01, 0x20, 0x00, 0x20, 0x00, 0x31, 0x7c, 0x00, 0x01, 0x20, 0x00, 0x20,
  0x00, 0x31, 0x7c, 0x00, 0x10, 0x00, 0x81, 0x05, 0xe2, 0x3a, 0x00, 0x20,
  0x40, 0x01, 0x00, 0x3a, 0xc0, 0x00, 0x8d, 0x00, 0x01, 0x00, 0x00, 0x20,
  0x00, 0x7c, 0x31, 0x00, 0x01, 0x20, 0x00, 0x20, 0x00, 0x31, 0x7c, 0x00,
  0x10, 0x20, 0x80, 0x05, 0xe2, 0x3a, 0x00, 0x20, 0x40, 0x01, 0x00, 0x3a,
  0x00, 0x02, 0x8d, 0x00, 0x02, 0x20, 0x81, 0x00, 0x4a, 0x12, 0xa0, 0x2f,
  0xc0, 0x0f, 0x00, 0x16, 0x00, 0x00, 0x00, 0x00, 0x01, 0x00, 0x00, 0x20,
  0x00, 0x7c, 0x31, 0x00, 0x01, 0x20, 0x14, 0x20, 0x00, 0x31, 0x7c, 0x00,
  0x02, 0x20, 0x81, 0x00, 0x4a, 0x12, 0x60, 0x2f, 0xc0, 0x0f, 0x00, 0x16,
  0x00, 0x00, 0x00, 0x00, 0x01, 0x20, 0x00, 0x20, 0x00, 0x31, 0x7c, 0x00,
  0x05, 0x20, 0x80, 0x02, 0x42, 0x12, 0x00, 0x20, 0xa0, 0x0f, 0xb1, 0x12,
  0x60, 0x0f, 0xb1, 0x00, 0x01, 0x00, 0x00, 0x20, 0x00, 0x7c, 0x31, 0x00,
  0x22, 0x00, 0xb1, 0x00, 0x02, 0x0e, 0x00, 0x20, 0x18, 0x03, 0x00, 0x00,
  0xb0, 0x02, 0x00, 0x00, 0x22, 0x00, 0xa1, 0x00, 0x00, 0x0e, 0x00, 0x20,
  0x80, 0x02, 0x00, 0x00, 0x80, 0x02, 0x00, 0x00, 0x10, 0x00, 0x80, 0x05,
  0xe2, 0x3a, 0x00, 0x20, 0x40, 0x01, 0x00, 0x3a, 0xc0, 0x00, 0x8d, 0x00,
  0x01, 0x00, 0x00, 0x00, 0x4c, 0x16, 0xc8, 0x2f, 0x00, 0x00, 0x00, 0x00,
  0x01, 0x00, 0x01, 0x00, 0x01, 0x00, 0x00, 0x20, 0x00, 0x7e, 0x31, 0x00,
  0x01, 0x20, 0x00, 0x20, 0x00, 0x31, 0x7e, 0x00, 0x10, 0x20, 0x80, 0x05,
  0xe2, 0x3a, 0x00, 0x20, 0x40, 0x01, 0x00, 0x3a, 0x00, 0x02, 0x8d, 0x00,
  0x01, 0x00, 0x00, 0x20, 0x00, 0x7e, 0x31, 0x00, 0x01, 0x20, 0x00, 0x20,
  0x00, 0x31, 0x7e, 0x00, 0x01, 0x20, 0x00, 0x20, 0x00, 0x31, 0x7e, 0x00,
  0x10, 0x00, 0x81, 0x03, 0xe2, 0x3a, 0x00, 0x20, 0x40, 0x01, 0x00, 0x3e,
  0x00, 0x00, 0x00, 0x00, 0x01, 0x00, 0x00, 0x20, 0x00, 0x7e, 0x31, 0x00,
  0x01, 0x20, 0x00, 0x20, 0x00, 0x31, 0x7e, 0x00, 0x01, 0x20, 0x00, 0x20,
  0x00, 0x31, 0x7e, 0x00, 0x10, 0x20, 0x81, 0x03, 0xe2, 0x3a, 0x00, 0x20,
  0x40, 0x01, 0x00, 0x3e, 0x00, 0x00, 0x00, 0x00, 0x01, 0x00, 0x00, 0x20,
  0x00, 0x7e, 0x31, 0x00, 0x10, 0x00, 0x80, 0x05, 0xe6, 0x3a, 0x00, 0x20,
  0x40, 0x01, 0x00, 0x3e, 0xd0, 0x0f, 0xc9, 0x40, 0x01, 0x00, 0x00, 0x00,
  0x0c, 0x00, 0xc4, 0x2f, 0x20, 0x06, 0x00, 0x00, 0x00, 0x00, 0x00, 0x00,
  0x01, 0x20, 0x14, 0x20, 0x00, 0x31, 0x7e, 0x00, 0x10, 0x20, 0x80, 0x05,
  0xe6, 0x3a, 0x00, 0x20, 0x40, 0x01, 0x00, 0x3e, 0xd0, 0x0f, 0xc9, 0x40,
  0x01, 0x00, 0x00, 0x00, 0x0c, 0x00, 0xc4, 0x2f, 0x20, 0x06, 0x00, 0x00,
  0x00, 0x00, 0x00, 0x00, 0x01, 0x20, 0x14, 0x20, 0x00, 0x31, 0x7e, 0x00,
  0x01, 0x20, 0x14, 0x20, 0x00, 0x31, 0x7e, 0x00, 0x10, 0x00, 0x81, 0x05,
  0xe2, 0x3a, 0x00, 0x20, 0xc0, 0x01, 0x8d, 0x3a, 0x40, 0x01, 0x00, 0x00,
  0x01, 0x00, 0x00, 0x00, 0x0c, 0x00, 0xc4, 0x2f, 0x20, 0x06, 0x00, 0x00,
  0x00, 0x00, 0x00, 0x00, 0x01, 0x20, 0x14, 0x20, 0x00, 0x31, 0x7e, 0x00,
  0x01, 0x20, 0x14, 0x20, 0x00, 0x31, 0x7e, 0x00, 0x10, 0x20, 0x81, 0x05,
  0xe2, 0x3a, 0x00, 0x20, 0x80, 0x01, 0x8d, 0x3a, 0x40, 0x01, 0x00, 0x00,
  0x01, 0x00, 0x00, 0x00, 0x0c, 0x00, 0xc4, 0x2f, 0x20, 0x06, 0x00, 0x00,
  0x00, 0x00, 0x00, 0x00, 0x01, 0x20, 0x00, 0x20, 0x00, 0x31, 0x7e, 0x00,
  0x02, 0x00, 0x81, 0x00, 0x4a, 0x12, 0xa0, 0x2f, 0xc8, 0x0f, 0x00, 0x16,
  0x00, 0x00, 0x00, 0x00, 0x01, 0x20, 0x14, 0x20, 0x00, 0x31, 0x7e, 0x00,
  0x02, 0x00, 0x81, 0x00, 0x4a, 0x12, 0x80, 0x2f, 0xc8, 0x0f, 0x00, 0x16,
  0x00, 0x00, 0x00, 0x00, 0x06, 0x00, 0x80, 0x02, 0x42, 0x12, 0x00, 0x20,
  0xa0, 0x0f, 0xb1, 0x12, 0x80, 0x0f, 0xb1, 0x00, 0x01, 0x00, 0x00, 0x00,
  0x0c, 0x00, 0xcc, 0x2f, 0x20, 0x06, 0x00, 0x00, 0x00, 0x00, 0x00, 0x00,
  0x01, 0x20, 0x00, 0x20, 0x00, 0x31, 0x7e, 0x00, 0x02, 0x20, 0x81, 0x00,
  0x4a, 0x12, 0x60, 0x2f, 0xc8, 0x0f, 0x00, 0x16, 0x00, 0x00, 0x00, 0x00,
  0x01, 0x20, 0x14, 0x20, 0x00, 0x31, 0x7e, 0x00, 0x02, 0x20, 0x81, 0x00,
  0x4a, 0x12, 0x40, 0x2f, 0xc8, 0x0f, 0x00, 0x16, 0x00, 0x00, 0x00, 0x00,
  0x01, 0x20, 0x1c, 0x20, 0x00, 0x31, 0x7e, 0x00, 0x06, 0x20, 0x80, 0x02,
  0x42, 0x12, 0x00, 0x20, 0x60, 0x0f, 0xb1, 0x12, 0x40, 0x0f, 0xb1, 0x00,
  0x01, 0x00, 0x00, 0x00, 0x0c, 0x00, 0xcc, 0x2f, 0x20, 0x06, 0x00, 0x00,
  0x00, 0x00, 0x00, 0x00, 0x22, 0x00, 0xa1, 0x00, 0x02, 0x0e, 0x00, 0x20,
  0x78, 0x00, 0x00, 0x00, 0x78, 0x00, 0x00, 0x00, 0x01, 0x40, 0x18, 0x20,
  0x00, 0x7e, 0x08, 0x00, 0x40, 0x00, 0x00, 0x00, 0x2c, 0x0a, 0x80, 0x2f,
  0x08, 0x01, 0x00, 0x0a, 0xd0, 0x02, 0x00, 0x00, 0x31, 0x00, 0x00, 0x0a,
  0x0c, 0x02, 0xa0, 0x2f, 0xc0, 0x0f, 0x00, 0x06, 0xfe, 0x08, 0x11, 0x02,
  0x31, 0x00, 0x00, 0x0a, 0x0c, 0x02, 0x60, 0x2f, 0x80, 0x0f, 0x00, 0x06,
  0xfe, 0x08, 0x11, 0x02, 0x40, 0x56, 0x02, 0x20, 0x07, 0x74, 0x74, 0x7d,
  0x40, 0x20, 0x80, 0x00, 0xe8, 0x3a, 0x40, 0x22, 0x40, 0x02, 0x8d, 0x3a,
  0xa0, 0x0f, 0x00, 0x00, 0x40, 0x56, 0x02, 0x20, 0x07, 0x20, 0x20, 0x7b,
  0x40, 0x20, 0x80, 0x00, 0xe8, 0x3a, 0x80, 0x22, 0x80, 0x02, 0x8d, 0x3a,
  0x60, 0x0f, 0x00, 0x00, 0x25, 0x00, 0xa0, 0x00, 0x00, 0x00, 0x00, 0x20,
  0x00, 0x00, 0x00, 0x0e, 0x10, 0x00, 0x00, 0x00, 0x25, 0x00, 0xa0, 0x00,
  0x00, 0x00, 0x00, 0x20, 0x00, 0x00, 0x00, 0x0e, 0x10, 0x00, 0x00, 0x00,
  0x24, 0x00, 0xa0, 0x00, 0x00, 0x0e, 0x00, 0x20, 0x78, 0x00, 0x00, 0x00,
  0x78, 0x00, 0x00, 0x00, 0x01, 0x40, 0x18, 0x20, 0x00, 0x7e, 0x08, 0x00,
  0x40, 0x00, 0x00, 0x00, 0x2c, 0x0a, 0x80, 0x2f, 0x08, 0x01, 0x00, 0x0a,
  0xd4, 0x02, 0x00, 0x00, 0x31, 0x00, 0x00, 0x0a, 0x0c, 0x02, 0xa0, 0x2f,
  0xc0, 0x0f, 0x00, 0x06, 0xfe, 0x08, 0x11, 0x02, 0x31, 0x00, 0x00, 0x0a,
  0x0c, 0x02, 0x60, 0x2f, 0x80, 0x0f, 0x00, 0x06, 0xfe, 0x08, 0x11, 0x02,
  0x40, 0x56, 0x02, 0x20, 0x07, 0x74, 0x74, 0x7d, 0x40, 0x20, 0x80, 0x00,
  0xe8, 0x3a, 0x40, 0x22, 0x40, 0x02, 0x8d, 0x3a, 0xa0, 0x0f, 0x00, 0x00,
  0x40, 0x56, 0x02, 0x20, 0x07, 0x20, 0x20, 0x7b, 0x40, 0x20, 0x80, 0x00,
  0xe8, 0x3a, 0x80, 0x22, 0x80, 0x02, 0x8d, 0x3a, 0x60, 0x0f, 0x00, 0x00,
  0x25, 0x00, 0xa0, 0x00, 0x00, 0x00, 0x00, 0x20, 0x00, 0x00, 0x00, 0x0e,
  0x10, 0x00, 0x00, 0x00, 0x06, 0x00, 0x00, 0x00, 0x2c, 0x0a, 0xc0, 0x2f,
  0x04, 0x01, 0x00, 0x1e, 0x09, 0x00, 0x09, 0x00, 0x09, 0x00, 0x00, 0x00,
  0x2c, 0x0a, 0x08, 0x21, 0xc0, 0x0f, 0x00, 0x1e, 0x02, 0x00, 0x02, 0x00,
  0x01, 0x00, 0x00, 0x00, 0x4c, 0x16, 0xc0, 0x2f, 0x00, 0x00, 0x00, 0x00,
  0x01, 0x00, 0x01, 0x00, 0x40, 0x00, 0x00, 0x00, 0x2c, 0x0a, 0xa0, 0x2f,
  0x08, 0x01, 0x00, 0x0a, 0x0c, 0x01, 0x00, 0x00, 0x31, 0x00, 0x00, 0x0a,
  0x0c, 0x02, 0x40, 0x21, 0xa0, 0x0f, 0x00, 0x06, 0xfe, 0x08, 0x11, 0x02,
  0x10, 0x00, 0x80, 0x05, 0xe2, 0x3a, 0x00, 0x20, 0xc0, 0x01, 0x8d, 0x3a,
  0x40, 0x01, 0x00, 0x00, 0x01, 0x00, 0x00, 0x20, 0x00, 0x7c, 0x31, 0x00,
  0x10, 0x20, 0x80, 0x05, 0xe2, 0x3a, 0x00, 0x20, 0x80, 0x01, 0x8d, 0x3a,
  0x40, 0x01, 0x00, 0x00, 0x01, 0x00, 0x00, 0x00, 0x0c, 0x00, 0x84, 0x2f,
  0x20, 0x06, 0x00, 0x00, 0x00, 0x00, 0x00, 0x00, 0x01, 0x20, 0x00, 0x20,
  0x00, 0x31, 0x7c, 0x00, 0x01, 0x20, 0x00, 0x20, 0x00, 0x31, 0x7c, 0x00,
  0x10, 0x00, 0x81, 0x05, 0xe2, 0x3a, 0x00, 0x20, 0xc0, 0x01, 0x8d, 0x3a,
  0xc0, 0x00, 0x8d, 0x00, 0x01, 0x00, 0x00, 0x20, 0x00, 0x7c, 0x31, 0x00,
  0x01, 0x20, 0x14, 0x20, 0x00, 0x31, 0x7c, 0x00, 0x01, 0x20, 0x14, 0x20,
  0x00, 0x31, 0x7c, 0x00, 0x10, 0x20, 0x81, 0x05, 0xe2, 0x3a, 0x00, 0x20,
  0x80, 0x01, 0x8d, 0x3a, 0x00, 0x02, 0x8d, 0x00, 0x01, 0x00, 0x00, 0x00,
  0x0c, 0x00, 0x84, 0x2f, 0x20, 0x06, 0x00, 0x00, 0x00, 0x00, 0x00, 0x00,
  0x01, 0x20, 0x00, 0x20, 0x00, 0x31, 0x7c, 0x00, 0x01, 0x20, 0x00, 0x20,
  0x00, 0x31, 0x7c, 0x00, 0x10, 0x00, 0x81, 0x05, 0xe2, 0x3a, 0x00, 0x20,
  0x40, 0x01, 0x00, 0x3a, 0xc0, 0x00, 0x8d, 0x00, 0x01, 0x00, 0x00, 0x20,
  0x00, 0x7c, 0x31, 0x00, 0x01, 0x20, 0x00, 0x20, 0x00, 0x31, 0x7c, 0x00,
  0x10, 0x20, 0x80, 0x05, 0xe2, 0x3a, 0x00, 0x20, 0x40, 0x01, 0x00, 0x3a,
  0x00, 0x02, 0x8d, 0x00, 0x02, 0x20, 0x81, 0x00, 0x4a, 0x12, 0xa0, 0x2f,
  0xc0, 0x0f, 0x00, 0x16, 0x00, 0x00, 0x00, 0x00, 0x01, 0x00, 0x00, 0x20,
  0x00, 0x7c, 0x31, 0x00, 0x01, 0x20, 0x14, 0x20, 0x00, 0x31, 0x7c, 0x00,
  0x02, 0x20, 0x81, 0x00, 0x4a, 0x12, 0x60, 0x2f, 0xc0, 0x0f, 0x00, 0x16,
  0x00, 0x00, 0x00, 0x00, 0x01, 0x20, 0x00, 0x20, 0x00, 0x31, 0x7c, 0x00,
  0x05, 0x20, 0x80, 0x02, 0x42, 0x12, 0x00, 0x20, 0xa0, 0x0f, 0xb1, 0x12,
  0x60, 0x0f, 0xb1, 0x00, 0x01, 0x00, 0x00, 0x20, 0x00, 0x7c, 0x31, 0x00,
  0x22, 0x00, 0xb1, 0x00, 0x02, 0x0e, 0x00, 0x20, 0x18, 0x03, 0x00, 0x00,
  0xb0, 0x02, 0x00, 0x00, 0x22, 0x00, 0xa1, 0x00, 0x00, 0x0e, 0x00, 0x20,
  0x80, 0x02, 0x00, 0x00, 0x80, 0x02, 0x00, 0x00, 0x10, 0x00, 0x80, 0x05,
  0xe2, 0x3a, 0x00, 0x20, 0x40, 0x01, 0x00, 0x3a, 0xc0, 0x00, 0x8d, 0x00,
  0x01, 0x00, 0x00, 0x00, 0x4c, 0x16, 0xc8, 0x2f, 0x00, 0x00, 0x00, 0x00,
  0x01, 0x00, 0x01, 0x00, 0x01, 0x00, 0x00, 0x20, 0x00, 0x7e, 0x31, 0x00,
  0x01, 0x20, 0x00, 0x20, 0x00, 0x31, 0x7e, 0x00, 0x10, 0x20, 0x80, 0x05,
  0xe2, 0x3a, 0x00, 0x20, 0x40, 0x01, 0x00, 0x3a, 0x00, 0x02, 0x8d, 0x00,
  0x01, 0x00, 0x00, 0x20, 0x00, 0x7e, 0x31, 0x00, 0x01, 0x20, 0x00, 0x20,
  0x00, 0x31, 0x7e, 0x00, 0x01, 0x20, 0x00, 0x20, 0x00, 0x31, 0x7e, 0x00,
  0x10, 0x00, 0x81, 0x03, 0xe2, 0x3a, 0x00, 0x20, 0x40, 0x01, 0x00, 0x3e,
  0x00, 0x00, 0x00, 0x00, 0x01, 0x00, 0x00, 0x20, 0x00, 0x7e, 0x31, 0x00,
  0x01, 0x20, 0x00, 0x20, 0x00, 0x31, 0x7e, 0x00, 0x01, 0x20, 0x00, 0x20,
  0x00, 0x31, 0x7e, 0x00, 0x10, 0x20, 0x81, 0x03, 0xe2, 0x3a, 0x00, 0x20,
  0x40, 0x01, 0x00, 0x3e, 0x00, 0x00, 0x00, 0x00, 0x01, 0x00, 0x00, 0x20,
  0x00, 0x7e, 0x31, 0x00, 0x10, 0x00, 0x80, 0x05, 0xe6, 0x3a, 0x00, 0x20,
  0x40, 0x01, 0x00, 0x3e, 0xd0, 0x0f, 0xc9, 0x40, 0x01, 0x00, 0x00, 0x00,
  0x0c, 0x00, 0xc4, 0x2f, 0x20, 0x06, 0x00, 0x00, 0x00, 0x00, 0x00, 0x00,
  0x01, 0x20, 0x14, 0x20, 0x00, 0x31, 0x7e, 0x00, 0x10, 0x20, 0x80, 0x05,
  0xe6, 0x3a, 0x00, 0x20, 0x40, 0x01, 0x00, 0x3e, 0xd0, 0x0f, 0xc9, 0x40,
  0x01, 0x00, 0x00, 0x00, 0x0c, 0x00, 0xc4, 0x2f, 0x20, 0x06, 0x00, 0x00,
  0x00, 0x00, 0x00, 0x00, 0x01, 0x20, 0x14, 0x20, 0x00, 0x31, 0x7e, 0x00,
  0x01, 0x20, 0x14, 0x20, 0x00, 0x31, 0x7e, 0x00, 0x10, 0x00, 0x81, 0x05,
  0xe2, 0x3a, 0x00, 0x20, 0xc0, 0x01, 0x8d, 0x3a, 0x40, 0x01, 0x00, 0x00,
  0x01, 0x00, 0x00, 0x00, 0x0c, 0x00, 0xc4, 0x2f, 0x20, 0x06, 0x00, 0x00,
  0x00, 0x00, 0x00, 0x00, 0x01, 0x20, 0x14, 0x20, 0x00, 0x31, 0x7e, 0x00,
  0x01, 0x20, 0x14, 0x20, 0x00, 0x31, 0x7e, 0x00, 0x10, 0x20, 0x81, 0x05,
  0xe2, 0x3a, 0x00, 0x20, 0x80, 0x01, 0x8d, 0x3a, 0x40, 0x01, 0x00, 0x00,
  0x01, 0x00, 0x00, 0x00, 0x0c, 0x00, 0xc4, 0x2f, 0x20, 0x06, 0x00, 0x00,
  0x00, 0x00, 0x00, 0x00, 0x01, 0x20, 0x00, 0x20, 0x00, 0x31, 0x7e, 0x00,
  0x02, 0x00, 0x81, 0x00, 0x4a, 0x12, 0xa0, 0x2f, 0xc8, 0x0f, 0x00, 0x16,
  0x00, 0x00, 0x00, 0x00, 0x01, 0x20, 0x14, 0x20, 0x00, 0x31, 0x7e, 0x00,
  0x02, 0x00, 0x81, 0x00, 0x4a, 0x12, 0x80, 0x2f, 0xc8, 0x0f, 0x00, 0x16,
  0x00, 0x00, 0x00, 0x00, 0x06, 0x00, 0x80, 0x02, 0x42, 0x12, 0x00, 0x20,
  0xa0, 0x0f, 0xb1, 0x12, 0x80, 0x0f, 0xb1, 0x00, 0x01, 0x00, 0x00, 0x00,
  0x0c, 0x00, 0xcc, 0x2f, 0x20, 0x06, 0x00, 0x00, 0x00, 0x00, 0x00, 0x00,
  0x01, 0x20, 0x00, 0x20, 0x00, 0x31, 0x7e, 0x00, 0x02, 0x20, 0x81, 0x00,
  0x4a, 0x12, 0x60, 0x2f, 0xc8, 0x0f, 0x00, 0x16, 0x00, 0x00, 0x00, 0x00,
  0x01, 0x20, 0x14, 0x20, 0x00, 0x31, 0x7e, 0x00, 0x02, 0x20, 0x81, 0x00,
  0x4a, 0x12, 0x40, 0x2f, 0xc8, 0x0f, 0x00, 0x16, 0x00, 0x00, 0x00, 0x00,
  0x01, 0x20, 0x1c, 0x20, 0x00, 0x31, 0x7e, 0x00, 0x06, 0x20, 0x80, 0x02,
  0x42, 0x12, 0x00, 0x20, 0x60, 0x0f, 0xb1, 0x12, 0x40, 0x0f, 0xb1, 0x00,
  0x01, 0x00, 0x00, 0x00, 0x0c, 0x00, 0xcc, 0x2f, 0x20, 0x06, 0x00, 0x00,
  0x00, 0x00, 0x00, 0x00, 0x22, 0x00, 0xa1, 0x00, 0x02, 0x0e, 0x00, 0x20,
  0x78, 0x00, 0x00, 0x00, 0x78, 0x00, 0x00, 0x00, 0x01, 0x40, 0x18, 0x20,
  0x00, 0x7e, 0x08, 0x00, 0x40, 0x00, 0x00, 0x00, 0x2c, 0x0a, 0x80, 0x2f,
  0x08, 0x01, 0x00, 0x0a, 0xd8, 0x02, 0x00, 0x00, 0x31, 0x00, 0x00, 0x0a,
  0x0c, 0x02, 0xa0, 0x2f, 0xc0, 0x0f, 0x00, 0x06, 0xfe, 0x08, 0x11, 0x02,
  0x31, 0x00, 0x00, 0x0a, 0x0c, 0x02, 0x60, 0x2f, 0x80, 0x0f, 0x00, 0x06,
  0xfe, 0x08, 0x11, 0x02, 0x40, 0x56, 0x02, 0x20, 0x07, 0x74, 0x74, 0x7d,
  0x40, 0x20, 0x80, 0x00, 0xe8, 0x3a, 0x40, 0x22, 0x40, 0x02, 0x8d, 0x3a,
  0xa0, 0x0f, 0x00, 0x00, 0x40, 0x56, 0x02, 0x20, 0x07, 0x20, 0x20, 0x7b,
  0x40, 0x20, 0x80, 0x00, 0xe8, 0x3a, 0x80, 0x22, 0x80, 0x02, 0x8d, 0x3a,
  0x60, 0x0f, 0x00, 0x00, 0x25, 0x00, 0xa0, 0x00, 0x00, 0x00, 0x00, 0x20,
  0x00, 0x00, 0x00, 0x0e, 0x10, 0x00, 0x00, 0x00, 0x25, 0x00, 0xa0, 0x00,
  0x00, 0x00, 0x00, 0x20, 0x00, 0x00, 0x00, 0x0e, 0x10, 0x00, 0x00, 0x00,
  0x24, 0x00, 0xa0, 0x00, 0x00, 0x0e, 0x00, 0x20, 0x78, 0x00, 0x00, 0x00,
  0x78, 0x00, 0x00, 0x00, 0x01, 0x40, 0x18, 0x20, 0x00, 0x7e, 0x08, 0x00,
  0x40, 0x00, 0x00, 0x00, 0x2c, 0x0a, 0x80, 0x2f, 0x08, 0x01, 0x00, 0x0a,
  0xdc, 0x02, 0x00, 0x00, 0x31, 0x00, 0x00, 0x0a, 0x0c, 0x02, 0xa0, 0x2f,
  0xc0, 0x0f, 0x00, 0x06, 0xfe, 0x08, 0x11, 0x02, 0x31, 0x00, 0x00, 0x0a,
  0x0c, 0x02, 0x60, 0x2f, 0x80, 0x0f, 0x00, 0x06, 0xfe, 0x08, 0x11, 0x02,
  0x40, 0x56, 0x02, 0x20, 0x07, 0x74, 0x74, 0x7d, 0x40, 0x20, 0x80, 0x00,
  0xe8, 0x3a, 0x40, 0x22, 0x40, 0x02, 0x8d, 0x3a, 0xa0, 0x0f, 0x00, 0x00,
  0x40, 0x56, 0x02, 0x20, 0x07, 0x20, 0x20, 0x7b, 0x40, 0x20, 0x80, 0x00,
  0xe8, 0x3a, 0x80, 0x22, 0x80, 0x02, 0x8d, 0x3a, 0x60, 0x0f, 0x00, 0x00,
  0x25, 0x00, 0xa0, 0x00, 0x00, 0x00, 0x00, 0x20, 0x00, 0x00, 0x00, 0x0e,
  0x10, 0x00, 0x00, 0x00, 0x06, 0x00, 0x00, 0x00, 0x2c, 0x0a, 0xc0, 0x2f,
  0x04, 0x01, 0x00, 0x1e, 0x0a, 0x00, 0x0a, 0x00, 0x09, 0x00, 0x00, 0x00,
  0x2c, 0x0a, 0x08, 0x21, 0xc0, 0x0f, 0x00, 0x1e, 0x02, 0x00, 0x02, 0x00,
  0x01, 0x00, 0x00, 0x00, 0x4c, 0x16, 0xc0, 0x2f, 0x00, 0x00, 0x00, 0x00,
  0x01, 0x00, 0x01, 0x00, 0x40, 0x00, 0x00, 0x00, 0x2c, 0x0a, 0xa0, 0x2f,
  0x08, 0x01, 0x00, 0x0a, 0x0c, 0x01, 0x00, 0x00, 0x31, 0x00, 0x00, 0x0a,
  0x0c, 0x02, 0x40, 0x21, 0xa0, 0x0f, 0x00, 0x06, 0xfe, 0x08, 0x11, 0x02,
  0x10, 0x00, 0x80, 0x05, 0xe2, 0x3a, 0x00, 0x20, 0xc0, 0x01, 0x8d, 0x3a,
  0x40, 0x01, 0x00, 0x00, 0x01, 0x00, 0x00, 0x20, 0x00, 0x7c, 0x31, 0x00,
  0x10, 0x20, 0x80, 0x05, 0xe2, 0x3a, 0x00, 0x20, 0x80, 0x01, 0x8d, 0x3a,
  0x40, 0x01, 0x00, 0x00, 0x01, 0x00, 0x00, 0x00, 0x0c, 0x00, 0x84, 0x2f,
  0x20, 0x06, 0x00, 0x00, 0x00, 0x00, 0x00, 0x00, 0x01, 0x20, 0x00, 0x20,
  0x00, 0x31, 0x7c, 0x00, 0x01, 0x20, 0x00, 0x20, 0x00, 0x31, 0x7c, 0x00,
  0x10, 0x00, 0x81, 0x05, 0xe2, 0x3a, 0x00, 0x20, 0xc0, 0x01, 0x8d, 0x3a,
  0xc0, 0x00, 0x8d, 0x00, 0x01, 0x00, 0x00, 0x20, 0x00, 0x7c, 0x31, 0x00,
  0x01, 0x20, 0x14, 0x20, 0x00, 0x31, 0x7c, 0x00, 0x01, 0x20, 0x14, 0x20,
  0x00, 0x31, 0x7c, 0x00, 0x10, 0x20, 0x81, 0x05, 0xe2, 0x3a, 0x00, 0x20,
  0x80, 0x01, 0x8d, 0x3a, 0x00, 0x02, 0x8d, 0x00, 0x01, 0x00, 0x00, 0x00,
  0x0c, 0x00, 0x84, 0x2f, 0x20, 0x06, 0x00, 0x00, 0x00, 0x00, 0x00, 0x00,
  0x01, 0x20, 0x00, 0x20, 0x00, 0x31, 0x7c, 0x00, 0x01, 0x20, 0x00, 0x20,
  0x00, 0x31, 0x7c, 0x00, 0x10, 0x00, 0x81, 0x05, 0xe2, 0x3a, 0x00, 0x20,
  0x40, 0x01, 0x00, 0x3a, 0xc0, 0x00, 0x8d, 0x00, 0x01, 0x00, 0x00, 0x20,
  0x00, 0x7c, 0x31, 0x00, 0x01, 0x20, 0x00, 0x20, 0x00, 0x31, 0x7c, 0x00,
  0x10, 0x20, 0x80, 0x05, 0xe2, 0x3a, 0x00, 0x20, 0x40, 0x01, 0x00, 0x3a,
  0x00, 0x02, 0x8d, 0x00, 0x02, 0x20, 0x81, 0x00, 0x4a, 0x12, 0xa0, 0x2f,
  0xc0, 0x0f, 0x00, 0x16, 0x00, 0x00, 0x00, 0x00, 0x01, 0x00, 0x00, 0x20,
  0x00, 0x7c, 0x31, 0x00, 0x01, 0x20, 0x14, 0x20, 0x00, 0x31, 0x7c, 0x00,
  0x02, 0x20, 0x81, 0x00, 0x4a, 0x12, 0x60, 0x2f, 0xc0, 0x0f, 0x00, 0x16,
  0x00, 0x00, 0x00, 0x00, 0x01, 0x20, 0x00, 0x20, 0x00, 0x31, 0x7c, 0x00,
  0x05, 0x20, 0x80, 0x02, 0x42, 0x12, 0x00, 0x20, 0xa0, 0x0f, 0xb1, 0x12,
  0x60, 0x0f, 0xb1, 0x00, 0x01, 0x00, 0x00, 0x20, 0x00, 0x7c, 0x31, 0x00,
  0x22, 0x00, 0xb1, 0x00, 0x02, 0x0e, 0x00, 0x20, 0x10, 0x03, 0x00, 0x00,
  0xa8, 0x02, 0x00, 0x00, 0x22, 0x00, 0xa1, 0x00, 0x00, 0x0e, 0x00, 0x20,
  0x78, 0x02, 0x00, 0x00, 0x78, 0x02, 0x00, 0x00, 0x10, 0x00, 0x80, 0x05,
  0xe2, 0x3a, 0x00, 0x20, 0x40, 0x01, 0x00, 0x3a, 0xc0, 0x00, 0x8d, 0x00,
  0x01, 0x00, 0x00, 0x00, 0x4c, 0x16, 0xc8, 0x2f, 0x00, 0x00, 0x00, 0x00,
  0x01, 0x00, 0x01, 0x00, 0x01, 0x00, 0x00, 0x20, 0x00, 0x7e, 0x31, 0x00,
  0x01, 0x20, 0x00, 0x20, 0x00, 0x31, 0x7e, 0x00, 0x10, 0x20, 0x80, 0x05,
  0xe2, 0x3a, 0x00, 0x20, 0x40, 0x01, 0x00, 0x3a, 0x00, 0x02, 0x8d, 0x00,
  0x01, 0x00, 0x00, 0x20, 0x00, 0x7e, 0x31, 0x00, 0x01, 0x20, 0x00, 0x20,
  0x00, 0x31, 0x7e, 0x00, 0x01, 0x20, 0x00, 0x20, 0x00, 0x31, 0x7e, 0x00,
  0x10, 0x00, 0x81, 0x03, 0xe2, 0x3a, 0x00, 0x20, 0x40, 0x01, 0x00, 0x3e,
  0x00, 0x00, 0x00, 0x00, 0x01, 0x00, 0x00, 0x20, 0x00, 0x7e, 0x31, 0x00,
  0x01, 0x20, 0x00, 0x20, 0x00, 0x31, 0x7e, 0x00, 0x01, 0x20, 0x00, 0x20,
  0x00, 0x31, 0x7e, 0x00, 0x10, 0x20, 0x81, 0x03, 0xe2, 0x3a, 0x00, 0x20,
  0x40, 0x01, 0x00, 0x3e, 0x00, 0x00, 0x00, 0x00, 0x01, 0x00, 0x00, 0x20,
  0x00, 0x7e, 0x31, 0x00, 0x10, 0x00, 0x80, 0x05, 0xe6, 0x3a, 0x00, 0x20,
  0x40, 0x01, 0x00, 0x3e, 0xd0, 0x0f, 0xc9, 0x40, 0x01, 0x00, 0x00, 0x00,
  0x0c, 0x00, 0xc4, 0x2f, 0x20, 0x06, 0x00, 0x00, 0x00, 0x00, 0x00, 0x00,
  0x01, 0x20, 0x14, 0x20, 0x00, 0x31, 0x7e, 0x00, 0x10, 0x20, 0x80, 0x05,
  0xe6, 0x3a, 0x00, 0x20, 0x40, 0x01, 0x00, 0x3e, 0xd0, 0x0f, 0xc9, 0x40,
  0x01, 0x00, 0x00, 0x00, 0x0c, 0x00, 0xc4, 0x2f, 0x20, 0x06, 0x00, 0x00,
  0x00, 0x00, 0x00, 0x00, 0x01, 0x20, 0x14, 0x20, 0x00, 0x31, 0x7e, 0x00,
  0x01, 0x20, 0x14, 0x20, 0x00, 0x31, 0x7e, 0x00, 0x10, 0x00, 0x81, 0x05,
  0xe2, 0x3a, 0x00, 0x20, 0xc0, 0x01, 0x8d, 0x3a, 0x40, 0x01, 0x00, 0x00,
  0x01, 0x00, 0x00, 0x00, 0x0c, 0x00, 0xc4, 0x2f, 0x20, 0x06, 0x00, 0x00,
  0x00, 0x00, 0x00, 0x00, 0x01, 0x20, 0x14, 0x20, 0x00, 0x31, 0x7e, 0x00,
  0x01, 0x20, 0x14, 0x20, 0x00, 0x31, 0x7e, 0x00, 0x10, 0x20, 0x81, 0x05,
  0xe2, 0x3a, 0x00, 0x20, 0x80, 0x01, 0x8d, 0x3a, 0x40, 0x01, 0x00, 0x00,
  0x01, 0x00, 0x00, 0x00, 0x0c, 0x00, 0xc4, 0x2f, 0x20, 0x06, 0x00, 0x00,
  0x00, 0x00, 0x00, 0x00, 0x01, 0x20, 0x00, 0x20, 0x00, 0x31, 0x7e, 0x00,
  0x02, 0x00, 0x81, 0x00, 0x4a, 0x12, 0xa0, 0x2f, 0xc8, 0x0f, 0x00, 0x16,
  0x00, 0x00, 0x00, 0x00, 0x01, 0x20, 0x14, 0x20, 0x00, 0x31, 0x7e, 0x00,
  0x02, 0x00, 0x81, 0x00, 0x4a, 0x12, 0x80, 0x2f, 0xc8, 0x0f, 0x00, 0x16,
  0x00, 0x00, 0x00, 0x00, 0x06, 0x00, 0x80, 0x02, 0x42, 0x12, 0x00, 0x20,
  0xa0, 0x0f, 0xb1, 0x12, 0x80, 0x0f, 0xb1, 0x00, 0x01, 0x00, 0x00, 0x00,
  0x0c, 0x00, 0xcc, 0x2f, 0x20, 0x06, 0x00, 0x00, 0x00, 0x00, 0x00, 0x00,
  0x01, 0x20, 0x00, 0x20, 0x00, 0x31, 0x7e, 0x00, 0x02, 0x20, 0x81, 0x00,
  0x4a, 0x12, 0x60, 0x2f, 0xc8, 0x0f, 0x00, 0x16, 0x00, 0x00, 0x00, 0x00,
  0x01, 0x20, 0x14, 0x20, 0x00, 0x31, 0x7e, 0x00, 0x02, 0x20, 0x81, 0x00,
  0x4a, 0x12, 0x40, 0x2f, 0xc8, 0x0f, 0x00, 0x16, 0x00, 0x00, 0x00, 0x00,
  0x01, 0x20, 0x1c, 0x20, 0x00, 0x31, 0x7e, 0x00, 0x06, 0x20, 0x80, 0x02,
  0x42, 0x12, 0x00, 0x20, 0x60, 0x0f, 0xb1, 0x12, 0x40, 0x0f, 0xb1, 0x00,
  0x01, 0x00, 0x00, 0x00, 0x0c, 0x00, 0xcc, 0x2f, 0x20, 0x06, 0x00, 0x00,
  0x00, 0x00, 0x00, 0x00, 0x22, 0x00, 0xa1, 0x00, 0x02, 0x0e, 0x00, 0x20,
  0x70, 0x00, 0x00, 0x00, 0x70, 0x00, 0x00, 0x00, 0x01, 0x40, 0x18, 0x20,
  0x00, 0x7e, 0x08, 0x00, 0x40, 0x80, 0x19, 0x20, 0x00, 0x7c, 0x08, 0x16,
  0x31, 0x00, 0x00, 0x0a, 0x0c, 0x02, 0xa0, 0x2f, 0xc0, 0x0f, 0x00, 0x06,
  0xfe, 0x08, 0x11, 0x02, 0x31, 0x00, 0x00, 0x0a, 0x0c, 0x02, 0x60, 0x2f,
  0x80, 0x0f, 0x00, 0x06, 0xfe, 0x08, 0x11, 0x02, 0x40, 0x56, 0x02, 0x20,
  0x07, 0x74, 0x74, 0x7d, 0x40, 0x20, 0x80, 0x00, 0xe8, 0x3a, 0x40, 0x22,
  0x40, 0x02, 0x8d, 0x3a, 0xa0, 0x0f, 0x00, 0x00, 0x40, 0x56, 0x02, 0x20,
  0x07, 0x20, 0x20, 0x7b, 0x40, 0x20, 0x80, 0x00, 0xe8, 0x3a, 0x80, 0x22,
  0x80, 0x02, 0x8d, 0x3a, 0x60, 0x0f, 0x00, 0x00, 0x25, 0x00, 0xa0, 0x00,
  0x00, 0x00, 0x00, 0x20, 0x00, 0x00, 0x00, 0x0e, 0x10, 0x00, 0x00, 0x00,
  0x25, 0x00, 0xa0, 0x00, 0x00, 0x00, 0x00, 0x20, 0x00, 0x00, 0x00, 0x0e,
  0x10, 0x00, 0x00, 0x00, 0x24, 0x00, 0xa0, 0x00, 0x00, 0x0e, 0x00, 0x20,
  0x78, 0x00, 0x00, 0x00, 0x78, 0x00, 0x00, 0x00, 0x01, 0x40, 0x18, 0x20,
  0x00, 0x7e, 0x08, 0x00, 0x40, 0x00, 0x00, 0x00, 0x2c, 0x0a, 0x80, 0x2f,
  0x08, 0x01, 0x00, 0x0a, 0xc4, 0x02, 0x00, 0x00, 0x31, 0x00, 0x00, 0x0a,
  0x0c, 0x02, 0xa0, 0x2f, 0xc0, 0x0f, 0x00, 0x06, 0xfe, 0x08, 0x11, 0x02,
  0x31, 0x00, 0x00, 0x0a, 0x0c, 0x02, 0x60, 0x2f, 0x80, 0x0f, 0x00, 0x06,
  0xfe, 0x08, 0x11, 0x02, 0x40, 0x56, 0x02, 0x20, 0x07, 0x74, 0x74, 0x7d,
  0x40, 0x20, 0x80, 0x00, 0xe8, 0x3a, 0x40, 0x22, 0x40, 0x02, 0x8d, 0x3a,
  0xa0, 0x0f, 0x00, 0x00, 0x40, 0x56, 0x02, 0x20, 0x07, 0x20, 0x20, 0x7b,
  0x40, 0x20, 0x80, 0x00, 0xe8, 0x3a, 0x80, 0x22, 0x80, 0x02, 0x8d, 0x3a,
  0x60, 0x0f, 0x00, 0x00, 0x25, 0x00, 0xa0, 0x00, 0x00, 0x00, 0x00, 0x20,
  0x00, 0x00, 0x00, 0x0e, 0x10, 0x00, 0x00, 0x00, 0x06, 0x00, 0x00, 0x00,
  0x2c, 0x0a, 0xc0, 0x2f, 0x04, 0x01, 0x00, 0x1e, 0x0b, 0x00, 0x0b, 0x00,
  0x09, 0x00, 0x00, 0x00, 0x2c, 0x0a, 0x08, 0x21, 0xc0, 0x0f, 0x00, 0x1e,
  0x02, 0x00, 0x02, 0x00, 0x01, 0x00, 0x00, 0x00, 0x4c, 0x16, 0xc0, 0x2f,
  0x00, 0x00, 0x00, 0x00, 0x01, 0x00, 0x01, 0x00, 0x40, 0x00, 0x00, 0x00,
  0x2c, 0x0a, 0xa0, 0x2f, 0x08, 0x01, 0x00, 0x0a, 0x0c, 0x01, 0x00, 0x00,
  0x31, 0x00, 0x00, 0x0a, 0x0c, 0x02, 0x40, 0x21, 0xa0, 0x0f, 0x00, 0x06,
  0xfe, 0x08, 0x11, 0x02, 0x10, 0x00, 0x80, 0x05, 0xe2, 0x3a, 0x00, 0x20,
  0xc0, 0x01, 0x8d, 0x3a, 0x40, 0x01, 0x00, 0x00, 0x01, 0x00, 0x00, 0x20,
  0x00, 0x7c, 0x31, 0x00, 0x10, 0x20, 0x80, 0x05, 0xe2, 0x3a, 0x00, 0x20,
  0x80, 0x01, 0x8d, 0x3a, 0x40, 0x01, 0x00, 0x00, 0x01, 0x00, 0x00, 0x00,
  0x0c, 0x00, 0x84, 0x2f, 0x20, 0x06, 0x00, 0x00, 0x00, 0x00, 0x00, 0x00,
  0x01, 0x20, 0x00, 0x20, 0x00, 0x31, 0x7c, 0x00, 0x01, 0x20, 0x00, 0x20,
  0x00, 0x31, 0x7c, 0x00, 0x10, 0x00, 0x81, 0x05, 0xe2, 0x3a, 0x00, 0x20,
  0xc0, 0x01, 0x8d, 0x3a, 0xc0, 0x00, 0x8d, 0x00, 0x01, 0x00, 0x00, 0x20,
  0x00, 0x7c, 0x31, 0x00, 0x01, 0x20, 0x14, 0x20, 0x00, 0x31, 0x7c, 0x00,
  0x01, 0x20, 0x14, 0x20, 0x00, 0x31, 0x7c, 0x00, 0x10, 0x20, 0x81, 0x05,
  0xe2, 0x3a, 0x00, 0x20, 0x80, 0x01, 0x8d, 0x3a, 0x00, 0x02, 0x8d, 0x00,
  0x01, 0x00, 0x00, 0x00, 0x0c, 0x00, 0x84, 0x2f, 0x20, 0x06, 0x00, 0x00,
  0x00, 0x00, 0x00, 0x00, 0x01, 0x20, 0x00, 0x20, 0x00, 0x31, 0x7c, 0x00,
  0x01, 0x20, 0x00, 0x20, 0x00, 0x31, 0x7c, 0x00, 0x10, 0x00, 0x81, 0x05,
  0xe2, 0x3a, 0x00, 0x20, 0x40, 0x01, 0x00, 0x3a, 0xc0, 0x00, 0x8d, 0x00,
  0x01, 0x00, 0x00, 0x20, 0x00, 0x7c, 0x31, 0x00, 0x01, 0x20, 0x00, 0x20,
  0x00, 0x31, 0x7c, 0x00, 0x10, 0x20, 0x80, 0x05, 0xe2, 0x3a, 0x00, 0x20,
  0x40, 0x01, 0x00, 0x3a, 0x00, 0x02, 0x8d, 0x00, 0x02, 0x20, 0x81, 0x00,
  0x4a, 0x12, 0xa0, 0x2f, 0xc0, 0x0f, 0x00, 0x16, 0x00, 0x00, 0x00, 0x00,
  0x01, 0x00, 0x00, 0x20, 0x00, 0x7c, 0x31, 0x00, 0x01, 0x20, 0x14, 0x20,
  0x00, 0x31, 0x7c, 0x00, 0x02, 0x20, 0x81, 0x00, 0x4a, 0x12, 0x60, 0x2f,
  0xc0, 0x0f, 0x00, 0x16, 0x00, 0x00, 0x00, 0x00, 0x01, 0x20, 0x00, 0x20,
  0x00, 0x31, 0x7c, 0x00, 0x05, 0x20, 0x80, 0x02, 0x42, 0x12, 0x00, 0x20,
  0xa0, 0x0f, 0xb1, 0x12, 0x60, 0x0f, 0xb1, 0x00, 0x01, 0x00, 0x00, 0x20,
  0x00, 0x7c, 0x31, 0x00, 0x22, 0x00, 0xb1, 0x00, 0x02, 0x0e, 0x00, 0x20,
  0x18, 0x03, 0x00, 0x00, 0xb0, 0x02, 0x00, 0x00, 0x22, 0x00, 0xa1, 0x00,
  0x00, 0x0e, 0x00, 0x20, 0x80, 0x02, 0x00, 0x00, 0x80, 0x02, 0x00, 0x00,
  0x10, 0x00, 0x80, 0x05, 0xe2, 0x3a, 0x00, 0x20, 0x40, 0x01, 0x00, 0x3a,
  0xc0, 0x00, 0x8d, 0x00, 0x01, 0x00, 0x00, 0x00, 0x4c, 0x16, 0xc8, 0x2f,
  0x00, 0x00, 0x00, 0x00, 0x01, 0x00, 0x01, 0x00, 0x01, 0x00, 0x00, 0x20,
  0x00, 0x7e, 0x31, 0x00, 0x01, 0x20, 0x00, 0x20, 0x00, 0x31, 0x7e, 0x00,
  0x10, 0x20, 0x80, 0x05, 0xe2, 0x3a, 0x00, 0x20, 0x40, 0x01, 0x00, 0x3a,
  0x00, 0x02, 0x8d, 0x00, 0x01, 0x00, 0x00, 0x20, 0x00, 0x7e, 0x31, 0x00,
  0x01, 0x20, 0x00, 0x20, 0x00, 0x31, 0x7e, 0x00, 0x01, 0x20, 0x00, 0x20,
  0x00, 0x31, 0x7e, 0x00, 0x10, 0x00, 0x81, 0x03, 0xe2, 0x3a, 0x00, 0x20,
  0x40, 0x01, 0x00, 0x3e, 0x00, 0x00, 0x00, 0x00, 0x01, 0x00, 0x00, 0x20,
  0x00, 0x7e, 0x31, 0x00, 0x01, 0x20, 0x00, 0x20, 0x00, 0x31, 0x7e, 0x00,
  0x01, 0x20, 0x00, 0x20, 0x00, 0x31, 0x7e, 0x00, 0x10, 0x20, 0x81, 0x03,
  0xe2, 0x3a, 0x00, 0x20, 0x40, 0x01, 0x00, 0x3e, 0x00, 0x00, 0x00, 0x00,
  0x01, 0x00, 0x00, 0x20, 0x00, 0x7e, 0x31, 0x00, 0x10, 0x00, 0x80, 0x05,
  0xe6, 0x3a, 0x00, 0x20, 0x40, 0x01, 0x00, 0x3e, 0xd0, 0x0f, 0xc9, 0x40,
  0x01, 0x00, 0x00, 0x00, 0x0c, 0x00, 0xc4, 0x2f, 0x20, 0x06, 0x00, 0x00,
  0x00, 0x00, 0x00, 0x00, 0x01, 0x20, 0x14, 0x20, 0x00, 0x31, 0x7e, 0x00,
  0x10, 0x20, 0x80, 0x05, 0xe6, 0x3a, 0x00, 0x20, 0x40, 0x01, 0x00, 0x3e,
  0xd0, 0x0f, 0xc9, 0x40, 0x01, 0x00, 0x00, 0x00, 0x0c, 0x00, 0xc4, 0x2f,
  0x20, 0x06, 0x00, 0x00, 0x00, 0x00, 0x00, 0x00, 0x01, 0x20, 0x14, 0x20,
  0x00, 0x31, 0x7e, 0x00, 0x01, 0x20, 0x14, 0x20, 0x00, 0x31, 0x7e, 0x00,
  0x10, 0x00, 0x81, 0x05, 0xe2, 0x3a, 0x00, 0x20, 0xc0, 0x01, 0x8d, 0x3a,
  0x40, 0x01, 0x00, 0x00, 0x01, 0x00, 0x00, 0x00, 0x0c, 0x00, 0xc4, 0x2f,
  0x20, 0x06, 0x00, 0x00, 0x00, 0x00, 0x00, 0x00, 0x01, 0x20, 0x14, 0x20,
  0x00, 0x31, 0x7e, 0x00, 0x01, 0x20, 0x14, 0x20, 0x00, 0x31, 0x7e, 0x00,
  0x10, 0x20, 0x81, 0x05, 0xe2, 0x3a, 0x00, 0x20, 0x80, 0x01, 0x8d, 0x3a,
  0x40, 0x01, 0x00, 0x00, 0x01, 0x00, 0x00, 0x00, 0x0c, 0x00, 0xc4, 0x2f,
  0x20, 0x06, 0x00, 0x00, 0x00, 0x00, 0x00, 0x00, 0x01, 0x20, 0x00, 0x20,
  0x00, 0x31, 0x7e, 0x00, 0x02, 0x00, 0x81, 0x00, 0x4a, 0x12, 0xa0, 0x2f,
  0xc8, 0x0f, 0x00, 0x16, 0x00, 0x00, 0x00, 0x00, 0x01, 0x20, 0x14, 0x20,
  0x00, 0x31, 0x7e, 0x00, 0x02, 0x00, 0x81, 0x00, 0x4a, 0x12, 0x80, 0x2f,
  0xc8, 0x0f, 0x00, 0x16, 0x00, 0x00, 0x00, 0x00, 0x06, 0x00, 0x80, 0x02,
  0x42, 0x12, 0x00, 0x20, 0xa0, 0x0f, 0xb1, 0x12, 0x80, 0x0f, 0xb1, 0x00,
  0x01, 0x00, 0x00, 0x00, 0x0c, 0x00, 0xcc, 0x2f, 0x20, 0x06, 0x00, 0x00,
  0x00, 0x00, 0x00, 0x00, 0x01, 0x20, 0x00, 0x20, 0x00, 0x31, 0x7e, 0x00,
  0x02, 0x20, 0x81, 0x00, 0x4a, 0x12, 0x60, 0x2f, 0xc8, 0x0f, 0x00, 0x16,
  0x00, 0x00, 0x00, 0x00, 0x01, 0x20, 0x14, 0x20, 0x00, 0x31, 0x7e, 0x00,
  0x02, 0x20, 0x81, 0x00, 0x4a, 0x12, 0x40, 0x2f, 0xc8, 0x0f, 0x00, 0x16,
  0x00, 0x00, 0x00, 0x00, 0x01, 0x20, 0x1c, 0x20, 0x00, 0x31, 0x7e, 0x00,
  0x06, 0x20, 0x80, 0x02, 0x42, 0x12, 0x00, 0x20, 0x60, 0x0f, 0xb1, 0x12,
  0x40, 0x0f, 0xb1, 0x00, 0x01, 0x00, 0x00, 0x00, 0x0c, 0x00, 0xcc, 0x2f,
  0x20, 0x06, 0x00, 0x00, 0x00, 0x00, 0x00, 0x00, 0x22, 0x00, 0xa1, 0x00,
  0x02, 0x0e, 0x00, 0x20, 0x78, 0x00, 0x00, 0x00, 0x78, 0x00, 0x00, 0x00,
  0x01, 0x40, 0x18, 0x20, 0x00, 0x7e, 0x08, 0x00, 0x40, 0x00, 0x00, 0x00,
  0x2c, 0x0a, 0x80, 0x2f, 0x08, 0x01, 0x00, 0x0a, 0xc8, 0x02, 0x00, 0x00,
  0x31, 0x00, 0x00, 0x0a, 0x0c, 0x02, 0xa0, 0x2f, 0xc0, 0x0f, 0x00, 0x06,
  0xfe, 0x08, 0x11, 0x02, 0x31, 0x00, 0x00, 0x0a, 0x0c, 0x02, 0x60, 0x2f,
  0x80, 0x0f, 0x00, 0x06, 0xfe, 0x08, 0x11, 0x02, 0x40, 0x56, 0x02, 0x20,
  0x07, 0x74, 0x74, 0x7d, 0x40, 0x20, 0x80, 0x00, 0xe8, 0x3a, 0x40, 0x22,
  0x40, 0x02, 0x8d, 0x3a, 0xa0, 0x0f, 0x00, 0x00, 0x40, 0x56, 0x02, 0x20,
  0x07, 0x20, 0x20, 0x7b, 0x40, 0x20, 0x80, 0x00, 0xe8, 0x3a, 0x80, 0x22,
  0x80, 0x02, 0x8d, 0x3a, 0x60, 0x0f, 0x00, 0x00, 0x25, 0x00, 0xa0, 0x00,
  0x00, 0x00, 0x00, 0x20, 0x00, 0x00, 0x00, 0x0e, 0x10, 0x00, 0x00, 0x00,
  0x25, 0x00, 0xa0, 0x00, 0x00, 0x00, 0x00, 0x20, 0x00, 0x00, 0x00, 0x0e,
  0x10, 0x00, 0x00, 0x00, 0x24, 0x00, 0xa0, 0x00, 0x00, 0x0e, 0x00, 0x20,
  0x78, 0x00, 0x00, 0x00, 0x78, 0x00, 0x00, 0x00, 0x01, 0x40, 0x18, 0x20,
  0x00, 0x7e, 0x08, 0x00, 0x40, 0x00, 0x00, 0x00, 0x2c, 0x0a, 0x80, 0x2f,
  0x08, 0x01, 0x00, 0x0a, 0xcc, 0x02, 0x00, 0x00, 0x31, 0x00, 0x00, 0x0a,
  0x0c, 0x02, 0xa0, 0x2f, 0xc0, 0x0f, 0x00, 0x06, 0xfe, 0x08, 0x11, 0x02,
  0x31, 0x00, 0x00, 0x0a, 0x0c, 0x02, 0x60, 0x2f, 0x80, 0x0f, 0x00, 0x06,
  0xfe, 0x08, 0x11, 0x02, 0x40, 0x56, 0x02, 0x20, 0x07, 0x74, 0x74, 0x7d,
  0x40, 0x20, 0x80, 0x00, 0xe8, 0x3a, 0x40, 0x22, 0x40, 0x02, 0x8d, 0x3a,
  0xa0, 0x0f, 0x00, 0x00, 0x40, 0x56, 0x02, 0x20, 0x07, 0x20, 0x20, 0x7b,
  0x40, 0x20, 0x80, 0x00, 0xe8, 0x3a, 0x80, 0x22, 0x80, 0x02, 0x8d, 0x3a,
  0x60, 0x0f, 0x00, 0x00, 0x25, 0x00, 0xa0, 0x00, 0x00, 0x00, 0x00, 0x20,
  0x00, 0x00, 0x00, 0x0e, 0x10, 0x00, 0x00, 0x00, 0x06, 0x00, 0x00, 0x00,
  0x2c, 0x0a, 0xc0, 0x2f, 0x04, 0x01, 0x00, 0x1e, 0x0c, 0x00, 0x0c, 0x00,
  0x09, 0x00, 0x00, 0x00, 0x2c, 0x0a, 0x08, 0x21, 0xc0, 0x0f, 0x00, 0x1e,
  0x02, 0x00, 0x02, 0x00, 0x01, 0x00, 0x00, 0x00, 0x4c, 0x16, 0xc0, 0x2f,
  0x00, 0x00, 0x00, 0x00, 0x01, 0x00, 0x01, 0x00, 0x40, 0x00, 0x00, 0x00,
  0x2c, 0x0a, 0xa0, 0x2f, 0x08, 0x01, 0x00, 0x0a, 0x0c, 0x01, 0x00, 0x00,
  0x31, 0x00, 0x00, 0x0a, 0x0c, 0x02, 0x40, 0x21, 0xa0, 0x0f, 0x00, 0x06,
  0xfe, 0x08, 0x11, 0x02, 0x10, 0x00, 0x80, 0x05, 0xe2, 0x3a, 0x00, 0x20,
  0xc0, 0x01, 0x8d, 0x3a, 0x40, 0x01, 0x00, 0x00, 0x01, 0x00, 0x00, 0x20,
  0x00, 0x7c, 0x31, 0x00, 0x10, 0x20, 0x80, 0x05, 0xe2, 0x3a, 0x00, 0x20,
  0x80, 0x01, 0x8d, 0x3a, 0x40, 0x01, 0x00, 0x00, 0x01, 0x00, 0x00, 0x00,
  0x0c, 0x00, 0x84, 0x2f, 0x20, 0x06, 0x00, 0x00, 0x00, 0x00, 0x00, 0x00,
  0x01, 0x20, 0x00, 0x20, 0x00, 0x31, 0x7c, 0x00, 0x01, 0x20, 0x00, 0x20,
  0x00, 0x31, 0x7c, 0x00, 0x10, 0x00, 0x81, 0x05, 0xe2, 0x3a, 0x00, 0x20,
  0xc0, 0x01, 0x8d, 0x3a, 0xc0, 0x00, 0x8d, 0x00, 0x01, 0x00, 0x00, 0x20,
  0x00, 0x7c, 0x31, 0x00, 0x01, 0x20, 0x14, 0x20, 0x00, 0x31, 0x7c, 0x00,
  0x01, 0x20, 0x14, 0x20, 0x00, 0x31, 0x7c, 0x00, 0x10, 0x20, 0x81, 0x05,
  0xe2, 0x3a, 0x00, 0x20, 0x80, 0x01, 0x8d, 0x3a, 0x00, 0x02, 0x8d, 0x00,
  0x01, 0x00, 0x00, 0x00, 0x0c, 0x00, 0x84, 0x2f, 0x20, 0x06, 0x00, 0x00,
  0x00, 0x00, 0x00, 0x00, 0x01, 0x20, 0x00, 0x20, 0x00, 0x31, 0x7c, 0x00,
  0x01, 0x20, 0x00, 0x20, 0x00, 0x31, 0x7c, 0x00, 0x10, 0x00, 0x81, 0x05,
  0xe2, 0x3a, 0x00, 0x20, 0x40, 0x01, 0x00, 0x3a, 0xc0, 0x00, 0x8d, 0x00,
  0x01, 0x00, 0x00, 0x20, 0x00, 0x7c, 0x31, 0x00, 0x01, 0x20, 0x00, 0x20,
  0x00, 0x31, 0x7c, 0x00, 0x10, 0x20, 0x80, 0x05, 0xe2, 0x3a, 0x00, 0x20,
  0x40, 0x01, 0x00, 0x3a, 0x00, 0x02, 0x8d, 0x00, 0x02, 0x20, 0x81, 0x00,
  0x4a, 0x12, 0xa0, 0x2f, 0xc0, 0x0f, 0x00, 0x16, 0x00, 0x00, 0x00, 0x00,
  0x01, 0x00, 0x00, 0x20, 0x00, 0x7c, 0x31, 0x00, 0x01, 0x20, 0x14, 0x20,
  0x00, 0x31, 0x7c, 0x00, 0x02, 0x20, 0x81, 0x00, 0x4a, 0x12, 0x60, 0x2f,
  0xc0, 0x0f, 0x00, 0x16, 0x00, 0x00, 0x00, 0x00, 0x01, 0x20, 0x00, 0x20,
  0x00, 0x31, 0x7c, 0x00, 0x05, 0x20, 0x80, 0x02, 0x42, 0x12, 0x00, 0x20,
  0xa0, 0x0f, 0xb1, 0x12, 0x60, 0x0f, 0xb1, 0x00, 0x01, 0x00, 0x00, 0x20,
  0x00, 0x7c, 0x31, 0x00, 0x22, 0x00, 0xb1, 0x00, 0x02, 0x0e, 0x00, 0x20,
  0x18, 0x03, 0x00, 0x00, 0xb0, 0x02, 0x00, 0x00, 0x22, 0x00, 0xa1, 0x00,
  0x00, 0x0e, 0x00, 0x20, 0x80, 0x02, 0x00, 0x00, 0x80, 0x02, 0x00, 0x00,
  0x10, 0x00, 0x80, 0x05, 0xe2, 0x3a, 0x00, 0x20, 0x40, 0x01, 0x00, 0x3a,
  0xc0, 0x00, 0x8d, 0x00, 0x01, 0x00, 0x00, 0x00, 0x4c, 0x16, 0xc8, 0x2f,
  0x00, 0x00, 0x00, 0x00, 0x01, 0x00, 0x01, 0x00, 0x01, 0x00, 0x00, 0x20,
  0x00, 0x7e, 0x31, 0x00, 0x01, 0x20, 0x00, 0x20, 0x00, 0x31, 0x7e, 0x00,
  0x10, 0x20, 0x80, 0x05, 0xe2, 0x3a, 0x00, 0x20, 0x40, 0x01, 0x00, 0x3a,
  0x00, 0x02, 0x8d, 0x00, 0x01, 0x00, 0x00, 0x20, 0x00, 0x7e, 0x31, 0x00,
  0x01, 0x20, 0x00, 0x20, 0x00, 0x31, 0x7e, 0x00, 0x01, 0x20, 0x00, 0x20,
  0x00, 0x31, 0x7e, 0x00, 0x10, 0x00, 0x81, 0x03, 0xe2, 0x3a, 0x00, 0x20,
  0x40, 0x01, 0x00, 0x3e, 0x00, 0x00, 0x00, 0x00, 0x01, 0x00, 0x00, 0x20,
  0x00, 0x7e, 0x31, 0x00, 0x01, 0x20, 0x00, 0x20, 0x00, 0x31, 0x7e, 0x00,
  0x01, 0x20, 0x00, 0x20, 0x00, 0x31, 0x7e, 0x00, 0x10, 0x20, 0x81, 0x03,
  0xe2, 0x3a, 0x00, 0x20, 0x40, 0x01, 0x00, 0x3e, 0x00, 0x00, 0x00, 0x00,
  0x01, 0x00, 0x00, 0x20, 0x00, 0x7e, 0x31, 0x00, 0x10, 0x00, 0x80, 0x05,
  0xe6, 0x3a, 0x00, 0x20, 0x40, 0x01, 0x00, 0x3e, 0xd0, 0x0f, 0xc9, 0x40,
  0x01, 0x00, 0x00, 0x00, 0x0c, 0x00, 0xc4, 0x2f, 0x20, 0x06, 0x00, 0x00,
  0x00, 0x00, 0x00, 0x00, 0x01, 0x20, 0x14, 0x20, 0x00, 0x31, 0x7e, 0x00,
  0x10, 0x20, 0x80, 0x05, 0xe6, 0x3a, 0x00, 0x20, 0x40, 0x01, 0x00, 0x3e,
  0xd0, 0x0f, 0xc9, 0x40, 0x01, 0x00, 0x00, 0x00, 0x0c, 0x00, 0xc4, 0x2f,
  0x20, 0x06, 0x00, 0x00, 0x00, 0x00, 0x00, 0x00, 0x01, 0x20, 0x14, 0x20,
  0x00, 0x31, 0x7e, 0x00, 0x01, 0x20, 0x14, 0x20, 0x00, 0x31, 0x7e, 0x00,
  0x10, 0x00, 0x81, 0x05, 0xe2, 0x3a, 0x00, 0x20, 0xc0, 0x01, 0x8d, 0x3a,
  0x40, 0x01, 0x00, 0x00, 0x01, 0x00, 0x00, 0x00, 0x0c, 0x00, 0xc4, 0x2f,
  0x20, 0x06, 0x00, 0x00, 0x00, 0x00, 0x00, 0x00, 0x01, 0x20, 0x14, 0x20,
  0x00, 0x31, 0x7e, 0x00, 0x01, 0x20, 0x14, 0x20, 0x00, 0x31, 0x7e, 0x00,
  0x10, 0x20, 0x81, 0x05, 0xe2, 0x3a, 0x00, 0x20, 0x80, 0x01, 0x8d, 0x3a,
  0x40, 0x01, 0x00, 0x00, 0x01, 0x00, 0x00, 0x00, 0x0c, 0x00, 0xc4, 0x2f,
  0x20, 0x06, 0x00, 0x00, 0x00, 0x00, 0x00, 0x00, 0x01, 0x20, 0x00, 0x20,
  0x00, 0x31, 0x7e, 0x00, 0x02, 0x00, 0x81, 0x00, 0x4a, 0x12, 0xa0, 0x2f,
  0xc8, 0x0f, 0x00, 0x16, 0x00, 0x00, 0x00, 0x00, 0x01, 0x20, 0x14, 0x20,
  0x00, 0x31, 0x7e, 0x00, 0x02, 0x00, 0x81, 0x00, 0x4a, 0x12, 0x80, 0x2f,
  0xc8, 0x0f, 0x00, 0x16, 0x00, 0x00, 0x00, 0x00, 0x06, 0x00, 0x80, 0x02,
  0x42, 0x12, 0x00, 0x20, 0xa0, 0x0f, 0xb1, 0x12, 0x80, 0x0f, 0xb1, 0x00,
  0x01, 0x00, 0x00, 0x00, 0x0c, 0x00, 0xcc, 0x2f, 0x20, 0x06, 0x00, 0x00,
  0x00, 0x00, 0x00, 0x00, 0x01, 0x20, 0x00, 0x20, 0x00, 0x31, 0x7e, 0x00,
  0x02, 0x20, 0x81, 0x00, 0x4a, 0x12, 0x60, 0x2f, 0xc8, 0x0f, 0x00, 0x16,
  0x00, 0x00, 0x00, 0x00, 0x01, 0x20, 0x14, 0x20, 0x00, 0x31, 0x7e, 0x00,
  0x02, 0x20, 0x81, 0x00, 0x4a, 0x12, 0x40, 0x2f, 0xc8, 0x0f, 0x00, 0x16,
  0x00, 0x00, 0x00, 0x00, 0x01, 0x20, 0x1c, 0x20, 0x00, 0x31, 0x7e, 0x00,
  0x06, 0x20, 0x80, 0x02, 0x42, 0x12, 0x00, 0x20, 0x60, 0x0f, 0xb1, 0x12,
  0x40, 0x0f, 0xb1, 0x00, 0x01, 0x00, 0x00, 0x00, 0x0c, 0x00, 0xcc, 0x2f,
  0x20, 0x06, 0x00, 0x00, 0x00, 0x00, 0x00, 0x00, 0x22, 0x00, 0xa1, 0x00,
  0x02, 0x0e, 0x00, 0x20, 0x78, 0x00, 0x00, 0x00, 0x78, 0x00, 0x00, 0x00,
  0x01, 0x40, 0x18, 0x20, 0x00, 0x7e, 0x08, 0x00, 0x40, 0x00, 0x00, 0x00,
  0x2c, 0x0a, 0x80, 0x2f, 0x08, 0x01, 0x00, 0x0a, 0x90, 0x00, 0x00, 0x00,
  0x31, 0x00, 0x00, 0x0a, 0x0c, 0x02, 0xa0, 0x2f, 0xc0, 0x0f, 0x00, 0x06,
  0xfe, 0x08, 0x11, 0x02, 0x31, 0x00, 0x00, 0x0a, 0x0c, 0x02, 0x60, 0x2f,
  0x80, 0x0f, 0x00, 0x06, 0xfe, 0x08, 0x11, 0x02, 0x40, 0x56, 0x02, 0x20,
  0x07, 0x74, 0x74, 0x7d, 0x40, 0x20, 0x80, 0x00, 0xe8, 0x3a, 0x40, 0x22,
  0x40, 0x02, 0x8d, 0x3a, 0xa0, 0x0f, 0x00, 0x00, 0x40, 0x56, 0x02, 0x20,
  0x07, 0x20, 0x20, 0x7b, 0x40, 0x20, 0x80, 0x00, 0xe8, 0x3a, 0x80, 0x22,
  0x80, 0x02, 0x8d, 0x3a, 0x60, 0x0f, 0x00, 0x00, 0x25, 0x00, 0xa0, 0x00,
  0x00, 0x00, 0x00, 0x20, 0x00, 0x00, 0x00, 0x0e, 0x10, 0x00, 0x00, 0x00,
  0x25, 0x00, 0xa0, 0x00, 0x00, 0x00, 0x00, 0x20, 0x00, 0x00, 0x00, 0x0e,
  0x10, 0x00, 0x00, 0x00, 0x24, 0x00, 0xa0, 0x00, 0x00, 0x0e, 0x00, 0x20,
  0x78, 0x00, 0x00, 0x00, 0x78, 0x00, 0x00, 0x00, 0x01, 0x40, 0x18, 0x20,
  0x00, 0x7e, 0x08, 0x00, 0x40, 0x00, 0x00, 0x00, 0x2c, 0x0a, 0x80, 0x2f,
  0x08, 0x01, 0x00, 0x0a, 0x94, 0x00, 0x00, 0x00, 0x31, 0x00, 0x00, 0x0a,
  0x0c, 0x02, 0xa0, 0x2f, 0xc0, 0x0f, 0x00, 0x06, 0xfe, 0x08, 0x11, 0x02,
  0x31, 0x00, 0x00, 0x0a, 0x0c, 0x02, 0x60, 0x2f, 0x80, 0x0f, 0x00, 0x06,
  0xfe, 0x08, 0x11, 0x02, 0x40, 0x56, 0x02, 0x20, 0x07, 0x74, 0x74, 0x7d,
  0x40, 0x20, 0x80, 0x00, 0xe8, 0x3a, 0x40, 0x22, 0x40, 0x02, 0x8d, 0x3a,
  0xa0, 0x0f, 0x00, 0x00, 0x40, 0x56, 0x02, 0x20, 0x07, 0x20, 0x20, 0x7b,
  0x40, 0x20, 0x80, 0x00, 0xe8, 0x3a, 0x80, 0x22, 0x80, 0x02, 0x8d, 0x3a,
  0x60, 0x0f, 0x00, 0x00, 0x25, 0x00, 0xa0, 0x00, 0x00, 0x00, 0x00, 0x20,
  0x00, 0x00, 0x00, 0x0e, 0x10, 0x00, 0x00, 0x00, 0x10, 0x00, 0x80, 0x05,
  0x26, 0x02, 0x00, 0x20, 0x04, 0x01, 0x00, 0x16, 0x60, 0x00, 0x60, 0x00,
  0x10, 0x20, 0x80, 0x05, 0x26, 0x02, 0x00, 0x20, 0x04, 0x01, 0x00, 0x16,
  0x60, 0x00, 0x60, 0x00, 0x28, 0x00, 0xb1, 0x00, 0x02, 0x0e, 0x00, 0x20,
  0xe0, 0x0d, 0x00, 0x00, 0xe0, 0x0d, 0x00, 0x00, 0x06, 0x00, 0x00, 0x00,
  0x2c, 0x0a, 0xc0, 0x2f, 0x04, 0x01, 0x00, 0x1e, 0x0d, 0x00, 0x0d, 0x00,
  0x09, 0x00, 0x00, 0x00, 0x2c, 0x0a, 0x08, 0x21, 0xc0, 0x0f, 0x00, 0x1e,
  0x02, 0x00, 0x02, 0x00, 0x01, 0x00, 0x00, 0x00, 0x4c, 0x16, 0xc0, 0x2f,
  0x00, 0x00, 0x00, 0x00, 0x01, 0x00, 0x01, 0x00, 0x40, 0x00, 0x00, 0x00,
  0x2c, 0x0a, 0xa0, 0x2f, 0x08, 0x01, 0x00, 0x0a, 0x0c, 0x01, 0x00, 0x00,
  0x31, 0x00, 0x00, 0x0a, 0x0c, 0x02, 0x40, 0x21, 0xa0, 0x0f, 0x00, 0x06,
  0xfe, 0x08, 0x11, 0x02, 0x10, 0x00, 0x80, 0x05, 0xe2, 0x3a, 0x00, 0x20,
  0xc0, 0x01, 0x8d, 0x3a, 0x40, 0x01, 0x00, 0x00, 0x01, 0x00, 0x00, 0x20,
  0x00, 0x7c, 0x31, 0x00, 0x10, 0x20, 0x80, 0x05, 0xe2, 0x3a, 0x00, 0x20,
  0x80, 0x01, 0x8d, 0x3a, 0x40, 0x01, 0x00, 0x00, 0x01, 0x00, 0x00, 0x00,
  0x0c, 0x00, 0x84, 0x2f, 0x20, 0x06, 0x00, 0x00, 0x00, 0x00, 0x00, 0x00,
  0x01, 0x20, 0x00, 0x20, 0x00, 0x31, 0x7c, 0x00, 0x01, 0x20, 0x00, 0x20,
  0x00, 0x31, 0x7c, 0x00, 0x10, 0x00, 0x81, 0x05, 0xe2, 0x3a, 0x00, 0x20,
  0xc0, 0x01, 0x8d, 0x3a, 0xc0, 0x00, 0x8d, 0x00, 0x01, 0x00, 0x00, 0x20,
  0x00, 0x7c, 0x31, 0x00, 0x01, 0x20, 0x14, 0x20, 0x00, 0x31, 0x7c, 0x00,
  0x01, 0x20, 0x14, 0x20, 0x00, 0x31, 0x7c, 0x00, 0x10, 0x20, 0x81, 0x05,
  0xe2, 0x3a, 0x00, 0x20, 0x80, 0x01, 0x8d, 0x3a, 0x00, 0x02, 0x8d, 0x00,
  0x01, 0x00, 0x00, 0x00, 0x0c, 0x00, 0x84, 0x2f, 0x20, 0x06, 0x00, 0x00,
  0x00, 0x00, 0x00, 0x00, 0x01, 0x20, 0x00, 0x20, 0x00, 0x31, 0x7c, 0x00,
  0x01, 0x20, 0x00, 0x20, 0x00, 0x31, 0x7c, 0x00, 0x10, 0x00, 0x81, 0x05,
  0xe2, 0x3a, 0x00, 0x20, 0x40, 0x01, 0x00, 0x3a, 0xc0, 0x00, 0x8d, 0x00,
  0x01, 0x00, 0x00, 0x20, 0x00, 0x7c, 0x31, 0x00, 0x01, 0x20, 0x00, 0x20,
  0x00, 0x31, 0x7c, 0x00, 0x10, 0x20, 0x80, 0x05, 0xe2, 0x3a, 0x00, 0x20,
  0x40, 0x01, 0x00, 0x3a, 0x00, 0x02, 0x8d, 0x00, 0x02, 0x20, 0x81, 0x00,
  0x4a, 0x12, 0xa0, 0x2f, 0xc0, 0x0f, 0x00, 0x16, 0x00, 0x00, 0x00, 0x00,
  0x01, 0x00, 0x00, 0x20, 0x00, 0x7c, 0x31, 0x00, 0x01, 0x20, 0x14, 0x20,
  0x00, 0x31, 0x7c, 0x00, 0x02, 0x20, 0x81, 0x00, 0x4a, 0x12, 0x60, 0x2f,
  0xc0, 0x0f, 0x00, 0x16, 0x00, 0x00, 0x00, 0x00, 0x01, 0x20, 0x00, 0x20,
  0x00, 0x31, 0x7c, 0x00, 0x05, 0x20, 0x80, 0x02, 0x42, 0x12, 0x00, 0x20,
  0xa0, 0x0f, 0xb1, 0x12, 0x60, 0x0f, 0xb1, 0x00, 0x01, 0x00, 0x00, 0x20,
  0x00, 0x7c, 0x31, 0x00, 0x22, 0x00, 0xb1, 0x00, 0x02, 0x0e, 0x00, 0x20,
  0x18, 0x03, 0x00, 0x00, 0xb0, 0x02, 0x00, 0x00, 0x22, 0x00, 0xa1, 0x00,
  0x00, 0x0e, 0x00, 0x20, 0x80, 0x02, 0x00, 0x00, 0x80, 0x02, 0x00, 0x00,
  0x10, 0x00, 0x80, 0x05, 0xe2, 0x3a, 0x00, 0x20, 0x40, 0x01, 0x00, 0x3a,
  0xc0, 0x00, 0x8d, 0x00, 0x01, 0x00, 0x00, 0x00, 0x4c, 0x16, 0xc8, 0x2f,
  0x00, 0x00, 0x00, 0x00, 0x01, 0x00, 0x01, 0x00, 0x01, 0x00, 0x00, 0x20,
  0x00, 0x7e, 0x31, 0x00, 0x01, 0x20, 0x00, 0x20, 0x00, 0x31, 0x7e, 0x00,
  0x10, 0x20, 0x80, 0x05, 0xe2, 0x3a, 0x00, 0x20, 0x40, 0x01, 0x00, 0x3a,
  0x00, 0x02, 0x8d, 0x00, 0x01, 0x00, 0x00, 0x20, 0x00, 0x7e, 0x31, 0x00,
  0x01, 0x20, 0x00, 0x20, 0x00, 0x31, 0x7e, 0x00, 0x01, 0x20, 0x00, 0x20,
  0x00, 0x31, 0x7e, 0x00, 0x10, 0x00, 0x81, 0x03, 0xe2, 0x3a, 0x00, 0x20,
  0x40, 0x01, 0x00, 0x3e, 0x00, 0x00, 0x00, 0x00, 0x01, 0x00, 0x00, 0x20,
  0x00, 0x7e, 0x31, 0x00, 0x01, 0x20, 0x00, 0x20, 0x00, 0x31, 0x7e, 0x00,
  0x01, 0x20, 0x00, 0x20, 0x00, 0x31, 0x7e, 0x00, 0x10, 0x20, 0x81, 0x03,
  0xe2, 0x3a, 0x00, 0x20, 0x40, 0x01, 0x00, 0x3e, 0x00, 0x00, 0x00, 0x00,
  0x01, 0x00, 0x00, 0x20, 0x00, 0x7e, 0x31, 0x00, 0x10, 0x00, 0x80, 0x05,
  0xe6, 0x3a, 0x00, 0x20, 0x40, 0x01, 0x00, 0x3e, 0xd0, 0x0f, 0xc9, 0x40,
  0x01, 0x00, 0x00, 0x00, 0x0c, 0x00, 0xc4, 0x2f, 0x20, 0x06, 0x00, 0x00,
  0x00, 0x00, 0x00, 0x00, 0x01, 0x20, 0x14, 0x20, 0x00, 0x31, 0x7e, 0x00,
  0x10, 0x20, 0x80, 0x05, 0xe6, 0x3a, 0x00, 0x20, 0x40, 0x01, 0x00, 0x3e,
  0xd0, 0x0f, 0xc9, 0x40, 0x01, 0x00, 0x00, 0x00, 0x0c, 0x00, 0xc4, 0x2f,
  0x20, 0x06, 0x00, 0x00, 0x00, 0x00, 0x00, 0x00, 0x01, 0x20, 0x14, 0x20,
  0x00, 0x31, 0x7e, 0x00, 0x01, 0x20, 0x14, 0x20, 0x00, 0x31, 0x7e, 0x00,
  0x10, 0x00, 0x81, 0x05, 0xe2, 0x3a, 0x00, 0x20, 0xc0, 0x01, 0x8d, 0x3a,
  0x40, 0x01, 0x00, 0x00, 0x01, 0x00, 0x00, 0x00, 0x0c, 0x00, 0xc4, 0x2f,
  0x20, 0x06, 0x00, 0x00, 0x00, 0x00, 0x00, 0x00, 0x01, 0x20, 0x14, 0x20,
  0x00, 0x31, 0x7e, 0x00, 0x01, 0x20, 0x14, 0x20, 0x00, 0x31, 0x7e, 0x00,
  0x10, 0x20, 0x81, 0x05, 0xe2, 0x3a, 0x00, 0x20, 0x80, 0x01, 0x8d, 0x3a,
  0x40, 0x01, 0x00, 0x00, 0x01, 0x00, 0x00, 0x00, 0x0c, 0x00, 0xc4, 0x2f,
  0x20, 0x06, 0x00, 0x00, 0x00, 0x00, 0x00, 0x00, 0x01, 0x20, 0x00, 0x20,
  0x00, 0x31, 0x7e, 0x00, 0x02, 0x00, 0x81, 0x00, 0x4a, 0x12, 0xa0, 0x2f,
  0xc8, 0x0f, 0x00, 0x16, 0x00, 0x00, 0x00, 0x00, 0x01, 0x20, 0x14, 0x20,
  0x00, 0x31, 0x7e, 0x00, 0x02, 0x00, 0x81, 0x00, 0x4a, 0x12, 0x80, 0x2f,
  0xc8, 0x0f, 0x00, 0x16, 0x00, 0x00, 0x00, 0x00, 0x06, 0x00, 0x80, 0x02,
  0x42, 0x12, 0x00, 0x20, 0xa0, 0x0f, 0xb1, 0x12, 0x80, 0x0f, 0xb1, 0x00,
  0x01, 0x00, 0x00, 0x00, 0x0c, 0x00, 0xcc, 0x2f, 0x20, 0x06, 0x00, 0x00,
  0x00, 0x00, 0x00, 0x00, 0x01, 0x20, 0x00, 0x20, 0x00, 0x31, 0x7e, 0x00,
  0x02, 0x20, 0x81, 0x00, 0x4a, 0x12, 0x60, 0x2f, 0xc8, 0x0f, 0x00, 0x16,
  0x00, 0x00, 0x00, 0x00, 0x01, 0x20, 0x14, 0x20, 0x00, 0x31, 0x7e, 0x00,
  0x02, 0x20, 0x81, 0x00, 0x4a, 0x12, 0x40, 0x2f, 0xc8, 0x0f, 0x00, 0x16,
  0x00, 0x00, 0x00, 0x00, 0x01, 0x20, 0x1c, 0x20, 0x00, 0x31, 0x7e, 0x00,
  0x06, 0x20, 0x80, 0x02, 0x42, 0x12, 0x00, 0x20, 0x60, 0x0f, 0xb1, 0x12,
  0x40, 0x0f, 0xb1, 0x00, 0x01, 0x00, 0x00, 0x00, 0x0c, 0x00, 0xcc, 0x2f,
  0x20, 0x06, 0x00, 0x00, 0x00, 0x00, 0x00, 0x00, 0x22, 0x00, 0xa1, 0x00,
  0x02, 0x0e, 0x00, 0x20, 0x78, 0x00, 0x00, 0x00, 0x78, 0x00, 0x00, 0x00,
  0x01, 0x40, 0x18, 0x20, 0x00, 0x7e, 0x08, 0x00, 0x40, 0x00, 0x00, 0x00,
  0x2c, 0x0a, 0x80, 0x2f, 0x08, 0x01, 0x00, 0x0a, 0x98, 0x00, 0x00, 0x00,
  0x31, 0x00, 0x00, 0x0a, 0x0c, 0x02, 0xa0, 0x2f, 0xc0, 0x0f, 0x00, 0x06,
  0xfe, 0x08, 0x11, 0x02, 0x31, 0x00, 0x00, 0x0a, 0x0c, 0x02, 0x60, 0x2f,
  0x80, 0x0f, 0x00, 0x06, 0xfe, 0x08, 0x11, 0x02, 0x40, 0x56, 0x02, 0x20,
  0x07, 0x74, 0x74, 0x7d, 0x40, 0x20, 0x80, 0x00, 0xe8, 0x3a, 0x40, 0x22,
  0x40, 0x02, 0x8d, 0x3a, 0xa0, 0x0f, 0x00, 0x00, 0x40, 0x56, 0x02, 0x20,
  0x07, 0x20, 0x20, 0x7b, 0x40, 0x20, 0x80, 0x00, 0xe8, 0x3a, 0x80, 0x22,
  0x80, 0x02, 0x8d, 0x3a, 0x60, 0x0f, 0x00, 0x00, 0x25, 0x00, 0xa0, 0x00,
  0x00, 0x00, 0x00, 0x20, 0x00, 0x00, 0x00, 0x0e, 0x10, 0x00, 0x00, 0x00,
  0x25, 0x00, 0xa0, 0x00, 0x00, 0x00, 0x00, 0x20, 0x00, 0x00, 0x00, 0x0e,
  0x10, 0x00, 0x00, 0x00, 0x24, 0x00, 0xa0, 0x00, 0x00, 0x0e, 0x00, 0x20,
  0x78, 0x00, 0x00, 0x00, 0x78, 0x00, 0x00, 0x00, 0x01, 0x40, 0x18, 0x20,
  0x00, 0x7e, 0x08, 0x00, 0x40, 0x00, 0x00, 0x00, 0x2c, 0x0a, 0x80, 0x2f,
  0x08, 0x01, 0x00, 0x0a, 0x9c, 0x00, 0x00, 0x00, 0x31, 0x00, 0x00, 0x0a,
  0x0c, 0x02, 0xa0, 0x2f, 0xc0, 0x0f, 0x00, 0x06, 0xfe, 0x08, 0x11, 0x02,
  0x31, 0x00, 0x00, 0x0a, 0x0c, 0x02, 0x60, 0x2f, 0x80, 0x0f, 0x00, 0x06,
  0xfe, 0x08, 0x11, 0x02, 0x40, 0x56, 0x02, 0x20, 0x07, 0x74, 0x74, 0x7d,
  0x40, 0x20, 0x80, 0x00, 0xe8, 0x3a, 0x40, 0x22, 0x40, 0x02, 0x8d, 0x3a,
  0xa0, 0x0f, 0x00, 0x00, 0x40, 0x56, 0x02, 0x20, 0x07, 0x20, 0x20, 0x7b,
  0x40, 0x20, 0x80, 0x00, 0xe8, 0x3a, 0x80, 0x22, 0x80, 0x02, 0x8d, 0x3a,
  0x60, 0x0f, 0x00, 0x00, 0x25, 0x00, 0xa0, 0x00, 0x00, 0x00, 0x00, 0x20,
  0x00, 0x00, 0x00, 0x0e, 0x10, 0x00, 0x00, 0x00, 0x06, 0x00, 0x00, 0x00,
  0x2c, 0x0a, 0xc0, 0x2f, 0x04, 0x01, 0x00, 0x1e, 0x0e, 0x00, 0x0e, 0x00,
  0x09, 0x00, 0x00, 0x00, 0x2c, 0x0a, 0x08, 0x21, 0xc0, 0x0f, 0x00, 0x1e,
  0x02, 0x00, 0x02, 0x00, 0x01, 0x00, 0x00, 0x00, 0x4c, 0x16, 0xc0, 0x2f,
  0x00, 0x00, 0x00, 0x00, 0x01, 0x00, 0x01, 0x00, 0x40, 0x00, 0x00, 0x00,
  0x2c, 0x0a, 0xa0, 0x2f, 0x08, 0x01, 0x00, 0x0a, 0x0c, 0x01, 0x00, 0x00,
  0x31, 0x00, 0x00, 0x0a, 0x0c, 0x02, 0x40, 0x21, 0xa0, 0x0f, 0x00, 0x06,
  0xfe, 0x08, 0x11, 0x02, 0x10, 0x00, 0x80, 0x05, 0xe2, 0x3a, 0x00, 0x20,
  0xc0, 0x01, 0x8d, 0x3a, 0x40, 0x01, 0x00, 0x00, 0x01, 0x00, 0x00, 0x20,
  0x00, 0x7c, 0x31, 0x00, 0x10, 0x20, 0x80, 0x05, 0xe2, 0x3a, 0x00, 0x20,
  0x80, 0x01, 0x8d, 0x3a, 0x40, 0x01, 0x00, 0x00, 0x01, 0x00, 0x00, 0x00,
  0x0c, 0x00, 0x84, 0x2f, 0x20, 0x06, 0x00, 0x00, 0x00, 0x00, 0x00, 0x00,
  0x01, 0x20, 0x00, 0x20, 0x00, 0x31, 0x7c, 0x00, 0x01, 0x20, 0x00, 0x20,
  0x00, 0x31, 0x7c, 0x00, 0x10, 0x00, 0x81, 0x05, 0xe2, 0x3a, 0x00, 0x20,
  0xc0, 0x01, 0x8d, 0x3a, 0xc0, 0x00, 0x8d, 0x00, 0x01, 0x00, 0x00, 0x20,
  0x00, 0x7c, 0x31, 0x00, 0x01, 0x20, 0x14, 0x20, 0x00, 0x31, 0x7c, 0x00,
  0x01, 0x20, 0x14, 0x20, 0x00, 0x31, 0x7c, 0x00, 0x10, 0x20, 0x81, 0x05,
  0xe2, 0x3a, 0x00, 0x20, 0x80, 0x01, 0x8d, 0x3a, 0x00, 0x02, 0x8d, 0x00,
  0x01, 0x00, 0x00, 0x00, 0x0c, 0x00, 0x84, 0x2f, 0x20, 0x06, 0x00, 0x00,
  0x00, 0x00, 0x00, 0x00, 0x01, 0x20, 0x00, 0x20, 0x00, 0x31, 0x7c, 0x00,
  0x01, 0x20, 0x00, 0x20, 0x00, 0x31, 0x7c, 0x00, 0x10, 0x00, 0x81, 0x05,
  0xe2, 0x3a, 0x00, 0x20, 0x40, 0x01, 0x00, 0x3a, 0xc0, 0x00, 0x8d, 0x00,
  0x01, 0x00, 0x00, 0x20, 0x00, 0x7c, 0x31, 0x00, 0x01, 0x20, 0x00, 0x20,
  0x00, 0x31, 0x7c, 0x00, 0x10, 0x20, 0x80, 0x05, 0xe2, 0x3a, 0x00, 0x20,
  0x40, 0x01, 0x00, 0x3a, 0x00, 0x02, 0x8d, 0x00, 0x02, 0x20, 0x81, 0x00,
  0x4a, 0x12, 0xa0, 0x2f, 0xc0, 0x0f, 0x00, 0x16, 0x00, 0x00, 0x00, 0x00,
  0x01, 0x00, 0x00, 0x20, 0x00, 0x7c, 0x31, 0x00, 0x01, 0x20, 0x14, 0x20,
  0x00, 0x31, 0x7c, 0x00, 0x02, 0x20, 0x81, 0x00, 0x4a, 0x12, 0x60, 0x2f,
  0xc0, 0x0f, 0x00, 0x16, 0x00, 0x00, 0x00, 0x00, 0x01, 0x20, 0x00, 0x20,
  0x00, 0x31, 0x7c, 0x00, 0x05, 0x20, 0x80, 0x02, 0x42, 0x12, 0x00, 0x20,
  0xa0, 0x0f, 0xb1, 0x12, 0x60, 0x0f, 0xb1, 0x00, 0x01, 0x00, 0x00, 0x20,
  0x00, 0x7c, 0x31, 0x00, 0x22, 0x00, 0xb1, 0x00, 0x02, 0x0e, 0x00, 0x20,
  0x10, 0x03, 0x00, 0x00, 0xa8, 0x02, 0x00, 0x00, 0x22, 0x00, 0xa1, 0x00,
  0x00, 0x0e, 0x00, 0x20, 0x78, 0x02, 0x00, 0x00, 0x78, 0x02, 0x00, 0x00,
  0x10, 0x00, 0x80, 0x05, 0xe2, 0x3a, 0x00, 0x20, 0x40, 0x01, 0x00, 0x3a,
  0xc0, 0x00, 0x8d, 0x00, 0x01, 0x00, 0x00, 0x00, 0x4c, 0x16, 0xc8, 0x2f,
  0x00, 0x00, 0x00, 0x00, 0x01, 0x00, 0x01, 0x00, 0x01, 0x00, 0x00, 0x20,
  0x00, 0x7e, 0x31, 0x00, 0x01, 0x20, 0x00, 0x20, 0x00, 0x31, 0x7e, 0x00,
  0x10, 0x20, 0x80, 0x05, 0xe2, 0x3a, 0x00, 0x20, 0x40, 0x01, 0x00, 0x3a,
  0x00, 0x02, 0x8d, 0x00, 0x01, 0x00, 0x00, 0x20, 0x00, 0x7e, 0x31, 0x00,
  0x01, 0x20, 0x00, 0x20, 0x00, 0x31, 0x7e, 0x00, 0x01, 0x20, 0x00, 0x20,
  0x00, 0x31, 0x7e, 0x00, 0x10, 0x00, 0x81, 0x03, 0xe2, 0x3a, 0x00, 0x20,
  0x40, 0x01, 0x00, 0x3e, 0x00, 0x00, 0x00, 0x00, 0x01, 0x00, 0x00, 0x20,
  0x00, 0x7e, 0x31, 0x00, 0x01, 0x20, 0x00, 0x20, 0x00, 0x31, 0x7e, 0x00,
  0x01, 0x20, 0x00, 0x20, 0x00, 0x31, 0x7e, 0x00, 0x10, 0x20, 0x81, 0x03,
  0xe2, 0x3a, 0x00, 0x20, 0x40, 0x01, 0x00, 0x3e, 0x00, 0x00, 0x00, 0x00,
  0x01, 0x00, 0x00, 0x20, 0x00, 0x7e, 0x31, 0x00, 0x10, 0x00, 0x80, 0x05,
  0xe6, 0x3a, 0x00, 0x20, 0x40, 0x01, 0x00, 0x3e, 0xd0, 0x0f, 0xc9, 0x40,
  0x01, 0x00, 0x00, 0x00, 0x0c, 0x00, 0xc4, 0x2f, 0x20, 0x06, 0x00, 0x00,
  0x00, 0x00, 0x00, 0x00, 0x01, 0x20, 0x14, 0x20, 0x00, 0x31, 0x7e, 0x00,
  0x10, 0x20, 0x80, 0x05, 0xe6, 0x3a, 0x00, 0x20, 0x40, 0x01, 0x00, 0x3e,
  0xd0, 0x0f, 0xc9, 0x40, 0x01, 0x00, 0x00, 0x00, 0x0c, 0x00, 0xc4, 0x2f,
  0x20, 0x06, 0x00, 0x00, 0x00, 0x00, 0x00, 0x00, 0x01, 0x20, 0x14, 0x20,
  0x00, 0x31, 0x7e, 0x00, 0x01, 0x20, 0x14, 0x20, 0x00, 0x31, 0x7e, 0x00,
  0x10, 0x00, 0x81, 0x05, 0xe2, 0x3a, 0x00, 0x20, 0xc0, 0x01, 0x8d, 0x3a,
  0x40, 0x01, 0x00, 0x00, 0x01, 0x00, 0x00, 0x00, 0x0c, 0x00, 0xc4, 0x2f,
  0x20, 0x06, 0x00, 0x00, 0x00, 0x00, 0x00, 0x00, 0x01, 0x20, 0x14, 0x20,
  0x00, 0x31, 0x7e, 0x00, 0x01, 0x20, 0x14, 0x20, 0x00, 0x31, 0x7e, 0x00,
  0x10, 0x20, 0x81, 0x05, 0xe2, 0x3a, 0x00, 0x20, 0x80, 0x01, 0x8d, 0x3a,
  0x40, 0x01, 0x00, 0x00, 0x01, 0x00, 0x00, 0x00, 0x0c, 0x00, 0xc4, 0x2f,
  0x20, 0x06, 0x00, 0x00, 0x00, 0x00, 0x00, 0x00, 0x01, 0x20, 0x00, 0x20,
  0x00, 0x31, 0x7e, 0x00, 0x02, 0x00, 0x81, 0x00, 0x4a, 0x12, 0xa0, 0x2f,
  0xc8, 0x0f, 0x00, 0x16, 0x00, 0x00, 0x00, 0x00, 0x01, 0x20, 0x14, 0x20,
  0x00, 0x31, 0x7e, 0x00, 0x02, 0x00, 0x81, 0x00, 0x4a, 0x12, 0x80, 0x2f,
  0xc8, 0x0f, 0x00, 0x16, 0x00, 0x00, 0x00, 0x00, 0x06, 0x00, 0x80, 0x02,
  0x42, 0x12, 0x00, 0x20, 0xa0, 0x0f, 0xb1, 0x12, 0x80, 0x0f, 0xb1, 0x00,
  0x01, 0x00, 0x00, 0x00, 0x0c, 0x00, 0xcc, 0x2f, 0x20, 0x06, 0x00, 0x00,
  0x00, 0x00, 0x00, 0x00, 0x01, 0x20, 0x00, 0x20, 0x00, 0x31, 0x7e, 0x00,
  0x02, 0x20, 0x81, 0x00, 0x4a, 0x12, 0x60, 0x2f, 0xc8, 0x0f, 0x00, 0x16,
  0x00, 0x00, 0x00, 0x00, 0x01, 0x20, 0x14, 0x20, 0x00, 0x31, 0x7e, 0x00,
  0x02, 0x20, 0x81, 0x00, 0x4a, 0x12, 0x40, 0x2f, 0xc8, 0x0f, 0x00, 0x16,
  0x00, 0x00, 0x00, 0x00, 0x01, 0x20, 0x1c, 0x20, 0x00, 0x31, 0x7e, 0x00,
  0x06, 0x20, 0x80, 0x02, 0x42, 0x12, 0x00, 0x20, 0x60, 0x0f, 0xb1, 0x12,
  0x40, 0x0f, 0xb1, 0x00, 0x01, 0x00, 0x00, 0x00, 0x0c, 0x00, 0xcc, 0x2f,
  0x20, 0x06, 0x00, 0x00, 0x00, 0x00, 0x00, 0x00, 0x22, 0x00, 0xa1, 0x00,
  0x02, 0x0e, 0x00, 0x20, 0x70, 0x00, 0x00, 0x00, 0x70, 0x00, 0x00, 0x00,
  0x01, 0x40, 0x18, 0x20, 0x00, 0x7e, 0x08, 0x00, 0x40, 0x80, 0x19, 0x20,
  0x00, 0x7c, 0x08, 0x04, 0x31, 0x00, 0x00, 0x0a, 0x0c, 0x02, 0xa0, 0x2f,
  0xc0, 0x0f, 0x00, 0x06, 0xfe, 0x08, 0x11, 0x02, 0x31, 0x00, 0x00, 0x0a,
  0x0c, 0x02, 0x60, 0x2f, 0x80, 0x0f, 0x00, 0x06, 0xfe, 0x08, 0x11, 0x02,
  0x40, 0x56, 0x02, 0x20, 0x07, 0x74, 0x74, 0x7d, 0x40, 0x20, 0x80, 0x00,
  0xe8, 0x3a, 0x40, 0x22, 0x40, 0x02, 0x8d, 0x3a, 0xa0, 0x0f, 0x00, 0x00,
  0x40, 0x56, 0x02, 0x20, 0x07, 0x20, 0x20, 0x7b, 0x40, 0x20, 0x80, 0x00,
  0xe8, 0x3a, 0x80, 0x22, 0x80, 0x02, 0x8d, 0x3a, 0x60, 0x0f, 0x00, 0x00,
  0x25, 0x00, 0xa0, 0x00, 0x00, 0x00, 0x00, 0x20, 0x00, 0x00, 0x00, 0x0e,
  0x10, 0x00, 0x00, 0x00, 0x25, 0x00, 0xa0, 0x00, 0x00, 0x00, 0x00, 0x20,
  0x00, 0x00, 0x00, 0x0e, 0x10, 0x00, 0x00, 0x00, 0x24, 0x00, 0xa0, 0x00,
  0x00, 0x0e, 0x00, 0x20, 0x78, 0x00, 0x00, 0x00, 0x78, 0x00, 0x00, 0x00,
  0x01, 0x40, 0x18, 0x20, 0x00, 0x7e, 0x08, 0x00, 0x40, 0x00, 0x00, 0x00,
  0x2c, 0x0a, 0x80, 0x2f, 0x08, 0x01, 0x00, 0x0a, 0x84, 0x00, 0x00, 0x00,
  0x31, 0x00, 0x00, 0x0a, 0x0c, 0x02, 0xa0, 0x2f, 0xc0, 0x0f, 0x00, 0x06,
  0xfe, 0x08, 0x11, 0x02, 0x31, 0x00, 0x00, 0x0a, 0x0c, 0x02, 0x60, 0x2f,
  0x80, 0x0f, 0x00, 0x06, 0xfe, 0x08, 0x11, 0x02, 0x40, 0x56, 0x02, 0x20,
  0x07, 0x74, 0x74, 0x7d, 0x40, 0x20, 0x80, 0x00, 0xe8, 0x3a, 0x40, 0x22,
  0x40, 0x02, 0x8d, 0x3a, 0xa0, 0x0f, 0x00, 0x00, 0x40, 0x56, 0x02, 0x20,
  0x07, 0x20, 0x20, 0x7b, 0x40, 0x20, 0x80, 0x00, 0xe8, 0x3a, 0x80, 0x22,
  0x80, 0x02, 0x8d, 0x3a, 0x60, 0x0f, 0x00, 0x00, 0x25, 0x00, 0xa0, 0x00,
  0x00, 0x00, 0x00, 0x20, 0x00, 0x00, 0x00, 0x0e, 0x10, 0x00, 0x00, 0x00,
  0x06, 0x00, 0x00, 0x00, 0x2c, 0x0a, 0xc0, 0x2f, 0x04, 0x01, 0x00, 0x1e,
  0x0f, 0x00, 0x0f, 0x00, 0x09, 0x00, 0x00, 0x00, 0x2c, 0x0a, 0x08, 0x21,
  0xc0, 0x0f, 0x00, 0x1e, 0x02, 0x00, 0x02, 0x00, 0x01, 0x00, 0x00, 0x00,
  0x4c, 0x16, 0xc0, 0x2f, 0x00, 0x00, 0x00, 0x00, 0x01, 0x00, 0x01, 0x00,
  0x40, 0x00, 0x00, 0x00, 0x2c, 0x0a, 0xa0, 0x2f, 0x08, 0x01, 0x00, 0x0a,
  0x0c, 0x01, 0x00, 0x00, 0x31, 0x00, 0x00, 0x0a, 0x0c, 0x02, 0x40, 0x21,
  0xa0, 0x0f, 0x00, 0x06, 0xfe, 0x08, 0x11, 0x02, 0x10, 0x00, 0x80, 0x05,
  0xe2, 0x3a, 0x00, 0x20, 0xc0, 0x01, 0x8d, 0x3a, 0x40, 0x01, 0x00, 0x00,
  0x01, 0x00, 0x00, 0x20, 0x00, 0x7c, 0x31, 0x00, 0x10, 0x20, 0x80, 0x05,
  0xe2, 0x3a, 0x00, 0x20, 0x80, 0x01, 0x8d, 0x3a, 0x40, 0x01, 0x00, 0x00,
  0x01, 0x00, 0x00, 0x00, 0x0c, 0x00, 0x84, 0x2f, 0x20, 0x06, 0x00, 0x00,
  0x00, 0x00, 0x00, 0x00, 0x01, 0x20, 0x00, 0x20, 0x00, 0x31, 0x7c, 0x00,
  0x01, 0x20, 0x00, 0x20, 0x00, 0x31, 0x7c, 0x00, 0x10, 0x00, 0x81, 0x05,
  0xe2, 0x3a, 0x00, 0x20, 0xc0, 0x01, 0x8d, 0x3a, 0xc0, 0x00, 0x8d, 0x00,
  0x01, 0x00, 0x00, 0x20, 0x00, 0x7c, 0x31, 0x00, 0x01, 0x20, 0x14, 0x20,
  0x00, 0x31, 0x7c, 0x00, 0x01, 0x20, 0x14, 0x20, 0x00, 0x31, 0x7c, 0x00,
  0x10, 0x20, 0x81, 0x05, 0xe2, 0x3a, 0x00, 0x20, 0x80, 0x01, 0x8d, 0x3a,
  0x00, 0x02, 0x8d, 0x00, 0x01, 0x00, 0x00, 0x00, 0x0c, 0x00, 0x84, 0x2f,
  0x20, 0x06, 0x00, 0x00, 0x00, 0x00, 0x00, 0x00, 0x01, 0x20, 0x00, 0x20,
  0x00, 0x31, 0x7c, 0x00, 0x01, 0x20, 0x00, 0x20, 0x00, 0x31, 0x7c, 0x00,
  0x10, 0x00, 0x81, 0x05, 0xe2, 0x3a, 0x00, 0x20, 0x40, 0x01, 0x00, 0x3a,
  0xc0, 0x00, 0x8d, 0x00, 0x01, 0x00, 0x00, 0x20, 0x00, 0x7c, 0x31, 0x00,
  0x01, 0x20, 0x00, 0x20, 0x00, 0x31, 0x7c, 0x00, 0x10, 0x20, 0x80, 0x05,
  0xe2, 0x3a, 0x00, 0x20, 0x40, 0x01, 0x00, 0x3a, 0x00, 0x02, 0x8d, 0x00,
  0x02, 0x20, 0x81, 0x00, 0x4a, 0x12, 0xa0, 0x2f, 0xc0, 0x0f, 0x00, 0x16,
  0x00, 0x00, 0x00, 0x00, 0x01, 0x00, 0x00, 0x20, 0x00, 0x7c, 0x31, 0x00,
  0x01, 0x20, 0x14, 0x20, 0x00, 0x31, 0x7c, 0x00, 0x02, 0x20, 0x81, 0x00,
  0x4a, 0x12, 0x60, 0x2f, 0xc0, 0x0f, 0x00, 0x16, 0x00, 0x00, 0x00, 0x00,
  0x01, 0x20, 0x00, 0x20, 0x00, 0x31, 0x7c, 0x00, 0x05, 0x20, 0x80, 0x02,
  0x42, 0x12, 0x00, 0x20, 0xa0, 0x0f, 0xb1, 0x12, 0x60, 0x0f, 0xb1, 0x00,
  0x01, 0x00, 0x00, 0x20, 0x00, 0x7c, 0x31, 0x00, 0x22, 0x00, 0xb1, 0x00,
  0x02, 0x0e, 0x00, 0x20, 0x18, 0x03, 0x00, 0x00, 0xb0, 0x02, 0x00, 0x00,
  0x22, 0x00, 0xa1, 0x00, 0x00, 0x0e, 0x00, 0x20, 0x80, 0x02, 0x00, 0x00,
  0x80, 0x02, 0x00, 0x00, 0x10, 0x00, 0x80, 0x05, 0xe2, 0x3a, 0x00, 0x20,
  0x40, 0x01, 0x00, 0x3a, 0xc0, 0x00, 0x8d, 0x00, 0x01, 0x00, 0x00, 0x00,
  0x4c, 0x16, 0xc8, 0x2f, 0x00, 0x00, 0x00, 0x00, 0x01, 0x00, 0x01, 0x00,
  0x01, 0x00, 0x00, 0x20, 0x00, 0x7e, 0x31, 0x00, 0x01, 0x20, 0x00, 0x20,
  0x00, 0x31, 0x7e, 0x00, 0x10, 0x20, 0x80, 0x05, 0xe2, 0x3a, 0x00, 0x20,
  0x40, 0x01, 0x00, 0x3a, 0x00, 0x02, 0x8d, 0x00, 0x01, 0x00, 0x00, 0x20,
  0x00, 0x7e, 0x31, 0x00, 0x01, 0x20, 0x00, 0x20, 0x00, 0x31, 0x7e, 0x00,
  0x01, 0x20, 0x00, 0x20, 0x00, 0x31, 0x7e, 0x00, 0x10, 0x00, 0x81, 0x03,
  0xe2, 0x3a, 0x00, 0x20, 0x40, 0x01, 0x00, 0x3e, 0x00, 0x00, 0x00, 0x00,
  0x01, 0x00, 0x00, 0x20, 0x00, 0x7e, 0x31, 0x00, 0x01, 0x20, 0x00, 0x20,
  0x00, 0x31, 0x7e, 0x00, 0x01, 0x20, 0x00, 0x20, 0x00, 0x31, 0x7e, 0x00,
  0x10, 0x20, 0x81, 0x03, 0xe2, 0x3a, 0x00, 0x20, 0x40, 0x01, 0x00, 0x3e,
  0x00, 0x00, 0x00, 0x00, 0x01, 0x00, 0x00, 0x20, 0x00, 0x7e, 0x31, 0x00,
  0x10, 0x00, 0x80, 0x05, 0xe6, 0x3a, 0x00, 0x20, 0x40, 0x01, 0x00, 0x3e,
  0xd0, 0x0f, 0xc9, 0x40, 0x01, 0x00, 0x00, 0x00, 0x0c, 0x00, 0xc4, 0x2f,
  0x20, 0x06, 0x00, 0x00, 0x00, 0x00, 0x00, 0x00, 0x01, 0x20, 0x14, 0x20,
  0x00, 0x31, 0x7e, 0x00, 0x10, 0x20, 0x80, 0x05, 0xe6, 0x3a, 0x00, 0x20,
  0x40, 0x01, 0x00, 0x3e, 0xd0, 0x0f, 0xc9, 0x40, 0x01, 0x00, 0x00, 0x00,
  0x0c, 0x00, 0xc4, 0x2f, 0x20, 0x06, 0x00, 0x00, 0x00, 0x00, 0x00, 0x00,
  0x01, 0x20, 0x14, 0x20, 0x00, 0x31, 0x7e, 0x00, 0x01, 0x20, 0x14, 0x20,
  0x00, 0x31, 0x7e, 0x00, 0x10, 0x00, 0x81, 0x05, 0xe2, 0x3a, 0x00, 0x20,
  0xc0, 0x01, 0x8d, 0x3a, 0x40, 0x01, 0x00, 0x00, 0x01, 0x00, 0x00, 0x00,
  0x0c, 0x00, 0xc4, 0x2f, 0x20, 0x06, 0x00, 0x00, 0x00, 0x00, 0x00, 0x00,
  0x01, 0x20, 0x14, 0x20, 0x00, 0x31, 0x7e, 0x00, 0x01, 0x20, 0x14, 0x20,
  0x00, 0x31, 0x7e, 0x00, 0x10, 0x20, 0x81, 0x05, 0xe2, 0x3a, 0x00, 0x20,
  0x80, 0x01, 0x8d, 0x3a, 0x40, 0x01, 0x00, 0x00, 0x01, 0x00, 0x00, 0x00,
  0x0c, 0x00, 0xc4, 0x2f, 0x20, 0x06, 0x00, 0x00, 0x00, 0x00, 0x00, 0x00,
  0x01, 0x20, 0x00, 0x20, 0x00, 0x31, 0x7e, 0x00, 0x02, 0x00, 0x81, 0x00,
  0x4a, 0x12, 0xa0, 0x2f, 0xc8, 0x0f, 0x00, 0x16, 0x00, 0x00, 0x00, 0x00,
  0x01, 0x20, 0x14, 0x20, 0x00, 0x31, 0x7e, 0x00, 0x02, 0x00, 0x81, 0x00,
  0x4a, 0x12, 0x80, 0x2f, 0xc8, 0x0f, 0x00, 0x16, 0x00, 0x00, 0x00, 0x00,
  0x06, 0x00, 0x80, 0x02, 0x42, 0x12, 0x00, 0x20, 0xa0, 0x0f, 0xb1, 0x12,
  0x80, 0x0f, 0xb1, 0x00, 0x01, 0x00, 0x00, 0x00, 0x0c, 0x00, 0xcc, 0x2f,
  0x20, 0x06, 0x00, 0x00, 0x00, 0x00, 0x00, 0x00, 0x01, 0x20, 0x00, 0x20,
  0x00, 0x31, 0x7e, 0x00, 0x02, 0x20, 0x81, 0x00, 0x4a, 0x12, 0x60, 0x2f,
  0xc8, 0x0f, 0x00, 0x16, 0x00, 0x00, 0x00, 0x00, 0x01, 0x20, 0x14, 0x20,
  0x00, 0x31, 0x7e, 0x00, 0x02, 0x20, 0x81, 0x00, 0x4a, 0x12, 0x40, 0x2f,
  0xc8, 0x0f, 0x00, 0x16, 0x00, 0x00, 0x00, 0x00, 0x01, 0x20, 0x1c, 0x20,
  0x00, 0x31, 0x7e, 0x00, 0x06, 0x20, 0x80, 0x02, 0x42, 0x12, 0x00, 0x20,
  0x60, 0x0f, 0xb1, 0x12, 0x40, 0x0f, 0xb1, 0x00, 0x01, 0x00, 0x00, 0x00,
  0x0c, 0x00, 0xcc, 0x2f, 0x20, 0x06, 0x00, 0x00, 0x00, 0x00, 0x00, 0x00,
  0x22, 0x00, 0xa1, 0x00, 0x02, 0x0e, 0x00, 0x20, 0x78, 0x00, 0x00, 0x00,
  0x78, 0x00, 0x00, 0x00, 0x01, 0x40, 0x18, 0x20, 0x00, 0x7e, 0x08, 0x00,
  0x40, 0x00, 0x00, 0x00, 0x2c, 0x0a, 0x80, 0x2f, 0x08, 0x01, 0x00, 0x0a,
  0x88, 0x00, 0x00, 0x00, 0x31, 0x00, 0x00, 0x0a, 0x0c, 0x02, 0xa0, 0x2f,
  0xc0, 0x0f, 0x00, 0x06, 0xfe, 0x08, 0x11, 0x02, 0x31, 0x00, 0x00, 0x0a,
  0x0c, 0x02, 0x60, 0x2f, 0x80, 0x0f, 0x00, 0x06, 0xfe, 0x08, 0x11, 0x02,
  0x40, 0x56, 0x02, 0x20, 0x07, 0x74, 0x74, 0x7d, 0x40, 0x20, 0x80, 0x00,
  0xe8, 0x3a, 0x40, 0x22, 0x40, 0x02, 0x8d, 0x3a, 0xa0, 0x0f, 0x00, 0x00,
  0x40, 0x56, 0x02, 0x20, 0x07, 0x20, 0x20, 0x7b, 0x40, 0x20, 0x80, 0x00,
  0xe8, 0x3a, 0x80, 0x22, 0x80, 0x02, 0x8d, 0x3a, 0x60, 0x0f, 0x00, 0x00,
  0x25, 0x00, 0xa0, 0x00, 0x00, 0x00, 0x00, 0x20, 0x00, 0x00, 0x00, 0x0e,
  0x10, 0x00, 0x00, 0x00, 0x25, 0x00, 0xa0, 0x00, 0x00, 0x00, 0x00, 0x20,
  0x00, 0x00, 0x00, 0x0e, 0x10, 0x00, 0x00, 0x00, 0x24, 0x00, 0xa0, 0x00,
  0x00, 0x0e, 0x00, 0x20, 0x78, 0x00, 0x00, 0x00, 0x78, 0x00, 0x00, 0x00,
  0x01, 0x40, 0x18, 0x20, 0x00, 0x7e, 0x08, 0x00, 0x40, 0x00, 0x00, 0x00,
  0x2c, 0x0a, 0x80, 0x2f, 0x08, 0x01, 0x00, 0x0a, 0x8c, 0x00, 0x00, 0x00,
  0x31, 0x00, 0x00, 0x0a, 0x0c, 0x02, 0xa0, 0x2f, 0xc0, 0x0f, 0x00, 0x06,
  0xfe, 0x08, 0x11, 0x02, 0x31, 0x00, 0x00, 0x0a, 0x0c, 0x02, 0x60, 0x2f,
  0x80, 0x0f, 0x00, 0x06, 0xfe, 0x08, 0x11, 0x02, 0x40, 0x56, 0x02, 0x20,
  0x07, 0x74, 0x74, 0x7d, 0x40, 0x20, 0x80, 0x00, 0xe8, 0x3a, 0x40, 0x22,
  0x40, 0x02, 0x8d, 0x3a, 0xa0, 0x0f, 0x00, 0x00, 0x40, 0x56, 0x02, 0x20,
  0x07, 0x20, 0x20, 0x7b, 0x40, 0x20, 0x80, 0x00, 0xe8, 0x3a, 0x80, 0x22,
  0x80, 0x02, 0x8d, 0x3a, 0x60, 0x0f, 0x00, 0x00, 0x25, 0x00, 0xa0, 0x00,
  0x00, 0x00, 0x00, 0x20, 0x00, 0x00, 0x00, 0x0e, 0x10, 0x00, 0x00, 0x00,
  0x40, 0x00, 0x00, 0x00, 0x2c, 0x0a, 0x04, 0x21, 0x04, 0x01, 0x00, 0x1e,
  0x10, 0x00, 0x10, 0x00, 0x27, 0x00, 0xa0, 0x10, 0x00, 0x00, 0x00, 0x20,
  0x00, 0x00, 0x00, 0x0e, 0x70, 0xb6, 0xff, 0xff, 0x10, 0x76, 0x02, 0x24,
  0x07, 0x00, 0x74, 0x00, 0x10, 0x20, 0x80, 0x04, 0xe0, 0x3a, 0x00, 0x20,
  0x40, 0x02, 0x8d, 0x3e, 0x00, 0x00, 0x00, 0x00, 0x41, 0x56, 0x02, 0x20,
  0xe7, 0x7c, 0x20, 0x20, 0x01, 0x00, 0x00, 0x00, 0x4c, 0x16, 0xc4, 0x2f,
  0x00, 0x00, 0x00, 0x00, 0x01, 0x00, 0x01, 0x00, 0x41, 0x20, 0x80, 0x00,
  0xe8, 0x3a, 0x40, 0x2f, 0x80, 0x02, 0x8d, 0x3a, 0x80, 0x02, 0x8d, 0x00,
  0x04, 0x00, 0x00, 0x00, 0x4c, 0x10, 0xc0, 0x2f, 0x00, 0x06, 0x00, 0x00,
  0x00, 0x00, 0x00, 0x00, 0x10, 0x76, 0x02, 0x24, 0x07, 0x00, 0x20, 0x00,
  0x04, 0x20, 0x00, 0x00, 0x4c, 0x10, 0xc2, 0x2f, 0x02, 0x06, 0x00, 0x00,
  0x00, 0x00, 0x00, 0x00, 0x10, 0x20, 0x80, 0x04, 0xe0, 0x3a, 0x00, 0x20,
  0x80, 0x02, 0x8d, 0x3e, 0x00, 0x00, 0x00, 0x00, 0x5b, 0x82, 0x07, 0x20,
  0x00, 0xe0, 0xd3, 0xe9, 0x04, 0x00, 0x00, 0x00, 0x44, 0x10, 0x20, 0x26,
  0x00, 0x06, 0x00, 0x00, 0x00, 0x00, 0x00, 0x00, 0x5b, 0x63, 0x07, 0x20,
  0x00, 0xd0, 0x4b, 0x24, 0x04, 0x20, 0x00, 0x00, 0x44, 0x10, 0x22, 0x26,
  0x02, 0x06, 0x00, 0x00, 0x00, 0x00, 0x00, 0x00, 0x01, 0x20, 0x00, 0x20,
  0x00, 0x30, 0x7e, 0x00, 0x01, 0x00, 0x00, 0x00, 0x2c, 0x02, 0x08, 0x21,
  0x18, 0x01, 0x00, 0x00, 0x00, 0x00, 0x00, 0x00, 0x09, 0x00, 0x80, 0x00,
  0x28, 0x0a, 0xc0, 0x22, 0x00, 0x0a, 0x8d, 0x1e, 0x02, 0x00, 0x02, 0x00,
  0x02, 0x00, 0x81, 0x00, 0x4a, 0x12, 0x80, 0x2f, 0xc4, 0x0f, 0x00, 0x16,
  0x00, 0x00, 0x00, 0x00, 0x02, 0x20, 0x81, 0x00, 0x4a, 0x12, 0x40, 0x2f,
  0xc4, 0x0f, 0x00, 0x16, 0x00, 0x00, 0x00, 0x00, 0x02, 0x00, 0x81, 0x00,
  0x48, 0x12, 0xa0, 0x2f, 0xc4, 0x0f, 0x00, 0x16, 0x00, 0x00, 0x00, 0x00,
  0x09, 0x20, 0x80, 0x00, 0x28, 0x0a, 0xc0, 0x23, 0x40, 0x0a, 0x8d, 0x1e,
  0x02, 0x00, 0x02, 0x00, 0x40, 0x96, 0x5d, 0x20, 0x07, 0x1c, 0x16, 0x08,
  0x06, 0xd6, 0x03, 0xe2, 0xff, 0x00, 0x7d, 0x7c, 0x40, 0x20, 0x80, 0x00,
  0x28, 0x0a, 0x40, 0x23, 0xc0, 0x03, 0x8d, 0x0a, 0x08, 0x01, 0x00, 0x00,
  0x33, 0x00, 0x80, 0x0c, 0x70, 0x80, 0x07, 0x00, 0x82, 0x03, 0x00, 0x00,
  0xfe, 0x5e, 0x02, 0x04, 0x01, 0x00, 0x08, 0x20, 0x00, 0x7e, 0x30, 0x00,
  0x01, 0x20, 0x00, 0x20, 0x00, 0x30, 0x7e, 0x00, 0x33, 0x20, 0x80, 0x0c,
  0x70, 0x60, 0x07, 0x00, 0x42, 0x03, 0x00, 0x00, 0xfe, 0x5e, 0x02, 0x04,
  0x01, 0x20, 0x18, 0x20, 0x00, 0x31, 0x7e, 0x00, 0x02, 0x20, 0x81, 0x00,
  0x48, 0x12, 0x60, 0x2f, 0xc4, 0x0f, 0x00, 0x16, 0x00, 0x00, 0x00, 0x00,
  0x06, 0x20, 0x80, 0x02, 0x42, 0x12, 0x00, 0x20, 0x60, 0x0f, 0xb1, 0x12,
  0x40, 0x0f, 0xb1, 0x00, 0x01, 0x00, 0x08, 0x20, 0x00, 0x7e, 0x31, 0x00,
  0x01, 0x20, 0x18, 0x20, 0x00, 0x30, 0x7e, 0x00, 0x22, 0x00, 0xb1, 0x00,
  0x00, 0x0e, 0x00, 0x20, 0xf0, 0x0c, 0x00, 0x00, 0x98, 0x02, 0x00, 0x00,
  0x38, 0x56, 0x02, 0x29, 0xe7, 0x7c, 0x20, 0x74, 0x7e, 0x00, 0x00, 0x00,
  0x00, 0x00, 0x00, 0x00, 0x00, 0x00, 0x00, 0x00, 0x00, 0x00, 0x00, 0x00,
  0x38, 0x20, 0x80, 0x09, 0xe8, 0x3a, 0x40, 0x2f, 0x80, 0x02, 0x8d, 0x3a,
  0x40, 0x02, 0x8d, 0x00, 0x10, 0x00, 0x80, 0x03, 0xe2, 0x3a, 0x00, 0x20,
  0x80, 0x2f, 0x8d, 0x3e, 0x00, 0x00, 0x80, 0x3f, 0x38, 0x16, 0x01, 0x61,
  0x07, 0x78, 0x7c, 0x00, 0x38, 0x20, 0x80, 0x01, 0xe8, 0x3a, 0x80, 0x20,
  0x40, 0x2f, 0x8d, 0x00, 0x00, 0x00, 0x00, 0x00, 0x10, 0x20, 0x80, 0x03,
  0xe2, 0x3a, 0x00, 0x20, 0x40, 0x2f, 0x8d, 0x3e, 0x00, 0x00, 0x80, 0x3f,
  0x02, 0x00, 0x81, 0x00, 0xea, 0x3a, 0xc0, 0x2e, 0x00, 0x0f, 0x8d, 0x3a,
  0x80, 0x2f, 0x8d, 0x00, 0x02, 0x20, 0x81, 0x00, 0xea, 0x3a, 0xc0, 0x20,
  0x80, 0x00, 0x8d, 0x3a, 0x40, 0x2f, 0x8d, 0x00, 0x41, 0x56, 0x02, 0x20,
  0xe7, 0x74, 0x76, 0x76, 0x41, 0x20, 0x80, 0x00, 0xe8, 0x3a, 0x80, 0x21,
  0xc0, 0x00, 0x8d, 0x3a, 0xc0, 0x00, 0x8d, 0x00, 0x40, 0x00, 0x80, 0x00,
  0xe8, 0x3a, 0x00, 0x2e, 0x80, 0x0e, 0x8d, 0x3e, 0xc0, 0x5d, 0x35, 0x41,
  0x41, 0x00, 0x80, 0x00, 0xe8, 0x3a, 0x40, 0x2e, 0x80, 0x0e, 0x8d, 0x3e,
  0xea, 0xc7, 0x52, 0x3f, 0x40, 0x20, 0x80, 0x00, 0xe8, 0x3a, 0x00, 0x22,
  0x80, 0x01, 0x8d, 0x3e, 0xc0, 0x5d, 0x35, 0x41, 0x41, 0x20, 0x80, 0x00,
  0xe8, 0x3a, 0xc0, 0x21, 0x80, 0x01, 0x8d, 0x3e, 0xea, 0xc7, 0x52, 0x3f,
  0x41, 0x56, 0x02, 0x20, 0xe7, 0x70, 0x74, 0x70, 0x40, 0x00, 0x80, 0x00,
  0xe8, 0x3a, 0x40, 0x2e, 0x40, 0x4e, 0x8d, 0x3e, 0x83, 0x98, 0xb5, 0xc0,
  0x41, 0x20, 0x80, 0x00, 0xe8, 0x3a, 0x00, 0x22, 0x80, 0x01, 0x8d, 0x3a,
  0x00, 0x02, 0x8d, 0x00, 0x40, 0x20, 0x80, 0x00, 0xe8, 0x3a, 0xc0, 0x21,
  0xc0, 0x41, 0x8d, 0x3e, 0x83, 0x98, 0xb5, 0xc0, 0x40, 0x00, 0x80, 0x00,
  0xe8, 0x3a, 0x00, 0x2e, 0x00, 0x0e, 0x8d, 0x3e, 0x60, 0xbd, 0xe6, 0x41,
  0x41, 0x56, 0x02, 0x20, 0xe7, 0x72, 0x74, 0x72, 0x40, 0x20, 0x80, 0x00,
  0xe8, 0x3a, 0x00, 0x22, 0x00, 0x02, 0x8d, 0x3e, 0x60, 0xbd, 0xe6, 0x41,
  0x41, 0x20, 0x80, 0x00, 0xe8, 0x3a, 0xc0, 0x21, 0x80, 0x01, 0x8d, 0x3a,
  0xc0, 0x01, 0x8d, 0x00, 0x41, 0x56, 0x02, 0x20, 0xe7, 0x70, 0x74, 0x70,
  0x40, 0x00, 0x80, 0x00, 0xe8, 0x3a, 0x40, 0x2e, 0x40, 0x0e, 0x8d, 0x3e,
  0x07, 0x19, 0xd2, 0xc0, 0x41, 0x20, 0x80, 0x00, 0xe8, 0x3a, 0x00, 0x22,
  0x80, 0x01, 0x8d, 0x3a, 0x00, 0x02, 0x8d, 0x00, 0x40, 0x20, 0x80, 0x00,
  0xe8, 0x3a, 0xc0, 0x21, 0xc0, 0x01, 0x8d, 0x3e, 0x07, 0x19, 0xd2, 0xc0,
  0x40, 0x00, 0x80, 0x00, 0xe8, 0x3a, 0x00, 0x2e, 0x00, 0x0e, 0x8d, 0x3e,
  0xc8, 0x92, 0x9d, 0x41, 0x41, 0x56, 0x02, 0x20, 0xe7, 0x72, 0x74, 0x72,
  0x40, 0x20, 0x80, 0x00, 0xe8, 0x3a, 0x00, 0x22, 0x00, 0x02, 0x8d, 0x3e,
  0xc8, 0x92, 0x9d, 0x41, 0x41, 0x20, 0x80, 0x00, 0xe8, 0x3a, 0xc0, 0x21,
  0x80, 0x01, 0x8d, 0x3a, 0xc0, 0x01, 0x8d, 0x00, 0x38, 0x16, 0x01, 0x21,
  0x07, 0x70, 0x70, 0x00, 0x41, 0x56, 0x02, 0x20, 0xe7, 0x72, 0x76, 0x72,
  0x38, 0x20, 0x80, 0x01, 0xe8, 0x3a, 0x00, 0x22, 0x00, 0x02, 0x8d, 0x00,
  0x00, 0x00, 0x00, 0x00, 0x41, 0x20, 0x80, 0x00, 0xe8, 0x3a, 0xc0, 0x21,
  0xc0, 0x00, 0x8d, 0x3a, 0xc0, 0x01, 0x8d, 0x00, 0x41, 0x56, 0x02, 0x20,
  0xe7, 0x70, 0x70, 0x72, 0x41, 0x20, 0x80, 0x00, 0xe8, 0x3a, 0x00, 0x22,
  0x00, 0x02, 0x8d, 0x3a, 0xc0, 0x01, 0x8d, 0x00, 0x40, 0x56, 0x02, 0x20,
  0xe7, 0x70, 0x76, 0x70, 0x40, 0x20, 0x80, 0x00, 0xe8, 0x3a, 0x00, 0x22,
  0xc0, 0x00, 0x8d, 0x3a, 0x00, 0x02, 0x8d, 0x00, 0x40, 0x00, 0x80, 0x00,
  0xe8, 0x3a, 0x00, 0x2f, 0x00, 0x4e, 0x8d, 0x3e, 0xdb, 0x0f, 0xc9, 0x3f,
  0x40, 0x20, 0x80, 0x00, 0xe8, 0x3a, 0x80, 0x20, 0x00, 0x42, 0x8d, 0x3e,
  0xdb, 0x0f, 0xc9, 0x3f, 0x02, 0x00, 0x81, 0x00, 0xea, 0x3a, 0x80, 0x2e,
  0x00, 0x0f, 0x8d, 0x3a, 0x00, 0x0e, 0x8d, 0x00, 0x02, 0x20, 0x81, 0x00,
  0xea, 0x3a, 0x80, 0x21, 0x80, 0x00, 0x8d, 0x3a, 0x00, 0x02, 0x8d, 0x00,
  0x12, 0x01, 0x80, 0x05, 0x60, 0x00, 0x1e, 0x20, 0xc8, 0x41, 0x07, 0x39,
  0xe8, 0x20, 0x07, 0x1f, 0x12, 0x21, 0x80, 0x05, 0x60, 0x00, 0x1e, 0x18,
  0xc8, 0xc1, 0x00, 0x39, 0x18, 0x20, 0x87, 0x1e, 0x24, 0x00, 0xa0, 0x00,
  0x00, 0x0e, 0x00, 0x20, 0x68, 0x0a, 0x00, 0x00, 0x68, 0x0a, 0x00, 0x00,
  0x10, 0x00, 0x80, 0x05, 0xe2, 0x3a, 0x00, 0x20, 0x80, 0x0e, 0x8d, 0x3e,
  0x00, 0x00, 0x00, 0x00, 0x10, 0x20, 0x80, 0x05, 0xe2, 0x3a, 0x00, 0x20,
  0x40, 0x02, 0x8d, 0x3e, 0x00, 0x00, 0x00, 0x00, 0x01, 0x00, 0x00, 0x00,
  0x4c, 0x16, 0xc4, 0x2f, 0x00, 0x00, 0x00, 0x00, 0x01, 0x00, 0x01, 0x00,
  0x04, 0x00, 0x00, 0x00, 0x4c, 0x10, 0xc0, 0x2f, 0x20, 0x06, 0x00, 0x00,
  0x00, 0x00, 0x00, 0x00, 0x10, 0x00, 0x80, 0x04, 0xe2, 0x3a, 0x00, 0x20,
  0x00, 0x04, 0x8d, 0x3e, 0x00, 0x00, 0x00, 0x00, 0x04, 0x20, 0x00, 0x00,
  0x4c, 0x10, 0xc2, 0x2f, 0x22, 0x06, 0x00, 0x00, 0x00, 0x00, 0x00, 0x00,
  0x10, 0x20, 0x80, 0x04, 0xe2, 0x3a, 0x00, 0x20, 0x80, 0x02, 0x8d, 0x3e,
  0x00, 0x00, 0x00, 0x00, 0x04, 0x00, 0x00, 0x00, 0x44, 0x10, 0x00, 0x26,
  0x20, 0x06, 0x00, 0x00, 0x00, 0x00, 0x00, 0x00, 0x04, 0x20, 0x00, 0x00,
  0x44, 0x10, 0x02, 0x26, 0x22, 0x06, 0x00, 0x00, 0x00, 0x00, 0x00, 0x00,
  0x01, 0x20, 0x00, 0x20, 0x00, 0x31, 0x7e, 0x00, 0x02, 0x00, 0x81, 0x00,
  0x48, 0x12, 0x80, 0x2f, 0xc4, 0x0f, 0x00, 0x16, 0x00, 0x00, 0x00, 0x00,
  0x02, 0x20, 0x81, 0x00, 0x48, 0x12, 0x40, 0x2f, 0xc4, 0x0f, 0x00, 0x16,
  0x00, 0x00, 0x00, 0x00, 0x02, 0x00, 0x81, 0x00, 0x4a, 0x12, 0xa0, 0x2f,
  0xc4, 0x0f, 0x00, 0x16, 0x00, 0x00, 0x00, 0x00, 0x06, 0x00, 0x80, 0x02,
  0x42, 0x12, 0x00, 0x20, 0xa0, 0x0f, 0xb1, 0x12, 0x80, 0x0f, 0xb1, 0x00,
  0x01, 0x00, 0x08, 0x20, 0x00, 0x7e, 0x31, 0x00, 0x01, 0x20, 0x00, 0x20,
  0x00, 0x31, 0x7e, 0x00, 0x01, 0x20, 0x18, 0x20, 0x00, 0x30, 0x7e, 0x00,
  0x02, 0x20, 0x81, 0x00, 0x4a, 0x12, 0x60, 0x2f, 0xc4, 0x0f, 0x00, 0x16,
  0x00, 0x00, 0x00, 0x00, 0x06, 0x20, 0x80, 0x02, 0x40, 0x12, 0x00, 0x20,
  0x60, 0x0f, 0xb1, 0x12, 0x40, 0x0f, 0xb1, 0x00, 0x01, 0x00, 0x08, 0x20,
  0x00, 0x7e, 0x30, 0x00, 0x01, 0x20, 0x18, 0x20, 0x00, 0x31, 0x7e, 0x00,
  0x22, 0x00, 0xb1, 0x00, 0x02, 0x0e, 0x00, 0x20, 0x28, 0x09, 0x00, 0x00,
  0xa8, 0x02, 0x00, 0x00, 0x38, 0x56, 0x02, 0xa9, 0xe7, 0x7c, 0x20, 0x74,
  0x7e, 0x00, 0x00, 0x00, 0x00, 0x00, 0x00, 0x00, 0x00, 0x00, 0x00, 0x00,
  0x00, 0x00, 0x00, 0x00, 0x38, 0x20, 0x80, 0x09, 0xe8, 0x3a, 0x40, 0x2f,
  0x80, 0x42, 0x8d, 0x3a, 0x40, 0x02, 0x8d, 0x00, 0x10, 0x00, 0x80, 0x03,
  0xe0, 0x3a, 0x00, 0x20, 0x80, 0x2f, 0x8d, 0x3e, 0x00, 0x00, 0x80, 0x3f,
  0x38, 0x16, 0x01, 0x61, 0x07, 0x78, 0x7c, 0x00, 0x38, 0x20, 0x80, 0x01,
  0xe8, 0x3a, 0x80, 0x20, 0x40, 0x2f, 0x8d, 0x00, 0x00, 0x00, 0x00, 0x00,
  0x10, 0x20, 0x80, 0x03, 0xe0, 0x3a, 0x00, 0x20, 0x40, 0x2f, 0x8d, 0x3e,
  0x00, 0x00, 0x80, 0x3f, 0x02, 0x59, 0x02, 0x20, 0xef, 0x76, 0x78, 0x7c,
  0x02, 0x20, 0x81, 0x00, 0xe8, 0x3a, 0xc0, 0x20, 0x80, 0x00, 0x8d, 0x3a,
  0x40, 0x2f, 0x8d, 0x00, 0x41, 0x56, 0x02, 0x20, 0xe7, 0x74, 0x76, 0x76,
  0x41, 0x20, 0x80, 0x00, 0xe8, 0x3a, 0x80, 0x21, 0xc0, 0x00, 0x8d, 0x3a,
  0xc0, 0x00, 0x8d, 0x00, 0x40, 0x00, 0x80, 0x00, 0xe8, 0x3a, 0x00, 0x2e,
  0x80, 0x0e, 0x8d, 0x3e, 0xc0, 0x5d, 0x35, 0x41, 0x41, 0x00, 0x80, 0x00,
  0xe8, 0x3a, 0x40, 0x2e, 0x80, 0x0e, 0x8d, 0x3e, 0xea, 0xc7, 0x52, 0x3f,
  0x40, 0x20, 0x80, 0x00, 0xe8, 0x3a, 0x00, 0x22, 0x80, 0x01, 0x8d, 0x3e,
  0xc0, 0x5d, 0x35, 0x41, 0x41, 0x20, 0x80, 0x00, 0xe8, 0x3a, 0xc0, 0x21,
  0x80, 0x01, 0x8d, 0x3e, 0xea, 0xc7, 0x52, 0x3f, 0x41, 0x56, 0x02, 0x20,
  0xe7, 0x70, 0x74, 0x70, 0x40, 0x00, 0x80, 0x00, 0xe8, 0x3a, 0x40, 0x2e,
  0x40, 0x4e, 0x8d, 0x3e, 0x83, 0x98, 0xb5, 0xc0, 0x41, 0x20, 0x80, 0x00,
  0xe8, 0x3a, 0x00, 0x22, 0x80, 0x01, 0x8d, 0x3a, 0x00, 0x02, 0x8d, 0x00,
  0x40, 0x20, 0x80, 0x00, 0xe8, 0x3a, 0xc0, 0x21, 0xc0, 0x41, 0x8d, 0x3e,
  0x83, 0x98, 0xb5, 0xc0, 0x40, 0x00, 0x80, 0x00, 0xe8, 0x3a, 0x00, 0x2e,
  0x00, 0x0e, 0x8d, 0x3e, 0x60, 0xbd, 0xe6, 0x41, 0x41, 0x56, 0x02, 0x20,
  0xe7, 0x72, 0x74, 0x72, 0x40, 0x20, 0x80, 0x00, 0xe8, 0x3a, 0x00, 0x22,
  0x00, 0x02, 0x8d, 0x3e, 0x60, 0xbd, 0xe6, 0x41, 0x41, 0x20, 0x80, 0x00,
  0xe8, 0x3a, 0xc0, 0x21, 0x80, 0x01, 0x8d, 0x3a, 0xc0, 0x01, 0x8d, 0x00,
  0x41, 0x56, 0x02, 0x20, 0xe7, 0x70, 0x74, 0x70, 0x40, 0x00, 0x80, 0x00,
  0xe8, 0x3a, 0x40, 0x2e, 0x40, 0x0e, 0x8d, 0x3e, 0x07, 0x19, 0xd2, 0xc0,
  0x41, 0x20, 0x80, 0x00, 0xe8, 0x3a, 0x00, 0x22, 0x80, 0x01, 0x8d, 0x3a,
  0x00, 0x02, 0x8d, 0x00, 0x40, 0x20, 0x80, 0x00, 0xe8, 0x3a, 0xc0, 0x21,
  0xc0, 0x01, 0x8d, 0x3e, 0x07, 0x19, 0xd2, 0xc0, 0x40, 0x00, 0x80, 0x00,
  0xe8, 0x3a, 0x00, 0x2e, 0x00, 0x0e, 0x8d, 0x3e, 0xc8, 0x92, 0x9d, 0x41,
  0x41, 0x56, 0x02, 0x20, 0xe7, 0x72, 0x74, 0x72, 0x40, 0x20, 0x80, 0x00,
  0xe8, 0x3a, 0x00, 0x22, 0x00, 0x02, 0x8d, 0x3e, 0xc8, 0x92, 0x9d, 0x41,
  0x41, 0x20, 0x80, 0x00, 0xe8, 0x3a, 0xc0, 0x21, 0x80, 0x01, 0x8d, 0x3a,
  0xc0, 0x01, 0x8d, 0x00, 0x38, 0x16, 0x01, 0x21, 0x07, 0x70, 0x70, 0x00,
  0x41, 0x56, 0x02, 0x20, 0xe7, 0x72, 0x76, 0x72, 0x38, 0x20, 0x80, 0x01,
  0xe8, 0x3a, 0x00, 0x22, 0x00, 0x02, 0x8d, 0x00, 0x00, 0x00, 0x00, 0x00,
  0x41, 0x20, 0x80, 0x00, 0xe8, 0x3a, 0xc0, 0x21, 0xc0, 0x00, 0x8d, 0x3a,
  0xc0, 0x01, 0x8d, 0x00, 0x41, 0x56, 0x02, 0x20, 0xe7, 0x70, 0x70, 0x72,
  0x41, 0x20, 0x80, 0x00, 0xe8, 0x3a, 0x00, 0x22, 0x00, 0x02, 0x8d, 0x3a,
  0xc0, 0x01, 0x8d, 0x00, 0x40, 0x56, 0x02, 0x20, 0xe7, 0x70, 0x76, 0x70,
  0x40, 0x20, 0x80, 0x00, 0xe8, 0x3a, 0x00, 0x22, 0xc0, 0x00, 0x8d, 0x3a,
  0x00, 0x02, 0x8d, 0x00, 0x40, 0x00, 0x80, 0x00, 0xe8, 0x3a, 0x00, 0x2f,
  0x00, 0x4e, 0x8d, 0x3e, 0xdb, 0x0f, 0xc9, 0x3f, 0x40, 0x20, 0x80, 0x00,
  0xe8, 0x3a, 0x80, 0x20, 0x00, 0x42, 0x8d, 0x3e, 0xdb, 0x0f, 0xc9, 0x3f,
  0x02, 0x59, 0x02, 0x20, 0xe7, 0x74, 0x78, 0x70, 0x02, 0x20, 0x81, 0x00,
  0xe8, 0x3a, 0x80, 0x21, 0x80, 0x00, 0x8d, 0x3a, 0x00, 0x02, 0x8d, 0x00,
  0x12, 0x01, 0x80, 0x05, 0x60, 0x00, 0x1e, 0x6e, 0xc8, 0x41, 0x07, 0x39,
  0xe8, 0x20, 0x07, 0x1f, 0x12, 0x21, 0x80, 0x05, 0x60, 0x00, 0x1e, 0x6c,
  0xc8, 0xc1, 0x00, 0x39, 0x18, 0x20, 0x87, 0x1e, 0x40, 0x00, 0x80, 0x00,
  0xe8, 0x3a, 0x00, 0x24, 0xc0, 0x4d, 0x8d, 0x3e, 0xd0, 0x0f, 0x49, 0x40,
  0x40, 0x20, 0x80, 0x00, 0xe8, 0x3a, 0x00, 0x23, 0x80, 0x4d, 0x8d, 0x3e,
  0xd0, 0x0f, 0x49, 0x40, 0x24, 0x00, 0xa0, 0x00, 0x00, 0x0e, 0x00, 0x20,
  0x90, 0x06, 0x00, 0x00, 0x90, 0x06, 0x00, 0x00, 0x10, 0x20, 0x80, 0x05,
  0xe0, 0x3a, 0x00, 0x20, 0x80, 0x02, 0x8d, 0x3e, 0x00, 0x00, 0x00, 0x00,
  0x10, 0x20, 0x80, 0x05, 0xe2, 0x3a, 0x00, 0x20, 0x40, 0x02, 0x8d, 0x3e,
  0x00, 0x00, 0x00, 0x00, 0x01, 0x00, 0x00, 0x00, 0x4c, 0x16, 0xc0, 0x2f,
  0x00, 0x00, 0x00, 0x00, 0x01, 0x00, 0x01, 0x00, 0x10, 0x00, 0x80, 0x05,
  0xe2, 0x3a, 0x00, 0x20, 0x00, 0x04, 0x8d, 0x3e, 0x00, 0x00, 0x00, 0x00,
  0x02, 0x20, 0x81, 0x00, 0x4a, 0x12, 0xa0, 0x2f, 0xc0, 0x0f, 0x00, 0x16,
  0x00, 0x00, 0x00, 0x00, 0x02, 0x20, 0x81, 0x00, 0x48, 0x12, 0x80, 0x2f,
  0xc0, 0x0f, 0x00, 0x16, 0x00, 0x00, 0x00, 0x00, 0x10, 0x00, 0x81, 0x05,
  0xe2, 0x3a, 0x00, 0x20, 0x80, 0x0e, 0x8d, 0x3e, 0x00, 0x00, 0x00, 0x00,
  0x05, 0x20, 0x80, 0x02, 0x42, 0x12, 0x00, 0x20, 0xa0, 0x0f, 0xb1, 0x12,
  0x80, 0x0f, 0xb1, 0x00, 0x22, 0x00, 0xb1, 0x00, 0x02, 0x0e, 0x00, 0x20,
  0xf0, 0x05, 0x00, 0x00, 0x68, 0x03, 0x00, 0x00, 0x10, 0x20, 0x80, 0x05,
  0xe2, 0x3a, 0x00, 0x20, 0x80, 0x02, 0x8d, 0x3e, 0x00, 0x00, 0x00, 0x00,
  0x10, 0x20, 0x80, 0x04, 0xe0, 0x3a, 0x00, 0x20, 0x40, 0x02, 0x8d, 0x3e,
  0x00, 0x00, 0x00, 0x00, 0x01, 0x00, 0x00, 0x00, 0x4c, 0x16, 0xc0, 0x2f,
  0x00, 0x00, 0x00, 0x00, 0x01, 0x00, 0x01, 0x00, 0x10, 0x76, 0x02, 0x25,
  0x07, 0x00, 0x20, 0x00, 0x02, 0x20, 0x81, 0x00, 0x48, 0x12, 0xa0, 0x2f,
  0xc0, 0x0f, 0x00, 0x16, 0x00, 0x00, 0x00, 0x00, 0x02, 0x20, 0x81, 0x00,
  0x4a, 0x12, 0x80, 0x2f, 0xc0, 0x0f, 0x00, 0x16, 0x00, 0x00, 0x00, 0x00,
  0x10, 0x79, 0x02, 0x24, 0x07, 0x00, 0x74, 0x00, 0x05, 0x20, 0x80, 0x02,
  0x40, 0x12, 0x00, 0x20, 0xa0, 0x0f, 0xb1, 0x12, 0x80, 0x0f, 0xb1, 0x00,
  0x22, 0x00, 0xb1, 0x00, 0x00, 0x0e, 0x00, 0x20, 0xc8, 0x02, 0x00, 0x00,
  0x40, 0x00, 0x00, 0x00, 0x01, 0x00, 0x80, 0x00, 0xe8, 0x3e, 0x00, 0x24,
  0x00, 0x00, 0x00, 0x00, 0x00, 0x00, 0x00, 0x00, 0x01, 0x20, 0x80, 0x00,
  0xe8, 0x3e, 0x00, 0x23, 0x00, 0x00, 0x00, 0x00, 0x00, 0x00, 0x00, 0x00,
  0x24, 0x00, 0xa0, 0x00, 0x00, 0x0e, 0x00, 0x20, 0x98, 0x02, 0x00, 0x00,
  0x98, 0x02, 0x00, 0x00, 0x38, 0x56, 0x02, 0xa9, 0xe7, 0x7c, 0x20, 0x74,
  0x7e, 0x00, 0x00, 0x00, 0x00, 0x00, 0x00, 0x00, 0x00, 0x00, 0x00, 0x00,
  0x00, 0x00, 0x00, 0x00, 0x38, 0x20, 0x80, 0x09, 0xe8, 0x3a, 0x40, 0x2f,
  0x80, 0x42, 0x8d, 0x3a, 0x40, 0x02, 0x8d, 0x00, 0x10, 0x00, 0x80, 0x03,
  0xe2, 0x3a, 0x00, 0x20, 0x80, 0x2f, 0x8d, 0x3e, 0x00, 0x00, 0x80, 0x3f,
  0x38, 0x16, 0x01, 0x61, 0x07, 0x78, 0x7c, 0x00, 0x38, 0x20, 0x80, 0x01,
  0xe8, 0x3a, 0x80, 0x20, 0x40, 0x2f, 0x8d, 0x00, 0x00, 0x00, 0x00, 0x00,
  0x10, 0x20, 0x80, 0x03, 0xe2, 0x3a, 0x00, 0x20, 0x40, 0x2f, 0x8d, 0x3e,
  0x00, 0x00, 0x80, 0x3f, 0x02, 0x00, 0x81, 0x00, 0xea, 0x3a, 0xc0, 0x2e,
  0x00, 0x0f, 0x8d, 0x3a, 0x80, 0x2f, 0x8d, 0x00, 0x02, 0x20, 0x81, 0x00,
  0xea, 0x3a, 0xc0, 0x20, 0x80, 0x00, 0x8d, 0x3a, 0x40, 0x2f, 0x8d, 0x00,
  0x41, 0x56, 0x02, 0x20, 0xe7, 0x74, 0x76, 0x76, 0x41, 0x20, 0x80, 0x00,
  0xe8, 0x3a, 0x80, 0x21, 0xc0, 0x00, 0x8d, 0x3a, 0xc0, 0x00, 0x8d, 0x00,
  0x40, 0x00, 0x80, 0x00, 0xe8, 0x3a, 0x00, 0x2e, 0x80, 0x0e, 0x8d, 0x3e,
  0xc0, 0x5d, 0x35, 0x41, 0x41, 0x00, 0x80, 0x00, 0xe8, 0x3a, 0x40, 0x2e,
  0x80, 0x0e, 0x8d, 0x3e, 0xea, 0xc7, 0x52, 0x3f, 0x40, 0x20, 0x80, 0x00,
  0xe8, 0x3a, 0x00, 0x22, 0x80, 0x01, 0x8d, 0x3e, 0xc0, 0x5d, 0x35, 0x41,
  0x41, 0x20, 0x80, 0x00, 0xe8, 0x3a, 0xc0, 0x21, 0x80, 0x01, 0x8d, 0x3e,
  0xea, 0xc7, 0x52, 0x3f, 0x41, 0x56, 0x02, 0x20, 0xe7, 0x70, 0x74, 0x70,
  0x40, 0x00, 0x80, 0x00, 0xe8, 0x3a, 0x40, 0x2e, 0x40, 0x4e, 0x8d, 0x3e,
  0x83, 0x98, 0xb5, 0xc0, 0x41, 0x20, 0x80, 0x00, 0xe8, 0x3a, 0x00, 0x22,
  0x80, 0x01, 0x8d, 0x3a, 0x00, 0x02, 0x8d, 0x00, 0x40, 0x20, 0x80, 0x00,
  0xe8, 0x3a, 0xc0, 0x21, 0xc0, 0x41, 0x8d, 0x3e, 0x83, 0x98, 0xb5, 0xc0,
  0x40, 0x00, 0x80, 0x00, 0xe8, 0x3a, 0x00, 0x2e, 0x00, 0x0e, 0x8d, 0x3e,
  0x60, 0xbd, 0xe6, 0x41, 0x41, 0x56, 0x02, 0x20, 0xe7, 0x72, 0x74, 0x72,
  0x40, 0x20, 0x80, 0x00, 0xe8, 0x3a, 0x00, 0x22, 0x00, 0x02, 0x8d, 0x3e,
  0x60, 0xbd, 0xe6, 0x41, 0x41, 0x20, 0x80, 0x00, 0xe8, 0x3a, 0xc0, 0x21,
  0x80, 0x01, 0x8d, 0x3a, 0xc0, 0x01, 0x8d, 0x00, 0x41, 0x56, 0x02, 0x20,
  0xe7, 0x70, 0x74, 0x70, 0x40, 0x00, 0x80, 0x00, 0xe8, 0x3a, 0x40, 0x2e,
  0x40, 0x0e, 0x8d, 0x3e, 0x07, 0x19, 0xd2, 0xc0, 0x41, 0x20, 0x80, 0x00,
  0xe8, 0x3a, 0x00, 0x22, 0x80, 0x01, 0x8d, 0x3a, 0x00, 0x02, 0x8d, 0x00,
  0x40, 0x20, 0x80, 0x00, 0xe8, 0x3a, 0xc0, 0x21, 0xc0, 0x01, 0x8d, 0x3e,
  0x07, 0x19, 0xd2, 0xc0, 0x40, 0x00, 0x80, 0x00, 0xe8, 0x3a, 0x00, 0x2e,
  0x00, 0x0e, 0x8d, 0x3e, 0xc8, 0x92, 0x9d, 0x41, 0x41, 0x56, 0x02, 0x20,
  0xe7, 0x72, 0x74, 0x72, 0x40, 0x20, 0x80, 0x00, 0xe8, 0x3a, 0x00, 0x22,
  0x00, 0x02, 0x8d, 0x3e, 0xc8, 0x92, 0x9d, 0x41, 0x41, 0x20, 0x80, 0x00,
  0xe8, 0x3a, 0xc0, 0x21, 0x80, 0x01, 0x8d, 0x3a, 0xc0, 0x01, 0x8d, 0x00,
  0x38, 0x16, 0x01, 0x21, 0x07, 0x70, 0x70, 0x00, 0x41, 0x56, 0x02, 0x20,
  0xe7, 0x72, 0x76, 0x72, 0x38, 0x20, 0x80, 0x01, 0xe8, 0x3a, 0x00, 0x22,
  0x00, 0x02, 0x8d, 0x00, 0x00, 0x00, 0x00, 0x00, 0x41, 0x20, 0x80, 0x00,
  0xe8, 0x3a, 0xc0, 0x21, 0xc0, 0x00, 0x8d, 0x3a, 0xc0, 0x01, 0x8d, 0x00,
  0x41, 0x56, 0x02, 0x20, 0xe7, 0x70, 0x70, 0x72, 0x41, 0x20, 0x80, 0x00,
  0xe8, 0x3a, 0x00, 0x22, 0x00, 0x02, 0x8d, 0x3a, 0xc0, 0x01, 0x8d, 0x00,
  0x40, 0x56, 0x02, 0x20, 0xe7, 0x70, 0x76, 0x70, 0x40, 0x20, 0x80, 0x00,
  0xe8, 0x3a, 0x00, 0x22, 0xc0, 0x00, 0x8d, 0x3a, 0x00, 0x02, 0x8d, 0x00,
  0x40, 0x00, 0x80, 0x00, 0xe8, 0x3a, 0x00, 0x2f, 0x00, 0x4e, 0x8d, 0x3e,
  0xdb, 0x0f, 0xc9, 0x3f, 0x40, 0x20, 0x80, 0x00, 0xe8, 0x3a, 0x80, 0x20,
  0x00, 0x42, 0x8d, 0x3e, 0xdb, 0x0f, 0xc9, 0x3f, 0x02, 0x00, 0x81, 0x00,
  0xea, 0x3a, 0x80, 0x2e, 0x00, 0x0f, 0x8d, 0x3a, 0x00, 0x0e, 0x8d, 0x00,
  0x02, 0x20, 0x81, 0x00, 0xea, 0x3a, 0x80, 0x21, 0x80, 0x00, 0x8d, 0x3a,
  0x00, 0x02, 0x8d, 0x00, 0x12, 0x01, 0x80, 0x05, 0x60, 0x00, 0x1e, 0x6e,
  0xc8, 0x41, 0x07, 0x39, 0xe8, 0x20, 0x07, 0x1f, 0x12, 0x21, 0x80, 0x05,
  0x60, 0x00, 0x1e, 0x6c, 0xc8, 0xc1, 0x00, 0x39, 0x18, 0x20, 0x87, 0x1e,
  0x5b, 0x06, 0x02, 0x20, 0x83, 0x75, 0x2b, 0x14, 0x5b, 0x87, 0x01, 0x20,
  0x83, 0x65, 0x2b, 0x14, 0x25, 0x00, 0xa0, 0x00, 0x00, 0x00, 0x00, 0x20,
  0x00, 0x00, 0x00, 0x0e, 0x10, 0x00, 0x00, 0x00, 0x24, 0x00, 0xa0, 0x00,
  0x00, 0x0e, 0x00, 0x20, 0x98, 0x02, 0x00, 0x00, 0x98, 0x02, 0x00, 0x00,
  0x38, 0x56, 0x02, 0x29, 0xe7, 0x7c, 0x20, 0x74, 0x7e, 0x00, 0x00, 0x00,
  0x00, 0x00, 0x00, 0x00, 0x00, 0x00, 0x00, 0x00, 0x00, 0x00, 0x00, 0x00,
  0x38, 0x20, 0x80, 0x09, 0xe8, 0x3a, 0x40, 0x2f, 0x80, 0x02, 0x8d, 0x3a,
  0x40, 0x02, 0x8d, 0x00, 0x10, 0x00, 0x80, 0x03, 0xe0, 0x3a, 0x00, 0x20,
  0x80, 0x2f, 0x8d, 0x3e, 0x00, 0x00, 0x80, 0x3f, 0x38, 0x16, 0x01, 0x61,
  0x07, 0x78, 0x7c, 0x00, 0x38, 0x20, 0x80, 0x01, 0xe8, 0x3a, 0x80, 0x20,
  0x40, 0x2f, 0x8d, 0x00, 0x00, 0x00, 0x00, 0x00, 0x10, 0x20, 0x80, 0x03,
  0xe0, 0x3a, 0x00, 0x20, 0x40, 0x2f, 0x8d, 0x3e, 0x00, 0x00, 0x80, 0x3f,
  0x02, 0x59, 0x02, 0x20, 0xef, 0x76, 0x78, 0x7c, 0x02, 0x20, 0x81, 0x00,
  0xe8, 0x3a, 0xc0, 0x20, 0x80, 0x00, 0x8d, 0x3a, 0x40, 0x2f, 0x8d, 0x00,
  0x41, 0x56, 0x02, 0x20, 0xe7, 0x74, 0x76, 0x76, 0x41, 0x20, 0x80, 0x00,
  0xe8, 0x3a, 0x80, 0x21, 0xc0, 0x00, 0x8d, 0x3a, 0xc0, 0x00, 0x8d, 0x00,
  0x40, 0x00, 0x80, 0x00, 0xe8, 0x3a, 0x00, 0x2e, 0x80, 0x0e, 0x8d, 0x3e,
  0xc0, 0x5d, 0x35, 0x41, 0x41, 0x00, 0x80, 0x00, 0xe8, 0x3a, 0x40, 0x2e,
  0x80, 0x0e, 0x8d, 0x3e, 0xea, 0xc7, 0x52, 0x3f, 0x40, 0x20, 0x80, 0x00,
  0xe8, 0x3a, 0x00, 0x22, 0x80, 0x01, 0x8d, 0x3e, 0xc0, 0x5d, 0x35, 0x41,
  0x41, 0x20, 0x80, 0x00, 0xe8, 0x3a, 0xc0, 0x21, 0x80, 0x01, 0x8d, 0x3e,
  0xea, 0xc7, 0x52, 0x3f, 0x41, 0x56, 0x02, 0x20, 0xe7, 0x70, 0x74, 0x70,
  0x40, 0x00, 0x80, 0x00, 0xe8, 0x3a, 0x40, 0x2e, 0x40, 0x4e, 0x8d, 0x3e,
  0x83, 0x98, 0xb5, 0xc0, 0x41, 0x20, 0x80, 0x00, 0xe8, 0x3a, 0x00, 0x22,
  0x80, 0x01, 0x8d, 0x3a, 0x00, 0x02, 0x8d, 0x00, 0x40, 0x20, 0x80, 0x00,
  0xe8, 0x3a, 0xc0, 0x21, 0xc0, 0x41, 0x8d, 0x3e, 0x83, 0x98, 0xb5, 0xc0,
  0x40, 0x00, 0x80, 0x00, 0xe8, 0x3a, 0x00, 0x2e, 0x00, 0x0e, 0x8d, 0x3e,
  0x60, 0xbd, 0xe6, 0x41, 0x41, 0x56, 0x02, 0x20, 0xe7, 0x72, 0x74, 0x72,
  0x40, 0x20, 0x80, 0x00, 0xe8, 0x3a, 0x00, 0x22, 0x00, 0x02, 0x8d, 0x3e,
  0x60, 0xbd, 0xe6, 0x41, 0x41, 0x20, 0x80, 0x00, 0xe8, 0x3a, 0xc0, 0x21,
  0x80, 0x01, 0x8d, 0x3a, 0xc0, 0x01, 0x8d, 0x00, 0x41, 0x56, 0x02, 0x20,
  0xe7, 0x70, 0x74, 0x70, 0x40, 0x00, 0x80, 0x00, 0xe8, 0x3a, 0x40, 0x2e,
  0x40, 0x0e, 0x8d, 0x3e, 0x07, 0x19, 0xd2, 0xc0, 0x41, 0x20, 0x80, 0x00,
  0xe8, 0x3a, 0x00, 0x22, 0x80, 0x01, 0x8d, 0x3a, 0x00, 0x02, 0x8d, 0x00,
  0x40, 0x20, 0x80, 0x00, 0xe8, 0x3a, 0xc0, 0x21, 0xc0, 0x01, 0x8d, 0x3e,
  0x07, 0x19, 0xd2, 0xc0, 0x40, 0x00, 0x80, 0x00, 0xe8, 0x3a, 0x00, 0x2e,
  0x00, 0x0e, 0x8d, 0x3e, 0xc8, 0x92, 0x9d, 0x41, 0x41, 0x56, 0x02, 0x20,
  0xe7, 0x72, 0x74, 0x72, 0x40, 0x20, 0x80, 0x00, 0xe8, 0x3a, 0x00, 0x22,
  0x00, 0x02, 0x8d, 0x3e, 0xc8, 0x92, 0x9d, 0x41, 0x41, 0x20, 0x80, 0x00,
  0xe8, 0x3a, 0xc0, 0x21, 0x80, 0x01, 0x8d, 0x3a, 0xc0, 0x01, 0x8d, 0x00,
  0x38, 0x16, 0x01, 0x21, 0x07, 0x70, 0x70, 0x00, 0x41, 0x56, 0x02, 0x20,
  0xe7, 0x72, 0x76, 0x72, 0x38, 0x20, 0x80, 0x01, 0xe8, 0x3a, 0x00, 0x22,
  0x00, 0x02, 0x8d, 0x00, 0x00, 0x00, 0x00, 0x00, 0x41, 0x20, 0x80, 0x00,
  0xe8, 0x3a, 0xc0, 0x21, 0xc0, 0x00, 0x8d, 0x3a, 0xc0, 0x01, 0x8d, 0x00,
  0x41, 0x56, 0x02, 0x20, 0xe7, 0x70, 0x70, 0x72, 0x41, 0x20, 0x80, 0x00,
  0xe8, 0x3a, 0x00, 0x22, 0x00, 0x02, 0x8d, 0x3a, 0xc0, 0x01, 0x8d, 0x00,
  0x40, 0x56, 0x02, 0x20, 0xe7, 0x70, 0x76, 0x70, 0x40, 0x20, 0x80, 0x00,
  0xe8, 0x3a, 0x00, 0x22, 0xc0, 0x00, 0x8d, 0x3a, 0x00, 0x02, 0x8d, 0x00,
  0x40, 0x00, 0x80, 0x00, 0xe8, 0x3a, 0x00, 0x2f, 0x00, 0x4e, 0x8d, 0x3e,
  0xdb, 0x0f, 0xc9, 0x3f, 0x40, 0x20, 0x80, 0x00, 0xe8, 0x3a, 0x80, 0x20,
  0x00, 0x42, 0x8d, 0x3e, 0xdb, 0x0f, 0xc9, 0x3f, 0x02, 0x59, 0x02, 0x20,
  0xe7, 0x74, 0x78, 0x70, 0x02, 0x20, 0x81, 0x00, 0xe8, 0x3a, 0x80, 0x21,
  0x80, 0x00, 0x8d, 0x3a, 0x00, 0x02, 0x8d, 0x00, 0x12, 0x01, 0x80, 0x05,
  0x60, 0x00, 0x1e, 0x6e, 0xc8, 0x41, 0x07, 0x39, 0xe8, 0x20, 0x07, 0x1f,
  0x12, 0x21, 0x80, 0x05, 0x60, 0x00, 0x1e, 0x6c, 0xc8, 0xc1, 0x00, 0x39,
  0x18, 0x20, 0x87, 0x1e, 0x40, 0x00, 0x80, 0x00, 0xe8, 0x3a, 0x00, 0x24,
  0xc0, 0x0d, 0x8d, 0x3e, 0xd0, 0x0f, 0x49, 0x40, 0x40, 0x20, 0x80, 0x00,
  0xe8, 0x3a, 0x00, 0x23, 0x80, 0x0d, 0x8d, 0x3e, 0xd0, 0x0f, 0x49, 0x40,
  0x25, 0x00, 0xa0, 0x00, 0x00, 0x00, 0x00, 0x20, 0x00, 0x00, 0x00, 0x0e,
  0x10, 0x00, 0x00, 0x00, 0x25, 0x00, 0xa0, 0x00, 0x00, 0x00, 0x00, 0x20,
  0x00, 0x00, 0x00, 0x0e, 0x10, 0x00, 0x00, 0x00, 0x25, 0x00, 0xa0, 0x00,
  0x00, 0x00, 0x00, 0x20, 0x00, 0x00, 0x00, 0x0e, 0x10, 0x00, 0x00, 0x00,
  0x01, 0x00, 0x00, 0x00, 0x2c, 0x02, 0x04, 0x21, 0x20, 0x01, 0x00, 0x00,
  0x00, 0x00, 0x00, 0x00, 0x40, 0x96, 0x2d, 0x20, 0x07, 0x14, 0x16, 0x08,
  0x40, 0x20, 0x80, 0x00, 0x28, 0x0a, 0xc0, 0x20, 0xc0, 0x03, 0x8d, 0x0a,
  0x04, 0x01, 0x00, 0x00, 0x33, 0x00, 0x80, 0x0c, 0x70, 0x00, 0x02, 0x00,
  0x82, 0x02, 0x00, 0x00, 0xfe, 0x5e, 0x02, 0x04, 0x33, 0x20, 0x80, 0x0c,
  0x70, 0x80, 0x01, 0x00, 0xc2, 0x00, 0x00, 0x00, 0xfe, 0x5e, 0x02, 0x04,
  0x05, 0x00, 0x60, 0x00, 0x0c, 0x02, 0xc0, 0x2f, 0x08, 0x08, 0x00, 0x06,
  0x00, 0x00, 0x00, 0x8f, 0x01, 0x80, 0x00, 0x00, 0x04, 0x06, 0x00, 0x32,
  0x00, 0x00, 0x00, 0x00, 0x00, 0x00, 0x00, 0x00, 0x31, 0x00, 0x00, 0x03,
  0x04, 0x02, 0x00, 0x20, 0xc0, 0x0f, 0x00, 0x06, 0x04, 0x00, 0x00, 0x02,
  0x30, 0x00, 0x00, 0x00, 0x04, 0x00, 0x00, 0x32, 0x00, 0x12, 0x00, 0x00,
  0x00, 0x00, 0x00, 0x00, 0x10, 0x00, 0x80, 0x05, 0x60, 0x12, 0x00, 0x20,
  0x20, 0x00, 0xb1, 0x16, 0x18, 0x00, 0x18, 0x00, 0x10, 0x20, 0x80, 0x05,
  0x60, 0x12, 0x00, 0x20, 0x40, 0x00, 0xb1, 0x16, 0x18, 0x00, 0x18, 0x00,
  0x22, 0x00, 0xa1, 0x00, 0x00, 0x0e, 0x00, 0x20, 0x30, 0x01, 0x00, 0x00,
  0x30, 0x01, 0x00, 0x00, 0x40, 0x00, 0x80, 0x00, 0x28, 0x0a, 0x80, 0x2f,
  0x80, 0x03, 0x8d, 0x1e, 0x60, 0x00, 0x60, 0x00, 0x40, 0x20, 0x80, 0x00,
  0x28, 0x0a, 0x40, 0x2f, 0x40, 0x03, 0x8d, 0x1e, 0x60, 0x00, 0x60, 0x00,
  0x31, 0x00, 0x80, 0x0c, 0x68, 0x02, 0x00, 0x2f, 0x80, 0x03, 0x00, 0x06,
  0xfe, 0x5e, 0x20, 0x04, 0x31, 0x20, 0x80, 0x0c, 0x68, 0x02, 0x80, 0x20,
  0x40, 0x03, 0x00, 0x06, 0xfe, 0x5e, 0x20, 0x04, 0x31, 0x00, 0x80, 0x0c,
  0x68, 0x02, 0xc0, 0x21, 0x80, 0x0f, 0x00, 0x06, 0xfe, 0x5e, 0x20, 0x04,
  0x31, 0x20, 0x80, 0x0c, 0x68, 0x02, 0x80, 0x21, 0x40, 0x0f, 0x00, 0x06,
  0xfe, 0x5e, 0x20, 0x04, 0x10, 0x00, 0x80, 0x05, 0xe2, 0x3a, 0x00, 0x20,
  0x00, 0x0f, 0x8d, 0x3a, 0xc0, 0x01, 0x8d, 0x00, 0x10, 0x20, 0x80, 0x05,
  0xe2, 0x3a, 0x00, 0x20, 0x80, 0x00, 0x8d, 0x3a, 0x80, 0x01, 0x8d, 0x00,
  0x22, 0x00, 0xa1, 0x00, 0x02, 0x0e, 0x00, 0x20, 0x90, 0x00, 0x00, 0x00,
  0x90, 0x00, 0x00, 0x00, 0x33, 0x00, 0x80, 0x0c, 0x70, 0xe0, 0x00, 0x00,
  0x82, 0x03, 0x00, 0x00, 0xfe, 0x5e, 0x02, 0x04, 0x40, 0x00, 0x80, 0x00,
  0x28, 0x0a, 0x80, 0x2f, 0x80, 0x02, 0x8d, 0x1e, 0x60, 0x00, 0x60, 0x00,
  0x33, 0x20, 0x80, 0x0c, 0x70, 0xc0, 0x00, 0x00, 0x42, 0x03, 0x00, 0x00,
  0xfe, 0x5e, 0x02, 0x04, 0x40, 0x20, 0x80, 0x00, 0x28, 0x0a, 0x40, 0x2f,
  0xc0, 0x00, 0x8d, 0x1e, 0x60, 0x00, 0x60, 0x00, 0x31, 0x00, 0x80, 0x0c,
  0x68, 0x02, 0x00, 0x2f, 0x80, 0x0f, 0x00, 0x06, 0xfe, 0x5e, 0x20, 0x04,
  0x31, 0x20, 0x80, 0x0c, 0x68, 0x02, 0xc0, 0x2e, 0x40, 0x0f, 0x00, 0x06,
  0xfe, 0x5e, 0x20, 0x04, 0x33, 0x00, 0x80, 0x0c, 0x70, 0x80, 0x07, 0x00,
  0x82, 0x02, 0x00, 0x00, 0xfe, 0x5e, 0x02, 0x04, 0x33, 0x20, 0x80, 0x0c,
  0x70, 0x60, 0x07, 0x00, 0xc2, 0x00, 0x00, 0x00, 0xfe, 0x5e, 0x02, 0x04,
  0x25, 0x00, 0xa0, 0x00, 0x00, 0x00, 0x00, 0x20, 0x00, 0x00, 0x00, 0x0e,
  0x10, 0x00, 0x00, 0x00, 0x25, 0x00, 0xa0, 0x00, 0x00, 0x00, 0x00, 0x20,
  0x00, 0x00, 0x00, 0x0e, 0x10, 0x00, 0x00, 0x00, 0x05, 0x00, 0x60, 0x00,
  0x0c, 0x02, 0xc0, 0x2f, 0x08, 0x08, 0x00, 0x06, 0x00, 0x00, 0x00, 0x8f,
  0x01, 0x80, 0x00, 0x00, 0x04, 0x06, 0x00, 0x32, 0x00, 0x00, 0x00, 0x00,
  0x00, 0x00, 0x00, 0x00, 0x31, 0x00, 0x00, 0x03, 0x04, 0x02, 0x00, 0x20,
  0xc0, 0x0f, 0x00, 0x06, 0x04, 0x00, 0x00, 0x02, 0x30, 0x00, 0x00, 0x00,
  0x04, 0x00, 0x00, 0x32, 0x00, 0x12, 0x00, 0x00, 0x00, 0x00, 0x00, 0x00,
  0x10, 0x00, 0x80, 0x05, 0x60, 0x12, 0x00, 0x20, 0x20, 0x00, 0xb1, 0x16,
  0x0c, 0x00, 0x0c, 0x00, 0x10, 0x20, 0x80, 0x05, 0x60, 0x12, 0x00, 0x20,
  0x40, 0x00, 0xb1, 0x16, 0x0c, 0x00, 0x0c, 0x00, 0x22, 0x00, 0xa1, 0x00,
  0x00, 0x0e, 0x00, 0x20, 0x30, 0x01, 0x00, 0x00, 0x30, 0x01, 0x00, 0x00,
  0x40, 0x00, 0x80, 0x00, 0x28, 0x0a, 0x80, 0x2f, 0x80, 0x03, 0x8d, 0x1e,
  0x30, 0x00, 0x30, 0x00, 0x40, 0x20, 0x80, 0x00, 0x28, 0x0a, 0x40, 0x2f,
  0x40, 0x03, 0x8d, 0x1e, 0x30, 0x00, 0x30, 0x00, 0x31, 0x00, 0x80, 0x0c,
  0x68, 0x02, 0x00, 0x2f, 0x80, 0x03, 0x00, 0x06, 0xfe, 0x5e, 0x20, 0x04,
  0x31, 0x20, 0x80, 0x0c, 0x68, 0x02, 0x80, 0x20, 0x40, 0x03, 0x00, 0x06,
  0xfe, 0x5e, 0x20, 0x04, 0x31, 0x00, 0x80, 0x0c, 0x68, 0x02, 0xc0, 0x21,
  0x80, 0x0f, 0x00, 0x06, 0xfe, 0x5e, 0x20, 0x04, 0x31, 0x20, 0x80, 0x0c,
  0x68, 0x02, 0x80, 0x21, 0x40, 0x0f, 0x00, 0x06, 0xfe, 0x5e, 0x20, 0x04,
  0x10, 0x00, 0x80, 0x05, 0xe2, 0x3a, 0x00, 0x20, 0x00, 0x0f, 0x8d, 0x3a,
  0xc0, 0x01, 0x8d, 0x00, 0x10, 0x20, 0x80, 0x05, 0xe2, 0x3a, 0x00, 0x20,
  0x80, 0x00, 0x8d, 0x3a, 0x80, 0x01, 0x8d, 0x00, 0x22, 0x00, 0xa1, 0x00,
  0x02, 0x0e, 0x00, 0x20, 0x90, 0x00, 0x00, 0x00, 0x90, 0x00, 0x00, 0x00,
  0x33, 0x00, 0x80, 0x0c, 0x70, 0xe0, 0x00, 0x00, 0x82, 0x03, 0x00, 0x00,
  0xfe, 0x5e, 0x02, 0x04, 0x40, 0x00, 0x80, 0x00, 0x28, 0x0a, 0x80, 0x2f,
  0x80, 0x02, 0x8d, 0x1e, 0x30, 0x00, 0x30, 0x00, 0x33, 0x20, 0x80, 0x0c,
  0x70, 0xc0, 0x00, 0x00, 0x42, 0x03, 0x00, 0x00, 0xfe, 0x5e, 0x02, 0x04,
  0x40, 0x20, 0x80, 0x00, 0x28, 0x0a, 0x40, 0x2f, 0xc0, 0x00, 0x8d, 0x1e,
  0x30, 0x00, 0x30, 0x00, 0x31, 0x00, 0x80, 0x0c, 0x68, 0x02, 0x00, 0x2f,
  0x80, 0x0f, 0x00, 0x06, 0xfe, 0x5e, 0x20, 0x04, 0x31, 0x20, 0x80, 0x0c,
  0x68, 0x02, 0xc0, 0x2e, 0x40, 0x0f, 0x00, 0x06, 0xfe, 0x5e, 0x20, 0x04,
  0x33, 0x00, 0x80, 0x0c, 0x70, 0x80, 0x07, 0x00, 0x82, 0x02, 0x00, 0x00,
  0xfe, 0x5e, 0x02, 0x04, 0x33, 0x20, 0x80, 0x0c, 0x70, 0x60, 0x07, 0x00,
  0xc2, 0x00, 0x00, 0x00, 0xfe, 0x5e, 0x02, 0x04, 0x25, 0x00, 0xa0, 0x00,
  0x00, 0x00, 0x00, 0x20, 0x00, 0x00, 0x00, 0x0e, 0x10, 0x00, 0x00, 0x00,
  0x25, 0x00, 0xa0, 0x00, 0x00, 0x00, 0x00, 0x20, 0x00, 0x00, 0x00, 0x0e,
  0x10, 0x00, 0x00, 0x00, 0x05, 0x00, 0x60, 0x00, 0x0c, 0x02, 0xc0, 0x2f,
  0x08, 0x08, 0x00, 0x06, 0x00, 0x00, 0x00, 0x8f, 0x01, 0x80, 0x00, 0x00,
  0x04, 0x06, 0x00, 0x32, 0x00, 0x00, 0x00, 0x00, 0x00, 0x00, 0x00, 0x00,
  0x31, 0x00, 0x00, 0x03, 0x04, 0x02, 0x00, 0x20, 0xc0, 0x0f, 0x00, 0x06,
  0x04, 0x00, 0x00, 0x02, 0x30, 0x00, 0x00, 0x00, 0x04, 0x00, 0x00, 0x32,
  0x00, 0x12, 0x00, 0x00, 0x00, 0x00, 0x00, 0x00, 0x01, 0x20, 0x00, 0x20,
  0x00, 0x30, 0x08, 0x00, 0x22, 0x00, 0xa1, 0x00, 0x00, 0x0e, 0x00, 0x20,
  0x28, 0x01, 0x00, 0x00, 0x28, 0x01, 0x00, 0x00, 0x40, 0x00, 0x80, 0x00,
  0x28, 0x0a, 0x80, 0x2f, 0x80, 0x03, 0x8d, 0x1e, 0x18, 0x00, 0x18, 0x00,
  0x40, 0x20, 0x80, 0x00, 0x28, 0x0a, 0x40, 0x2f, 0x40, 0x03, 0x8d, 0x1e,
  0x18, 0x00, 0x18, 0x00, 0x31, 0x00, 0x80, 0x0c, 0x68, 0x02, 0x00, 0x2f,
  0x80, 0x03, 0x00, 0x06, 0xfe, 0x5e, 0x20, 0x04, 0x31, 0x20, 0x80, 0x0c,
  0x68, 0x02, 0x80, 0x20, 0x40, 0x03, 0x00, 0x06, 0xfe, 0x5e, 0x20, 0x04,
  0x31, 0x00, 0x80, 0x0c, 0x68, 0x02, 0xc0, 0x21, 0x80, 0x0f, 0x00, 0x06,
  0xfe, 0x5e, 0x20, 0x04, 0x31, 0x20, 0x80, 0x0c, 0x68, 0x02, 0x80, 0x21,
  0x40, 0x0f, 0x00, 0x06, 0xfe, 0x5e, 0x20, 0x04, 0x10, 0x36, 0x02, 0x25,
  0xe7, 0x00, 0x78, 0x0e, 0x10, 0x20, 0x80, 0x05, 0xe0, 0x3a, 0x00, 0x20,
  0x80, 0x00, 0x8d, 0x3a, 0x80, 0x01, 0x8d, 0x00, 0x22, 0x00, 0xa1, 0x00,
  0x00, 0x0e, 0x00, 0x20, 0x90, 0x00, 0x00, 0x00, 0x90, 0x00, 0x00, 0x00,
  0x33, 0x00, 0x80, 0x0c, 0x70, 0xe0, 0x00, 0x00, 0x82, 0x03, 0x00, 0x00,
  0xfe, 0x5e, 0x02, 0x04, 0x40, 0x00, 0x80, 0x00, 0x28, 0x0a, 0x80, 0x2f,
  0x80, 0x02, 0x8d, 0x1e, 0x18, 0x00, 0x18, 0x00, 0x33, 0x20, 0x80, 0x0c,
  0x70, 0xc0, 0x00, 0x00, 0x42, 0x03, 0x00, 0x00, 0xfe, 0x5e, 0x02, 0x04,
  0x40, 0x20, 0x80, 0x00, 0x28, 0x0a, 0x40, 0x2f, 0xc0, 0x00, 0x8d, 0x1e,
  0x18, 0x00, 0x18, 0x00, 0x31, 0x00, 0x80, 0x0c, 0x68, 0x02, 0x00, 0x2f,
  0x80, 0x0f, 0x00, 0x06, 0xfe, 0x5e, 0x20, 0x04, 0x31, 0x20, 0x80, 0x0c,
  0x68, 0x02, 0xc0, 0x2e, 0x40, 0x0f, 0x00, 0x06, 0xfe, 0x5e, 0x20, 0x04,
  0x33, 0x00, 0x80, 0x0c, 0x70, 0x80, 0x07, 0x00, 0x82, 0x02, 0x00, 0x00,
  0xfe, 0x5e, 0x02, 0x04, 0x33, 0x20, 0x80, 0x0c, 0x70, 0x60, 0x07, 0x00,
  0xc2, 0x00, 0x00, 0x00, 0xfe, 0x5e, 0x02, 0x04, 0x25, 0x00, 0xa0, 0x00,
  0x00, 0x00, 0x00, 0x20, 0x00, 0x00, 0x00, 0x0e, 0x10, 0x00, 0x00, 0x00,
  0x25, 0x00, 0xa0, 0x00, 0x00, 0x00, 0x00, 0x20, 0x00, 0x00, 0x00, 0x0e,
  0x10, 0x00, 0x00, 0x00, 0x05, 0x00, 0x60, 0x00, 0x0c, 0x02, 0xc0, 0x2f,
  0x08, 0x08, 0x00, 0x06, 0x00, 0x00, 0x00, 0x8f, 0x01, 0x80, 0x00, 0x00,
  0x04, 0x06, 0x00, 0x32, 0x00, 0x00, 0x00, 0x00, 0x00, 0x00, 0x00, 0x00,
  0x31, 0x00, 0x00, 0x03, 0x04, 0x02, 0x00, 0x20, 0xc0, 0x0f, 0x00, 0x06,
  0x04, 0x00, 0x00, 0x02, 0x30, 0x00, 0x00, 0x00, 0x04, 0x00, 0x00, 0x32,
  0x00, 0x12, 0x00, 0x00, 0x00, 0x00, 0x00, 0x00, 0x10, 0x00, 0x80, 0x05,
  0x62, 0x12, 0x00, 0x20, 0x20, 0x00, 0xb1, 0x16, 0x03, 0x00, 0x03, 0x00,
  0x10, 0x20, 0x80, 0x05, 0x62, 0x12, 0x00, 0x20, 0x40, 0x00, 0xb1, 0x16,
  0x03, 0x00, 0x03, 0x00, 0x22, 0x00, 0xa1, 0x00, 0x02, 0x0e, 0x00, 0x20,
  0xe8, 0x00, 0x00, 0x00, 0xe8, 0x00, 0x00, 0x00, 0x31, 0x00, 0x80, 0x0c,
  0x68, 0x02, 0xc0, 0x23, 0x80, 0x03, 0x00, 0x06, 0xfe, 0x50, 0x80, 0x04,
  0x31, 0x20, 0x80, 0x0c, 0x68, 0x02, 0x80, 0x21, 0x40, 0x03, 0x00, 0x06,
  0xfe, 0x50, 0x80, 0x04, 0x10, 0x36, 0x02, 0x25, 0xe7, 0x00, 0x1e, 0x24,
  0x10, 0x20, 0x80, 0x05, 0xe0, 0x3a, 0x00, 0x20, 0x80, 0x01, 0x8d, 0x3a,
  0x40, 0x02, 0x8d, 0x00, 0x22, 0x00, 0xa1, 0x00, 0x00, 0x0e, 0x00, 0x20,
  0x90, 0x00, 0x00, 0x00, 0x90, 0x00, 0x00, 0x00, 0x33, 0x00, 0x80, 0x0c,
  0x70, 0x40, 0x02, 0x00, 0x82, 0x03, 0x00, 0x00, 0xfe, 0x5e, 0x02, 0x04,
  0x40, 0x00, 0x80, 0x00, 0x28, 0x0a, 0x80, 0x2f, 0x80, 0x02, 0x8d, 0x1e,
  0x0c, 0x00, 0x0c, 0x00, 0x33, 0x20, 0x80, 0x0c, 0x70, 0x20, 0x01, 0x00,
  0x42, 0x03, 0x00, 0x00, 0xfe, 0x5e, 0x02, 0x04, 0x40, 0x20, 0x80, 0x00,
  0x28, 0x0a, 0x40, 0x2f, 0xc0, 0x00, 0x8d, 0x1e, 0x0c, 0x00, 0x0c, 0x00,
  0x31, 0x00, 0x80, 0x0c, 0x68, 0x02, 0x00, 0x2f, 0x80, 0x0f, 0x00, 0x06,
  0xfe, 0x5e, 0x20, 0x04, 0x31, 0x20, 0x80, 0x0c, 0x68, 0x02, 0xc0, 0x2e,
  0x40, 0x0f, 0x00, 0x06, 0xfe, 0x5e, 0x20, 0x04, 0x33, 0x00, 0x80, 0x0c,
  0x70, 0x80, 0x07, 0x00, 0x82, 0x02, 0x00, 0x00, 0xfe, 0x5e, 0x02, 0x04,
  0x33, 0x20, 0x80, 0x0c, 0x70, 0x60, 0x07, 0x00, 0xc2, 0x00, 0x00, 0x00,
  0xfe, 0x5e, 0x02, 0x04, 0x25, 0x00, 0xa0, 0x00, 0x00, 0x00, 0x00, 0x20,
  0x00, 0x00, 0x00, 0x0e, 0x10, 0x00, 0x00, 0x00, 0x25, 0x00, 0xa0, 0x00,
  0x00, 0x00, 0x00, 0x20, 0x00, 0x00, 0x00, 0x0e, 0x10, 0x00, 0x00, 0x00,
  0x05, 0x00, 0x60, 0x00, 0x0c, 0x02, 0xc0, 0x2f, 0x08, 0x08, 0x00, 0x06,
  0x00, 0x00, 0x00, 0x8f, 0x01, 0x80, 0x00, 0x00, 0x04, 0x06, 0x00, 0x32,
  0x00, 0x00, 0x00, 0x00, 0x00, 0x00, 0x00, 0x00, 0x31, 0x00, 0x00, 0x03,
  0x04, 0x02, 0x00, 0x20, 0xc0, 0x0f, 0x00, 0x06, 0x04, 0x00, 0x00, 0x02,
  0x30, 0x00, 0x00, 0x00, 0x04, 0x00, 0x00, 0x32, 0x00, 0x12, 0x00, 0x00,
  0x00, 0x00, 0x00, 0x00, 0x10, 0x00, 0x80, 0x01, 0x62, 0x1a, 0x00, 0x20,
  0x20, 0x00, 0xb1, 0x1e, 0x00, 0x00, 0x00, 0x00, 0x10, 0x20, 0x80, 0x01,
  0x62, 0x1a, 0x00, 0x20, 0x40, 0x00, 0xb1, 0x1e, 0x00, 0x00, 0x00, 0x00,
  0x22, 0x00, 0xa1, 0x00, 0x02, 0x0e, 0x00, 0x20, 0xa8, 0x01, 0x00, 0x00,
  0xa8, 0x01, 0x00, 0x00, 0x01, 0x00, 0x00, 0x00, 0x0c, 0x02, 0xc0, 0x2f,
  0x18, 0x01, 0x00, 0x00, 0x00, 0x00, 0x00, 0x00, 0x31, 0x00, 0x00, 0x0a,
  0x0c, 0x02, 0x40, 0x20, 0xc0, 0x0f, 0x00, 0x06, 0xfe, 0x08, 0x11, 0x02,
  0x10, 0x77, 0x02, 0x23, 0x00, 0x00, 0x02, 0x00, 0x10, 0x20, 0x80, 0x03,
  0xe4, 0x3a, 0x00, 0x20, 0x40, 0x00, 0x00, 0x3e, 0x00, 0x00, 0x00, 0x00,
  0x20, 0x00, 0x01, 0x00, 0x04, 0x00, 0x00, 0x34, 0x00, 0x14, 0x00, 0x0e,
  0x30, 0x00, 0x00, 0x00, 0x01, 0x00, 0x00, 0x00, 0xec, 0x3e, 0x40, 0x20,
  0x00, 0x00, 0x00, 0x00, 0x00, 0x00, 0x00, 0x00, 0x01, 0x00, 0x00, 0x00,
  0xec, 0x3e, 0x80, 0x20, 0x00, 0x00, 0x00, 0x00, 0x00, 0x00, 0x00, 0x00,
  0x20, 0x00, 0x00, 0x00, 0x04, 0x00, 0x00, 0x34, 0x00, 0x14, 0x00, 0x0e,
  0x18, 0x00, 0x00, 0x00, 0x01, 0x40, 0x00, 0x20, 0x00, 0x7e, 0x09, 0x00,
  0x31, 0x00, 0x00, 0x0a, 0x0c, 0x02, 0x80, 0x20, 0xc0, 0x0f, 0x00, 0x06,
  0xfe, 0x08, 0x11, 0x02, 0x40, 0x00, 0x00, 0x00, 0x2c, 0x0a, 0xc0, 0x2f,
  0x08, 0x01, 0x00, 0x1e, 0x04, 0x00, 0x04, 0x00, 0x31, 0x00, 0x00, 0x0a,
  0x0c, 0x02, 0xc0, 0x20, 0xc0, 0x0f, 0x00, 0x06, 0xfe, 0x08, 0x11, 0x02,
  0x10, 0x00, 0x80, 0x03, 0xe6, 0x3a, 0x00, 0x20, 0xc0, 0x00, 0x00, 0x3a,
  0x40, 0x00, 0x00, 0x00, 0x10, 0x20, 0x80, 0x03, 0xe6, 0x3a, 0x00, 0x20,
  0xc0, 0x00, 0x00, 0x3a, 0x40, 0x00, 0x00, 0x00, 0x20, 0x00, 0x11, 0x00,
  0x06, 0x00, 0x00, 0x34, 0x00, 0x14, 0x00, 0x0e, 0x28, 0x00, 0x00, 0x00,
  0x40, 0x00, 0x00, 0x00, 0x2c, 0x0a, 0xc0, 0x2f, 0x04, 0x01, 0x00, 0x1e,
  0x04, 0x00, 0x04, 0x00, 0x01, 0x00, 0x01, 0x20, 0x00, 0x02, 0x06, 0x00,
  0x31, 0x00, 0x00, 0x0a, 0x0c, 0x02, 0x80, 0x20, 0xc0, 0x0f, 0x00, 0x06,
  0xfe, 0x08, 0x11, 0x02, 0x40, 0x00, 0x00, 0x00, 0x2c, 0x0a, 0xc0, 0x2f,
  0x08, 0x01, 0x00, 0x1e, 0x08, 0x00, 0x08, 0x00, 0x31, 0x00, 0x00, 0x0a,
  0x0c, 0x02, 0xa0, 0x2f, 0xc0, 0x0f, 0x00, 0x06, 0xfe, 0x08, 0x11, 0x02,
  0x10, 0x37, 0x02, 0x23, 0x00, 0x00, 0x7d, 0x02, 0x10, 0x20, 0x80, 0x03,
  0xe4, 0x3a, 0x00, 0x20, 0xa0, 0x0f, 0x00, 0x3a, 0x40, 0x00, 0x00, 0x00,
  0x20, 0x00, 0x11, 0x00, 0x04, 0x00, 0x00, 0x34, 0x00, 0x14, 0x00, 0x0e,
  0x20, 0x00, 0x00, 0x00, 0x40, 0x00, 0x00, 0x00, 0x2c, 0x0a, 0xc0, 0x2f,
  0x04, 0x01, 0x00, 0x1e, 0x08, 0x00, 0x08, 0x00, 0x31, 0x00, 0x00, 0x0a,
  0x0c, 0x02, 0x80, 0x20, 0xc0, 0x0f, 0x00, 0x06, 0xfe, 0x08, 0x11, 0x02,
  0x09, 0x00, 0x00, 0x00, 0x2c, 0x0a, 0xc0, 0x2f, 0x04, 0x08, 0x00, 0x1e,
  0x02, 0x00, 0x02, 0x00, 0x40, 0x80, 0x5d, 0x20, 0x00, 0x7d, 0x7e, 0x0b,
  0x33, 0x00, 0x00, 0x0a, 0x14, 0x40, 0x00, 0x00, 0xa1, 0x0f, 0x00, 0x00,
  0x02, 0x08, 0x03, 0x02, 0x25, 0x00, 0xa0, 0x00, 0x00, 0x00, 0x00, 0x20,
  0x00, 0x00, 0x00, 0x0e, 0x10, 0x00, 0x00, 0x00, 0x01, 0x4d, 0x00, 0x20,
  0x07, 0x7f, 0x40, 0x00, 0x01, 0x00, 0x00, 0x00, 0x04, 0x00, 0x00, 0x20,
  0x00, 0x06, 0x00, 0x00, 0x00, 0x00, 0x00, 0x00, 0x31, 0x00, 0x60, 0x07,
  0x04, 0x02, 0x00, 0x20, 0xe0, 0x0f, 0x00, 0x06, 0x10, 0x00, 0x00, 0x82,
  0x00, 0x00, 0x00, 0x00, 0x00, 0x00, 0x00, 0x00, 0x00, 0x00, 0x00, 0x00,
  0x00, 0x00, 0x00, 0x00, 0x00, 0x00, 0x00, 0x00, 0x00, 0x00, 0x00, 0x00,
  0x00, 0x00, 0x00, 0x00, 0x00, 0x00, 0x00, 0x00, 0x00, 0x00, 0x00, 0x00,
  0x00, 0x00, 0x00, 0x00, 0x00, 0x00, 0x00, 0x00, 0x00, 0x00, 0x00, 0x00,
  0x00, 0x00, 0x00, 0x00, 0x00, 0x00, 0x00, 0x00, 0x00, 0x00, 0x00, 0x00,
  0x00, 0x00, 0x00, 0x00, 0x00, 0x00, 0x00, 0x00, 0x00, 0x00, 0x00, 0x00,
  0x00, 0x00, 0x00, 0x00, 0x00, 0x00, 0x00, 0x00, 0x00, 0x00, 0x00, 0x00,
  0x00, 0x00, 0x00, 0x00, 0x00, 0x00, 0x00, 0x00, 0x00, 0x00, 0x00, 0x00,
  0x00, 0x00, 0x00, 0x00, 0x00, 0x00, 0x00, 0x00, 0x00, 0x00, 0x00, 0x00,
  0x00, 0x00, 0x00, 0x00, 0x00, 0x00, 0x00, 0x00, 0x00, 0x00, 0x00, 0x00,
  0x00, 0x00, 0x00, 0x00, 0x00, 0x00, 0x00, 0x00, 0x00, 0x00, 0x00, 0x00,
  0x00, 0x00, 0x00, 0x00, 0x00, 0x00, 0x00, 0x00, 0x00, 0x00, 0x00, 0x00,
  0x00, 0x00, 0x00, 0x00, 0x00, 0x00, 0x00, 0x00, 0x00, 0x00, 0x00, 0x00,
  0x00, 0x00, 0x00, 0x00, 0x00, 0x00, 0x00, 0x00, 0x00, 0x00, 0x00, 0x00,
  0x00, 0x00, 0x00, 0x00, 0x00, 0x00, 0x00, 0x00, 0x45, 0x01, 0x00, 0x00,
  0x00, 0x00, 0x00, 0x00, 0x00, 0x00, 0x00, 0x00, 0x05, 0x00, 0x00, 0x00,
  0x00, 0xc0, 0xff, 0x83, 0x00, 0x00, 0x00, 0x03, 0x7f, 0x00, 0xff, 0x1f,
  0x00, 0x00, 0xe0, 0x0f, 0x00, 0x00, 0x00, 0x00, 0x00, 0x00, 0x00, 0x00,
  0x00, 0x00, 0x00, 0x00, 0x00, 0x00, 0x00, 0x00, 0x00, 0x00, 0x00, 0x00,
  0x00, 0x00, 0x00, 0x00, 0x00, 0x00, 0x00, 0x00, 0x00, 0x00, 0x00, 0x00,
  0x00, 0x00, 0x00, 0x00, 0x00, 0x00, 0x00, 0x00, 0x00, 0x00, 0x00, 0x00,
  0x00, 0x00, 0x00, 0x00, 0x00, 0xc0, 0xff, 0x83, 0x00, 0x00, 0x00, 0x03,
  0x7f, 0x00, 0xff, 0x1f, 0x00, 0x00, 0xe0, 0x0f, 0x00, 0x00, 0x00, 0x00,
  0x00, 0x00, 0x00, 0x00, 0x00, 0x00, 0x00, 0x00, 0x00, 0x00, 0x00, 0x00,
  0x00, 0x00, 0x00, 0x00, 0x00, 0x00, 0x00, 0x00, 0x00, 0x00, 0x00, 0x00,
  0x00, 0x00, 0x00, 0x00, 0x00, 0x00, 0x00, 0x00, 0x00, 0x00, 0x00, 0x00,
  0x00, 0x00, 0x00, 0x00, 0x00, 0x00, 0x00, 0x00, 0x00, 0xc0, 0xff, 0x83,
  0x00, 0x00, 0x00, 0x03, 0x7f, 0x00, 0xff, 0x1f, 0x00, 0x00, 0xe0, 0x0f,
  0x00, 0x00, 0x00, 0x00, 0x00, 0x00, 0x00, 0x00, 0x00, 0x00, 0x00, 0x00,
  0x00, 0x00, 0x00, 0x00, 0x00, 0x00, 0x00, 0x00, 0x00, 0x00, 0x00, 0x00,
  0x00, 0x00, 0x00, 0x00, 0x00, 0x00, 0x00, 0x00, 0x00, 0x00, 0x00, 0x00,
  0x00, 0x00, 0x00, 0x00, 0x00, 0x00, 0x00, 0x00, 0x00, 0x00, 0x00, 0x00,
  0x00, 0xc0, 0xff, 0x87, 0x00, 0x00, 0x00, 0x03, 0x7f, 0x00, 0xff, 0x1f,
  0x00, 0x00, 0xe0, 0x0f, 0x00, 0x00, 0x00, 0x00, 0x00, 0x00, 0x00, 0x00,
  0x00, 0x00, 0x00, 0x00, 0x00, 0x00, 0x00, 0x00, 0x00, 0x00, 0x00, 0x00,
  0x00, 0x00, 0x00, 0x00, 0x00, 0x00, 0x00, 0x00, 0x00, 0x00, 0x00, 0x00,
  0x00, 0x00, 0x00, 0x00, 0x00, 0x00, 0x00, 0x00, 0x00, 0x00, 0x00, 0x00,
  0x00, 0x00, 0x00, 0x00, 0x00, 0xc0, 0xff, 0x87, 0x00, 0x00, 0x00, 0x03,
  0x7f, 0x00, 0xff, 0x1f, 0x00, 0x00, 0xe0, 0x0f, 0x00, 0x00, 0x00, 0x00,
  0x00, 0x00, 0x00, 0x00, 0x00, 0x00, 0x00, 0x00, 0x00, 0x00, 0x00, 0x00,
  0x00, 0x00, 0x00, 0x00, 0x00, 0x00, 0x00, 0x00, 0x00, 0x00, 0x00, 0x00,
  0x00, 0x00, 0x00, 0x00, 0x00, 0x00, 0x00, 0x00, 0x00, 0x00, 0x00, 0x00,
  0x00, 0x00, 0x00, 0x00, 0x00, 0x00, 0x00, 0x00, 0x00, 0x00, 0x00, 0x00,
  0x40, 0x00, 0x00, 0x00, 0x80, 0x00, 0x00, 0x00, 0xc0, 0x00, 0x00, 0x00,
  0x00, 0x01, 0x00, 0x00, 0x13, 0x00, 0x00, 0x00, 0x0c, 0x00, 0x00, 0x00,
  0x00, 0x00, 0x00, 0x00, 0x15, 0x00, 0x00, 0x00, 0x18, 0x00, 0x00, 0x00,
  0x00, 0x00, 0x00, 0x00, 0x00, 0x00, 0x00, 0x00, 0x00, 0x00, 0x00, 0x00,
  0x40, 0x01, 0x00, 0x00, 0x08, 0x00, 0x00, 0x00, 0x14, 0x00, 0x00, 0x00,
  0x40, 0x01, 0x00, 0x00, 0x05, 0x00, 0x00, 0x00, 0x00, 0x00, 0x00, 0x00,
  0x11, 0x00, 0x00, 0x00, 0x28, 0x00, 0x00, 0x00, 0x08, 0x00, 0x00, 0x00,
  0x07, 0x00, 0x00, 0x00, 0x20, 0x00, 0x00, 0x00, 0x08, 0x00, 0x00, 0x00,
  0x04, 0x00, 0x00, 0x00, 0xff, 0xff, 0xff, 0xff, 0xff, 0xff, 0xff, 0xff,
  0x00, 0x00, 0x00, 0x00, 0x11, 0x00, 0x00, 0x00, 0x28, 0x00, 0x00, 0x00,
  0x08, 0x00, 0x00, 0x00, 0x08, 0x00, 0x00, 0x00, 0x28, 0x00, 0x00, 0x00,
  0x08, 0x00, 0x00, 0x00, 0x04, 0x00, 0x00, 0x00, 0xff, 0xff, 0xff, 0xff,
  0xff, 0xff, 0xff, 0xff, 0x00, 0x00, 0x00, 0x00, 0x11, 0x00, 0x00, 0x00,
  0x28, 0x00, 0x00, 0x00, 0x08, 0x00, 0x00, 0x00, 0x09, 0x00, 0x00, 0x00,
  0x30, 0x00, 0x00, 0x00, 0x08, 0x00, 0x00, 0x00, 0x04, 0x00, 0x00, 0x00,
  0xff, 0xff, 0xff, 0xff, 0xff, 0xff, 0xff, 0xff, 0x00, 0x00, 0x00, 0x00,
  0x11, 0x00, 0x00, 0x00, 0x28, 0x00, 0x00, 0x00, 0x08, 0x00, 0x00, 0x00,
  0x0a, 0x00, 0x00, 0x00, 0x38, 0x00, 0x00, 0x00, 0x08, 0x00, 0x00, 0x00,
  0x04, 0x00, 0x00, 0x00, 0xff, 0xff, 0xff, 0xff, 0xff, 0xff, 0xff, 0xff,
  0x00, 0x00, 0x00, 0x00, 0x11, 0x00, 0x00, 0x00, 0x28, 0x00, 0x00, 0x00,
  0x08, 0x00, 0x00, 0x00, 0x0b, 0x00, 0x00, 0x00, 0x40, 0x00, 0x00, 0x00,
  0x08, 0x00, 0x00, 0x00, 0x04, 0x00, 0x00, 0x00, 0xff, 0xff, 0xff, 0xff,
  0xff, 0xff, 0xff, 0xff, 0x00, 0x00, 0x00, 0x00, 0x11, 0x00, 0x00, 0x00,
  0x28, 0x00, 0x00, 0x00, 0x10, 0x00, 0x00, 0x00, 0x00, 0x00, 0x00, 0x00,
  0x00, 0x00, 0x00, 0x00, 0x04, 0x00, 0x00, 0x00, 0x00, 0x00, 0x00, 0x00,
  0x00, 0x00, 0x00, 0x00, 0x00, 0x00, 0x00, 0x00, 0x00, 0x00, 0x00, 0x00,
  0x11, 0x00, 0x00, 0x00, 0x28, 0x00, 0x00, 0x00, 0x10, 0x00, 0x00, 0x00,
  0x00, 0x00, 0x00, 0x00, 0x04, 0x00, 0x00, 0x00, 0x04, 0x00, 0x00, 0x00,
  0x04, 0x00, 0x00, 0x00, 0x00, 0x00, 0x00, 0x00, 0x00, 0x00, 0x00, 0x00,
  0x00, 0x00, 0x00, 0x00, 0x11, 0x00, 0x00, 0x00, 0x28, 0x00, 0x00, 0x00,
  0x10, 0x00, 0x00, 0x00, 0x00, 0x00, 0x00, 0x00, 0x08, 0x00, 0x00, 0x00,
  0x04, 0x00, 0x00, 0x00, 0x08, 0x00, 0x00, 0x00, 0x00, 0x00, 0x00, 0x00,
  0x00, 0x00, 0x00, 0x00, 0x00, 0x00, 0x00, 0x00, 0x11, 0x00, 0x00, 0x00,
  0x28, 0x00, 0x00, 0x00, 0x02, 0x00, 0x00, 0x00, 0x00, 0x00, 0x00, 0x00,
  0x0c, 0x00, 0x00, 0x00, 0x04, 0x00, 0x00, 0x00, 0x00, 0x00, 0x00, 0x00,
  0x00, 0x00, 0x00, 0x00, 0x00, 0x00, 0x00, 0x00, 0x00, 0x00, 0x00, 0x00,
  0x11, 0x00, 0x00, 0x00, 0x28, 0x00, 0x00, 0x00, 0x02, 0x00, 0x00, 0x00,
  0x00, 0x00, 0x00, 0x00, 0x10, 0x00, 0x00, 0x00, 0x04, 0x00, 0x00, 0x00,
  0x04, 0x00, 0x00, 0x00, 0x00, 0x00, 0x00, 0x00, 0x00, 0x00, 0x00, 0x00,
  0x00, 0x00, 0x00, 0x00, 0x11, 0x00, 0x00, 0x00, 0x28, 0x00, 0x00, 0x00,
  0x02, 0x00, 0x00, 0x00, 0x00, 0x00, 0x00, 0x00, 0x14, 0x00, 0x00, 0x00,
  0x04, 0x00, 0x00, 0x00, 0x08, 0x00, 0x00, 0x00, 0x00, 0x00, 0x00, 0x00,
  0x00, 0x00, 0x00, 0x00, 0x00, 0x00, 0x00, 0x00, 0x11, 0x00, 0x00, 0x00,
  0x28, 0x00, 0x00, 0x00, 0x2b, 0x00, 0x00, 0x00, 0x00, 0x00, 0x00, 0x00,
  0x48, 0x00, 0x00, 0x00, 0x04, 0x00, 0x00, 0x00, 0x00, 0x00, 0x00, 0x00,
  0x00, 0x00, 0x00, 0x00, 0x00, 0x00, 0x00, 0x00, 0x00, 0x00, 0x00, 0x00,
  0x11, 0x00, 0x00, 0x00, 0x28, 0x00, 0x00, 0x00, 0x2b, 0x00, 0x00, 0x00,
  0x01, 0x00, 0x00, 0x00, 0x50, 0x00, 0x00, 0x00, 0x04, 0x00, 0x00, 0x00,
  0x00, 0x00, 0x00, 0x00, 0x00, 0x00, 0x00, 0x00, 0x00, 0x00, 0x00, 0x00,
  0x00, 0x00, 0x00, 0x00, 0x11, 0x00, 0x00, 0x00, 0x28, 0x00, 0x00, 0x00,
  0x2b, 0x00, 0x00, 0x00, 0x05, 0x00, 0x00, 0x00, 0x58, 0x00, 0x00, 0x00,
  0x04, 0x00, 0x00, 0x00, 0x00, 0x00, 0x00, 0x00, 0x00, 0x00, 0x00, 0x00,
  0x00, 0x00, 0x00, 0x00, 0x00, 0x00, 0x00, 0x00, 0x11, 0x00, 0x00, 0x00,
  0x28, 0x00, 0x00, 0x00, 0x2a, 0x00, 0x00, 0x00, 0x00, 0x00, 0x00, 0x00,
  0x80, 0x00, 0x00, 0x00, 0x04, 0x00, 0x00, 0x00, 0x00, 0x00, 0x00, 0x00,
  0x00, 0x00, 0x00, 0x00, 0x00, 0x00, 0x00, 0x00, 0x00, 0x00, 0x00, 0x00,
  0x11, 0x00, 0x00, 0x00, 0x28, 0x00, 0x00, 0x00, 0x2a, 0x00, 0x00, 0x00,
  0x01, 0x00, 0x00, 0x00, 0x84, 0x00, 0x00, 0x00, 0x04, 0x00, 0x00, 0x00,
  0x00, 0x00, 0x00, 0x00, 0x00, 0x00, 0x00, 0x00, 0x00, 0x00, 0x00, 0x00,
  0x00, 0x00, 0x00, 0x00, 0x11, 0x00, 0x00, 0x00, 0x28, 0x00, 0x00, 0x00,
  0x2a, 0x00, 0x00, 0x00, 0x05, 0x00, 0x00, 0x00, 0x88, 0x00, 0x00, 0x00,
  0x04, 0x00, 0x00, 0x00, 0x00, 0x00, 0x00, 0x00, 0x00, 0x00, 0x00, 0x00,
  0x00, 0x00, 0x00, 0x00, 0x00, 0x00, 0x00, 0x00, 0x1e, 0x00, 0x00, 0x00,
  0x24, 0x00, 0x00, 0x00, 0x00, 0x00, 0x00, 0x00, 0x00, 0x00, 0x00, 0x00,
  0x48, 0x00, 0x00, 0x00, 0x08, 0x00, 0x00, 0x00, 0xff, 0xff, 0xff, 0xff,
  0xff, 0xff, 0xff, 0xff, 0x00, 0x00, 0x00, 0x00, 0x1e, 0x00, 0x00, 0x00,
  0x24, 0x00, 0x00, 0x00, 0x01, 0x00, 0x00, 0x00, 0x40, 0x00, 0x00, 0x00,
  0x50, 0x00, 0x00, 0x00, 0x08, 0x00, 0x00, 0x00, 0xff, 0xff, 0xff, 0xff,
  0xff, 0xff, 0xff, 0xff, 0x00, 0x00, 0x00, 0x00, 0x1e, 0x00, 0x00, 0x00,
  0x24, 0x00, 0x00, 0x00, 0x05, 0x00, 0x00, 0x00, 0x80, 0x00, 0x00, 0x00,
  0x58, 0x00, 0x00, 0x00, 0x08, 0x00, 0x00, 0x00, 0xff, 0xff, 0xff, 0xff,
  0xff, 0xff, 0xff, 0xff, 0x00, 0x00, 0x00, 0x00, 0x2c, 0x00, 0x00, 0x00,
  0x18, 0x00, 0x00, 0x00, 0x00, 0x00, 0x00, 0x00, 0xc0, 0x00, 0x00, 0x00,
  0x70, 0x00, 0x00, 0x00, 0x08, 0x00, 0x00, 0x00, 0x26, 0x00, 0x00, 0x00,
  0x1c, 0x00, 0x00, 0x00, 0x00, 0x01, 0x00, 0x00, 0x78, 0x00, 0x00, 0x00,
  0x08, 0x00, 0x00, 0x00, 0x00, 0x00, 0x00, 0x00, 0x01, 0x00, 0x00, 0x00,
  0x11, 0x00, 0x00, 0x00, 0x28, 0x00, 0x00, 0x00, 0x01, 0x00, 0x00, 0x00,
  0x02, 0x00, 0x00, 0x00, 0x60, 0x00, 0x00, 0x00, 0x04, 0x00, 0x00, 0x00,
  0x00, 0x00, 0x00, 0x00, 0xff, 0xff, 0xff, 0xff, 0xff, 0xff, 0xff, 0xff,
  0x00, 0x00, 0x00, 0x00, 0x11, 0x00, 0x00, 0x00, 0x28, 0x00, 0x00, 0x00,
  0x01, 0x00, 0x00, 0x00, 0x03, 0x00, 0x00, 0x00, 0x64, 0x00, 0x00, 0x00,
  0x04, 0x00, 0x00, 0x00, 0x00, 0x00, 0x00, 0x00, 0xff, 0xff, 0xff, 0xff,
  0xff, 0xff, 0xff, 0xff, 0x00, 0x00, 0x00, 0x00, 0x11, 0x00, 0x00, 0x00,
  0x28, 0x00, 0x00, 0x00, 0x01, 0x00, 0x00, 0x00, 0x04, 0x00, 0x00, 0x00,
  0x68, 0x00, 0x00, 0x00, 0x04, 0x00, 0x00, 0x00, 0x00, 0x00, 0x00, 0x00,
  0xff, 0xff, 0xff, 0xff, 0xff, 0xff, 0xff, 0xff, 0x00, 0x00, 0x00, 0x00,
  0x11, 0x00, 0x00, 0x00, 0x28, 0x00, 0x00, 0x00, 0x01, 0x00, 0x00, 0x00,
  0x06, 0x00, 0x00, 0x00, 0x6c, 0x00, 0x00, 0x00, 0x04, 0x00, 0x00, 0x00,
  0x00, 0x00, 0x00, 0x00, 0xff, 0xff, 0xff, 0xff, 0xff, 0xff, 0xff, 0xff,
  0x00, 0x00, 0x00, 0x00, 0x19, 0x00, 0x00, 0x00, 0x0c, 0x00, 0x00, 0x00,
  0xa0, 0x00, 0x00, 0x00, 0x16, 0x00, 0x00, 0x00, 0x58, 0x00, 0x00, 0x00,
  0x00, 0x00, 0x00, 0x00, 0x01, 0x00, 0x00, 0x00, 0x01, 0x00, 0x00, 0x00,
  0x01, 0x00, 0x00, 0x00, 0x00, 0x00, 0x00, 0x00, 0x01, 0x00, 0x00, 0x00,
  0x00, 0x00, 0x00, 0x00, 0x00, 0x00, 0x00, 0x00, 0x00, 0x00, 0x00, 0x00,
  0x00, 0x00, 0x00, 0x00, 0x00, 0x00, 0x00, 0x00, 0x00, 0x00, 0x00, 0x00,
  0x00, 0x00, 0x00, 0x00, 0x00, 0x00, 0x00, 0x00, 0x00, 0x00, 0x00, 0x00,
  0x00, 0x00, 0x00, 0x00, 0x00, 0x00, 0x00, 0x00, 0x00, 0x00, 0x00, 0x00,
  0x00, 0x00, 0x00, 0x00, 0x00, 0x00, 0x00, 0x00, 0x17, 0x00, 0x00, 0x00,
  0x8c, 0x00, 0x00, 0x00, 0x00, 0x00, 0x00, 0x00, 0x00, 0x00, 0x00, 0x00,
  0x00, 0x00, 0x00, 0x00, 0x20, 0x00, 0x00, 0x00, 0x00, 0x00, 0x00, 0x00,
  0x01, 0x00, 0x00, 0x00, 0x00, 0x00, 0x00, 0x00, 0x00, 0x00, 0x00, 0x00,
  0x00, 0x00, 0x00, 0x00, 0x01, 0x00, 0x00, 0x00, 0x00, 0x00, 0x00, 0x00,
  0x00, 0x00, 0x00, 0x00, 0x00, 0x00, 0x00, 0x00, 0x00, 0x00, 0x00, 0x00,
  0x00, 0x00, 0x00, 0x00, 0x00, 0x00, 0x00, 0x00, 0x00, 0x00, 0x00, 0x00,
  0x00, 0x00, 0x00, 0x00, 0x01, 0x00, 0x00, 0x00, 0x00, 0x00, 0x00, 0x00,
  0x80, 0x00, 0x00, 0x00, 0x00, 0x00, 0x00, 0x00, 0x00, 0x00, 0x00, 0x00,
  0x00, 0x00, 0x00, 0x00, 0x00, 0x00, 0x00, 0x00, 0x07, 0x00, 0x00, 0x00,
  0x00, 0x00, 0x00, 0x00, 0x00, 0x00, 0x00, 0x00, 0x00, 0x00, 0x00, 0x00,
  0x00, 0x00, 0x00, 0x00, 0x00, 0x01, 0x15, 0x00, 0x00, 0x00, 0x00, 0x00,
  0x00, 0x00, 0x00, 0x00, 0x1b, 0x00, 0x00, 0x00, 0x10, 0x00, 0x00, 0x00,
  0x04, 0x00, 0x00, 0x00, 0x00, 0x00, 0x00, 0x00, 0x1a, 0x00, 0x00, 0x00,
  0x60, 0x00, 0x00, 0x00, 0x00, 0x00, 0x00, 0x00, 0x0c, 0x00, 0x00, 0x00,
  0x08, 0x00, 0x00, 0x00, 0x0c, 0x00, 0x00, 0x00, 0x18, 0x00, 0x00, 0x00,
  0x08, 0x00, 0x00, 0x00, 0x5f, 0x5f, 0x67, 0x6c, 0x6f, 0x62, 0x61, 0x6c,
  0x00, 0x00, 0x00, 0x00, 0x4e, 0x4f, 0x4e, 0x45, 0x00, 0x00, 0x00, 0x00,
  0x69, 0x73, 0x45, 0x78, 0x74, 0x72, 0x65, 0x6d, 0x75, 0x6d, 0x00, 0x00,
  0x73, 0x74, 0x72, 0x75, 0x63, 0x74, 0x20, 0x5f, 0x69, 0x73, 0x45, 0x78,
  0x74, 0x72, 0x65, 0x6d, 0x75, 0x6d, 0x2a, 0x3b, 0x38, 0x00, 0x00, 0x00,
  0x4e, 0x4f, 0x4e, 0x45, 0x00, 0x00, 0x00, 0x00, 0x1a, 0x00, 0x00, 0x00,
  0x4c, 0x00, 0x00, 0x00, 0x01, 0x00, 0x00, 0x00, 0x0c, 0x00, 0x00, 0x00,
  0x08, 0x00, 0x00, 0x00, 0x04, 0x00, 0x00, 0x00, 0x0c, 0x00, 0x00, 0x00,
  0x08, 0x00, 0x00, 0x00, 0x5f, 0x5f, 0x67, 0x6c, 0x6f, 0x62, 0x61, 0x6c,
  0x00, 0x00, 0x00, 0x00, 0x4e, 0x4f, 0x4e, 0x45, 0x00, 0x00, 0x00, 0x00,
  0x69, 0x6d, 0x67, 0x00, 0x66, 0x6c, 0x6f, 0x61, 0x74, 0x2a, 0x3b, 0x38,
  0x00, 0x00, 0x00, 0x00, 0x4e, 0x4f, 0x4e, 0x45, 0x00, 0x00, 0x00, 0x00,
  0x1a, 0x00, 0x00, 0x00, 0x48, 0x00, 0x00, 0x00, 0x02, 0x00, 0x00, 0x00,
  0x0c, 0x00, 0x00, 0x00, 0x08, 0x00, 0x00, 0x00, 0x04, 0x00, 0x00, 0x00,
  0x08, 0x00, 0x00, 0x00, 0x08, 0x00, 0x00, 0x00, 0x5f, 0x5f, 0x70, 0x72,
  0x69, 0x76, 0x61, 0x74, 0x65, 0x00, 0x00, 0x00, 0x4e, 0x4f, 0x4e, 0x45,
  0x00, 0x00, 0x00, 0x00, 0x68, 0x00, 0x00, 0x00, 0x75, 0x69, 0x6e, 0x74,
  0x3b, 0x34, 0x00, 0x00, 0x4e, 0x4f, 0x4e, 0x45, 0x00, 0x00, 0x00, 0x00,
  0x1a, 0x00, 0x00, 0x00, 0x48, 0x00, 0x00, 0x00, 0x03, 0x00, 0x00, 0x00,
  0x0c, 0x00, 0x00, 0x00, 0x08, 0x00, 0x00, 0x00, 0x04, 0x00, 0x00, 0x00,
  0x08, 0x00, 0x00, 0x00, 0x08, 0x00, 0x00, 0x00, 0x5f, 0x5f, 0x70, 0x72,
  0x69, 0x76, 0x61, 0x74, 0x65, 0x00, 0x00, 0x00, 0x4e, 0x4f, 0x4e, 0x45,
  0x00, 0x00, 0x00, 0x00, 0x77, 0x00, 0x00, 0x00, 0x75, 0x69, 0x6e, 0x74,
  0x3b, 0x34, 0x00, 0x00, 0x4e, 0x4f, 0x4e, 0x45, 0x00, 0x00, 0x00, 0x00,
  0x1a, 0x00, 0x00, 0x00, 0x4c, 0x00, 0x00, 0x00, 0x04, 0x00, 0x00, 0x00,
  0x0c, 0x00, 0x00, 0x00, 0x08, 0x00, 0x00, 0x00, 0x08, 0x00, 0x00, 0x00,
  0x08, 0x00, 0x00, 0x00, 0x08, 0x00, 0x00, 0x00, 0x5f, 0x5f, 0x70, 0x72,
  0x69, 0x76, 0x61, 0x74, 0x65, 0x00, 0x00, 0x00, 0x4e, 0x4f, 0x4e, 0x45,
  0x00, 0x00, 0x00, 0x00, 0x73, 0x74, 0x72, 0x69, 0x64, 0x65, 0x00, 0x00,
  0x75, 0x69, 0x6e, 0x74, 0x3b, 0x34, 0x00, 0x00, 0x4e, 0x4f, 0x4e, 0x45,
  0x00, 0x00, 0x00, 0x00, 0x1a, 0x00, 0x00, 0x00, 0x54, 0x00, 0x00, 0x00,
  0x05, 0x00, 0x00, 0x00, 0x0c, 0x00, 0x00, 0x00, 0x08, 0x00, 0x00, 0x00,
  0x0c, 0x00, 0x00, 0x00, 0x0c, 0x00, 0x00, 0x00, 0x08, 0x00, 0x00, 0x00,
  0x5f, 0x5f, 0x67, 0x6c, 0x6f, 0x62, 0x61, 0x6c, 0x00, 0x00, 0x00, 0x00,
  0x4e, 0x4f, 0x4e, 0x45, 0x00, 0x00, 0x00, 0x00, 0x6f, 0x72, 0x69, 0x65,
  0x6e, 0x74, 0x61, 0x74, 0x69, 0x6f, 0x6e, 0x00, 0x66, 0x6c, 0x6f, 0x61,
  0x74, 0x2a, 0x3b, 0x38, 0x00, 0x00, 0x00, 0x00, 0x4e, 0x4f, 0x4e, 0x45,
  0x00, 0x00, 0x00, 0x00, 0x1a, 0x00, 0x00, 0x00, 0x48, 0x00, 0x00, 0x00,
  0x06, 0x00, 0x00, 0x00, 0x0c, 0x00, 0x00, 0x00, 0x08, 0x00, 0x00, 0x00,
  0x04, 0x00, 0x00, 0x00, 0x08, 0x00, 0x00, 0x00, 0x08, 0x00, 0x00, 0x00,
  0x5f, 0x5f, 0x70, 0x72, 0x69, 0x76, 0x61, 0x74, 0x65, 0x00, 0x00, 0x00,
  0x4e, 0x4f, 0x4e, 0x45, 0x00, 0x00, 0x00, 0x00, 0x63, 0x6d, 0x6e, 0x00,
  0x75, 0x69, 0x6e, 0x74, 0x3b, 0x34, 0x00, 0x00, 0x4e, 0x4f, 0x4e, 0x45,
  0x00, 0x00, 0x00, 0x00, 0x1a, 0x00, 0x00, 0x00, 0x4c, 0x00, 0x00, 0x00,
  0x07, 0x00, 0x00, 0x00, 0x08, 0x00, 0x00, 0x00, 0x08, 0x00, 0x00, 0x00,
  0x08, 0x00, 0x00, 0x00, 0x0c, 0x00, 0x00, 0x00, 0x08, 0x00, 0x00, 0x00,
  0x5f, 0x5f, 0x6c, 0x6f, 0x63, 0x61, 0x6c, 0x00, 0x4e, 0x4f, 0x4e, 0x45,
  0x00, 0x00, 0x00, 0x00, 0x72, 0x65, 0x73, 0x58, 0x00, 0x00, 0x00, 0x00,
  0x66, 0x6c, 0x6f, 0x61, 0x74, 0x2a, 0x3b, 0x38, 0x00, 0x00, 0x00, 0x00,
  0x4e, 0x4f, 0x4e, 0x45, 0x00, 0x00, 0x00, 0x00, 0x1a, 0x00, 0x00, 0x00,
  0x4c, 0x00, 0x00, 0x00, 0x08, 0x00, 0x00, 0x00, 0x08, 0x00, 0x00, 0x00,
  0x08, 0x00, 0x00, 0x00, 0x08, 0x00, 0x00, 0x00, 0x0c, 0x00, 0x00, 0x00,
  0x08, 0x00, 0x00, 0x00, 0x5f, 0x5f, 0x6c, 0x6f, 0x63, 0x61, 0x6c, 0x00,
  0x4e, 0x4f, 0x4e, 0x45, 0x00, 0x00, 0x00, 0x00, 0x72, 0x65, 0x73, 0x59,
  0x00, 0x00, 0x00, 0x00, 0x66, 0x6c, 0x6f, 0x61, 0x74, 0x2a, 0x3b, 0x38,
  0x00, 0x00, 0x00, 0x00, 0x4e, 0x4f, 0x4e, 0x45, 0x00, 0x00, 0x00, 0x00,
  0x1a, 0x00, 0x00, 0x00, 0x48, 0x00, 0x00, 0x00, 0x09, 0x00, 0x00, 0x00,
  0x08, 0x00, 0x00, 0x00, 0x08, 0x00, 0x00, 0x00, 0x04, 0x00, 0x00, 0x00,
  0x0c, 0x00, 0x00, 0x00, 0x08, 0x00, 0x00, 0x00, 0x5f, 0x5f, 0x6c, 0x6f,
  0x63, 0x61, 0x6c, 0x00, 0x4e, 0x4f, 0x4e, 0x45, 0x00, 0x00, 0x00, 0x00,
  0x41, 0x6e, 0x67, 0x00, 0x66, 0x6c, 0x6f, 0x61, 0x74, 0x2a, 0x3b, 0x38,
  0x00, 0x00, 0x00, 0x00, 0x4e, 0x4f, 0x4e, 0x45, 0x00, 0x00, 0x00, 0x00,
  0x1a, 0x00, 0x00, 0x00, 0x4c, 0x00, 0x00, 0x00, 0x0a, 0x00, 0x00, 0x00,
  0x08, 0x00, 0x00, 0x00, 0x08, 0x00, 0x00, 0x00, 0x08, 0x00, 0x00, 0x00,
  0x0c, 0x00, 0x00, 0x00, 0x08, 0x00, 0x00, 0x00, 0x5f, 0x5f, 0x6c, 0x6f,
  0x63, 0x61, 0x6c, 0x00, 0x4e, 0x4f, 0x4e, 0x45, 0x00, 0x00, 0x00, 0x00,
  0x73, 0x5f, 0x6d, 0x65, 0x72, 0x00, 0x00, 0x00, 0x66, 0x6c, 0x6f, 0x61,
  0x74, 0x2a, 0x3b, 0x38, 0x00, 0x00, 0x00, 0x00, 0x4e, 0x4f, 0x4e, 0x45,
  0x00, 0x00, 0x00, 0x00, 0x1a, 0x00, 0x00, 0x00, 0x4c, 0x00, 0x00, 0x00,
  0x0b, 0x00, 0x00, 0x00, 0x08, 0x00, 0x00, 0x00, 0x08, 0x00, 0x00, 0x00,
  0x08, 0x00, 0x00, 0x00, 0x0c, 0x00, 0x00, 0x00, 0x08, 0x00, 0x00, 0x00,
  0x5f, 0x5f, 0x6c, 0x6f, 0x63, 0x61, 0x6c, 0x00, 0x4e, 0x4f, 0x4e, 0x45,
  0x00, 0x00, 0x00, 0x00, 0x73, 0x5f, 0x6f, 0x72, 0x69, 0x00, 0x00, 0x00,
  0x66, 0x6c, 0x6f, 0x61, 0x74, 0x2a, 0x3b, 0x38, 0x00, 0x00, 0x00, 0x00,
  0x4e, 0x4f, 0x4e, 0x45, 0x00, 0x00, 0x00, 0x00, 0xff, 0x98, 0xd8, 0xed,
  0xe4, 0x88, 0x33, 0x9e, 0x39, 0xa1, 0xe5, 0x52, 0x0c, 0x00, 0x00, 0x00,
  0x38, 0x06, 0x00, 0x00, 0xc0, 0x24, 0x00, 0x00, 0x00, 0x00, 0x00, 0x00,
  0x20, 0x00, 0x00, 0x00, 0xdc, 0x01, 0x00, 0x00, 0x38, 0x24, 0x00, 0x00,
  0x64, 0x65, 0x73, 0x52, 0x65, 0x61, 0x64, 0x79, 0x00, 0x00, 0x00, 0x00,
  0x01, 0x00, 0x60, 0x00, 0x0c, 0x02, 0x40, 0x25, 0x00, 0x00, 0x20, 0x00,
  0x00, 0x00, 0x00, 0x00, 0x06, 0x80, 0x00, 0x00, 0x04, 0x00, 0x00, 0x30,
  0x00, 0x10, 0x00, 0x16, 0xc0, 0x04, 0xc0, 0x04, 0x09, 0x00, 0x00, 0x00,
  0x2c, 0x0a, 0x60, 0x25, 0x44, 0x05, 0x00, 0x1e, 0x04, 0x00, 0x04, 0x00,
  0x09, 0x00, 0x00, 0x00, 0x2c, 0x0a, 0xa0, 0x20, 0x44, 0x05, 0x00, 0x1e,
  0x02, 0x00, 0x02, 0x00, 0x01, 0x00, 0x40, 0x00, 0x6c, 0x26, 0x00, 0x2b,
  0x00, 0x00, 0x00, 0x00, 0x40, 0x88, 0x00, 0x00, 0x01, 0x00, 0x00, 0x00,
  0xec, 0x3e, 0x64, 0x25, 0x00, 0x00, 0x00, 0x00, 0xc4, 0x34, 0xc2, 0x27,
  0x01, 0x00, 0x00, 0x00, 0xec, 0x3e, 0x8c, 0x25, 0x00, 0x00, 0x00, 0x00,
  0x68, 0x21, 0xa2, 0x33, 0x01, 0x00, 0x00, 0x00, 0xec, 0x3e, 0x68, 0x25,
  0x00, 0x00, 0x00, 0x00, 0x83, 0xf9, 0x22, 0x3f, 0x01, 0x00, 0x00, 0x00,
  0xec, 0x3e, 0x90, 0x25, 0x00, 0x00, 0x00, 0x00, 0xda, 0x0f, 0xc9, 0x3f,
  0x40, 0x80, 0x75, 0x20, 0x00, 0x57, 0x2b, 0x09, 0x40, 0x80, 0x79, 0x20,
  0x00, 0x59, 0x05, 0x09, 0x01, 0x00, 0x00, 0x00, 0xec, 0x3e, 0x6c, 0x25,
  0x00, 0x00, 0x00, 0x00, 0x00, 0x00, 0x00, 0x3f, 0x01, 0x00, 0x00, 0x00,
  0xec, 0x3e, 0x70, 0x25, 0x00, 0x00, 0x00, 0x00, 0xab, 0xaa, 0x2a, 0x3d,
  0x01, 0x00, 0x00, 0x00, 0xec, 0x3e, 0x74, 0x25, 0x00, 0x00, 0x00, 0x00,
  0x60, 0x0b, 0xb6, 0xba, 0x01, 0x00, 0x00, 0x00, 0xec, 0x3e, 0x78, 0x25,
  0x00, 0x00, 0x00, 0x00, 0xe2, 0x0a, 0xd0, 0x37, 0x01, 0x00, 0x00, 0x00,
  0xec, 0x3e, 0xa4, 0x25, 0x00, 0x00, 0x00, 0x00, 0x4e, 0xd7, 0x47, 0xad,
  0x40, 0x00, 0x40, 0x00, 0x0c, 0x02, 0xc0, 0x20, 0xe0, 0x0a, 0x00, 0x1a,
  0x00, 0x0b, 0x69, 0x00, 0x31, 0x00, 0x00, 0x0a, 0x0c, 0x02, 0xa0, 0x25,
  0x20, 0x0b, 0x00, 0x06, 0x01, 0x08, 0x11, 0x02, 0x01, 0x00, 0x00, 0x00,
  0xec, 0x3e, 0x7c, 0x25, 0x00, 0x00, 0x00, 0x00, 0x3a, 0x92, 0x92, 0xb4,
  0x01, 0x00, 0x00, 0x00, 0xec, 0x3e, 0x94, 0x25, 0x00, 0x00, 0x00, 0x00,
  0xf6, 0x74, 0x0f, 0x31, 0x01, 0x00, 0x00, 0x00, 0xec, 0x3e, 0x98, 0x25,
  0x00, 0x00, 0x00, 0x00, 0xab, 0xaa, 0x2a, 0x3e, 0x01, 0x00, 0x00, 0x00,
  0xec, 0x3e, 0xa8, 0x25, 0x00, 0x00, 0x00, 0x00, 0xd4, 0x09, 0x50, 0xb9,
  0x01, 0x00, 0x00, 0x00, 0xec, 0x3e, 0x9c, 0x25, 0x00, 0x00, 0x00, 0x00,
  0x87, 0x88, 0x08, 0x3c, 0x31, 0x00, 0x40, 0x0a, 0x0c, 0x02, 0xe0, 0x20,
  0xc0, 0x00, 0x00, 0x06, 0x00, 0x08, 0x11, 0x02, 0x01, 0x00, 0x00, 0x00,
  0xec, 0x3e, 0xac, 0x25, 0x00, 0x00, 0x00, 0x00, 0x25, 0xdf, 0x36, 0x36,
  0x01, 0x00, 0x00, 0x00, 0xec, 0x3e, 0xb0, 0x25, 0x00, 0x00, 0x00, 0x00,
  0xd3, 0xc9, 0x2e, 0x2f, 0x01, 0x00, 0x00, 0x00, 0xec, 0x3e, 0xb4, 0x25,
  0x00, 0x00, 0x00, 0x00, 0x34, 0x2f, 0xd7, 0xb2, 0x01, 0x00, 0x00, 0x00,
  0xec, 0x3e, 0xb8, 0x25, 0x00, 0x00, 0x00, 0x00, 0xa6, 0xaa, 0x2a, 0xbe,
  0x01, 0x00, 0x00, 0x00, 0xec, 0x3e, 0xe0, 0x25, 0x00, 0x00, 0x00, 0x00,
  0xf8, 0xde, 0x2e, 0x36, 0x01, 0x00, 0x00, 0x00, 0xec, 0x3e, 0xbc, 0x25,
  0x00, 0x00, 0x00, 0x00, 0x6a, 0x87, 0x08, 0x3c, 0x01, 0x00, 0x00, 0x00,
  0xec, 0x3e, 0xc0, 0x25, 0x00, 0x00, 0x00, 0x00, 0xff, 0xb7, 0x4f, 0xb9,
  0x01, 0x00, 0x00, 0x00, 0xec, 0x3e, 0xe4, 0x25, 0x00, 0x00, 0x00, 0x00,
  0x1a, 0x61, 0xb4, 0xac, 0x01, 0x00, 0x00, 0x00, 0xec, 0x3e, 0xe8, 0x25,
  0x00, 0x00, 0x00, 0x00, 0x00, 0x20, 0x22, 0xb4, 0x01, 0x00, 0x00, 0x00,
  0xec, 0x3e, 0xec, 0x25, 0x00, 0x00, 0x00, 0x00, 0x00, 0xa0, 0x7d, 0xba,
  0x01, 0x00, 0x00, 0x00, 0xec, 0x3e, 0xc4, 0x25, 0x00, 0x00, 0x00, 0x00,
  0x83, 0xf9, 0xa2, 0x3e, 0x01, 0x00, 0x00, 0x00, 0xec, 0x3e, 0xf0, 0x25,
  0x00, 0x00, 0x00, 0x00, 0x00, 0x00, 0x49, 0xc0, 0x01, 0x00, 0x00, 0x00,
  0xec, 0x3e, 0xc8, 0x25, 0x00, 0x00, 0x00, 0x00, 0x00, 0x00, 0x40, 0x4b,
  0x10, 0x00, 0x80, 0x03, 0xe4, 0x3a, 0x00, 0x20, 0xa0, 0x25, 0x00, 0x3e,
  0x00, 0x40, 0x1c, 0x46, 0x10, 0x20, 0x80, 0x03, 0xe4, 0x3a, 0x00, 0x20,
  0xa0, 0x25, 0x00, 0x3e, 0x00, 0x40, 0x1c, 0x46, 0x01, 0x00, 0x20, 0x00,
  0x2c, 0x0a, 0x80, 0x25, 0xe0, 0x00, 0x45, 0x00, 0x00, 0x00, 0x00, 0x00,
  0x01, 0x00, 0x00, 0x00, 0x2c, 0x0a, 0x88, 0x25, 0xe8, 0x00, 0x00, 0x00,
  0x00, 0x00, 0x00, 0x00, 0x20, 0x00, 0x01, 0x00, 0x04, 0x00, 0x00, 0x34,
  0x00, 0x14, 0x00, 0x0e, 0xf8, 0x00, 0x00, 0x00, 0x40, 0x00, 0x00, 0x00,
  0xec, 0x3a, 0xe0, 0x2a, 0xa0, 0x05, 0x00, 0x3e, 0xdb, 0x0f, 0xc9, 0x3f,
  0x5b, 0x01, 0x40, 0x00, 0x04, 0x00, 0x02, 0x05, 0xc9, 0xe5, 0x22, 0x79,
  0x5c, 0x24, 0xc7, 0x15, 0x40, 0x00, 0x00, 0x00, 0xec, 0x3a, 0x00, 0x2b,
  0xa0, 0x00, 0x00, 0x3e, 0x00, 0x00, 0x40, 0xcb, 0x09, 0x00, 0x00, 0x00,
  0x2c, 0x0a, 0xc0, 0x20, 0xa0, 0x00, 0x00, 0x1e, 0x1f, 0x00, 0x1f, 0x00,
  0x40, 0x00, 0x00, 0x00, 0xec, 0x3a, 0x00, 0x21, 0x00, 0x0b, 0x00, 0x3e,
  0x00, 0x00, 0x00, 0xbf, 0x5b, 0x01, 0x40, 0x00, 0x04, 0x00, 0x02, 0x09,
  0xc9, 0xd1, 0x22, 0x39, 0x5f, 0x24, 0x07, 0x02, 0x5b, 0x01, 0x40, 0x00,
  0x04, 0x00, 0x02, 0x59, 0xc9, 0x91, 0x20, 0xf9, 0x5e, 0x24, 0x07, 0x02,
  0x5b, 0x01, 0x40, 0x00, 0x04, 0x00, 0x82, 0x0a, 0xc9, 0x91, 0x25, 0xb9,
  0x5e, 0x24, 0x07, 0x02, 0x5b, 0x01, 0x40, 0x00, 0x04, 0x00, 0x02, 0x5a,
  0xc9, 0xa9, 0x20, 0x79, 0x5e, 0x24, 0x07, 0x02, 0x41, 0x40, 0x02, 0x20,
  0x00, 0x0c, 0x5a, 0x5a, 0x07, 0x80, 0x01, 0x20, 0x00, 0x0e, 0x06, 0x5a,
  0x5b, 0x01, 0x40, 0x00, 0x04, 0x00, 0x02, 0x5b, 0xc9, 0xe1, 0x22, 0x39,
  0x5e, 0x24, 0x07, 0x03, 0x5b, 0x01, 0x40, 0x00, 0x04, 0x00, 0x02, 0x5d,
  0xc9, 0xdf, 0x22, 0x39, 0x18, 0x24, 0xc7, 0x16, 0x5b, 0x01, 0x40, 0x00,
  0x04, 0x00, 0x02, 0x0f, 0xc9, 0xdd, 0x22, 0x39, 0x18, 0x24, 0x47, 0x17,
  0x41, 0x40, 0x02, 0x20, 0x00, 0x5f, 0x0c, 0x0f, 0x5b, 0x01, 0x40, 0x00,
  0x04, 0x00, 0x02, 0x31, 0xc9, 0xe1, 0x20, 0x39, 0x1c, 0x24, 0xc7, 0x17,
  0x20, 0x00, 0x00, 0x00, 0x04, 0x00, 0x00, 0x34, 0x00, 0x14, 0x00, 0x0e,
  0xe0, 0x0b, 0x00, 0x00, 0x05, 0x00, 0x00, 0x00, 0x2c, 0x0a, 0xcc, 0x25,
  0xa0, 0x05, 0x00, 0x0e, 0xff, 0xff, 0xff, 0x7f, 0x10, 0x00, 0x80, 0x05,
  0xe6, 0x3a, 0x00, 0x20, 0xcc, 0x25, 0x00, 0x3e, 0x00, 0x00, 0x00, 0x40,
  0x10, 0x20, 0x80, 0x05, 0xe6, 0x3a, 0x00, 0x20, 0xcc, 0x25, 0x00, 0x3e,
  0x00, 0x00, 0x00, 0x40, 0x20, 0x00, 0x01, 0x00, 0x06, 0x00, 0x00, 0x34,
  0x00, 0x14, 0x00, 0x0e, 0x40, 0x08, 0x00, 0x00, 0x05, 0x00, 0x00, 0x00,
  0x2c, 0x0a, 0xc0, 0x20, 0xa0, 0x05, 0x00, 0x0e, 0xff, 0xff, 0x7f, 0x00,
  0x08, 0x00, 0x00, 0x00, 0x2c, 0x02, 0xa0, 0x20, 0xcc, 0x05, 0x00, 0x1e,
  0x17, 0x00, 0x17, 0x00, 0x01, 0x00, 0x00, 0x00, 0x6c, 0x1e, 0x40, 0x23,
  0x00, 0x00, 0x00, 0x00, 0xe0, 0xff, 0xe0, 0xff, 0x06, 0x00, 0x00, 0x00,
  0x2c, 0x0a, 0xe0, 0x2a, 0xc0, 0x00, 0x00, 0x0e, 0x00, 0x00, 0x80, 0x00,
  0x40, 0x00, 0x00, 0x00, 0x2c, 0x0a, 0x20, 0x2d, 0xa0, 0x00, 0x00, 0x1e,
  0x88, 0xff, 0x88, 0xff, 0x41, 0x00, 0x00, 0x00, 0x2c, 0x03, 0x20, 0x2b,
  0xe0, 0x0a, 0x00, 0x06, 0xab, 0x63, 0x51, 0xfe, 0x41, 0x00, 0x00, 0x00,
  0x2c, 0x0a, 0x40, 0x2b, 0xe0, 0x0a, 0x00, 0x0e, 0x41, 0x90, 0x43, 0x3c,
  0x41, 0x00, 0x00, 0x00, 0x2c, 0x03, 0x00, 0x21, 0xe0, 0x0a, 0x00, 0x06,
  0x41, 0x90, 0x43, 0x3c, 0x41, 0x00, 0x00, 0x00, 0x2c, 0x0a, 0x80, 0x2b,
  0xe0, 0x0a, 0x00, 0x0e, 0x99, 0x95, 0x62, 0xdb, 0x41, 0x00, 0x00, 0x00,
  0x2c, 0x03, 0x60, 0x21, 0xe0, 0x0a, 0x00, 0x06, 0x99, 0x95, 0x62, 0xdb,
  0x41, 0x00, 0x00, 0x00, 0x2c, 0x0a, 0xc0, 0x2b, 0xe0, 0x0a, 0x00, 0x0e,
  0xc0, 0xdd, 0x34, 0xf5, 0x41, 0x00, 0x00, 0x00, 0x2c, 0x03, 0xc0, 0x21,
  0xe0, 0x0a, 0x00, 0x06, 0xc0, 0xdd, 0x34, 0xf5, 0x41, 0x00, 0x00, 0x00,
  0x2c, 0x0a, 0x00, 0x2c, 0xe0, 0x0a, 0x00, 0x0e, 0xd1, 0x57, 0x27, 0xfc,
  0x40, 0x80, 0x2d, 0x20, 0x00, 0x07, 0x5a, 0x59, 0x41, 0x00, 0x00, 0x00,
  0x2c, 0x03, 0x40, 0x2c, 0xe0, 0x0a, 0x00, 0x06, 0xd1, 0x57, 0x27, 0xfc,
  0x41, 0x00, 0x00, 0x00, 0x2c, 0x0a, 0x40, 0x22, 0xe0, 0x0a, 0x00, 0x0e,
  0x29, 0x15, 0x44, 0x4e, 0x41, 0x00, 0x00, 0x00, 0x2c, 0x03, 0x80, 0x2c,
  0xe0, 0x0a, 0x00, 0x06, 0x29, 0x15, 0x44, 0x4e, 0x41, 0x00, 0x00, 0x00,
  0x2c, 0x0a, 0x80, 0x22, 0xe0, 0x0a, 0x00, 0x0e, 0x6e, 0x83, 0xf9, 0xa2,
  0x41, 0x00, 0x00, 0x00, 0x2c, 0x03, 0xa0, 0x22, 0xe0, 0x0a, 0x00, 0x06,
  0x6e, 0x83, 0xf9, 0xa2, 0x41, 0x00, 0x00, 0x00, 0x2c, 0x0a, 0x00, 0x2b,
  0xe0, 0x0a, 0x00, 0x0e, 0xab, 0x63, 0x51, 0xfe, 0x10, 0x00, 0x00, 0x05,
  0x0e, 0x02, 0x20, 0x21, 0xe0, 0x00, 0x00, 0x02, 0x24, 0x0b, 0x00, 0x00,
  0x10, 0x20, 0x80, 0x03, 0x26, 0x02, 0x00, 0x20, 0x20, 0x0d, 0x00, 0x16,
  0x1f, 0x00, 0x1f, 0x00, 0x40, 0x80, 0x15, 0x20, 0x08, 0x5b, 0x08, 0x09,
  0x40, 0x00, 0x00, 0x00, 0x2c, 0x0a, 0x4c, 0x21, 0x60, 0x0b, 0x00, 0x0a,
  0x80, 0x0b, 0x00, 0x00, 0x10, 0x00, 0x00, 0x05, 0x0e, 0x02, 0x80, 0x21,
  0x4c, 0x01, 0x00, 0x02, 0x60, 0x0b, 0x00, 0x00, 0x40, 0x80, 0x15, 0x20,
  0x08, 0x5d, 0x0b, 0x0c, 0x40, 0x80, 0x01, 0x20, 0x00, 0x0d, 0x5d, 0x5e,
  0x10, 0x00, 0x00, 0x05, 0x0e, 0x02, 0xe0, 0x21, 0xa0, 0x01, 0x00, 0x02,
  0xa0, 0x0b, 0x00, 0x00, 0x40, 0x80, 0x15, 0x20, 0x08, 0x5f, 0x0e, 0x0f,
  0x40, 0x80, 0x01, 0x20, 0x00, 0x61, 0x5f, 0x60, 0x10, 0x00, 0x00, 0x05,
  0x0e, 0x02, 0x00, 0x22, 0x20, 0x0c, 0x00, 0x02, 0xe0, 0x0b, 0x00, 0x00,
  0x40, 0x80, 0x15, 0x20, 0x08, 0x11, 0x62, 0x10, 0x40, 0x80, 0x01, 0x20,
  0x00, 0x63, 0x11, 0x12, 0x10, 0x00, 0x00, 0x05, 0x0e, 0x02, 0xa0, 0x2c,
  0x60, 0x0c, 0x00, 0x02, 0x20, 0x02, 0x00, 0x00, 0x40, 0x80, 0x15, 0x20,
  0x08, 0x13, 0x64, 0x65, 0x40, 0x80, 0x01, 0x20, 0x00, 0x66, 0x13, 0x14,
  0x10, 0x00, 0x00, 0x05, 0x0e, 0x02, 0xe0, 0x2c, 0xc0, 0x0c, 0x00, 0x02,
  0x60, 0x02, 0x00, 0x00, 0x10, 0x00, 0x80, 0x03, 0x26, 0x02, 0x00, 0x20,
  0x20, 0x0d, 0x00, 0x16, 0x1f, 0x00, 0x1f, 0x00, 0x40, 0x80, 0x15, 0x20,
  0x08, 0x68, 0x15, 0x67, 0x02, 0x00, 0x01, 0x00, 0x2e, 0x1a, 0xa0, 0x2d,
  0x40, 0x03, 0x00, 0x1e, 0x00, 0x00, 0x00, 0x00, 0x02, 0x00, 0x01, 0x00,
  0x2e, 0x0a, 0xc0, 0x22, 0x60, 0x0c, 0x00, 0x0a, 0xc0, 0x0c, 0x00, 0x00,
  0x02, 0x00, 0x01, 0x00, 0x2e, 0x0a, 0xe0, 0x22, 0x20, 0x0c, 0x00, 0x0a,
  0x60, 0x0c, 0x00, 0x00, 0x02, 0x00, 0x01, 0x00, 0x2e, 0x0a, 0x00, 0x23,
  0xa0, 0x01, 0x00, 0x0a, 0x20, 0x0c, 0x00, 0x00, 0x02, 0x00, 0x01, 0x00,
  0x2e, 0x0a, 0x20, 0x23, 0x4c, 0x01, 0x00, 0x0a, 0xa0, 0x01, 0x00, 0x00,
  0x02, 0x00, 0x01, 0x00, 0x2e, 0x0a, 0x60, 0x2d, 0xe0, 0x00, 0x00, 0x0a,
  0x4c, 0x01, 0x00, 0x00, 0x02, 0x00, 0x01, 0x00, 0x2e, 0x0a, 0x80, 0x2d,
  0x00, 0x0b, 0x00, 0x0a, 0xe0, 0x00, 0x00, 0x00, 0x40, 0x80, 0x01, 0x20,
  0x00, 0x1b, 0x6d, 0x69, 0x02, 0x00, 0x01, 0x00, 0x2e, 0x0a, 0x40, 0x2d,
  0xc0, 0x0c, 0x00, 0x0a, 0x00, 0x0d, 0x00, 0x00, 0x10, 0x00, 0x80, 0x03,
  0x26, 0x02, 0x00, 0x20, 0x60, 0x03, 0x00, 0x16, 0x1f, 0x00, 0x1f, 0x00,
  0x10, 0x20, 0x80, 0x03, 0x26, 0x02, 0x00, 0x20, 0x60, 0x03, 0x00, 0x16,
  0x1f, 0x00, 0x1f, 0x00, 0x02, 0x00, 0x01, 0x00, 0x2e, 0x1a, 0xe0, 0x23,
  0x40, 0x03, 0x00, 0x1e, 0x00, 0x00, 0x00, 0x00, 0x02, 0x00, 0x01, 0x00,
  0x2e, 0x0a, 0x80, 0x23, 0xc0, 0x02, 0x00, 0x0a, 0x40, 0x0d, 0x00, 0x00,
  0x02, 0x00, 0x01, 0x00, 0x2e, 0x0a, 0xa0, 0x23, 0xe0, 0x02, 0x00, 0x0a,
  0xc0, 0x02, 0x00, 0x00, 0x02, 0x00, 0x01, 0x00, 0x2e, 0x0a, 0xc0, 0x2d,
  0x00, 0x03, 0x00, 0x0a, 0xe0, 0x02, 0x00, 0x00, 0x02, 0x00, 0x01, 0x00,
  0x2e, 0x0a, 0xe0, 0x2d, 0x20, 0x03, 0x00, 0x0a, 0x00, 0x03, 0x00, 0x00,
  0x02, 0x00, 0x01, 0x00, 0x2e, 0x0a, 0x00, 0x2e, 0x60, 0x0d, 0x00, 0x0a,
  0x20, 0x03, 0x00, 0x00, 0x02, 0x00, 0x01, 0x00, 0x2e, 0x0a, 0xc0, 0x23,
  0x80, 0x0d, 0x00, 0x0a, 0x60, 0x0d, 0x00, 0x00, 0x40, 0x80, 0x01, 0x20,
  0x00, 0x71, 0x1f, 0x1b, 0x10, 0x00, 0x80, 0x03, 0x26, 0x02, 0x00, 0x20,
  0x20, 0x0e, 0x00, 0x16, 0x1f, 0x00, 0x1f, 0x00, 0x10, 0x20, 0x80, 0x03,
  0x26, 0x02, 0x00, 0x20, 0x20, 0x0e, 0x00, 0x16, 0x1f, 0x00, 0x1f, 0x00,
  0x02, 0x00, 0x01, 0x00, 0x2e, 0x1a, 0x00, 0x24, 0x40, 0x03, 0x00, 0x1e,
  0x00, 0x00, 0x00, 0x00, 0x02, 0x00, 0x01, 0x00, 0x2e, 0x0a, 0x40, 0x2e,
  0xa0, 0x03, 0x00, 0x0a, 0x80, 0x03, 0x00, 0x00, 0x02, 0x00, 0x01, 0x00,
  0x2e, 0x0a, 0x60, 0x2e, 0xc0, 0x0d, 0x00, 0x0a, 0xa0, 0x03, 0x00, 0x00,
  0x02, 0x00, 0x01, 0x00, 0x2e, 0x0a, 0x80, 0x2e, 0xe0, 0x0d, 0x00, 0x0a,
  0xc0, 0x0d, 0x00, 0x00, 0x02, 0x00, 0x01, 0x00, 0x2e, 0x0a, 0xa0, 0x2e,
  0x00, 0x0e, 0x00, 0x0a, 0xe0, 0x0d, 0x00, 0x00, 0x02, 0x00, 0x01, 0x00,
  0x2e, 0x0a, 0xc0, 0x2e, 0xc0, 0x03, 0x00, 0x0a, 0x00, 0x0e, 0x00, 0x00,
  0x40, 0x80, 0x01, 0x20, 0x00, 0x77, 0x20, 0x71, 0x10, 0x00, 0x80, 0x03,
  0x26, 0x02, 0x00, 0x20, 0xe0, 0x0e, 0x00, 0x16, 0x1f, 0x00, 0x1f, 0x00,
  0x10, 0x20, 0x80, 0x03, 0x26, 0x02, 0x00, 0x20, 0xe0, 0x0e, 0x00, 0x16,
  0x1f, 0x00, 0x1f, 0x00, 0x02, 0x00, 0x01, 0x00, 0x2e, 0x1a, 0xa0, 0x24,
  0x40, 0x03, 0x00, 0x1e, 0x00, 0x00, 0x00, 0x00, 0x02, 0x00, 0x01, 0x00,
  0x2e, 0x0a, 0x20, 0x24, 0x60, 0x0e, 0x00, 0x0a, 0x40, 0x0e, 0x00, 0x00,
  0x02, 0x00, 0x01, 0x00, 0x2e, 0x0a, 0x40, 0x24, 0x80, 0x0e, 0x00, 0x0a,
  0x60, 0x0e, 0x00, 0x00, 0x02, 0x00, 0x01, 0x00, 0x2e, 0x0a, 0x60, 0x24,
  0xa0, 0x0e, 0x00, 0x0a, 0x80, 0x0e, 0x00, 0x00, 0x02, 0x00, 0x01, 0x00,
  0x2e, 0x0a, 0x80, 0x24, 0xc0, 0x0e, 0x00, 0x0a, 0xa0, 0x0e, 0x00, 0x00,
  0x40, 0x80, 0x01, 0x20, 0x00, 0x26, 0x25, 0x77, 0x08, 0x00, 0x00, 0x00,
  0x2c, 0x02, 0xc0, 0x2b, 0x80, 0x04, 0x00, 0x1e, 0x1e, 0x00, 0x1e, 0x00,
  0x01, 0xc0, 0x02, 0x60, 0x00, 0x27, 0x26, 0x00, 0x05, 0x00, 0x00, 0x00,
  0x2c, 0x0a, 0x00, 0x2f, 0xc0, 0x04, 0x00, 0x1e, 0x1f, 0x00, 0x1f, 0x00,
  0x10, 0x00, 0x80, 0x01, 0x26, 0x0a, 0x00, 0x20, 0xc0, 0x04, 0x00, 0x1e,
  0x00, 0x00, 0x00, 0x00, 0x10, 0x20, 0x80, 0x01, 0x26, 0x0a, 0x00, 0x20,
  0xc0, 0x04, 0x00, 0x1e, 0x00, 0x00, 0x00, 0x00, 0x05, 0x00, 0x00, 0x00,
  0x2c, 0x0a, 0x20, 0x2f, 0xe0, 0x04, 0x00, 0x1e, 0x1f, 0x00, 0x1f, 0x00,
  0x09, 0x80, 0x01, 0x20, 0x00, 0x28, 0x21, 0x78, 0x09, 0x80, 0x01, 0x20,
  0x00, 0x05, 0x22, 0x78, 0x09, 0x80, 0x01, 0x20, 0x00, 0x07, 0x23, 0x78,
  0x08, 0x00, 0x00, 0x00, 0x2c, 0x02, 0x40, 0x2f, 0x40, 0x04, 0x00, 0x0a,
  0x20, 0x0f, 0x00, 0x00, 0x08, 0x00, 0x00, 0x00, 0x2c, 0x02, 0x80, 0x2f,
  0x60, 0x04, 0x00, 0x0a, 0x20, 0x0f, 0x00, 0x00, 0x08, 0x00, 0x00, 0x00,
  0x2c, 0x02, 0x00, 0x21, 0x80, 0x04, 0x00, 0x0a, 0x20, 0x0f, 0x00, 0x00,
  0x06, 0x80, 0x01, 0x20, 0x00, 0x7b, 0x28, 0x7a, 0x06, 0x80, 0x01, 0x20,
  0x00, 0x06, 0x05, 0x7c, 0x06, 0x80, 0x01, 0x20, 0x00, 0x7d, 0x07, 0x08,
  0x02, 0x00, 0x01, 0x00, 0x2e, 0x0a, 0xe0, 0x2a, 0x20, 0x04, 0x00, 0x0a,
  0x60, 0x0f, 0x00, 0x00, 0x02, 0x00, 0x01, 0x00, 0x2e, 0x0a, 0x00, 0x2b,
  0x40, 0x04, 0x00, 0x0a, 0xc0, 0x00, 0x00, 0x00, 0x02, 0x00, 0x01, 0x00,
  0x2e, 0x0a, 0x20, 0x2b, 0x60, 0x04, 0x00, 0x0a, 0xa0, 0x0f, 0x00, 0x00,
  0x08, 0x00, 0x00, 0x00, 0x2c, 0x02, 0x40, 0x2b, 0xe0, 0x0a, 0x00, 0x1e,
  0x1d, 0x00, 0x1d, 0x00, 0x09, 0x00, 0x00, 0x00, 0x2c, 0x0a, 0x60, 0x2b,
  0xe0, 0x0a, 0x00, 0x1e, 0x02, 0x00, 0x02, 0x00, 0x08, 0x00, 0x00, 0x00,
  0x2c, 0x02, 0x20, 0x21, 0x00, 0x0b, 0x00, 0x1e, 0x1e, 0x00, 0x1e, 0x00,
  0x09, 0x00, 0x00, 0x00, 0x2c, 0x0a, 0x4c, 0x21, 0x00, 0x0b, 0x00, 0x1e,
  0x02, 0x00, 0x02, 0x00, 0x08, 0x00, 0x00, 0x00, 0x2c, 0x02, 0x60, 0x21,
  0x20, 0x0b, 0x00, 0x1e, 0x1e, 0x00, 0x1e, 0x00, 0x09, 0x00, 0x00, 0x00,
  0x2c, 0x0a, 0xa0, 0x2b, 0x20, 0x0b, 0x00, 0x1e, 0x02, 0x00, 0x02, 0x00,
  0x08, 0x00, 0x00, 0x00, 0x2c, 0x02, 0xa0, 0x2e, 0xe0, 0x0a, 0x00, 0x1e,
  0x1e, 0x00, 0x1e, 0x00, 0x09, 0x00, 0x00, 0x00, 0x2c, 0x0a, 0xc0, 0x21,
  0x40, 0x0b, 0x00, 0x1e, 0x1f, 0x00, 0x1f, 0x00, 0x05, 0x00, 0x00, 0x00,
  0x2c, 0x0a, 0xa0, 0x21, 0x40, 0x0b, 0x00, 0x1e, 0x01, 0x00, 0x01, 0x00,
  0x06, 0x80, 0x01, 0x20, 0x00, 0x5c, 0x5b, 0x09, 0x06, 0x00, 0x00, 0x00,
  0x2c, 0x0a, 0x84, 0x2b, 0x4c, 0x01, 0x00, 0x0a, 0x60, 0x01, 0x00, 0x00,
  0x06, 0x80, 0x01, 0x20, 0x00, 0x0c, 0x5d, 0x5e, 0x0c, 0x00, 0x00, 0x00,
  0x2c, 0x0a, 0xe0, 0x2b, 0xc0, 0x01, 0x00, 0x1e, 0x1f, 0x00, 0x1f, 0x00,
  0x40, 0x80, 0x09, 0x20, 0x00, 0x30, 0x0d, 0x75, 0x07, 0x00, 0x20, 0x00,
  0x2c, 0x0a, 0xe0, 0x21, 0xe0, 0x0b, 0x00, 0x0a, 0x80, 0x0b, 0x45, 0x00,
  0x07, 0x80, 0x01, 0x20, 0x00, 0x60, 0x5f, 0x0c, 0x4a, 0x40, 0x00, 0x20,
  0x00, 0x10, 0x0f, 0x00, 0x40, 0x00, 0x00, 0x00, 0x2c, 0x0a, 0x20, 0x2c,
  0x00, 0x02, 0x00, 0x1e, 0x01, 0x00, 0x01, 0x00, 0x40, 0x00, 0x00, 0x00,
  0x2c, 0x0a, 0x20, 0x22, 0x00, 0x42, 0x00, 0x1e, 0x1f, 0x00, 0x1f, 0x00,
  0x41, 0x00, 0x00, 0x00, 0x2c, 0x0a, 0xc0, 0x2c, 0x00, 0x02, 0x00, 0x0e,
  0x00, 0x00, 0x80, 0xff, 0x40, 0x00, 0x00, 0x00, 0x2c, 0x0a, 0xd4, 0x25,
  0x00, 0x42, 0x00, 0x1e, 0xe8, 0x01, 0xe8, 0x01, 0x05, 0x00, 0x00, 0x00,
  0x2c, 0x0a, 0x40, 0x2c, 0x20, 0x0c, 0x00, 0x1e, 0x1f, 0x00, 0x1f, 0x00,
  0x05, 0x00, 0x00, 0x00, 0x2c, 0x0a, 0x60, 0x2c, 0x20, 0x02, 0x00, 0x1e,
  0x1f, 0x00, 0x1f, 0x00, 0x40, 0x00, 0x00, 0x00, 0x2c, 0x0a, 0xc0, 0x22,
  0xc0, 0x0c, 0x00, 0x0e, 0x00, 0x00, 0x00, 0x3f, 0x09, 0x80, 0x01, 0x20,
  0x00, 0x12, 0x0f, 0x62, 0x09, 0x80, 0x15, 0x20, 0x00, 0x65, 0x0f, 0x62,
  0x08, 0x00, 0x00, 0x00, 0x2c, 0x02, 0x80, 0x2c, 0xe4, 0x01, 0x00, 0x0a,
  0x60, 0x0c, 0x00, 0x00, 0x08, 0x00, 0x00, 0x00, 0x2c, 0x02, 0x80, 0x22,
  0x00, 0x0c, 0x00, 0x0a, 0x60, 0x0c, 0x00, 0x00, 0x06, 0x80, 0x01, 0x20,
  0x00, 0x67, 0x16, 0x0e, 0x06, 0x80, 0x01, 0x20, 0x00, 0x13, 0x12, 0x64,
  0x06, 0x80, 0x01, 0x20, 0x00, 0x15, 0x65, 0x14, 0x09, 0x00, 0x00, 0x00,
  0x2c, 0x0a, 0xe0, 0x22, 0x60, 0x02, 0x00, 0x1e, 0x17, 0x00, 0x17, 0x00,
  0x08, 0x00, 0x00, 0x00, 0x2c, 0x02, 0x00, 0x23, 0xa0, 0x02, 0x00, 0x1e,
  0x09, 0x00, 0x09, 0x00, 0x08, 0x00, 0x00, 0x00, 0x2c, 0x02, 0x00, 0x2d,
  0x60, 0x02, 0x00, 0x1e, 0x09, 0x00, 0x09, 0x00, 0x06, 0x80, 0x01, 0x20,
  0x00, 0x6a, 0x17, 0x18, 0x06, 0x80, 0x01, 0x20, 0x00, 0x69, 0x67, 0x68,
  0x4a, 0x40, 0x00, 0x20, 0x00, 0x19, 0x6a, 0x00, 0x41, 0x00, 0x00, 0x00,
  0xec, 0x3a, 0x00, 0x2e, 0x20, 0x0d, 0x00, 0x3e, 0xda, 0x0f, 0xc9, 0x3f,
  0x04, 0xc0, 0x02, 0x20, 0x00, 0x6b, 0x19, 0x00, 0x40, 0x00, 0x00, 0x00,
  0x2c, 0x0a, 0x40, 0x23, 0x20, 0x03, 0x00, 0x1e, 0x01, 0x00, 0x01, 0x00,
  0x40, 0x00, 0x00, 0x00, 0x2c, 0x0a, 0x80, 0x2d, 0x20, 0x43, 0x00, 0x1e,
  0x1f, 0x00, 0x1f, 0x00, 0x5b, 0x01, 0x40, 0x00, 0x44, 0x00, 0x02, 0x71,
  0xc9, 0x01, 0x27, 0x39, 0x59, 0x24, 0x47, 0x1a, 0x40, 0x00, 0x00, 0x00,
  0x2c, 0x0a, 0xd8, 0x25, 0xd4, 0x05, 0x00, 0x0a, 0x60, 0x0d, 0x00, 0x00,
  0x05, 0x00, 0x00, 0x00, 0x2c, 0x0a, 0x60, 0x23, 0x40, 0x03, 0x00, 0x1e,
  0x1f, 0x00, 0x1f, 0x00, 0x05, 0x00, 0x00, 0x00, 0x2c, 0x0a, 0x80, 0x23,
  0x80, 0x0d, 0x00, 0x1e, 0x1f, 0x00, 0x1f, 0x00, 0x5b, 0x01, 0x40, 0x00,
  0x04, 0x00, 0x02, 0x72, 0xc9, 0x11, 0x27, 0xf9, 0x58, 0x24, 0x47, 0x1a,
  0x09, 0x00, 0x00, 0x00, 0x2c, 0x0a, 0xdc, 0x25, 0xd8, 0x05, 0x00, 0x1e,
  0x17, 0x00, 0x17, 0x00, 0x09, 0x80, 0x01, 0x20, 0x00, 0x6d, 0x6a, 0x1b,
  0x08, 0x00, 0x00, 0x00, 0x2c, 0x02, 0xc0, 0x2d, 0xa0, 0x02, 0x00, 0x0a,
  0x80, 0x03, 0x00, 0x00, 0x40, 0x00, 0x00, 0x00, 0x2c, 0x0a, 0xf4, 0x25,
  0xdc, 0x05, 0x00, 0x0e, 0x00, 0x00, 0x80, 0x3f, 0x06, 0x80, 0x11, 0x20,
  0x00, 0x2e, 0x6d, 0x6e, 0x06, 0x00, 0x00, 0x00, 0x2c, 0x0a, 0xf8, 0x25,
  0xf4, 0x05, 0x00, 0x0a, 0xc0, 0x01, 0x00, 0x00, 0x08, 0x00, 0x00, 0x00,
  0x2c, 0x02, 0xfc, 0x25, 0xd0, 0x05, 0x00, 0x1e, 0x09, 0x00, 0x09, 0x00,
  0x06, 0x00, 0x00, 0x00, 0x2c, 0x0a, 0xe0, 0x2d, 0xf8, 0x05, 0x00, 0x0a,
  0xfc, 0x05, 0x00, 0x00, 0x5b, 0x01, 0x40, 0x00, 0x04, 0x00, 0x02, 0x73,
  0xc9, 0x21, 0x27, 0x39, 0x59, 0x24, 0xc7, 0x1b, 0x40, 0x40, 0x02, 0x20,
  0x00, 0x30, 0x70, 0x73, 0x40, 0x40, 0x02, 0x20, 0x08, 0x74, 0x30, 0x70,
  0x40, 0x00, 0x00, 0x00, 0xec, 0x3a, 0x04, 0x26, 0x60, 0x0e, 0x00, 0x3a,
  0x80, 0x4e, 0x00, 0x00, 0x20, 0x00, 0x00, 0x00, 0x04, 0x00, 0x00, 0x34,
  0x00, 0x14, 0x00, 0x0e, 0x00, 0x01, 0x00, 0x00, 0x5b, 0x01, 0x40, 0x00,
  0x04, 0x00, 0x02, 0x05, 0xc9, 0xb7, 0x22, 0xb9, 0x56, 0x24, 0x9f, 0x0b,
  0x47, 0x00, 0x01, 0x20, 0x00, 0x06, 0x05, 0x00, 0x41, 0x00, 0x00, 0x00,
  0xec, 0x3a, 0xe0, 0x2a, 0xc0, 0x00, 0x00, 0x3e, 0xda, 0x0f, 0xc9, 0x3f,
  0x41, 0x00, 0x00, 0x00, 0xec, 0x3a, 0x4c, 0x21, 0xc0, 0x00, 0x00, 0x3e,
  0x68, 0x21, 0xa2, 0x33, 0x41, 0x00, 0x00, 0x00, 0xec, 0x3a, 0xe0, 0x2b,
  0xc0, 0x00, 0x00, 0x3e, 0xc4, 0x34, 0xc2, 0x27, 0x01, 0xe0, 0x08, 0x20,
  0x00, 0x30, 0x06, 0x00, 0x40, 0x40, 0x1e, 0x20, 0x08, 0x59, 0x2e, 0x57,
  0x5b, 0x01, 0x40, 0x00, 0x44, 0x00, 0x02, 0x58, 0xc9, 0x71, 0x25, 0x39,
  0x59, 0x24, 0x87, 0x01, 0x5b, 0x01, 0x40, 0x00, 0x44, 0x00, 0x02, 0x0b,
  0xc9, 0xa7, 0x20, 0xf9, 0x58, 0x24, 0x87, 0x01, 0x5b, 0x01, 0x40, 0x00,
  0x44, 0x00, 0x02, 0x60, 0xc9, 0xf1, 0x25, 0x79, 0x56, 0x24, 0x87, 0x01,
  0x40, 0x40, 0x1e, 0x20, 0x08, 0x5a, 0x2e, 0x59, 0x01, 0x00, 0x00, 0x00,
  0xec, 0x3a, 0x04, 0x26, 0x00, 0x4c, 0x00, 0x00, 0x00, 0x00, 0x00, 0x00,
  0x40, 0x40, 0x02, 0x20, 0x08, 0x07, 0x5a, 0x57, 0x40, 0x40, 0x02, 0x20,
  0x08, 0x08, 0x07, 0x58, 0x40, 0x40, 0x02, 0x20, 0x00, 0x09, 0x59, 0x08,
  0x40, 0x40, 0x66, 0x20, 0x08, 0x0c, 0x09, 0x0a, 0x40, 0x40, 0x02, 0x20,
  0x08, 0x5b, 0x09, 0x0c, 0x40, 0x40, 0x66, 0x20, 0x08, 0x5c, 0x5b, 0x0a,
  0x40, 0x40, 0x02, 0x20, 0x08, 0x5d, 0x5c, 0x0b, 0x40, 0x40, 0x02, 0x20,
  0x00, 0x5e, 0x0c, 0x5d, 0x40, 0x40, 0x02, 0x20, 0x08, 0x61, 0x5e, 0x5f,
  0x40, 0x40, 0x02, 0x20, 0x08, 0x0d, 0x5e, 0x61, 0x40, 0x40, 0x02, 0x20,
  0x08, 0x0e, 0x0d, 0x5f, 0x40, 0x40, 0x02, 0x20, 0x00, 0x30, 0x61, 0x0e,
  0x05, 0x00, 0x00, 0x00, 0x2c, 0x0a, 0xa0, 0x20, 0x08, 0x06, 0x00, 0x1e,
  0x01, 0x00, 0x01, 0x00, 0x05, 0x20, 0x00, 0x00, 0x2c, 0x0a, 0xe0, 0x2a,
  0x08, 0x06, 0x00, 0x1e, 0x01, 0x00, 0x01, 0x00, 0x41, 0x00, 0x00, 0x00,
  0xec, 0x3a, 0x0c, 0x26, 0x00, 0x06, 0x00, 0x3a, 0x00, 0x06, 0x00, 0x00,
  0x10, 0x00, 0x80, 0x01, 0x26, 0x0a, 0x00, 0x20, 0xa0, 0x00, 0x00, 0x1e,
  0x00, 0x00, 0x00, 0x00, 0x10, 0x20, 0x80, 0x01, 0x26, 0x0a, 0x00, 0x20,
  0xe0, 0x0a, 0x00, 0x1e, 0x00, 0x00, 0x00, 0x00, 0x20, 0x00, 0x01, 0x00,
  0x06, 0x00, 0x00, 0x34, 0x00, 0x14, 0x00, 0x0e, 0xa0, 0x00, 0x00, 0x00,
  0x5b, 0x01, 0x40, 0x00, 0x04, 0x00, 0x02, 0x59, 0xc9, 0xdb, 0x22, 0x39,
  0x5b, 0x24, 0x1f, 0x0c, 0x41, 0x40, 0x66, 0x20, 0x00, 0x57, 0x30, 0x30,
  0x5b, 0x01, 0x40, 0x00, 0x04, 0x00, 0x02, 0x5b, 0xc9, 0xd7, 0x22, 0x39,
  0xb2, 0x24, 0x1f, 0x0c, 0x5b, 0x01, 0x40, 0x00, 0x04, 0x00, 0x02, 0x5d,
  0xc9, 0xd5, 0x22, 0x39, 0xb6, 0x24, 0x1f, 0x0c, 0x5b, 0x01, 0x40, 0x00,
  0x04, 0x00, 0x02, 0x05, 0xc9, 0xcf, 0x22, 0x39, 0xba, 0x24, 0x1f, 0x0c,
  0x41, 0x40, 0x02, 0x20, 0x08, 0x06, 0x05, 0x57, 0x5b, 0x01, 0x40, 0x00,
  0x04, 0x00, 0x02, 0x5f, 0xc9, 0x61, 0x20, 0xf9, 0x56, 0x24, 0x0f, 0x0c,
  0x5b, 0x01, 0x40, 0x00, 0x44, 0x00, 0x02, 0x07, 0xc9, 0x03, 0x23, 0x39,
  0xbe, 0x24, 0x1f, 0x0c, 0x5b, 0x01, 0x40, 0x00, 0x04, 0x00, 0x02, 0x08,
  0xc9, 0x71, 0x20, 0xb9, 0x59, 0x24, 0xc7, 0x15, 0x40, 0x40, 0x02, 0x20,
  0x08, 0x60, 0x30, 0x08, 0x01, 0x00, 0x11, 0x60, 0x00, 0x30, 0x60, 0x00,
  0x20, 0x00, 0x00, 0x00, 0x04, 0x00, 0x00, 0x34, 0x00, 0x14, 0x00, 0x0e,
  0x18, 0x01, 0x00, 0x00, 0x5b, 0x01, 0x40, 0x00, 0x04, 0x00, 0x02, 0x57,
  0xc9, 0xcb, 0x22, 0x79, 0x5a, 0x24, 0x1f, 0x0c, 0x05, 0x00, 0x00, 0x00,
  0x2c, 0x0a, 0xc0, 0x20, 0x00, 0x06, 0x00, 0x0e, 0xff, 0xff, 0xff, 0x7f,
  0x41, 0x00, 0x00, 0x00, 0xec, 0x3a, 0x4c, 0x21, 0x04, 0x06, 0x00, 0x3a,
  0x00, 0x46, 0x00, 0x00, 0x5b, 0x01, 0x40, 0x00, 0x04, 0x00, 0x02, 0x59,
  0xc9, 0xbf, 0x22, 0x39, 0xae, 0x24, 0x1f, 0x0c, 0x40, 0x00, 0x00, 0x00,
  0x2c, 0x0a, 0x00, 0x21, 0xc0, 0x00, 0x00, 0x0e, 0x66, 0x66, 0x66, 0xc1,
  0x40, 0x00, 0x00, 0x00, 0x2c, 0x0a, 0xe0, 0x20, 0xc0, 0x00, 0x00, 0x0e,
  0x00, 0x00, 0x00, 0xff, 0x5b, 0x01, 0x40, 0x00, 0x04, 0x00, 0x02, 0x5b,
  0xc9, 0xbd, 0x22, 0x39, 0xb2, 0x24, 0x1f, 0x0c, 0x10, 0x00, 0x00, 0x05,
  0x06, 0x02, 0x00, 0x20, 0x00, 0x01, 0x00, 0x06, 0x67, 0x66, 0xae, 0x00,
  0x5b, 0x01, 0x40, 0x00, 0x04, 0x00, 0x02, 0x5d, 0xc9, 0xbb, 0x22, 0x39,
  0xb6, 0x24, 0x1f, 0x0c, 0x02, 0x00, 0x01, 0x00, 0xee, 0x3a, 0x00, 0x2c,
  0xe0, 0x00, 0x00, 0x3e, 0x00, 0x00, 0x00, 0x00, 0x10, 0x00, 0x00, 0x03,
  0x06, 0x02, 0x00, 0x20, 0xc0, 0x00, 0x00, 0x06, 0x00, 0x00, 0x48, 0x3f,
  0x5b, 0x01, 0x40, 0x00, 0x04, 0x00, 0x02, 0x05, 0xc9, 0xb9, 0x22, 0x39,
  0xba, 0x24, 0x1f, 0x0c, 0x02, 0x00, 0x11, 0x00, 0xee, 0x3a, 0x20, 0x2c,
  0x00, 0x0c, 0x00, 0x3e, 0x00, 0x00, 0x90, 0x3e, 0x41, 0x40, 0x1e, 0x20,
  0x00, 0x5f, 0x30, 0x05, 0x5b, 0x01, 0x40, 0x00, 0x44, 0x00, 0x02, 0x62,
  0xc9, 0x11, 0x26, 0xf9, 0x56, 0x24, 0x1f, 0x0c, 0x40, 0x00, 0x00, 0x00,
  0xec, 0x3a, 0x20, 0x21, 0x20, 0x4c, 0x00, 0x3e, 0x00, 0x00, 0x80, 0x3f,
  0x5b, 0x01, 0x40, 0x00, 0x04, 0x00, 0x02, 0x0b, 0xc9, 0xa7, 0x20, 0x39,
  0xbe, 0x24, 0x1f, 0x0c, 0x40, 0x40, 0x02, 0x20, 0x08, 0x63, 0x62, 0x0b,
  0x40, 0x40, 0x12, 0x20, 0x08, 0x30, 0x09, 0x63, 0x09, 0x00, 0x00, 0x00,
  0x2c, 0x0a, 0xa0, 0x20, 0x08, 0x06, 0x00, 0x1e, 0x1e, 0x00, 0x1e, 0x00,
  0x10, 0x00, 0x00, 0x03, 0x06, 0x02, 0x00, 0x20, 0xcc, 0x05, 0x00, 0x06,
  0xff, 0xff, 0x7f, 0x7f, 0x05, 0x00, 0x00, 0x00, 0x2c, 0x0a, 0xe0, 0x2a,
  0xa0, 0x00, 0x00, 0x0e, 0x00, 0x00, 0x00, 0x80, 0x07, 0x80, 0x6d, 0x20,
  0x00, 0x06, 0x57, 0x30, 0x02, 0x00, 0x11, 0x00, 0xee, 0x3a, 0x20, 0x26,
  0xc0, 0x00, 0x00, 0x3e, 0x00, 0x00, 0xc0, 0x7f, 0x20, 0x00, 0x01, 0x00,
  0x04, 0x00, 0x00, 0x34, 0x00, 0x14, 0x00, 0x0e, 0xe0, 0x00, 0x00, 0x00,
  0x5b, 0x01, 0x40, 0x00, 0x04, 0x00, 0x02, 0x05, 0xc9, 0xe5, 0x22, 0x79,
  0x5c, 0x24, 0x47, 0x0b, 0x40, 0x00, 0x00, 0x00, 0xec, 0x3a, 0x00, 0x21,
  0xa0, 0x00, 0x00, 0x3e, 0x00, 0x00, 0x40, 0xcb, 0x09, 0x00, 0x00, 0x00,
  0x2c, 0x0a, 0xc0, 0x20, 0xa0, 0x00, 0x00, 0x1e, 0x1f, 0x00, 0x1f, 0x00,
  0x5b, 0x01, 0x40, 0x00, 0x04, 0x00, 0x02, 0x57, 0xc9, 0xd1, 0x22, 0x39,
  0x5f, 0x24, 0x07, 0x02, 0x5b, 0x01, 0x40, 0x00, 0x04, 0x00, 0x02, 0x09,
  0xc9, 0x71, 0x25, 0xf9, 0x5e, 0x24, 0x07, 0x02, 0x5b, 0x01, 0x40, 0x00,
  0x04, 0x00, 0x02, 0x58, 0xc9, 0x91, 0x20, 0xb9, 0x5e, 0x24, 0x07, 0x02,
  0x5b, 0x01, 0x40, 0x00, 0x04, 0x00, 0x02, 0x59, 0xc9, 0x81, 0x25, 0x79,
  0x5e, 0x24, 0x07, 0x02, 0x41, 0x00, 0x00, 0x00, 0xec, 0x3a, 0x4c, 0x21,
  0x20, 0x0b, 0x00, 0x3a, 0x20, 0x0b, 0x00, 0x00, 0x07, 0x80, 0x01, 0x20,
  0x00, 0x0c, 0x06, 0x59, 0x5b, 0x01, 0x40, 0x00, 0x04, 0x00, 0x02, 0x5b,
  0xc9, 0xe1, 0x22, 0x39, 0x5e, 0x24, 0x9f, 0x02, 0x5b, 0x01, 0x40, 0x00,
  0x04, 0x00, 0x02, 0x5d, 0xc9, 0xdf, 0x22, 0xf9, 0x14, 0x24, 0xc7, 0x16,
  0x5b, 0x01, 0x40, 0x00, 0x04, 0x00, 0x02, 0x0d, 0xc9, 0xdd, 0x22, 0xf9,
  0x14, 0x24, 0x47, 0x17, 0x41, 0x40, 0x1e, 0x20, 0x00, 0x5f, 0x0a, 0x0d,
  0x5b, 0x01, 0x40, 0x00, 0x04, 0x00, 0x82, 0x31, 0xc9, 0xc1, 0x20, 0x39,
  0x18, 0x24, 0xc7, 0x17, 0x20, 0x00, 0x00, 0x00, 0x04, 0x00, 0x00, 0x34,
  0x00, 0x14, 0x00, 0x0e, 0x10, 0x0c, 0x00, 0x00, 0x05, 0x00, 0x00, 0x00,
  0x2c, 0x0a, 0x14, 0x26, 0xa0, 0x05, 0x00, 0x0e, 0xff, 0xff, 0xff, 0x7f,
  0x10, 0x00, 0x80, 0x05, 0xe6, 0x3a, 0x00, 0x20, 0x14, 0x26, 0x00, 0x3e,
  0x00, 0x00, 0x00, 0x40, 0x10, 0x20, 0x80, 0x05, 0xe6, 0x3a, 0x00, 0x20,
  0x14, 0x26, 0x00, 0x3e, 0x00, 0x00, 0x00, 0x40, 0x20, 0x00, 0x01, 0x00,
  0x06, 0x00, 0x00, 0x34, 0x00, 0x14, 0x00, 0x0e, 0x40, 0x08, 0x00, 0x00,
  0x05, 0x00, 0x00, 0x00, 0x2c, 0x0a, 0xc0, 0x20, 0xa0, 0x05, 0x00, 0x0e,
  0xff, 0xff, 0x7f, 0x00, 0x08, 0x00, 0x00, 0x00, 0x2c, 0x02, 0xa0, 0x20,
  0x14, 0x06, 0x00, 0x1e, 0x17, 0x00, 0x17, 0x00, 0x01, 0x00, 0x00, 0x00,
  0x6c, 0x1e, 0x40, 0x23, 0x00, 0x00, 0x00, 0x00, 0xe0, 0xff, 0xe0, 0xff,
  0x06, 0x00, 0x00, 0x00, 0x2c, 0x0a, 0xe0, 0x2a, 0xc0, 0x00, 0x00, 0x0e,
  0x00, 0x00, 0x80, 0x00, 0x40, 0x00, 0x00, 0x00, 0x2c, 0x0a, 0x20, 0x2d,
  0xa0, 0x00, 0x00, 0x1e, 0x88, 0xff, 0x88, 0xff, 0x41, 0x00, 0x00, 0x00,
  0x2c, 0x03, 0x20, 0x2b, 0xe0, 0x0a, 0x00, 0x06, 0xab, 0x63, 0x51, 0xfe,
  0x41, 0x00, 0x00, 0x00, 0x2c, 0x0a, 0x40, 0x2b, 0xe0, 0x0a, 0x00, 0x0e,
  0x41, 0x90, 0x43, 0x3c, 0x41, 0x00, 0x00, 0x00, 0x2c, 0x03, 0x00, 0x21,
  0xe0, 0x0a, 0x00, 0x06, 0x41, 0x90, 0x43, 0x3c, 0x41, 0x00, 0x00, 0x00,
  0x2c, 0x0a, 0x80, 0x2b, 0xe0, 0x0a, 0x00, 0x0e, 0x99, 0x95, 0x62, 0xdb,
  0x41, 0x00, 0x00, 0x00, 0x2c, 0x03, 0x60, 0x21, 0xe0, 0x0a, 0x00, 0x06,
  0x99, 0x95, 0x62, 0xdb, 0x41, 0x00, 0x00, 0x00, 0x2c, 0x0a, 0xc0, 0x2b,
  0xe0, 0x0a, 0x00, 0x0e, 0xc0, 0xdd, 0x34, 0xf5, 0x41, 0x00, 0x00, 0x00,
  0x2c, 0x03, 0xc0, 0x21, 0xe0, 0x0a, 0x00, 0x06, 0xc0, 0xdd, 0x34, 0xf5,
  0x41, 0x00, 0x00, 0x00, 0x2c, 0x0a, 0x00, 0x2c, 0xe0, 0x0a, 0x00, 0x0e,
  0xd1, 0x57, 0x27, 0xfc, 0x40, 0x80, 0x2d, 0x20, 0x00, 0x07, 0x5a, 0x59,
  0x41, 0x00, 0x00, 0x00, 0x2c, 0x03, 0x40, 0x2c, 0xe0, 0x0a, 0x00, 0x06,
  0xd1, 0x57, 0x27, 0xfc, 0x41, 0x00, 0x00, 0x00, 0x2c, 0x0a, 0x40, 0x22,
  0xe0, 0x0a, 0x00, 0x0e, 0x29, 0x15, 0x44, 0x4e, 0x41, 0x00, 0x00, 0x00,
  0x2c, 0x03, 0x80, 0x2c, 0xe0, 0x0a, 0x00, 0x06, 0x29, 0x15, 0x44, 0x4e,
  0x41, 0x00, 0x00, 0x00, 0x2c, 0x0a, 0x80, 0x22, 0xe0, 0x0a, 0x00, 0x0e,
  0x6e, 0x83, 0xf9, 0xa2, 0x41, 0x00, 0x00, 0x00, 0x2c, 0x03, 0xa0, 0x22,
  0xe0, 0x0a, 0x00, 0x06, 0x6e, 0x83, 0xf9, 0xa2, 0x41, 0x00, 0x00, 0x00,
  0x2c, 0x0a, 0x00, 0x2b, 0xe0, 0x0a, 0x00, 0x0e, 0xab, 0x63, 0x51, 0xfe,
  0x10, 0x00, 0x00, 0x05, 0x0e, 0x02, 0x20, 0x21, 0xe0, 0x00, 0x00, 0x02,
  0x24, 0x0b, 0x00, 0x00, 0x10, 0x20, 0x80, 0x03, 0x24, 0x02, 0x00, 0x20,
  0x20, 0x0d, 0x00, 0x16, 0x1f, 0x00, 0x1f, 0x00, 0x40, 0x80, 0x15, 0x20,
  0x08, 0x5b, 0x08, 0x09, 0x40, 0x00, 0x00, 0x00, 0x2c, 0x0a, 0x4c, 0x21,
  0x60, 0x0b, 0x00, 0x0a, 0x80, 0x0b, 0x00, 0x00, 0x10, 0x20, 0x1d, 0x25,
  0x00, 0x0c, 0x0a, 0x5b, 0x40, 0x80, 0x15, 0x20, 0x08, 0x5d, 0x0b, 0x0c,
  0x40, 0x80, 0x01, 0x20, 0x00, 0x0d, 0x5d, 0x5e, 0x10, 0x00, 0x00, 0x05,
  0x0e, 0x02, 0xe0, 0x21, 0xa0, 0x01, 0x00, 0x02, 0xa0, 0x0b, 0x00, 0x00,
  0x40, 0x80, 0x15, 0x20, 0x08, 0x5f, 0x0e, 0x0f, 0x40, 0x80, 0x01, 0x20,
  0x00, 0x61, 0x5f, 0x60, 0x10, 0x20, 0x01, 0x25, 0x00, 0x10, 0x61, 0x5f,
  0x40, 0x80, 0x15, 0x20, 0x08, 0x11, 0x62, 0x10, 0x40, 0x80, 0x01, 0x20,
  0x00, 0x63, 0x11, 0x12, 0x10, 0x00, 0x00, 0x05, 0x0e, 0x02, 0xa0, 0x2c,
  0x60, 0x0c, 0x00, 0x02, 0x20, 0x02, 0x00, 0x00, 0x40, 0x80, 0x15, 0x20,
  0x08, 0x13, 0x64, 0x65, 0x40, 0x80, 0x01, 0x20, 0x00, 0x66, 0x13, 0x14,
  0x10, 0x20, 0x01, 0x25, 0x00, 0x67, 0x66, 0x13, 0x10, 0x00, 0x80, 0x03,
  0x24, 0x02, 0x00, 0x20, 0x20, 0x0d, 0x00, 0x16, 0x1f, 0x00, 0x1f, 0x00,
  0x40, 0x80, 0x15, 0x20, 0x08, 0x68, 0x15, 0x67, 0x02, 0x00, 0x01, 0x00,
  0x2c, 0x1a, 0xa0, 0x2d, 0x40, 0x03, 0x00, 0x1e, 0x00, 0x00, 0x00, 0x00,
  0x02, 0x00, 0x01, 0x00, 0x2c, 0x0a, 0xc0, 0x22, 0x60, 0x0c, 0x00, 0x0a,
  0xc0, 0x0c, 0x00, 0x00, 0x02, 0x00, 0x01, 0x00, 0x2c, 0x0a, 0xe0, 0x22,
  0x20, 0x0c, 0x00, 0x0a, 0x60, 0x0c, 0x00, 0x00, 0x02, 0x00, 0x01, 0x00,
  0x2c, 0x0a, 0x00, 0x23, 0xa0, 0x01, 0x00, 0x0a, 0x20, 0x0c, 0x00, 0x00,
  0x02, 0x00, 0x01, 0x00, 0x2c, 0x0a, 0x20, 0x23, 0x4c, 0x01, 0x00, 0x0a,
  0xa0, 0x01, 0x00, 0x00, 0x02, 0x00, 0x01, 0x00, 0x2c, 0x0a, 0x60, 0x2d,
  0xe0, 0x00, 0x00, 0x0a, 0x4c, 0x01, 0x00, 0x00, 0x02, 0x00, 0x01, 0x00,
  0x2c, 0x0a, 0x80, 0x2d, 0x00, 0x0b, 0x00, 0x0a, 0xe0, 0x00, 0x00, 0x00,
  0x40, 0x80, 0x01, 0x20, 0x00, 0x1b, 0x6d, 0x69, 0x02, 0x00, 0x01, 0x00,
  0x2c, 0x0a, 0x40, 0x2d, 0xc0, 0x0c, 0x00, 0x0a, 0x00, 0x0d, 0x00, 0x00,
  0x10, 0x00, 0x80, 0x03, 0x26, 0x02, 0x00, 0x20, 0x60, 0x03, 0x00, 0x16,
  0x1f, 0x00, 0x1f, 0x00, 0x10, 0x20, 0x80, 0x03, 0x26, 0x02, 0x00, 0x20,
  0x60, 0x03, 0x00, 0x16, 0x1f, 0x00, 0x1f, 0x00, 0x02, 0x00, 0x01, 0x00,
  0x2e, 0x1a, 0xe0, 0x23, 0x40, 0x03, 0x00, 0x1e, 0x00, 0x00, 0x00, 0x00,
  0x02, 0x00, 0x01, 0x00, 0x2e, 0x0a, 0x80, 0x23, 0xc0, 0x02, 0x00, 0x0a,
  0x40, 0x0d, 0x00, 0x00, 0x02, 0x00, 0x01, 0x00, 0x2e, 0x0a, 0xa0, 0x23,
  0xe0, 0x02, 0x00, 0x0a, 0xc0, 0x02, 0x00, 0x00, 0x02, 0x00, 0x01, 0x00,
  0x2e, 0x0a, 0xc0, 0x2d, 0x00, 0x03, 0x00, 0x0a, 0xe0, 0x02, 0x00, 0x00,
  0x02, 0x00, 0x01, 0x00, 0x2e, 0x0a, 0xe0, 0x2d, 0x20, 0x03, 0x00, 0x0a,
  0x00, 0x03, 0x00, 0x00, 0x02, 0x00, 0x01, 0x00, 0x2e, 0x0a, 0x00, 0x2e,
  0x60, 0x0d, 0x00, 0x0a, 0x20, 0x03, 0x00, 0x00, 0x02, 0x00, 0x01, 0x00,
  0x2e, 0x0a, 0xc0, 0x23, 0x80, 0x0d, 0x00, 0x0a, 0x60, 0x0d, 0x00, 0x00,
  0x40, 0x80, 0x01, 0x20, 0x00, 0x71, 0x1f, 0x1b, 0x10, 0x00, 0x80, 0x03,
  0x24, 0x02, 0x00, 0x20, 0x20, 0x0e, 0x00, 0x16, 0x1f, 0x00, 0x1f, 0x00,
  0x10, 0x20, 0x80, 0x03, 0x24, 0x02, 0x00, 0x20, 0x20, 0x0e, 0x00, 0x16,
  0x1f, 0x00, 0x1f, 0x00, 0x02, 0x00, 0x01, 0x00, 0x2c, 0x1a, 0x00, 0x24,
  0x40, 0x03, 0x00, 0x1e, 0x00, 0x00, 0x00, 0x00, 0x02, 0x00, 0x01, 0x00,
  0x2c, 0x0a, 0x40, 0x2e, 0xa0, 0x03, 0x00, 0x0a, 0x80, 0x03, 0x00, 0x00,
  0x02, 0x00, 0x01, 0x00, 0x2c, 0x0a, 0x60, 0x2e, 0xc0, 0x0d, 0x00, 0x0a,
  0xa0, 0x03, 0x00, 0x00, 0x02, 0x00, 0x01, 0x00, 0x2c, 0x0a, 0x80, 0x2e,
  0xe0, 0x0d, 0x00, 0x0a, 0xc0, 0x0d, 0x00, 0x00, 0x02, 0x00, 0x01, 0x00,
  0x2c, 0x0a, 0xa0, 0x2e, 0x00, 0x0e, 0x00, 0x0a, 0xe0, 0x0d, 0x00, 0x00,
  0x02, 0x00, 0x01, 0x00, 0x2c, 0x0a, 0xc0, 0x2e, 0xc0, 0x03, 0x00, 0x0a,
  0x00, 0x0e, 0x00, 0x00, 0x40, 0x80, 0x01, 0x20, 0x00, 0x77, 0x20, 0x71,
  0x10, 0x00, 0x80, 0x03, 0x24, 0x02, 0x00, 0x20, 0xe0, 0x0e, 0x00, 0x16,
  0x1f, 0x00, 0x1f, 0x00, 0x10, 0x20, 0x80, 0x03, 0x24, 0x02, 0x00, 0x20,
  0xe0, 0x0e, 0x00, 0x16, 0x1f, 0x00, 0x1f, 0x00, 0x02, 0x00, 0x01, 0x00,
  0x2c, 0x1a, 0xa0, 0x24, 0x40, 0x03, 0x00, 0x1e, 0x00, 0x00, 0x00, 0x00,
  0x02, 0x00, 0x01, 0x00, 0x2c, 0x0a, 0x20, 0x24, 0x60, 0x0e, 0x00, 0x0a,
  0x40, 0x0e, 0x00, 0x00, 0x02, 0x00, 0x01, 0x00, 0x2c, 0x0a, 0x40, 0x24,
  0x80, 0x0e, 0x00, 0x0a, 0x60, 0x0e, 0x00, 0x00, 0x02, 0x00, 0x01, 0x00,
  0x2c, 0x0a, 0x60, 0x24, 0xa0, 0x0e, 0x00, 0x0a, 0x80, 0x0e, 0x00, 0x00,
  0x02, 0x00, 0x01, 0x00, 0x2c, 0x0a, 0x80, 0x24, 0xc0, 0x0e, 0x00, 0x0a,
  0xa0, 0x0e, 0x00, 0x00, 0x40, 0x80, 0x01, 0x20, 0x00, 0x26, 0x25, 0x77,
  0x08, 0x00, 0x00, 0x00, 0x2c, 0x02, 0xc0, 0x2b, 0x80, 0x04, 0x00, 0x1e,
  0x1e, 0x00, 0x1e, 0x00, 0x01, 0xc0, 0x02, 0x60, 0x00, 0x27, 0x26, 0x00,
  0x05, 0x00, 0x00, 0x00, 0x2c, 0x0a, 0x00, 0x2f, 0xc0, 0x04, 0x00, 0x1e,
  0x1f, 0x00, 0x1f, 0x00, 0x10, 0x00, 0x80, 0x01, 0x24, 0x0a, 0x00, 0x20,
  0xc0, 0x04, 0x00, 0x1e, 0x00, 0x00, 0x00, 0x00, 0x10, 0x20, 0x80, 0x01,
  0x24, 0x0a, 0x00, 0x20, 0xc0, 0x04, 0x00, 0x1e, 0x00, 0x00, 0x00, 0x00,
  0x05, 0x00, 0x00, 0x00, 0x2c, 0x0a, 0x20, 0x2f, 0xe0, 0x04, 0x00, 0x1e,
  0x1f, 0x00, 0x1f, 0x00, 0x09, 0x80, 0x01, 0x20, 0x00, 0x28, 0x21, 0x78,
  0x09, 0x80, 0x01, 0x20, 0x00, 0x05, 0x22, 0x78, 0x09, 0x80, 0x01, 0x20,
  0x00, 0x07, 0x23, 0x78, 0x08, 0x00, 0x00, 0x00, 0x2c, 0x02, 0x40, 0x2f,
  0x40, 0x04, 0x00, 0x0a, 0x20, 0x0f, 0x00, 0x00, 0x08, 0x00, 0x00, 0x00,
  0x2c, 0x02, 0x80, 0x2f, 0x60, 0x04, 0x00, 0x0a, 0x20, 0x0f, 0x00, 0x00,
  0x08, 0x00, 0x00, 0x00, 0x2c, 0x02, 0x00, 0x21, 0x80, 0x04, 0x00, 0x0a,
  0x20, 0x0f, 0x00, 0x00, 0x06, 0x80, 0x01, 0x20, 0x00, 0x7b, 0x28, 0x7a,
  0x06, 0x80, 0x01, 0x20, 0x00, 0x06, 0x05, 0x7c, 0x06, 0x80, 0x01, 0x20,
  0x00, 0x7d, 0x07, 0x08, 0x02, 0x00, 0x01, 0x00, 0x2c, 0x0a, 0xe0, 0x2a,
  0x20, 0x04, 0x00, 0x0a, 0x60, 0x0f, 0x00, 0x00, 0x02, 0x00, 0x01, 0x00,
  0x2c, 0x0a, 0x00, 0x2b, 0x40, 0x04, 0x00, 0x0a, 0xc0, 0x00, 0x00, 0x00,
  0x02, 0x00, 0x01, 0x00, 0x2c, 0x0a, 0x20, 0x2b, 0x60, 0x04, 0x00, 0x0a,
  0xa0, 0x0f, 0x00, 0x00, 0x08, 0x00, 0x00, 0x00, 0x2c, 0x02, 0x40, 0x2b,
  0xe0, 0x0a, 0x00, 0x1e, 0x1d, 0x00, 0x1d, 0x00, 0x09, 0x00, 0x00, 0x00,
  0x2c, 0x0a, 0x60, 0x2b, 0xe0, 0x0a, 0x00, 0x1e, 0x02, 0x00, 0x02, 0x00,
  0x08, 0x00, 0x00, 0x00, 0x2c, 0x02, 0x20, 0x21, 0x00, 0x0b, 0x00, 0x1e,
  0x1e, 0x00, 0x1e, 0x00, 0x09, 0x00, 0x00, 0x00, 0x2c, 0x0a, 0x4c, 0x21,
  0x00, 0x0b, 0x00, 0x1e, 0x02, 0x00, 0x02, 0x00, 0x08, 0x00, 0x00, 0x00,
  0x2c, 0x02, 0x60, 0x21, 0x20, 0x0b, 0x00, 0x1e, 0x1e, 0x00, 0x1e, 0x00,
  0x09, 0x00, 0x00, 0x00, 0x2c, 0x0a, 0xa0, 0x2b, 0x20, 0x0b, 0x00, 0x1e,
  0x02, 0x00, 0x02, 0x00, 0x08, 0x00, 0x00, 0x00, 0x2c, 0x02, 0xa0, 0x2e,
  0xe0, 0x0a, 0x00, 0x1e, 0x1e, 0x00, 0x1e, 0x00, 0x09, 0x00, 0x00, 0x00,
  0x2c, 0x0a, 0xc0, 0x21, 0x40, 0x0b, 0x00, 0x1e, 0x1f, 0x00, 0x1f, 0x00,
  0x05, 0x00, 0x00, 0x00, 0x2c, 0x0a, 0xa0, 0x21, 0x40, 0x0b, 0x00, 0x1e,
  0x01, 0x00, 0x01, 0x00, 0x06, 0x80, 0x01, 0x20, 0x00, 0x5c, 0x5b, 0x09,
  0x06, 0x00, 0x00, 0x00, 0x2c, 0x0a, 0x84, 0x2b, 0x4c, 0x01, 0x00, 0x0a,
  0x60, 0x01, 0x00, 0x00, 0x06, 0x80, 0x01, 0x20, 0x00, 0x0c, 0x5d, 0x5e,
  0x0c, 0x00, 0x00, 0x00, 0x2c, 0x0a, 0xe0, 0x2b, 0xc0, 0x01, 0x00, 0x1e,
  0x1f, 0x00, 0x1f, 0x00, 0x40, 0x00, 0x00, 0x00, 0x2c, 0x0a, 0x44, 0x26,
  0xa0, 0x01, 0x00, 0x0a, 0xa0, 0x0e, 0x00, 0x00, 0x07, 0x00, 0x20, 0x00,
  0x2c, 0x0a, 0xe0, 0x21, 0xe0, 0x0b, 0x00, 0x0a, 0x80, 0x0b, 0x45, 0x00,
  0x07, 0x80, 0x01, 0x20, 0x00, 0x60, 0x5f, 0x0c, 0x4a, 0x40, 0x00, 0x20,
  0x00, 0x10, 0x0f, 0x00, 0x40, 0x00, 0x00, 0x00, 0x2c, 0x0a, 0x20, 0x2c,
  0x00, 0x02, 0x00, 0x1e, 0x01, 0x00, 0x01, 0x00, 0x40, 0x00, 0x00, 0x00,
  0x2c, 0x0a, 0x20, 0x22, 0x00, 0x42, 0x00, 0x1e, 0x1f, 0x00, 0x1f, 0x00,
  0x41, 0x00, 0x00, 0x00, 0x2c, 0x0a, 0xc0, 0x2c, 0x00, 0x02, 0x00, 0x0e,
  0x00, 0x00, 0x80, 0xff, 0x40, 0x00, 0x00, 0x00, 0x2c, 0x0a, 0x1c, 0x26,
  0x00, 0x42, 0x00, 0x1e, 0xe8, 0x01, 0xe8, 0x01, 0x05, 0x00, 0x00, 0x00,
  0x2c, 0x0a, 0x40, 0x2c, 0x20, 0x0c, 0x00, 0x1e, 0x1f, 0x00, 0x1f, 0x00,
  0x05, 0x00, 0x00, 0x00, 0x2c, 0x0a, 0x60, 0x2c, 0x20, 0x02, 0x00, 0x1e,
  0x1f, 0x00, 0x1f, 0x00, 0x40, 0x00, 0x00, 0x00, 0x2c, 0x0a, 0xc0, 0x22,
  0xc0, 0x0c, 0x00, 0x0e, 0x00, 0x00, 0x00, 0x3f, 0x09, 0x80, 0x01, 0x20,
  0x00, 0x12, 0x0f, 0x62, 0x09, 0x80, 0x15, 0x20, 0x00, 0x65, 0x0f, 0x62,
  0x08, 0x00, 0x00, 0x00, 0x2c, 0x02, 0x80, 0x2c, 0xe4, 0x01, 0x00, 0x0a,
  0x60, 0x0c, 0x00, 0x00, 0x08, 0x00, 0x00, 0x00, 0x2c, 0x02, 0x80, 0x22,
  0x00, 0x0c, 0x00, 0x0a, 0x60, 0x0c, 0x00, 0x00, 0x06, 0x80, 0x01, 0x20,
  0x00, 0x67, 0x16, 0x0e, 0x06, 0x80, 0x01, 0x20, 0x00, 0x13, 0x12, 0x64,
  0x06, 0x80, 0x01, 0x20, 0x00, 0x15, 0x65, 0x14, 0x09, 0x00, 0x00, 0x00,
  0x2c, 0x0a, 0xe0, 0x22, 0x60, 0x02, 0x00, 0x1e, 0x17, 0x00, 0x17, 0x00,
  0x08, 0x00, 0x00, 0x00, 0x2c, 0x02, 0x00, 0x23, 0xa0, 0x02, 0x00, 0x1e,
  0x09, 0x00, 0x09, 0x00, 0x08, 0x00, 0x00, 0x00, 0x2c, 0x02, 0x00, 0x2d,
  0x60, 0x02, 0x00, 0x1e, 0x09, 0x00, 0x09, 0x00, 0x06, 0x80, 0x01, 0x20,
  0x00, 0x6a, 0x17, 0x18, 0x06, 0x80, 0x01, 0x20, 0x00, 0x69, 0x67, 0x68,
  0x4a, 0x40, 0x00, 0x20, 0x00, 0x19, 0x6a, 0x00, 0x41, 0x00, 0x00, 0x00,
  0xec, 0x3a, 0x00, 0x2e, 0x20, 0x0d, 0x00, 0x3e, 0xda, 0x0f, 0xc9, 0x3f,
  0x04, 0xc0, 0x02, 0x20, 0x00, 0x6b, 0x19, 0x00, 0x40, 0x00, 0x00, 0x00,
  0x2c, 0x0a, 0x40, 0x23, 0x20, 0x03, 0x00, 0x1e, 0x01, 0x00, 0x01, 0x00,
  0x40, 0x00, 0x00, 0x00, 0x2c, 0x0a, 0x80, 0x2d, 0x20, 0x43, 0x00, 0x1e,
  0x1f, 0x00, 0x1f, 0x00, 0x5b, 0x01, 0x40, 0x00, 0x44, 0x00, 0x02, 0x71,
  0xc9, 0x01, 0x27, 0x39, 0x59, 0x24, 0x47, 0x1a, 0x40, 0x00, 0x00, 0x00,
  0x2c, 0x0a, 0x24, 0x26, 0x1c, 0x06, 0x00, 0x0a, 0x60, 0x0d, 0x00, 0x00,
  0x05, 0x00, 0x00, 0x00, 0x2c, 0x0a, 0x60, 0x23, 0x40, 0x03, 0x00, 0x1e,
  0x1f, 0x00, 0x1f, 0x00, 0x05, 0x00, 0x00, 0x00, 0x2c, 0x0a, 0x80, 0x23,
  0x80, 0x0d, 0x00, 0x1e, 0x1f, 0x00, 0x1f, 0x00, 0x5b, 0x01, 0x40, 0x00,
  0x04, 0x00, 0x02, 0x72, 0xc9, 0x11, 0x27, 0xf9, 0x58, 0x24, 0x47, 0x1a,
  0x09, 0x00, 0x00, 0x00, 0x2c, 0x0a, 0x28, 0x26, 0x24, 0x06, 0x00, 0x1e,
  0x17, 0x00, 0x17, 0x00, 0x09, 0x80, 0x01, 0x20, 0x00, 0x6d, 0x6a, 0x1b,
  0x08, 0x00, 0x00, 0x00, 0x2c, 0x02, 0xc0, 0x2d, 0xa0, 0x02, 0x00, 0x0a,
  0x80, 0x03, 0x00, 0x00, 0x40, 0x00, 0x00, 0x00, 0x2c, 0x0a, 0x2c, 0x26,
  0x28, 0x06, 0x00, 0x0e, 0x00, 0x00, 0x80, 0x3f, 0x06, 0x00, 0x00, 0x00,
  0x2c, 0x0a, 0x18, 0x26, 0xa0, 0x0d, 0x00, 0x0a, 0xc0, 0x0d, 0x00, 0x00,
  0x06, 0x00, 0x00, 0x00, 0x2c, 0x0a, 0x34, 0x26, 0x2c, 0x06, 0x00, 0x0a,
  0xc0, 0x01, 0x00, 0x00, 0x08, 0x00, 0x00, 0x00, 0x2c, 0x02, 0x38, 0x26,
  0x18, 0x06, 0x00, 0x1e, 0x09, 0x00, 0x09, 0x00, 0x06, 0x00, 0x00, 0x00,
  0x2c, 0x0a, 0xe0, 0x2d, 0x34, 0x06, 0x00, 0x0a, 0x38, 0x06, 0x00, 0x00,
  0x5b, 0x01, 0x40, 0x00, 0x04, 0x00, 0x02, 0x73, 0xc9, 0x21, 0x27, 0x39,
  0x59, 0x24, 0xc7, 0x1b, 0x40, 0x00, 0x00, 0x00, 0xec, 0x3a, 0x3c, 0x26,
  0x00, 0x0e, 0x00, 0x3a, 0x60, 0x0e, 0x00, 0x00, 0x40, 0x00, 0x00, 0x00,
  0xec, 0x3a, 0x80, 0x2e, 0x3c, 0x06, 0x00, 0x3a, 0x00, 0x4e, 0x00, 0x00,
  0x40, 0x40, 0x02, 0x20, 0x08, 0x32, 0x73, 0x74, 0x20, 0x00, 0x00, 0x00,
  0x04, 0x00, 0x00, 0x34, 0x00, 0x14, 0x00, 0x0e, 0x08, 0x01, 0x00, 0x00,
  0x5b, 0x01, 0x40, 0x00, 0x04, 0x00, 0x02, 0x05, 0xc9, 0xb7, 0x22, 0xb9,
  0x56, 0x24, 0x2f, 0x0c, 0x47, 0x00, 0x01, 0x20, 0x00, 0x06, 0x05, 0x00,
  0x41, 0x00, 0x00, 0x00, 0xec, 0x3a, 0xe0, 0x2a, 0xc0, 0x00, 0x00, 0x3e,
  0xda, 0x0f, 0xc9, 0x3f, 0x41, 0x00, 0x00, 0x00, 0xec, 0x3a, 0x4c, 0x21,
  0xc0, 0x00, 0x00, 0x3e, 0x68, 0x21, 0xa2, 0x33, 0x41, 0x00, 0x00, 0x00,
  0xec, 0x3a, 0xe0, 0x2b, 0xc0, 0x00, 0x00, 0x3e, 0xc4, 0x34, 0xc2, 0x27,
  0x01, 0x00, 0x00, 0x00, 0x2c, 0x3a, 0x44, 0x26, 0xc0, 0x00, 0x00, 0x00,
  0x00, 0x00, 0x00, 0x00, 0x40, 0x40, 0x2a, 0x20, 0x08, 0x59, 0x30, 0x57,
  0x5b, 0x01, 0x40, 0x00, 0x44, 0x00, 0x02, 0x58, 0xc9, 0x71, 0x25, 0x39,
  0x59, 0x24, 0x87, 0x01, 0x5b, 0x01, 0x40, 0x00, 0x44, 0x00, 0x02, 0x0b,
  0xc9, 0xa7, 0x20, 0xf9, 0x58, 0x24, 0x87, 0x01, 0x5b, 0x01, 0x40, 0x00,
  0x44, 0x00, 0x02, 0x60, 0xc9, 0xf1, 0x25, 0x79, 0x56, 0x24, 0x87, 0x01,
  0x40, 0x40, 0x2a, 0x20, 0x08, 0x5a, 0x30, 0x59, 0x01, 0x00, 0x01, 0x60,
  0x00, 0x32, 0x60, 0x00, 0x40, 0x40, 0x02, 0x20, 0x08, 0x07, 0x5a, 0x57,
  0x40, 0x40, 0x02, 0x20, 0x08, 0x08, 0x07, 0x58, 0x40, 0x40, 0x02, 0x20,
  0x00, 0x09, 0x59, 0x08, 0x40, 0x40, 0x66, 0x20, 0x08, 0x0c, 0x09, 0x0a,
  0x40, 0x40, 0x02, 0x20, 0x08, 0x5b, 0x09, 0x0c, 0x40, 0x40, 0x66, 0x20,
  0x08, 0x5c, 0x5b, 0x0a, 0x40, 0x40, 0x02, 0x20, 0x08, 0x5d, 0x5c, 0x0b,
  0x40, 0x40, 0x02, 0x20, 0x00, 0x5e, 0x0c, 0x5d, 0x40, 0x40, 0x02, 0x20,
  0x08, 0x61, 0x5e, 0x5f, 0x40, 0x40, 0x02, 0x20, 0x08, 0x0d, 0x5e, 0x61,
  0x40, 0x40, 0x02, 0x20, 0x08, 0x0e, 0x0d, 0x5f, 0x40, 0x00, 0x00, 0x00,
  0xec, 0x3a, 0x3c, 0x26, 0x20, 0x0c, 0x00, 0x3a, 0xc0, 0x01, 0x00, 0x00,
  0x05, 0x00, 0x00, 0x00, 0x2c, 0x0a, 0xa0, 0x20, 0x44, 0x06, 0x00, 0x1e,
  0x01, 0x00, 0x01, 0x00, 0x05, 0x20, 0x00, 0x00, 0x2c, 0x0a, 0xe0, 0x2a,
  0x44, 0x06, 0x00, 0x1e, 0x01, 0x00, 0x01, 0x00, 0x41, 0x00, 0x00, 0x00,
  0xec, 0x3a, 0x48, 0x26, 0x3c, 0x06, 0x00, 0x3a, 0x3c, 0x06, 0x00, 0x00,
  0x10, 0x00, 0x80, 0x01, 0x24, 0x0a, 0x00, 0x20, 0xa0, 0x00, 0x00, 0x1e,
  0x00, 0x00, 0x00, 0x00, 0x10, 0x20, 0x80, 0x01, 0x24, 0x0a, 0x00, 0x20,
  0xe0, 0x0a, 0x00, 0x1e, 0x00, 0x00, 0x00, 0x00, 0x20, 0x00, 0x01, 0x00,
  0x04, 0x00, 0x00, 0x34, 0x00, 0x14, 0x00, 0x0e, 0x30, 0x01, 0x00, 0x00,
  0x5b, 0x01, 0x40, 0x00, 0x04, 0x00, 0x02, 0x57, 0xc9, 0xcb, 0x22, 0x79,
  0x5a, 0x24, 0x97, 0x0c, 0x05, 0x00, 0x00, 0x00, 0x2c, 0x0a, 0xc0, 0x20,
  0x3c, 0x06, 0x00, 0x0e, 0xff, 0xff, 0xff, 0x7f, 0x41, 0x00, 0x00, 0x00,
  0xec, 0x3a, 0x4c, 0x21, 0x40, 0x06, 0x00, 0x3a, 0x3c, 0x46, 0x00, 0x00,
  0x5b, 0x01, 0x40, 0x00, 0x04, 0x00, 0x02, 0x59, 0xc9, 0xbf, 0x22, 0x39,
  0xae, 0x24, 0x97, 0x0c, 0x40, 0x00, 0x00, 0x00, 0x2c, 0x0a, 0x00, 0x21,
  0xc0, 0x00, 0x00, 0x0e, 0x66, 0x66, 0x66, 0xc1, 0x40, 0x00, 0x00, 0x00,
  0x2c, 0x0a, 0xe0, 0x20, 0xc0, 0x00, 0x00, 0x0e, 0x00, 0x00, 0x00, 0xff,
  0x10, 0x00, 0x00, 0x03, 0x04, 0x02, 0x00, 0x20, 0xc0, 0x00, 0x00, 0x06,
  0x00, 0x00, 0x48, 0x3f, 0x5b, 0x01, 0x40, 0x00, 0x04, 0x00, 0x02, 0x5b,
  0xc9, 0xbd, 0x22, 0x39, 0xb2, 0x24, 0x97, 0x0c, 0x10, 0x00, 0x00, 0x05,
  0x06, 0x02, 0x00, 0x20, 0x00, 0x01, 0x00, 0x06, 0x67, 0x66, 0xae, 0x00,
  0x5b, 0x01, 0x40, 0x00, 0x04, 0x00, 0x02, 0x5d, 0xc9, 0xbb, 0x22, 0x39,
  0xb6, 0x24, 0x97, 0x0c, 0x02, 0x00, 0x01, 0x00, 0xee, 0x3a, 0x00, 0x2c,
  0xe0, 0x00, 0x00, 0x3e, 0x00, 0x00, 0x00, 0x00, 0x5b, 0x01, 0x40, 0x00,
  0x04, 0x00, 0x02, 0x05, 0xc9, 0xb9, 0x22, 0x39, 0xba, 0x24, 0x97, 0x0c,
  0x02, 0x00, 0x11, 0x00, 0xec, 0x3a, 0x20, 0x2c, 0x00, 0x0c, 0x00, 0x3e,
  0x00, 0x00, 0x90, 0x3e, 0x41, 0x40, 0x1a, 0x20, 0x00, 0x5f, 0x32, 0x05,
  0x5b, 0x01, 0x40, 0x00, 0x44, 0x00, 0x02, 0x62, 0xc9, 0x11, 0x26, 0xf9,
  0x56, 0x24, 0x97, 0x0c, 0x40, 0x00, 0x00, 0x00, 0xec, 0x3a, 0x20, 0x21,
  0x20, 0x4c, 0x00, 0x3e, 0x00, 0x00, 0x80, 0x3f, 0x5b, 0x01, 0x40, 0x00,
  0x04, 0x00, 0x02, 0x0b, 0xc9, 0xa7, 0x20, 0x39, 0xbe, 0x24, 0x97, 0x0c,
  0x40, 0x40, 0x02, 0x20, 0x08, 0x63, 0x62, 0x0b, 0x40, 0x00, 0x00, 0x00,
  0xec, 0x3a, 0x4c, 0x26, 0x20, 0x01, 0x00, 0x3a, 0x60, 0x4c, 0x00, 0x00,
  0x20, 0x00, 0x00, 0x00, 0x04, 0x00, 0x00, 0x34, 0x00, 0x14, 0x00, 0x0e,
  0x98, 0x00, 0x00, 0x00, 0x5b, 0x01, 0x40, 0x00, 0x04, 0x00, 0x02, 0x59,
  0xc9, 0xdb, 0x22, 0x39, 0x5b, 0x24, 0x97, 0x0c, 0x41, 0x00, 0x00, 0x00,
  0xec, 0x3a, 0xe0, 0x2a, 0x3c, 0x06, 0x00, 0x3a, 0x48, 0x06, 0x00, 0x00,
  0x5b, 0x01, 0x40, 0x00, 0x04, 0x00, 0x02, 0x5b, 0xc9, 0xd7, 0x22, 0x39,
  0xb2, 0x24, 0x97, 0x0c, 0x5b, 0x01, 0x40, 0x00, 0x04, 0x00, 0x02, 0x5d,
  0xc9, 0xd5, 0x22, 0x39, 0xb6, 0x24, 0x97, 0x0c, 0x5b, 0x01, 0x40, 0x00,
  0x04, 0x00, 0x02, 0x05, 0xc9, 0xcf, 0x22, 0x39, 0xba, 0x24, 0x97, 0x0c,
  0x41, 0x40, 0x02, 0x20, 0x08, 0x06, 0x05, 0x57, 0x5b, 0x01, 0x40, 0x00,
  0x04, 0x00, 0x02, 0x5f, 0xc9, 0x61, 0x20, 0xf9, 0x56, 0x24, 0x87, 0x0c,
  0x5b, 0x01, 0x40, 0x00, 0x44, 0x00, 0x02, 0x07, 0xc9, 0x21, 0x23, 0x39,
  0xbe, 0x24, 0x97, 0x0c, 0x5b, 0x01, 0x40, 0x00, 0x04, 0x00, 0x02, 0x08,
  0xc9, 0x71, 0x20, 0xb9, 0x59, 0x24, 0xc7, 0x15, 0x40, 0x00, 0x00, 0x00,
  0xec, 0x3a, 0x4c, 0x26, 0x3c, 0x06, 0x00, 0x3a, 0x00, 0x41, 0x00, 0x00,
  0x09, 0x00, 0x00, 0x00, 0x2c, 0x0a, 0xa0, 0x20, 0x44, 0x06, 0x00, 0x1e,
  0x1e, 0x00, 0x1e, 0x00, 0x10, 0x00, 0x00, 0x03, 0x06, 0x02, 0x00, 0x20,
  0x14, 0x06, 0x00, 0x06, 0xff, 0xff, 0x7f, 0x7f, 0x07, 0x80, 0x01, 0x20,
  0x00, 0x57, 0x05, 0x2d, 0x05, 0x00, 0x00, 0x00, 0x2c, 0x0a, 0xc0, 0x20,
  0xe0, 0x0a, 0x00, 0x0e, 0x00, 0x00, 0x00, 0x80, 0x07, 0x80, 0x65, 0x20,
  0x00, 0x58, 0x06, 0x32, 0x02, 0x00, 0x11, 0x00, 0xee, 0x3a, 0x00, 0x21,
  0x00, 0x0b, 0x00, 0x3e, 0x00, 0x00, 0xc0, 0x7f, 0x12, 0x01, 0x40, 0x01,
  0x04, 0x00, 0x82, 0x31, 0xc9, 0xd1, 0x22, 0x39, 0x10, 0x24, 0x47, 0x0b,
  0x01, 0x00, 0x60, 0x00, 0xc8, 0x12, 0xe0, 0x2b, 0x20, 0x00, 0x8d, 0x00,
  0x00, 0x00, 0x00, 0x00, 0x01, 0x10, 0x60, 0x00, 0xc8, 0x12, 0x20, 0x2c,
  0x30, 0x00, 0x8d, 0x00, 0x00, 0x00, 0x00, 0x00, 0x01, 0x00, 0x00, 0x00,
  0xcc, 0x56, 0xe0, 0x2c, 0x00, 0x00, 0x00, 0x00, 0x00, 0x00, 0xe0, 0x3f,
  0x41, 0x20, 0x80, 0x00, 0x28, 0x12, 0xe0, 0x20, 0x40, 0x00, 0xb1, 0x1e,
  0x05, 0x00, 0x05, 0x00, 0x01, 0x00, 0x60, 0x00, 0xc8, 0x12, 0xa0, 0x23,
  0x60, 0x00, 0x8d, 0x00, 0x00, 0x00, 0x00, 0x00, 0x01, 0x10, 0x60, 0x00,
  0xc8, 0x12, 0xe0, 0x23, 0x70, 0x00, 0x8d, 0x00, 0x00, 0x00, 0x00, 0x00,
  0x01, 0x20, 0x60, 0x00, 0xc8, 0x12, 0xc0, 0x2d, 0x80, 0x00, 0x8d, 0x00,
  0x00, 0x00, 0x00, 0x00, 0x01, 0x30, 0x60, 0x00, 0xc8, 0x12, 0x20, 0x24,
  0x90, 0x00, 0x8d, 0x00, 0x00, 0x00, 0x00, 0x00, 0x40, 0x00, 0x60, 0x00,
  0xc8, 0x32, 0xe0, 0x21, 0xe0, 0x0b, 0x69, 0x32, 0xe0, 0x0c, 0x00, 0x00,
  0x40, 0x10, 0x60, 0x00, 0xc8, 0x32, 0x20, 0x22, 0x20, 0x0c, 0x69, 0x32,
  0xe0, 0x0c, 0x00, 0x00, 0x41, 0x20, 0x80, 0x00, 0x28, 0x12, 0xa0, 0x21,
  0x80, 0x00, 0xb1, 0x1e, 0x05, 0x00, 0x05, 0x00, 0x40, 0x20, 0x80, 0x00,
  0x28, 0x0a, 0x20, 0x2b, 0xe0, 0x00, 0x8d, 0x1e, 0xf9, 0xff, 0xf9, 0xff,
  0x41, 0x00, 0x80, 0x00, 0x28, 0x12, 0xa0, 0x20, 0x20, 0x00, 0xb1, 0x1e,
  0x05, 0x00, 0x05, 0x00, 0x40, 0x00, 0x60, 0x00, 0xc8, 0x32, 0x00, 0x2e,
  0xa0, 0x03, 0x69, 0x32, 0xe0, 0x0c, 0x00, 0x00, 0x40, 0x10, 0x60, 0x00,
  0xc8, 0x32, 0x40, 0x2e, 0xe0, 0x03, 0x69, 0x32, 0xe0, 0x0c, 0x00, 0x00,
  0x01, 0x20, 0x60, 0x00, 0xc8, 0x12, 0x60, 0x2c, 0x40, 0x00, 0x8d, 0x00,
  0x00, 0x00, 0x00, 0x00, 0x01, 0x30, 0x60, 0x00, 0xc8, 0x12, 0xa0, 0x2c,
  0x50, 0x00, 0x8d, 0x00, 0x00, 0x00, 0x00, 0x00, 0x40, 0x20, 0x60, 0x00,
  0xc8, 0x32, 0x80, 0x2e, 0xc0, 0x0d, 0x69, 0x32, 0xe0, 0x0c, 0x00, 0x00,
  0x40, 0x30, 0x60, 0x00, 0xc8, 0x32, 0xc0, 0x2e, 0x20, 0x04, 0x69, 0x32,
  0xe0, 0x0c, 0x00, 0x00, 0x41, 0x00, 0x80, 0x00, 0x28, 0x12, 0x60, 0x21,
  0x60, 0x00, 0xb1, 0x1e, 0x05, 0x00, 0x05, 0x00, 0x01, 0x00, 0x60, 0x00,
  0xe8, 0x32, 0xe0, 0x42, 0xe0, 0x01, 0x69, 0x00, 0x00, 0x00, 0x00, 0x00,
  0x01, 0x10, 0x60, 0x00, 0xe8, 0x32, 0x00, 0x4d, 0x20, 0x02, 0x69, 0x00,
  0x00, 0x00, 0x00, 0x00, 0x40, 0x20, 0x80, 0x00, 0x28, 0x0a, 0xe0, 0x2b,
  0xa0, 0x41, 0x8d, 0x1e, 0x07, 0x00, 0x07, 0x00, 0x01, 0x20, 0x80, 0x00,
  0xe8, 0x0a, 0x00, 0x22, 0x20, 0x0b, 0x8d, 0x00, 0x00, 0x00, 0x00, 0x00,
  0x40, 0x00, 0x80, 0x00, 0x28, 0x0a, 0xe0, 0x2a, 0xa0, 0x00, 0x8d, 0x1e,
  0xf9, 0xff, 0xf9, 0xff, 0x01, 0x00, 0x60, 0x00, 0xe8, 0x32, 0x60, 0x44,
  0x00, 0x0e, 0x69, 0x00, 0x00, 0x00, 0x00, 0x00, 0x01, 0x10, 0x60, 0x00,
  0xe8, 0x32, 0xa0, 0x44, 0x40, 0x0e, 0x69, 0x00, 0x00, 0x00, 0x00, 0x00,
  0x40, 0x20, 0x60, 0x00, 0xc8, 0x32, 0x60, 0x22, 0x60, 0x0c, 0x69, 0x32,
  0xe0, 0x0c, 0x00, 0x00, 0x40, 0x30, 0x60, 0x00, 0xc8, 0x32, 0xa0, 0x22,
  0xa0, 0x0c, 0x69, 0x32, 0xe0, 0x0c, 0x00, 0x00, 0x01, 0x20, 0x60, 0x00,
  0xe8, 0x32, 0xe0, 0x44, 0x80, 0x0e, 0x69, 0x00, 0x00, 0x00, 0x00, 0x00,
  0x01, 0x30, 0x60, 0x00, 0xe8, 0x32, 0xa0, 0x40, 0xc0, 0x0e, 0x69, 0x00,
  0x00, 0x00, 0x00, 0x00, 0x40, 0x20, 0x80, 0x00, 0x28, 0x0a, 0xa0, 0x2b,
  0xa0, 0x01, 0x8d, 0x1e, 0xf9, 0xff, 0xf9, 0xff, 0x40, 0x00, 0x80, 0x00,
  0x28, 0x0a, 0x60, 0x2b, 0x60, 0x01, 0x8d, 0x1e, 0xf9, 0xff, 0xf9, 0xff,
  0x40, 0x00, 0x80, 0x00, 0x28, 0x0a, 0xa0, 0x2f, 0x60, 0x41, 0x8d, 0x1e,
  0x07, 0x00, 0x07, 0x00, 0x41, 0x20, 0x80, 0x00, 0xe8, 0x3a, 0x60, 0x2c,
  0x88, 0x05, 0x00, 0x3a, 0x00, 0x02, 0x8d, 0x00, 0x01, 0x20, 0x80, 0x00,
  0xe8, 0x0a, 0x80, 0x21, 0xe0, 0x0b, 0x8d, 0x00, 0x00, 0x00, 0x00, 0x00,
  0x01, 0x96, 0x00, 0x20, 0x07, 0x0e, 0x57, 0x00, 0x01, 0x00, 0x60, 0x00,
  0xe8, 0x3a, 0x00, 0x2f, 0x60, 0x04, 0x40, 0x00, 0x00, 0x00, 0x00, 0x00,
  0x01, 0x10, 0x60, 0x00, 0xe8, 0x3a, 0x20, 0x2f, 0xa0, 0x04, 0x40, 0x00,
  0x00, 0x00, 0x00, 0x00, 0x01, 0x20, 0x60, 0x00, 0xe8, 0x32, 0x40, 0x4d,
  0x60, 0x02, 0x69, 0x00, 0x00, 0x00, 0x00, 0x00, 0x01, 0x30, 0x60, 0x00,
  0xe8, 0x32, 0x80, 0x4d, 0xa0, 0x02, 0x69, 0x00, 0x00, 0x00, 0x00, 0x00,
  0x01, 0x20, 0x60, 0x00, 0xe8, 0x3a, 0x40, 0x2f, 0xe0, 0x04, 0x40, 0x00,
  0x00, 0x00, 0x00, 0x00, 0x01, 0x30, 0x60, 0x00, 0xe8, 0x3a, 0x60, 0x2f,
  0xa0, 0x00, 0x40, 0x00, 0x00, 0x00, 0x00, 0x00, 0x41, 0x20, 0x80, 0x00,
  0xe8, 0x3a, 0xa0, 0x2c, 0x60, 0x0c, 0x8d, 0x3a, 0x20, 0x06, 0x00, 0x00,
  0x41, 0x20, 0x80, 0x00, 0xe8, 0x3a, 0x80, 0x21, 0x88, 0x05, 0x00, 0x3a,
  0x80, 0x01, 0x8d, 0x00, 0x01, 0x96, 0x00, 0x20, 0x07, 0x08, 0x7d, 0x00,
  0x41, 0x56, 0x1a, 0x20, 0xe0, 0x61, 0x2c, 0x0e, 0x01, 0x00, 0x60, 0x00,
  0xe8, 0x3a, 0x20, 0x23, 0xe0, 0x02, 0x40, 0x00, 0x00, 0x00, 0x00, 0x00,
  0x01, 0x10, 0x60, 0x00, 0xe8, 0x3a, 0x40, 0x23, 0x00, 0x0d, 0x40, 0x00,
  0x00, 0x00, 0x00, 0x00, 0x40, 0x00, 0x80, 0x00, 0xe8, 0x3a, 0xe0, 0x2b,
  0x00, 0x0f, 0x8d, 0x3e, 0x00, 0x00, 0x00, 0xc0, 0x01, 0x20, 0x60, 0x00,
  0xe8, 0x3a, 0x60, 0x23, 0x40, 0x0d, 0x40, 0x00, 0x00, 0x00, 0x00, 0x00,
  0x01, 0x30, 0x60, 0x00, 0xe8, 0x3a, 0x80, 0x23, 0x80, 0x0d, 0x40, 0x00,
  0x00, 0x00, 0x00, 0x00, 0x40, 0x20, 0x80, 0x00, 0xe8, 0x3a, 0xc0, 0x21,
  0x40, 0x0f, 0x8d, 0x3e, 0x00, 0x00, 0x00, 0xc0, 0x09, 0x00, 0x80, 0x00,
  0x28, 0x12, 0xe0, 0x23, 0x20, 0x00, 0xb1, 0x1e, 0x02, 0x00, 0x02, 0x00,
  0x5b, 0x43, 0x01, 0x20, 0x81, 0x28, 0xc7, 0x18, 0x41, 0x56, 0x1a, 0x20,
  0xe0, 0x08, 0x2c, 0x08, 0x41, 0x56, 0x02, 0x20, 0x07, 0x12, 0x61, 0x31,
  0x01, 0x20, 0x80, 0x00, 0xe8, 0x0a, 0xc0, 0x24, 0xa0, 0x0b, 0x8d, 0x00,
  0x00, 0x00, 0x00, 0x00, 0x41, 0x56, 0x02, 0x20, 0xe7, 0x5f, 0x5f, 0x5f,
  0x40, 0x00, 0x80, 0x00, 0xe8, 0x3a, 0x80, 0x21, 0x20, 0x03, 0x8d, 0x3e,
  0x00, 0x00, 0x00, 0xc0, 0x41, 0x20, 0x80, 0x00, 0xe8, 0x3a, 0xc0, 0x21,
  0xc0, 0x01, 0x8d, 0x3a, 0xc0, 0x01, 0x8d, 0x00, 0x40, 0x20, 0x80, 0x00,
  0xe8, 0x3a, 0xa0, 0x2b, 0x60, 0x03, 0x8d, 0x3e, 0x00, 0x00, 0x00, 0xc0,
  0x40, 0x96, 0x01, 0x20, 0xe0, 0x1f, 0x2b, 0x1f, 0x01, 0x80, 0x00, 0x20,
  0x00, 0x7c, 0x2c, 0x00, 0x5b, 0x72, 0x06, 0x20, 0x81, 0x90, 0xc4, 0x10,
  0x41, 0x56, 0x6e, 0x20, 0x07, 0x28, 0x61, 0x31, 0x5b, 0x02, 0x01, 0x20,
  0x00, 0xf8, 0x32, 0x18, 0x09, 0x20, 0x80, 0x00, 0x28, 0x12, 0xa0, 0x2d,
  0x40, 0x00, 0xb1, 0x1e, 0x02, 0x00, 0x02, 0x00, 0x5b, 0x13, 0x06, 0x20,
  0x00, 0x70, 0x74, 0xbb, 0x40, 0x00, 0x80, 0x00, 0x28, 0x0a, 0xe0, 0x23,
  0xe0, 0x03, 0x8d, 0x12, 0x60, 0x00, 0xb1, 0x00, 0x41, 0x20, 0x80, 0x00,
  0xe8, 0x3a, 0x40, 0x20, 0x60, 0x0c, 0x8d, 0x3a, 0x30, 0x06, 0x00, 0x00,
  0x40, 0x56, 0x02, 0x20, 0x07, 0x67, 0x67, 0x7c, 0x38, 0x00, 0x80, 0x09,
  0xe8, 0x3a, 0x60, 0x2c, 0x00, 0x02, 0x8d, 0x3e, 0x00, 0x00, 0x90, 0xc0,
  0x7e, 0x00, 0x00, 0x00, 0x00, 0x00, 0x00, 0x00, 0x00, 0x00, 0x00, 0x00,
  0x00, 0x00, 0x00, 0x00, 0x40, 0x20, 0x80, 0x00, 0xe8, 0x3a, 0x80, 0x22,
  0x80, 0x02, 0x8d, 0x3a, 0x80, 0x0f, 0x00, 0x00, 0x40, 0x20, 0x80, 0x00,
  0x28, 0x0a, 0xa0, 0x2d, 0x60, 0x05, 0x00, 0x0a, 0xa0, 0x0d, 0x8d, 0x00,
  0x38, 0x20, 0x80, 0x09, 0xe8, 0x3a, 0x40, 0x22, 0x20, 0x0c, 0x8d, 0x3e,
  0x00, 0x00, 0x90, 0xc0, 0x7e, 0x00, 0x00, 0x00, 0x00, 0x00, 0x00, 0x00,
  0x00, 0x00, 0x00, 0x00, 0x00, 0x00, 0x00, 0x00, 0x40, 0x00, 0x80, 0x00,
  0xe8, 0x3a, 0xe0, 0x2c, 0xe0, 0x0c, 0x8d, 0x3e, 0x00, 0x00, 0x00, 0x3f,
  0x40, 0x20, 0x80, 0x00, 0xe8, 0x3a, 0x80, 0x22, 0x80, 0x02, 0x8d, 0x3e,
  0x00, 0x00, 0x00, 0x3f, 0x40, 0x20, 0x80, 0x00, 0x28, 0x0a, 0xa0, 0x2d,
  0xa0, 0x0d, 0x8d, 0x12, 0x80, 0x00, 0xb1, 0x00, 0x09, 0x00, 0x80, 0x00,
  0x28, 0x0a, 0xe0, 0x2d, 0xe0, 0x03, 0x8d, 0x1e, 0x02, 0x00, 0x02, 0x00,
  0x45, 0x16, 0x01, 0x20, 0x07, 0x16, 0x67, 0x00, 0x01, 0x96, 0x00, 0x20,
  0x07, 0x24, 0x5b, 0x00, 0x41, 0x00, 0x80, 0x00, 0xe8, 0x3a, 0xa0, 0x2c,
  0x60, 0x0c, 0x8d, 0x3e, 0x3b, 0xaa, 0xb8, 0x3f, 0x45, 0x20, 0x80, 0x00,
  0xe8, 0x3a, 0xa0, 0x23, 0x80, 0x02, 0x8d, 0x00, 0x00, 0x00, 0x00, 0x00,
  0x09, 0x20, 0x80, 0x00, 0x28, 0x0a, 0x20, 0x2e, 0xa0, 0x0d, 0x8d, 0x1e,
  0x02, 0x00, 0x02, 0x00, 0x41, 0x20, 0x80, 0x00, 0xe8, 0x3a, 0x80, 0x22,
  0x40, 0x02, 0x8d, 0x3e, 0x3b, 0xaa, 0xb8, 0x3f, 0x40, 0x96, 0x01, 0x20,
  0x07, 0x21, 0x6f, 0x0a, 0x01, 0xf6, 0x00, 0x20, 0x07, 0x69, 0x16, 0x00,
  0x01, 0x00, 0x00, 0x00, 0xec, 0x3e, 0xe0, 0x2c, 0x00, 0x00, 0x00, 0x00,
  0x00, 0x72, 0x31, 0xbf, 0x41, 0x56, 0x1a, 0x20, 0xe0, 0x24, 0x2c, 0x24,
  0x01, 0x20, 0x80, 0x00, 0x28, 0x3a, 0x60, 0x2d, 0xa0, 0x03, 0x8d, 0x00,
  0x00, 0x00, 0x00, 0x00, 0x40, 0x20, 0x80, 0x00, 0x28, 0x0a, 0x60, 0x2e,
  0x20, 0x0e, 0x8d, 0x0a, 0x40, 0x01, 0x00, 0x00, 0x47, 0x16, 0x01, 0x20,
  0x07, 0x16, 0x65, 0x00, 0x47, 0x20, 0x80, 0x00, 0xe8, 0x3a, 0x00, 0x23,
  0x80, 0x02, 0x8d, 0x00, 0x00, 0x00, 0x00, 0x00, 0x33, 0x00, 0x80, 0x0c,
  0x70, 0x90, 0x06, 0x00, 0x22, 0x04, 0x00, 0x00, 0x02, 0x5e, 0x02, 0x04,
  0x01, 0x80, 0x14, 0x20, 0x00, 0x23, 0x2c, 0x00, 0x33, 0x20, 0x80, 0x0c,
  0x70, 0xb0, 0x06, 0x00, 0x62, 0x0e, 0x00, 0x00, 0x02, 0x5e, 0x02, 0x04,
  0x01, 0x00, 0x00, 0x00, 0xec, 0x3e, 0xa0, 0x2d, 0x00, 0x00, 0x00, 0x00,
  0x8e, 0xbe, 0xbf, 0xb5, 0x5b, 0x52, 0x07, 0x20, 0x01, 0x40, 0xc5, 0x48,
  0x5b, 0x82, 0x06, 0x20, 0x01, 0x18, 0x9f, 0x2d, 0x5b, 0xa3, 0x06, 0x20,
  0x01, 0x90, 0x9c, 0x31, 0x41, 0x20, 0x80, 0x00, 0xe8, 0x3a, 0xc0, 0x24,
  0x88, 0x05, 0x00, 0x3a, 0xc0, 0x04, 0x8d, 0x00, 0x40, 0x56, 0x02, 0x20,
  0x07, 0x75, 0x75, 0x23, 0x5b, 0xa2, 0x01, 0x20, 0x01, 0x40, 0xb7, 0x2d,
  0x5b, 0x33, 0x07, 0x20, 0x01, 0x50, 0xb7, 0x31, 0x5b, 0x43, 0x00, 0x20,
  0x01, 0x10, 0xc4, 0x4c, 0x40, 0x00, 0x80, 0x00, 0xe8, 0x3a, 0xa0, 0x2e,
  0xa0, 0x0e, 0x8d, 0x3e, 0x00, 0x00, 0x00, 0x3f, 0x41, 0x00, 0x80, 0x00,
  0xe8, 0x3a, 0x40, 0x23, 0x40, 0x03, 0x8d, 0x3e, 0x3b, 0xaa, 0xb8, 0x3f,
  0x41, 0x20, 0x80, 0x00, 0xe8, 0x3a, 0x60, 0x2e, 0x60, 0x0e, 0x8d, 0x3e,
  0x3b, 0xaa, 0xb8, 0x3f, 0x40, 0x20, 0x80, 0x00, 0xe8, 0x3a, 0x80, 0x20,
  0x80, 0x00, 0x8d, 0x3a, 0x60, 0x04, 0x00, 0x00, 0x38, 0x16, 0x01, 0x23,
  0x07, 0x1c, 0x16, 0x00, 0x45, 0x16, 0x01, 0x20, 0x07, 0x7c, 0x75, 0x00,
  0x38, 0x16, 0x01, 0x23, 0x07, 0x1e, 0x1a, 0x00, 0x40, 0x20, 0x80, 0x00,
  0xe8, 0x3a, 0x80, 0x20, 0x80, 0x00, 0x8d, 0x3e, 0x00, 0x00, 0x00, 0x3f,
  0x38, 0x20, 0x80, 0x03, 0xe8, 0x3a, 0x00, 0x24, 0x60, 0x0e, 0x8d, 0x00,
  0x00, 0x00, 0x00, 0x00, 0x10, 0x00, 0x80, 0x05, 0xe0, 0x3a, 0x00, 0x20,
  0x60, 0x0c, 0x8d, 0x3e, 0x00, 0x00, 0xd2, 0xc2, 0x38, 0x20, 0x80, 0x03,
  0xe8, 0x3a, 0xa0, 0x2e, 0x00, 0x03, 0x8d, 0x00, 0x00, 0x00, 0x00, 0x00,
  0x41, 0x56, 0x02, 0x20, 0xe7, 0x1c, 0x1c, 0x1e, 0x45, 0x20, 0x80, 0x00,
  0xe8, 0x3a, 0xc0, 0x20, 0x80, 0x00, 0x8d, 0x00, 0x00, 0x00, 0x00, 0x00,
  0x10, 0x00, 0x80, 0x03, 0xe2, 0x3a, 0x00, 0x20, 0x60, 0x0c, 0x8d, 0x3e,
  0x00, 0x00, 0xd2, 0x42, 0x10, 0x20, 0x80, 0x05, 0xe0, 0x3a, 0x00, 0x20,
  0x40, 0x02, 0x8d, 0x3e, 0x00, 0x00, 0xd2, 0xc2, 0x41, 0x20, 0x80, 0x00,
  0xe8, 0x3a, 0xa0, 0x2e, 0xa0, 0x0e, 0x8d, 0x3a, 0x00, 0x04, 0x8d, 0x00,
  0x10, 0x20, 0x80, 0x03, 0xe2, 0x3a, 0x00, 0x20, 0x40, 0x02, 0x8d, 0x3e,
  0x00, 0x00, 0xd2, 0x42, 0x40, 0x96, 0x2d, 0x20, 0x07, 0x08, 0x6f, 0x0a,
  0x01, 0xf6, 0x00, 0x20, 0x07, 0x57, 0x7c, 0x00, 0x41, 0x00, 0x80, 0x00,
  0xe8, 0x3a, 0x80, 0x23, 0x80, 0x03, 0x8d, 0x3e, 0xd2, 0xdd, 0x90, 0x3d,
  0x40, 0x20, 0x80, 0x00, 0x28, 0x0a, 0x60, 0x2b, 0x20, 0x0e, 0x8d, 0x0a,
  0x44, 0x01, 0x00, 0x00, 0x01, 0x20, 0x80, 0x00, 0x28, 0x3a, 0x20, 0x2b,
  0xc0, 0x00, 0x8d, 0x00, 0x00, 0x00, 0x00, 0x00, 0x41, 0x20, 0x80, 0x00,
  0xe8, 0x3a, 0xa0, 0x2e, 0xa0, 0x0e, 0x8d, 0x3e, 0xd2, 0xdd, 0x90, 0x3d,
  0x01, 0x00, 0x81, 0x00, 0xe8, 0x3e, 0x80, 0x23, 0x00, 0x00, 0x00, 0x00,
  0x00, 0x00, 0x00, 0x00, 0x40, 0x96, 0x5d, 0x20, 0x07, 0x77, 0x6f, 0x0a,
  0x01, 0x20, 0x81, 0x00, 0xe8, 0x3e, 0xa0, 0x2e, 0x00, 0x00, 0x00, 0x00,
  0x00, 0x00, 0x00, 0x00, 0x01, 0x00, 0x81, 0x00, 0xea, 0x3e, 0x80, 0x23,
  0x00, 0x00, 0x00, 0x00, 0x00, 0x00, 0x80, 0x7f, 0x40, 0x20, 0x80, 0x00,
  0x28, 0x0a, 0x40, 0x24, 0x20, 0x0e, 0x8d, 0x0a, 0x48, 0x01, 0x00, 0x00,
  0x01, 0x20, 0x81, 0x00, 0xea, 0x3e, 0xa0, 0x2e, 0x00, 0x00, 0x00, 0x00,
  0x00, 0x00, 0x80, 0x7f, 0x33, 0x00, 0x80, 0x0c, 0x70, 0x70, 0x05, 0x00,
  0x02, 0x01, 0x00, 0x00, 0x03, 0x5e, 0x02, 0x04, 0x01, 0x4d, 0x00, 0x20,
  0x07, 0x7f, 0x2a, 0x00, 0x33, 0x20, 0x80, 0x0c, 0x70, 0x90, 0x05, 0x00,
  0x62, 0x0b, 0x00, 0x00, 0x03, 0x5e, 0x02, 0x04, 0x33, 0x00, 0x80, 0x0c,
  0x70, 0xc0, 0x01, 0x00, 0xe2, 0x0e, 0x00, 0x00, 0x04, 0x5e, 0x02, 0x04,
  0x33, 0x20, 0x80, 0x0c, 0x70, 0x50, 0x07, 0x00, 0x42, 0x04, 0x00, 0x00,
  0x04, 0x5e, 0x02, 0x04, 0x31, 0x00, 0x60, 0x07, 0x04, 0x02, 0x00, 0x20,
  0xe0, 0x0f, 0x00, 0x06, 0x10, 0x00, 0x00, 0x82, 0x00, 0x00, 0x00, 0x00,
  0x00, 0x00, 0x00, 0x00, 0x00, 0x00, 0x00, 0x00, 0x00, 0x00, 0x00, 0x00,
  0x00, 0x00, 0x00, 0x00, 0x00, 0x00, 0x00, 0x00, 0x00, 0x00, 0x00, 0x00,
  0x00, 0x00, 0x00, 0x00, 0x00, 0x00, 0x00, 0x00, 0x00, 0x00, 0x00, 0x00,
  0x00, 0x00, 0x00, 0x00, 0x00, 0x00, 0x00, 0x00, 0x00, 0x00, 0x00, 0x00,
  0x00, 0x00, 0x00, 0x00, 0x00, 0x00, 0x00, 0x00, 0x00, 0x00, 0x00, 0x00,
  0x00, 0x00, 0x00, 0x00, 0x00, 0x00, 0x00, 0x00, 0x00, 0x00, 0x00, 0x00,
  0x00, 0x00, 0x00, 0x00, 0x00, 0x00, 0x00, 0x00, 0x00, 0x00, 0x00, 0x00,
  0x00, 0x00, 0x00, 0x00, 0x00, 0x00, 0x00, 0x00, 0x00, 0x00, 0x00, 0x00,
  0x00, 0x00, 0x00, 0x00, 0x00, 0x00, 0x00, 0x00, 0x00, 0x00, 0x00, 0x00,
  0x00, 0x00, 0x00, 0x00, 0x00, 0x00, 0x00, 0x00, 0x00, 0x00, 0x00, 0x00,
  0x00, 0x00, 0x00, 0x00, 0x00, 0x00, 0x00, 0x00, 0x00, 0x00, 0x00, 0x00,
  0x00, 0x00, 0x00, 0x00, 0x00, 0x00, 0x00, 0x00, 0x00, 0x00, 0x00, 0x00,
  0x00, 0x00, 0x00, 0x00, 0xc7, 0x01, 0x00, 0x00, 0x00, 0x00, 0x00, 0x00,
  0x00, 0x00, 0x00, 0x00, 0x04, 0x00, 0x00, 0x00, 0x00, 0xc0, 0xff, 0x83,
  0x00, 0x00, 0x00, 0x03, 0x7f, 0x00, 0xff, 0x1f, 0x00, 0x00, 0xe0, 0x0f,
  0x00, 0x00, 0x00, 0x00, 0x00, 0x00, 0x00, 0x00, 0x00, 0x00, 0x00, 0x00,
  0x00, 0x00, 0x00, 0x00, 0x00, 0x00, 0x00, 0x00, 0x00, 0x00, 0x00, 0x00,
  0x00, 0x00, 0x00, 0x00, 0x00, 0x00, 0x00, 0x00, 0x00, 0x00, 0x00, 0x00,
  0x00, 0x00, 0x00, 0x00, 0x00, 0x00, 0x00, 0x00, 0x00, 0x00, 0x00, 0x00,
  0x00, 0xc0, 0xff, 0x83, 0x00, 0x00, 0x00, 0x03, 0x7f, 0x00, 0xff, 0x1f,
  0x00, 0x00, 0xe0, 0x0f, 0x00, 0x00, 0x00, 0x00, 0x00, 0x00, 0x00, 0x00,
  0x00, 0x00, 0x00, 0x00, 0x00, 0x00, 0x00, 0x00, 0x00, 0x00, 0x00, 0x00,
  0x00, 0x00, 0x00, 0x00, 0x00, 0x00, 0x00, 0x00, 0x00, 0x00, 0x00, 0x00,
  0x00, 0x00, 0x00, 0x00, 0x00, 0x00, 0x00, 0x00, 0x00, 0x00, 0x00, 0x00,
  0x00, 0x00, 0x00, 0x00, 0x00, 0xc0, 0xff, 0x83, 0x00, 0x00, 0x00, 0x03,
  0x7f, 0x00, 0xff, 0x1f, 0x00, 0x00, 0xe0, 0x0f, 0x00, 0x00, 0x00, 0x00,
  0x00, 0x00, 0x00, 0x00, 0x00, 0x00, 0x00, 0x00, 0x00, 0x00, 0x00, 0x00,
  0x00, 0x00, 0x00, 0x00, 0x00, 0x00, 0x00, 0x00, 0x00, 0x00, 0x00, 0x00,
  0x00, 0x00, 0x00, 0x00, 0x00, 0x00, 0x00, 0x00, 0x00, 0x00, 0x00, 0x00,
  0x00, 0x00, 0x00, 0x00, 0x00, 0x00, 0x00, 0x00, 0x00, 0xc0, 0xff, 0x83,
  0x00, 0x00, 0x00, 0x03, 0x7f, 0x00, 0xff, 0x1f, 0x00, 0x00, 0xe0, 0x0f,
  0x00, 0x00, 0x00, 0x00, 0x00, 0x00, 0x00, 0x00, 0x00, 0x00, 0x00, 0x00,
  0x00, 0x00, 0x00, 0x00, 0x00, 0x00, 0x00, 0x00, 0x00, 0x00, 0x00, 0x00,
  0x00, 0x00, 0x00, 0x00, 0x00, 0x00, 0x00, 0x00, 0x00, 0x00, 0x00, 0x00,
  0x00, 0x00, 0x00, 0x00, 0x00, 0x00, 0x00, 0x00, 0x00, 0x00, 0x00, 0x00,
  0x00, 0xc0, 0xff, 0x83, 0x00, 0x00, 0x00, 0x03, 0x7f, 0x00, 0xff, 0x1f,
  0x00, 0x00, 0xe0, 0x0f, 0x00, 0x00, 0x00, 0x00, 0x00, 0x00, 0x00, 0x00,
  0x00, 0x00, 0x00, 0x00, 0x00, 0x00, 0x00, 0x00, 0x00, 0x00, 0x00, 0x00,
  0x00, 0x00, 0x00, 0x00, 0x00, 0x00, 0x00, 0x00, 0x00, 0x00, 0x00, 0x00,
  0x00, 0x00, 0x00, 0x00, 0x00, 0x00, 0x00, 0x00, 0x00, 0x00, 0x00, 0x00,
  0x00, 0x00, 0x00, 0x00, 0x00, 0xc0, 0xff, 0x87, 0x00, 0x00, 0x00, 0x03,
  0x7f, 0x00, 0xff, 0x1f, 0x00, 0x00, 0xe0, 0x0f, 0x00, 0x00, 0x00, 0x00,
  0x00, 0x00, 0x00, 0x00, 0x00, 0x00, 0x00, 0x00, 0x00, 0x00, 0x00, 0x00,
  0x00, 0x00, 0x00, 0x00, 0x00, 0x00, 0x00, 0x00, 0x00, 0x00, 0x00, 0x00,
  0x00, 0x00, 0x00, 0x00, 0x00, 0x00, 0x00, 0x00, 0x00, 0x00, 0x00, 0x00,
  0x00, 0x00, 0x00, 0x00, 0x00, 0x00, 0x00, 0x00, 0x00, 0xc0, 0xff, 0x87,
  0x00, 0x00, 0x00, 0x03, 0x7f, 0x00, 0xff, 0x1f, 0x00, 0x00, 0xe0, 0x0f,
  0x00, 0x00, 0x00, 0x00, 0x00, 0x00, 0x00, 0x00, 0x00, 0x00, 0x00, 0x00,
  0x00, 0x00, 0x00, 0x00, 0x00, 0x00, 0x00, 0x00, 0x00, 0x00, 0x00, 0x00,
  0x00, 0x00, 0x00, 0x00, 0x00, 0x00, 0x00, 0x00, 0x00, 0x00, 0x00, 0x00,
  0x00, 0x00, 0x00, 0x00, 0x00, 0x00, 0x00, 0x00, 0x00, 0x00, 0x00, 0x00,
  0x00, 0x00, 0x00, 0x00, 0x40, 0x00, 0x00, 0x00, 0x80, 0x00, 0x00, 0x00,
  0xc0, 0x00, 0x00, 0x00, 0x00, 0x01, 0x00, 0x00, 0x40, 0x01, 0x00, 0x00,
  0x80, 0x01, 0x00, 0x00, 0x13, 0x00, 0x00, 0x00, 0x0c, 0x00, 0x00, 0x00,
  0x00, 0x00, 0x00, 0x00, 0x15, 0x00, 0x00, 0x00, 0x18, 0x00, 0x00, 0x00,
  0x00, 0x00, 0x00, 0x00, 0x00, 0x00, 0x00, 0x00, 0x00, 0x00, 0x00, 0x00,
  0xc0, 0x01, 0x00, 0x00, 0x08, 0x00, 0x00, 0x00, 0x14, 0x00, 0x00, 0x00,
  0xc0, 0x01, 0x00, 0x00, 0x07, 0x00, 0x00, 0x00, 0x00, 0x00, 0x00, 0x00,
  0x11, 0x00, 0x00, 0x00, 0x28, 0x00, 0x00, 0x00, 0x10, 0x00, 0x00, 0x00,
  0x00, 0x00, 0x00, 0x00, 0x00, 0x00, 0x00, 0x00, 0x04, 0x00, 0x00, 0x00,
  0x00, 0x00, 0x00, 0x00, 0x00, 0x00, 0x00, 0x00, 0x00, 0x00, 0x00, 0x00,
  0x00, 0x00, 0x00, 0x00, 0x11, 0x00, 0x00, 0x00, 0x28, 0x00, 0x00, 0x00,
  0x10, 0x00, 0x00, 0x00, 0x00, 0x00, 0x00, 0x00, 0x04, 0x00, 0x00, 0x00,
  0x04, 0x00, 0x00, 0x00, 0x04, 0x00, 0x00, 0x00, 0x00, 0x00, 0x00, 0x00,
  0x00, 0x00, 0x00, 0x00, 0x00, 0x00, 0x00, 0x00, 0x11, 0x00, 0x00, 0x00,
  0x28, 0x00, 0x00, 0x00, 0x10, 0x00, 0x00, 0x00, 0x00, 0x00, 0x00, 0x00,
  0x08, 0x00, 0x00, 0x00, 0x04, 0x00, 0x00, 0x00, 0x08, 0x00, 0x00, 0x00,
  0x00, 0x00, 0x00, 0x00, 0x00, 0x00, 0x00, 0x00, 0x00, 0x00, 0x00, 0x00,
  0x11, 0x00, 0x00, 0x00, 0x28, 0x00, 0x00, 0x00, 0x02, 0x00, 0x00, 0x00,
  0x00, 0x00, 0x00, 0x00, 0x0c, 0x00, 0x00, 0x00, 0x04, 0x00, 0x00, 0x00,
  0x00, 0x00, 0x00, 0x00, 0x00, 0x00, 0x00, 0x00, 0x00, 0x00, 0x00, 0x00,
  0x00, 0x00, 0x00, 0x00, 0x11, 0x00, 0x00, 0x00, 0x28, 0x00, 0x00, 0x00,
  0x02, 0x00, 0x00, 0x00, 0x00, 0x00, 0x00, 0x00, 0x10, 0x00, 0x00, 0x00,
  0x04, 0x00, 0x00, 0x00, 0x04, 0x00, 0x00, 0x00, 0x00, 0x00, 0x00, 0x00,
  0x00, 0x00, 0x00, 0x00, 0x00, 0x00, 0x00, 0x00, 0x11, 0x00, 0x00, 0x00,
  0x28, 0x00, 0x00, 0x00, 0x02, 0x00, 0x00, 0x00, 0x00, 0x00, 0x00, 0x00,
  0x14, 0x00, 0x00, 0x00, 0x04, 0x00, 0x00, 0x00, 0x08, 0x00, 0x00, 0x00,
  0x00, 0x00, 0x00, 0x00, 0x00, 0x00, 0x00, 0x00, 0x00, 0x00, 0x00, 0x00,
  0x11, 0x00, 0x00, 0x00, 0x28, 0x00, 0x00, 0x00, 0x2b, 0x00, 0x00, 0x00,
  0x00, 0x00, 0x00, 0x00, 0x20, 0x00, 0x00, 0x00, 0x04, 0x00, 0x00, 0x00,
  0x00, 0x00, 0x00, 0x00, 0x00, 0x00, 0x00, 0x00, 0x00, 0x00, 0x00, 0x00,
  0x00, 0x00, 0x00, 0x00, 0x11, 0x00, 0x00, 0x00, 0x28, 0x00, 0x00, 0x00,
  0x2b, 0x00, 0x00, 0x00, 0x01, 0x00, 0x00, 0x00, 0x28, 0x00, 0x00, 0x00,
  0x04, 0x00, 0x00, 0x00, 0x00, 0x00, 0x00, 0x00, 0x00, 0x00, 0x00, 0x00,
  0x00, 0x00, 0x00, 0x00, 0x00, 0x00, 0x00, 0x00, 0x11, 0x00, 0x00, 0x00,
  0x28, 0x00, 0x00, 0x00, 0x2b, 0x00, 0x00, 0x00, 0x02, 0x00, 0x00, 0x00,
  0x30, 0x00, 0x00, 0x00, 0x04, 0x00, 0x00, 0x00, 0x00, 0x00, 0x00, 0x00,
  0x00, 0x00, 0x00, 0x00, 0x00, 0x00, 0x00, 0x00, 0x00, 0x00, 0x00, 0x00,
  0x11, 0x00, 0x00, 0x00, 0x28, 0x00, 0x00, 0x00, 0x2b, 0x00, 0x00, 0x00,
  0x03, 0x00, 0x00, 0x00, 0x38, 0x00, 0x00, 0x00, 0x04, 0x00, 0x00, 0x00,
  0x00, 0x00, 0x00, 0x00, 0x00, 0x00, 0x00, 0x00, 0x00, 0x00, 0x00, 0x00,
  0x00, 0x00, 0x00, 0x00, 0x11, 0x00, 0x00, 0x00, 0x28, 0x00, 0x00, 0x00,
  0x2b, 0x00, 0x00, 0x00, 0x04, 0x00, 0x00, 0x00, 0x40, 0x00, 0x00, 0x00,
  0x04, 0x00, 0x00, 0x00, 0x00, 0x00, 0x00, 0x00, 0x00, 0x00, 0x00, 0x00,
  0x00, 0x00, 0x00, 0x00, 0x00, 0x00, 0x00, 0x00, 0x11, 0x00, 0x00, 0x00,
  0x28, 0x00, 0x00, 0x00, 0x2a, 0x00, 0x00, 0x00, 0x00, 0x00, 0x00, 0x00,
  0x58, 0x00, 0x00, 0x00, 0x04, 0x00, 0x00, 0x00, 0x00, 0x00, 0x00, 0x00,
  0x00, 0x00, 0x00, 0x00, 0x00, 0x00, 0x00, 0x00, 0x00, 0x00, 0x00, 0x00,
  0x11, 0x00, 0x00, 0x00, 0x28, 0x00, 0x00, 0x00, 0x2a, 0x00, 0x00, 0x00,
  0x01, 0x00, 0x00, 0x00, 0x5c, 0x00, 0x00, 0x00, 0x04, 0x00, 0x00, 0x00,
  0x00, 0x00, 0x00, 0x00, 0x00, 0x00, 0x00, 0x00, 0x00, 0x00, 0x00, 0x00,
  0x00, 0x00, 0x00, 0x00, 0x11, 0x00, 0x00, 0x00, 0x28, 0x00, 0x00, 0x00,
  0x2a, 0x00, 0x00, 0x00, 0x02, 0x00, 0x00, 0x00, 0x60, 0x00, 0x00, 0x00,
  0x04, 0x00, 0x00, 0x00, 0x00, 0x00, 0x00, 0x00, 0x00, 0x00, 0x00, 0x00,
  0x00, 0x00, 0x00, 0x00, 0x00, 0x00, 0x00, 0x00, 0x11, 0x00, 0x00, 0x00,
  0x28, 0x00, 0x00, 0x00, 0x2a, 0x00, 0x00, 0x00, 0x03, 0x00, 0x00, 0x00,
  0x64, 0x00, 0x00, 0x00, 0x04, 0x00, 0x00, 0x00, 0x00, 0x00, 0x00, 0x00,
  0x00, 0x00, 0x00, 0x00, 0x00, 0x00, 0x00, 0x00, 0x00, 0x00, 0x00, 0x00,
  0x11, 0x00, 0x00, 0x00, 0x28, 0x00, 0x00, 0x00, 0x2a, 0x00, 0x00, 0x00,
  0x04, 0x00, 0x00, 0x00, 0x68, 0x00, 0x00, 0x00, 0x04, 0x00, 0x00, 0x00,
  0x00, 0x00, 0x00, 0x00, 0x00, 0x00, 0x00, 0x00, 0x00, 0x00, 0x00, 0x00,
  0x00, 0x00, 0x00, 0x00, 0x1e, 0x00, 0x00, 0x00, 0x24, 0x00, 0x00, 0x00,
  0x00, 0x00, 0x00, 0x00, 0x00, 0x00, 0x00, 0x00, 0x20, 0x00, 0x00, 0x00,
  0x08, 0x00, 0x00, 0x00, 0xff, 0xff, 0xff, 0xff, 0xff, 0xff, 0xff, 0xff,
  0x00, 0x00, 0x00, 0x00, 0x1e, 0x00, 0x00, 0x00, 0x24, 0x00, 0x00, 0x00,
  0x01, 0x00, 0x00, 0x00, 0x40, 0x00, 0x00, 0x00, 0x28, 0x00, 0x00, 0x00,
  0x08, 0x00, 0x00, 0x00, 0xff, 0xff, 0xff, 0xff, 0xff, 0xff, 0xff, 0xff,
  0x00, 0x00, 0x00, 0x00, 0x1e, 0x00, 0x00, 0x00, 0x24, 0x00, 0x00, 0x00,
  0x02, 0x00, 0x00, 0x00, 0x80, 0x00, 0x00, 0x00, 0x30, 0x00, 0x00, 0x00,
  0x08, 0x00, 0x00, 0x00, 0xff, 0xff, 0xff, 0xff, 0xff, 0xff, 0xff, 0xff,
  0x00, 0x00, 0x00, 0x00, 0x1e, 0x00, 0x00, 0x00, 0x24, 0x00, 0x00, 0x00,
  0x03, 0x00, 0x00, 0x00, 0xc0, 0x00, 0x00, 0x00, 0x38, 0x00, 0x00, 0x00,
  0x08, 0x00, 0x00, 0x00, 0xff, 0xff, 0xff, 0xff, 0xff, 0xff, 0xff, 0xff,
  0x00, 0x00, 0x00, 0x00, 0x1e, 0x00, 0x00, 0x00, 0x24, 0x00, 0x00, 0x00,
  0x04, 0x00, 0x00, 0x00, 0x00, 0x01, 0x00, 0x00, 0x40, 0x00, 0x00, 0x00,
  0x08, 0x00, 0x00, 0x00, 0xff, 0xff, 0xff, 0xff, 0xff, 0xff, 0xff, 0xff,
  0x00, 0x00, 0x00, 0x00, 0x2c, 0x00, 0x00, 0x00, 0x18, 0x00, 0x00, 0x00,
  0x00, 0x00, 0x00, 0x00, 0x40, 0x01, 0x00, 0x00, 0x48, 0x00, 0x00, 0x00,
  0x08, 0x00, 0x00, 0x00, 0x26, 0x00, 0x00, 0x00, 0x1c, 0x00, 0x00, 0x00,
  0x80, 0x01, 0x00, 0x00, 0x50, 0x00, 0x00, 0x00, 0x08, 0x00, 0x00, 0x00,
  0x00, 0x00, 0x00, 0x00, 0x01, 0x00, 0x00, 0x00, 0x19, 0x00, 0x00, 0x00,
  0x0c, 0x00, 0x00, 0x00, 0x80, 0x00, 0x00, 0x00, 0x16, 0x00, 0x00, 0x00,
  0x58, 0x00, 0x00, 0x00, 0x00, 0x00, 0x00, 0x00, 0x01, 0x00, 0x00, 0x00,
  0x01, 0x00, 0x00, 0x00, 0x01, 0x00, 0x00, 0x00, 0x00, 0x00, 0x00, 0x00,
  0x01, 0x00, 0x00, 0x00, 0x00, 0x00, 0x00, 0x00, 0x00, 0x00, 0x00, 0x00,
  0x00, 0x00, 0x00, 0x00, 0x00, 0x00, 0x00, 0x00, 0x00, 0x00, 0x00, 0x00,
  0x00, 0x00, 0x00, 0x00, 0x00, 0x00, 0x00, 0x00, 0x00, 0x00, 0x00, 0x00,
  0x00, 0x00, 0x00, 0x00, 0x00, 0x00, 0x00, 0x00, 0x00, 0x00, 0x00, 0x00,
  0x00, 0x00, 0x00, 0x00, 0x00, 0x00, 0x00, 0x00, 0x00, 0x00, 0x00, 0x00,
  0x17, 0x00, 0x00, 0x00, 0x8c, 0x00, 0x00, 0x00, 0x00, 0x00, 0x00, 0x00,
  0x00, 0x00, 0x00, 0x00, 0x00, 0x00, 0x00, 0x00, 0x20, 0x00, 0x00, 0x00,
  0x00, 0x00, 0x00, 0x00, 0x00, 0x00, 0x00, 0x00, 0x00, 0x00, 0x00, 0x00,
  0x00, 0x00, 0x00, 0x00, 0x00, 0x00, 0x00, 0x00, 0x01, 0x00, 0x00, 0x00,
  0x00, 0x00, 0x00, 0x00, 0x00, 0x00, 0x00, 0x00, 0x00, 0x00, 0x00, 0x00,
  0x00, 0x00, 0x00, 0x00, 0x00, 0x00, 0x00, 0x00, 0x00, 0x00, 0x00, 0x00,
  0x00, 0x00, 0x00, 0x00, 0x00, 0x00, 0x00, 0x00, 0x01, 0x00, 0x00, 0x00,
  0x00, 0x00, 0x00, 0x00, 0x80, 0x00, 0x00, 0x00, 0x00, 0x00, 0x00, 0x00,
  0x00, 0x00, 0x00, 0x00, 0x00, 0x00, 0x00, 0x00, 0x00, 0x00, 0x00, 0x00,
  0x07, 0x00, 0x00, 0x00, 0x00, 0x00, 0x00, 0x00, 0x00, 0x00, 0x00, 0x00,
  0x00, 0x00, 0x00, 0x00, 0x00, 0x00, 0x00, 0x00, 0x00, 0x01, 0x15, 0x00,
  0x00, 0x00, 0x00, 0x00, 0x00, 0x00, 0x00, 0x00, 0x1b, 0x00, 0x00, 0x00,
  0x10, 0x00, 0x00, 0x00, 0x04, 0x00, 0x00, 0x00, 0x00, 0x00, 0x00, 0x00,
  0x1a, 0x00, 0x00, 0x00, 0x60, 0x00, 0x00, 0x00, 0x00, 0x00, 0x00, 0x00,
  0x0c, 0x00, 0x00, 0x00, 0x08, 0x00, 0x00, 0x00, 0x0c, 0x00, 0x00, 0x00,
  0x18, 0x00, 0x00, 0x00, 0x08, 0x00, 0x00, 0x00, 0x5f, 0x5f, 0x67, 0x6c,
  0x6f, 0x62, 0x61, 0x6c, 0x00, 0x00, 0x00, 0x00, 0x4e, 0x4f, 0x4e, 0x45,
  0x00, 0x00, 0x00, 0x00, 0x69, 0x73, 0x45, 0x78, 0x74, 0x72, 0x65, 0x6d,
  0x75, 0x6d, 0x00, 0x00, 0x73, 0x74, 0x72, 0x75, 0x63, 0x74, 0x20, 0x5f,
  0x69, 0x73, 0x45, 0x78, 0x74, 0x72, 0x65, 0x6d, 0x75, 0x6d, 0x2a, 0x3b,
  0x38, 0x00, 0x00, 0x00, 0x4e, 0x4f, 0x4e, 0x45, 0x00, 0x00, 0x00, 0x00,
  0x1a, 0x00, 0x00, 0x00, 0x54, 0x00, 0x00, 0x00, 0x01, 0x00, 0x00, 0x00,
  0x0c, 0x00, 0x00, 0x00, 0x08, 0x00, 0x00, 0x00, 0x0c, 0x00, 0x00, 0x00,
  0x0c, 0x00, 0x00, 0x00, 0x08, 0x00, 0x00, 0x00, 0x5f, 0x5f, 0x67, 0x6c,
  0x6f, 0x62, 0x61, 0x6c, 0x00, 0x00, 0x00, 0x00, 0x4e, 0x4f, 0x4e, 0x45,
  0x00, 0x00, 0x00, 0x00, 0x6f, 0x72, 0x69, 0x65, 0x6e, 0x74, 0x61, 0x74,
  0x69, 0x6f, 0x6e, 0x00, 0x66, 0x6c, 0x6f, 0x61, 0x74, 0x2a, 0x3b, 0x38,
  0x00, 0x00, 0x00, 0x00, 0x4e, 0x4f, 0x4e, 0x45, 0x00, 0x00, 0x00, 0x00,
  0x1a, 0x00, 0x00, 0x00, 0x48, 0x00, 0x00, 0x00, 0x02, 0x00, 0x00, 0x00,
  0x0c, 0x00, 0x00, 0x00, 0x08, 0x00, 0x00, 0x00, 0x04, 0x00, 0x00, 0x00,
  0x08, 0x00, 0x00, 0x00, 0x08, 0x00, 0x00, 0x00, 0x5f, 0x5f, 0x67, 0x6c,
  0x6f, 0x62, 0x61, 0x6c, 0x00, 0x00, 0x00, 0x00, 0x4e, 0x4f, 0x4e, 0x45,
  0x00, 0x00, 0x00, 0x00, 0x78, 0x73, 0x00, 0x00, 0x69, 0x6e, 0x74, 0x2a,
  0x3b, 0x38, 0x00, 0x00, 0x4e, 0x4f, 0x4e, 0x45, 0x00, 0x00, 0x00, 0x00,
  0x1a, 0x00, 0x00, 0x00, 0x48, 0x00, 0x00, 0x00, 0x03, 0x00, 0x00, 0x00,
  0x0c, 0x00, 0x00, 0x00, 0x08, 0x00, 0x00, 0x00, 0x04, 0x00, 0x00, 0x00,
  0x08, 0x00, 0x00, 0x00, 0x08, 0x00, 0x00, 0x00, 0x5f, 0x5f, 0x67, 0x6c,
  0x6f, 0x62, 0x61, 0x6c, 0x00, 0x00, 0x00, 0x00, 0x4e, 0x4f, 0x4e, 0x45,
  0x00, 0x00, 0x00, 0x00, 0x79, 0x73, 0x00, 0x00, 0x69, 0x6e, 0x74, 0x2a,
  0x3b, 0x38, 0x00, 0x00, 0x4e, 0x4f, 0x4e, 0x45, 0x00, 0x00, 0x00, 0x00,
  0x1a, 0x00, 0x00, 0x00, 0x54, 0x00, 0x00, 0x00, 0x04, 0x00, 0x00, 0x00,
  0x0c, 0x00, 0x00, 0x00, 0x08, 0x00, 0x00, 0x00, 0x0c, 0x00, 0x00, 0x00,
  0x0c, 0x00, 0x00, 0x00, 0x08, 0x00, 0x00, 0x00, 0x5f, 0x5f, 0x67, 0x6c,
  0x6f, 0x62, 0x61, 0x6c, 0x00, 0x00, 0x00, 0x00, 0x4e, 0x4f, 0x4e, 0x45,
  0x00, 0x00, 0x00, 0x00, 0x67, 0x61, 0x75, 0x73, 0x73, 0x5f, 0x73, 0x32,
  0x00, 0x00, 0x00, 0x00, 0x66, 0x6c, 0x6f, 0x61, 0x74, 0x2a, 0x3b, 0x38,
  0x00, 0x00, 0x00, 0x00, 0x4e, 0x4f, 0x4e, 0x45, 0x00, 0x00, 0x00, 0x00,
  0x22, 0x49, 0xb2, 0xd4, 0xe4, 0x88, 0x33, 0x9e, 0x39, 0xa1, 0xe5, 0x52,
  0x0c, 0x00, 0x00, 0x00, 0x68, 0x0a, 0x00, 0x00, 0x00, 0x44, 0x00, 0x00,
  0x00, 0x00, 0x00, 0x00, 0x20, 0x00, 0x00, 0x00, 0x64, 0x02, 0x00, 0x00,
  0x80, 0x43, 0x00, 0x00, 0x63, 0x6f, 0x6d, 0x70, 0x75, 0x74, 0x65, 0x44,
  0x65, 0x73, 0x00, 0x00, 0x01, 0x00, 0x60, 0x00, 0x0c, 0x02, 0x00, 0x27,
  0x00, 0x00, 0x20, 0x00, 0x00, 0x00, 0x00, 0x00, 0x06, 0x80, 0x00, 0x00,
  0x04, 0x00, 0x00, 0x30, 0x00, 0x10, 0x00, 0x16, 0xc0, 0x04, 0xc0, 0x04,
  0x10, 0x00, 0x80, 0x05, 0x24, 0x02, 0x00, 0x20, 0x04, 0x07, 0x00, 0x02,
  0x54, 0x01, 0x00, 0x00, 0x10, 0x20, 0x80, 0x05, 0x24, 0x02, 0x00, 0x20,
  0x04, 0x07, 0x00, 0x02, 0x54, 0x01, 0x00, 0x00, 0x20, 0x00, 0x11, 0x00,
  0x04, 0x00, 0x00, 0x34, 0x00, 0x14, 0x00, 0x0e, 0x18, 0x43, 0x00, 0x00,
  0x0c, 0x00, 0x00, 0x00, 0x2c, 0x0a, 0xc0, 0x2f, 0x04, 0x07, 0x00, 0x1e,
  0x02, 0x00, 0x02, 0x00, 0x01, 0x00, 0x40, 0x00, 0x6c, 0x26, 0xb0, 0x2f,
  0x00, 0x00, 0x00, 0x00, 0x40, 0x88, 0x00, 0x00, 0x05, 0x00, 0x00, 0x00,
  0x2c, 0x0a, 0xc4, 0x2f, 0x04, 0x07, 0x00, 0x1e, 0xf0, 0xff, 0xf0, 0xff,
  0x01, 0x00, 0x00, 0x00, 0xec, 0x3e, 0x4c, 0x22, 0x00, 0x00, 0x00, 0x00,
  0xc4, 0x34, 0xc2, 0x27, 0x01, 0x00, 0x00, 0x00, 0xec, 0x3e, 0x10, 0x22,
  0x00, 0x00, 0x00, 0x00, 0x68, 0x21, 0xa2, 0x33, 0x01, 0x00, 0x00, 0x00,
  0xec, 0x3e, 0x48, 0x22, 0x00, 0x00, 0x00, 0x00, 0x83, 0xf9, 0x22, 0x3f,
  0x01, 0x00, 0x00, 0x00, 0xec, 0x3e, 0x08, 0x22, 0x00, 0x00, 0x00, 0x00,
  0xda, 0x0f, 0xc9, 0x3f, 0x05, 0x00, 0x00, 0x00, 0x2c, 0x0a, 0xa0, 0x2f,
  0xc0, 0x0f, 0x00, 0x1e, 0xfc, 0xff, 0xfc, 0xff, 0x01, 0x00, 0x00, 0x00,
  0xec, 0x3e, 0x0c, 0x22, 0x00, 0x00, 0x00, 0x00, 0x00, 0x00, 0x00, 0x3f,
  0x40, 0x00, 0x00, 0x00, 0x2c, 0x0a, 0x80, 0x2f, 0xc4, 0x0f, 0x00, 0x0a,
  0x68, 0x01, 0x00, 0x00, 0x01, 0x00, 0x00, 0x00, 0xec, 0x3e, 0x84, 0x22,
  0x00, 0x00, 0x00, 0x00, 0xab, 0xaa, 0x2a, 0x3d, 0x01, 0x00, 0x00, 0x00,
  0xec, 0x3e, 0x5c, 0x22, 0x00, 0x00, 0x00, 0x00, 0xe2, 0x0a, 0xd0, 0x37,
  0x01, 0x00, 0x00, 0x00, 0xec, 0x3e, 0x80, 0x22, 0x00, 0x00, 0x00, 0x00,
  0x60, 0x0b, 0xb6, 0xba, 0x01, 0x00, 0x00, 0x00, 0xec, 0x3e, 0x58, 0x22,
  0x00, 0x00, 0x00, 0x00, 0x3a, 0x92, 0x92, 0xb4, 0x40, 0x80, 0x65, 0x20,
  0x00, 0x7b, 0x7d, 0x0b, 0x01, 0x00, 0x00, 0x00, 0xec, 0x3e, 0x54, 0x22,
  0x00, 0x00, 0x00, 0x00, 0x4e, 0xd7, 0x47, 0xad, 0x40, 0x00, 0x40, 0x00,
  0x0c, 0x02, 0x40, 0x2f, 0x80, 0x0f, 0x00, 0x1a, 0xb0, 0x0f, 0x69, 0x00,
  0x01, 0x00, 0x00, 0x00, 0xec, 0x3e, 0x50, 0x22, 0x00, 0x00, 0x00, 0x00,
  0xf6, 0x74, 0x0f, 0x31, 0x01, 0x00, 0x00, 0x00, 0xec, 0x3e, 0x9c, 0x22,
  0x00, 0x00, 0x00, 0x00, 0xab, 0xaa, 0x2a, 0x3e, 0x01, 0x00, 0x00, 0x00,
  0xec, 0x3e, 0x98, 0x22, 0x00, 0x00, 0x00, 0x00, 0x87, 0x88, 0x08, 0x3c,
  0x01, 0x00, 0x00, 0x00, 0xec, 0x3e, 0x94, 0x22, 0x00, 0x00, 0x00, 0x00,
  0xd4, 0x09, 0x50, 0xb9, 0x31, 0x00, 0x00, 0x0a, 0x0c, 0x02, 0x00, 0x22,
  0x60, 0x0f, 0x00, 0x06, 0x01, 0x08, 0x11, 0x02, 0x01, 0x00, 0x00, 0x00,
  0xec, 0x3e, 0x90, 0x22, 0x00, 0x00, 0x00, 0x00, 0x25, 0xdf, 0x36, 0x36,
  0x31, 0x00, 0x40, 0x0a, 0x0c, 0x02, 0x20, 0x2f, 0x40, 0x0f, 0x00, 0x06,
  0x00, 0x08, 0x11, 0x02, 0x01, 0x00, 0x00, 0x00, 0xec, 0x3e, 0x8c, 0x22,
  0x00, 0x00, 0x00, 0x00, 0xd3, 0xc9, 0x2e, 0x2f, 0x01, 0x00, 0x00, 0x00,
  0xec, 0x3e, 0x44, 0x22, 0x00, 0x00, 0x00, 0x00, 0xa6, 0xaa, 0x2a, 0xbe,
  0x01, 0x00, 0x00, 0x00, 0xec, 0x3e, 0x88, 0x22, 0x00, 0x00, 0x00, 0x00,
  0x34, 0x2f, 0xd7, 0xb2, 0x01, 0x00, 0x00, 0x00, 0xec, 0x3e, 0x40, 0x22,
  0x00, 0x00, 0x00, 0x00, 0x6a, 0x87, 0x08, 0x3c, 0x01, 0x00, 0x00, 0x00,
  0xec, 0x3e, 0xdc, 0x24, 0x00, 0x00, 0x00, 0x00, 0xf8, 0xde, 0x2e, 0x36,
  0x01, 0x00, 0x00, 0x00, 0xec, 0x3e, 0xd8, 0x24, 0x00, 0x00, 0x00, 0x00,
  0xff, 0xb7, 0x4f, 0xb9, 0x01, 0x00, 0x00, 0x00, 0xec, 0x3e, 0xd4, 0x24,
  0x00, 0x00, 0x00, 0x00, 0x1a, 0x61, 0xb4, 0xac, 0x01, 0x00, 0x00, 0x00,
  0xec, 0x3e, 0xd0, 0x24, 0x00, 0x00, 0x00, 0x00, 0x00, 0x20, 0x22, 0xb4,
  0x01, 0x00, 0x00, 0x00, 0xec, 0x3e, 0x1c, 0x22, 0x00, 0x00, 0x00, 0x00,
  0x00, 0x00, 0x49, 0xc0, 0x01, 0x00, 0x00, 0x00, 0xec, 0x3e, 0xcc, 0x24,
  0x00, 0x00, 0x00, 0x00, 0x00, 0xa0, 0x7d, 0xba, 0x01, 0x00, 0x00, 0x00,
  0xec, 0x3e, 0x18, 0x22, 0x00, 0x00, 0x00, 0x00, 0x83, 0xf9, 0xa2, 0x3e,
  0x01, 0x00, 0x00, 0x00, 0xec, 0x3e, 0x14, 0x22, 0x00, 0x00, 0x00, 0x00,
  0x00, 0x00, 0x40, 0x4b, 0x10, 0x00, 0x80, 0x03, 0xe6, 0x3a, 0x00, 0x20,
  0x00, 0x22, 0x00, 0x3e, 0x00, 0x40, 0x1c, 0x46, 0x10, 0x20, 0x80, 0x03,
  0xe6, 0x3a, 0x00, 0x20, 0x00, 0x22, 0x00, 0x3e, 0x00, 0x40, 0x1c, 0x46,
  0x01, 0x00, 0x20, 0x00, 0xec, 0x3a, 0xc0, 0x24, 0x20, 0x0f, 0x45, 0x00,
  0x00, 0x00, 0x00, 0x00, 0x01, 0x00, 0x00, 0x00, 0xec, 0x3a, 0xc8, 0x24,
  0x28, 0x0f, 0x00, 0x00, 0x00, 0x00, 0x00, 0x00, 0x20, 0x00, 0x01, 0x00,
  0x06, 0x00, 0x00, 0x34, 0x00, 0x14, 0x00, 0x0e, 0x00, 0x01, 0x00, 0x00,
  0x40, 0x00, 0x00, 0x00, 0xec, 0x3a, 0xc0, 0x2f, 0x00, 0x02, 0x00, 0x3e,
  0xdb, 0x0f, 0xc9, 0x3f, 0x5b, 0x01, 0x40, 0x00, 0x04, 0x00, 0x02, 0x7d,
  0xc9, 0x0b, 0x21, 0xb9, 0x21, 0x24, 0x87, 0x1f, 0x40, 0x00, 0x00, 0x00,
  0xec, 0x3a, 0x80, 0x2f, 0xa0, 0x0f, 0x00, 0x3e, 0x00, 0x00, 0x40, 0xcb,
  0x09, 0x00, 0x00, 0x00, 0x2c, 0x0a, 0xa4, 0x2f, 0xa0, 0x0f, 0x00, 0x1e,
  0x1f, 0x00, 0x1f, 0x00, 0x40, 0x00, 0x00, 0x00, 0xec, 0x3a, 0xc0, 0x20,
  0x80, 0x0f, 0x00, 0x3e, 0x00, 0x00, 0x00, 0xbf, 0x5b, 0x01, 0x40, 0x00,
  0x04, 0x00, 0x02, 0x7b, 0xc9, 0x01, 0x21, 0xf9, 0x21, 0x24, 0x87, 0x01,
  0x5b, 0x01, 0x40, 0x00, 0x04, 0x00, 0x02, 0x7a, 0xc9, 0xb1, 0x27, 0xf9,
  0x4c, 0x24, 0x87, 0x01, 0x5b, 0x01, 0x40, 0x00, 0x04, 0x00, 0x02, 0x79,
  0xc9, 0xa1, 0x27, 0x39, 0x4d, 0x24, 0x87, 0x01, 0x5b, 0x01, 0x40, 0x00,
  0x04, 0x00, 0x02, 0x78, 0xc9, 0x91, 0x27, 0x79, 0x4d, 0x24, 0x87, 0x01,
  0x41, 0x40, 0x02, 0x20, 0x00, 0x08, 0x78, 0x78, 0x07, 0x00, 0x00, 0x00,
  0x2c, 0x0a, 0x04, 0x21, 0xa4, 0x0f, 0x00, 0x0a, 0x00, 0x0f, 0x00, 0x00,
  0x5b, 0x01, 0x40, 0x00, 0x04, 0x00, 0x02, 0x77, 0xc9, 0x6d, 0x22, 0xf9,
  0x4d, 0x24, 0x07, 0x02, 0x5b, 0x01, 0x40, 0x00, 0x04, 0x00, 0x02, 0x76,
  0xc9, 0x21, 0x21, 0x39, 0x10, 0x24, 0xc7, 0x1d, 0x5b, 0x01, 0x40, 0x00,
  0x04, 0x00, 0x02, 0x05, 0xc9, 0x23, 0x21, 0x39, 0x10, 0x24, 0x87, 0x1d,
  0x41, 0x40, 0x02, 0x20, 0x00, 0x7e, 0x08, 0x05, 0x5b, 0x01, 0x40, 0x00,
  0x04, 0x00, 0x82, 0x7f, 0xc9, 0x83, 0x20, 0x79, 0x10, 0x24, 0x87, 0x1f,
  0x20, 0x00, 0x00, 0x00, 0x04, 0x00, 0x00, 0x34, 0x00, 0x14, 0x00, 0x0e,
  0x88, 0x0c, 0x00, 0x00, 0x05, 0x00, 0x00, 0x00, 0x2c, 0x0a, 0x04, 0x22,
  0x00, 0x02, 0x00, 0x0e, 0xff, 0xff, 0xff, 0x7f, 0x10, 0x00, 0x80, 0x05,
  0xe4, 0x3a, 0x00, 0x20, 0x04, 0x22, 0x00, 0x3e, 0x00, 0x00, 0x00, 0x40,
  0x10, 0x20, 0x80, 0x05, 0xe4, 0x3a, 0x00, 0x20, 0x04, 0x22, 0x00, 0x3e,
  0x00, 0x00, 0x00, 0x40, 0x20, 0x00, 0x01, 0x00, 0x04, 0x00, 0x00, 0x34,
  0x00, 0x14, 0x00, 0x0e, 0xa8, 0x08, 0x00, 0x00, 0x05, 0x00, 0x00, 0x00,
  0x2c, 0x0a, 0xc4, 0x2f, 0x00, 0x02, 0x00, 0x0e, 0xff, 0xff, 0x7f, 0x00,
  0x08, 0x00, 0x00, 0x00, 0x2c, 0x02, 0xc0, 0x2f, 0x04, 0x02, 0x00, 0x1e,
  0x17, 0x00, 0x17, 0x00, 0x01, 0x00, 0x00, 0x00, 0x6c, 0x1e, 0x0c, 0x2f,
  0x00, 0x00, 0x00, 0x00, 0xe0, 0xff, 0xe0, 0xff, 0x06, 0x00, 0x00, 0x00,
  0x2c, 0x0a, 0xa0, 0x2f, 0xc4, 0x0f, 0x00, 0x0e, 0x00, 0x00, 0x80, 0x00,
  0x40, 0x00, 0x00, 0x00, 0x2c, 0x0a, 0xe0, 0x20, 0xc0, 0x0f, 0x00, 0x1e,
  0x88, 0xff, 0x88, 0xff, 0x41, 0x00, 0x00, 0x00, 0x2c, 0x03, 0xa8, 0x2f,
  0xa0, 0x0f, 0x00, 0x06, 0xab, 0x63, 0x51, 0xfe, 0x41, 0x00, 0x00, 0x00,
  0x2c, 0x03, 0x88, 0x2f, 0xa0, 0x0f, 0x00, 0x06, 0x41, 0x90, 0x43, 0x3c,
  0x41, 0x00, 0x00, 0x00, 0x2c, 0x0a, 0xb0, 0x2f, 0xa0, 0x0f, 0x00, 0x0e,
  0x41, 0x90, 0x43, 0x3c, 0x41, 0x00, 0x00, 0x00, 0x2c, 0x0a, 0x64, 0x2f,
  0xa0, 0x0f, 0x00, 0x0e, 0x99, 0x95, 0x62, 0xdb, 0x41, 0x00, 0x00, 0x00,
  0x2c, 0x03, 0x48, 0x2f, 0xa0, 0x0f, 0x00, 0x06, 0x99, 0x95, 0x62, 0xdb,
  0x41, 0x00, 0x00, 0x00, 0x2c, 0x0a, 0xc8, 0x2f, 0xa0, 0x0f, 0x00, 0x0e,
  0xc0, 0xdd, 0x34, 0xf5, 0x41, 0x00, 0x00, 0x00, 0x2c, 0x03, 0x28, 0x2f,
  0xa0, 0x0f, 0x00, 0x06, 0xc0, 0xdd, 0x34, 0xf5, 0x41, 0x00, 0x00, 0x00,
  0x2c, 0x0a, 0xa8, 0x2f, 0xa0, 0x0f, 0x00, 0x0e, 0xd1, 0x57, 0x27, 0xfc,
  0x41, 0x00, 0x00, 0x00, 0x2c, 0x0a, 0xa0, 0x20, 0xa0, 0x0f, 0x00, 0x0e,
  0x29, 0x15, 0x44, 0x4e, 0x40, 0x00, 0x00, 0x00, 0x2c, 0x0a, 0x80, 0x2f,
  0xb0, 0x0f, 0x00, 0x0a, 0xac, 0x0f, 0x00, 0x00, 0x41, 0x00, 0x00, 0x00,
  0x2c, 0x03, 0xc0, 0x20, 0xa0, 0x0f, 0x00, 0x06, 0x29, 0x15, 0x44, 0x4e,
  0x41, 0x00, 0x00, 0x00, 0x2c, 0x03, 0x50, 0x2f, 0xa0, 0x0f, 0x00, 0x06,
  0x6e, 0x83, 0xf9, 0xa2, 0x41, 0x00, 0x00, 0x00, 0x2c, 0x0a, 0xa4, 0x2f,
  0xa0, 0x0f, 0x00, 0x0e, 0xab, 0x63, 0x51, 0xfe, 0x10, 0x20, 0x80, 0x03,
  0x24, 0x02, 0x00, 0x20, 0xe0, 0x00, 0x00, 0x16, 0x1f, 0x00, 0x1f, 0x00,
  0x10, 0x00, 0x00, 0x05, 0x0c, 0x02, 0x84, 0x2f, 0x80, 0x0f, 0x00, 0x02,
  0xac, 0x0f, 0x00, 0x00, 0x40, 0x80, 0x55, 0x20, 0x08, 0x7b, 0x7c, 0x7c,
  0x41, 0x00, 0x00, 0x00, 0x2c, 0x03, 0x88, 0x2f, 0xa0, 0x0f, 0x00, 0x06,
  0xd1, 0x57, 0x27, 0xfc, 0x40, 0x80, 0x2d, 0x20, 0x00, 0x7a, 0x7b, 0x7b,
  0x10, 0x00, 0x00, 0x05, 0x0c, 0x02, 0x44, 0x2f, 0x40, 0x0f, 0x00, 0x02,
  0x60, 0x0f, 0x00, 0x00, 0x40, 0x00, 0x00, 0x00, 0x2c, 0x0a, 0xc4, 0x2f,
  0x4c, 0x0f, 0x00, 0x0a, 0x44, 0x4f, 0x00, 0x00, 0x40, 0x00, 0x00, 0x00,
  0x2c, 0x0a, 0x20, 0x2f, 0xc4, 0x0f, 0x00, 0x0a, 0xc8, 0x0f, 0x00, 0x00,
  0x10, 0x00, 0x00, 0x05, 0x0c, 0x02, 0x24, 0x2f, 0x20, 0x0f, 0x00, 0x02,
  0xc4, 0x0f, 0x00, 0x00, 0x41, 0x00, 0x00, 0x00, 0x2c, 0x0a, 0xc4, 0x2f,
  0xa0, 0x0f, 0x00, 0x0e, 0x6e, 0x83, 0xf9, 0xa2, 0x40, 0x80, 0x55, 0x20,
  0x08, 0x78, 0x79, 0x79, 0x40, 0x00, 0x00, 0x00, 0x2c, 0x0a, 0x84, 0x2f,
  0x00, 0x0f, 0x00, 0x0a, 0xa8, 0x0f, 0x00, 0x00, 0x10, 0x00, 0x00, 0x05,
  0x0c, 0x02, 0x90, 0x2f, 0x84, 0x0f, 0x00, 0x02, 0x00, 0x0f, 0x00, 0x00,
  0x40, 0x00, 0x00, 0x00, 0x2c, 0x0a, 0xe0, 0x2e, 0x8c, 0x0f, 0x00, 0x0a,
  0x90, 0x4f, 0x00, 0x00, 0x40, 0x80, 0x01, 0x20, 0x00, 0x7b, 0x77, 0x05,
  0x10, 0x00, 0x00, 0x05, 0x0c, 0x02, 0x64, 0x2f, 0x60, 0x0f, 0x00, 0x02,
  0xe0, 0x0e, 0x00, 0x00, 0x40, 0x80, 0x41, 0x20, 0x08, 0x7a, 0x06, 0x7b,
  0x40, 0x80, 0x49, 0x20, 0x00, 0x7a, 0x7a, 0x7e, 0x10, 0x00, 0x00, 0x05,
  0x0c, 0x02, 0x24, 0x2f, 0x48, 0x0f, 0x00, 0x02, 0x44, 0x0f, 0x00, 0x00,
  0x10, 0x00, 0x80, 0x03, 0x24, 0x02, 0x00, 0x20, 0xe0, 0x00, 0x00, 0x16,
  0x1f, 0x00, 0x1f, 0x00, 0x40, 0x00, 0x00, 0x00, 0x2c, 0x0a, 0xc0, 0x2e,
  0x54, 0x0f, 0x00, 0x0a, 0x24, 0x4f, 0x00, 0x00, 0x02, 0x00, 0x01, 0x00,
  0x2c, 0x1a, 0x10, 0x2f, 0x0c, 0x0f, 0x00, 0x1e, 0x00, 0x00, 0x00, 0x00,
  0x02, 0x00, 0x01, 0x00, 0x2c, 0x0a, 0x8c, 0x2f, 0x60, 0x0f, 0x00, 0x0a,
  0x48, 0x0f, 0x00, 0x00, 0x02, 0x00, 0x01, 0x00, 0x2c, 0x0a, 0x00, 0x2f,
  0x20, 0x0f, 0x00, 0x0a, 0x84, 0x0f, 0x00, 0x00, 0x02, 0x00, 0x01, 0x00,
  0x2c, 0x0a, 0x90, 0x2f, 0x84, 0x0f, 0x00, 0x0a, 0x60, 0x0f, 0x00, 0x00,
  0x02, 0x00, 0x01, 0x00, 0x2c, 0x0a, 0xa0, 0x20, 0x40, 0x0f, 0x00, 0x0a,
  0x20, 0x0f, 0x00, 0x00, 0x02, 0x00, 0x01, 0x00, 0x2c, 0x0a, 0x04, 0x2f,
  0x80, 0x0f, 0x00, 0x0a, 0x40, 0x0f, 0x00, 0x00, 0x02, 0x00, 0x01, 0x00,
  0x2c, 0x0a, 0x08, 0x2f, 0xa4, 0x0f, 0x00, 0x0a, 0x80, 0x0f, 0x00, 0x00,
  0x40, 0x80, 0x21, 0x20, 0x00, 0x7e, 0x78, 0x07, 0x02, 0x00, 0x01, 0x00,
  0x2c, 0x0a, 0x88, 0x2f, 0x48, 0x0f, 0x00, 0x0a, 0xc0, 0x0e, 0x00, 0x00,
  0x10, 0x00, 0x80, 0x03, 0x24, 0x02, 0x00, 0x20, 0xc0, 0x0f, 0x00, 0x16,
  0x1f, 0x00, 0x1f, 0x00, 0x10, 0x20, 0x80, 0x03, 0x24, 0x02, 0x00, 0x20,
  0xc0, 0x0f, 0x00, 0x16, 0x1f, 0x00, 0x1f, 0x00, 0x02, 0x00, 0x01, 0x00,
  0x2c, 0x1a, 0xc8, 0x2f, 0x0c, 0x0f, 0x00, 0x1e, 0x00, 0x00, 0x00, 0x00,
  0x02, 0x00, 0x01, 0x00, 0x2c, 0x0a, 0xa4, 0x20, 0x8c, 0x0f, 0x00, 0x0a,
  0x88, 0x0f, 0x00, 0x00, 0x02, 0x00, 0x01, 0x00, 0x2c, 0x0a, 0xa8, 0x20,
  0x90, 0x0f, 0x00, 0x0a, 0x8c, 0x0f, 0x00, 0x00, 0x02, 0x00, 0x01, 0x00,
  0x2c, 0x0a, 0xac, 0x20, 0x00, 0x0f, 0x00, 0x0a, 0x90, 0x0f, 0x00, 0x00,
  0x02, 0x00, 0x01, 0x00, 0x2c, 0x0a, 0xc0, 0x20, 0x04, 0x0f, 0x00, 0x0a,
  0xa0, 0x00, 0x00, 0x00, 0x02, 0x00, 0x01, 0x00, 0x2c, 0x0a, 0xb0, 0x20,
  0xa0, 0x00, 0x00, 0x0a, 0x00, 0x0f, 0x00, 0x00, 0x02, 0x00, 0x01, 0x00,
  0x2c, 0x0a, 0xc4, 0x2f, 0x08, 0x0f, 0x00, 0x0a, 0x04, 0x0f, 0x00, 0x00,
  0x40, 0x80, 0x19, 0x20, 0x00, 0x7d, 0x7e, 0x7e, 0x10, 0x00, 0x80, 0x03,
  0x24, 0x02, 0x00, 0x20, 0xa0, 0x0f, 0x00, 0x16, 0x1f, 0x00, 0x1f, 0x00,
  0x10, 0x20, 0x80, 0x03, 0x24, 0x02, 0x00, 0x20, 0xa0, 0x0f, 0x00, 0x16,
  0x1f, 0x00, 0x1f, 0x00, 0x02, 0x00, 0x01, 0x00, 0x2c, 0x1a, 0xa4, 0x2f,
  0x0c, 0x0f, 0x00, 0x1e, 0x00, 0x00, 0x00, 0x00, 0x02, 0x00, 0x01, 0x00,
  0x2c, 0x0a, 0xc4, 0x20, 0xa8, 0x00, 0x00, 0x0a, 0xa4, 0x00, 0x00, 0x00,
  0x02, 0x00, 0x01, 0x00, 0x2c, 0x0a, 0xc8, 0x20, 0xac, 0x00, 0x00, 0x0a,
  0xa8, 0x00, 0x00, 0x00, 0x02, 0x00, 0x01, 0x00, 0x2c, 0x0a, 0xcc, 0x20,
  0xb0, 0x00, 0x00, 0x0a, 0xac, 0x00, 0x00, 0x00, 0x02, 0x00, 0x01, 0x00,
  0x2c, 0x0a, 0xd0, 0x20, 0xc0, 0x00, 0x00, 0x0a, 0xb0, 0x00, 0x00, 0x00,
  0x02, 0x00, 0x01, 0x00, 0x2c, 0x0a, 0xe0, 0x20, 0xc4, 0x0f, 0x00, 0x0a,
  0xc0, 0x00, 0x00, 0x00, 0x40, 0x80, 0x15, 0x20, 0x00, 0x7c, 0x7d, 0x7d,
  0x10, 0x00, 0x80, 0x03, 0x24, 0x02, 0x00, 0x20, 0x80, 0x0f, 0x00, 0x16,
  0x1f, 0x00, 0x1f, 0x00, 0x10, 0x20, 0x80, 0x03, 0x24, 0x02, 0x00, 0x20,
  0x80, 0x0f, 0x00, 0x16, 0x1f, 0x00, 0x1f, 0x00, 0x02, 0x00, 0x01, 0x00,
  0x2c, 0x1a, 0x04, 0x21, 0x0c, 0x0f, 0x00, 0x1e, 0x00, 0x00, 0x00, 0x00,
  0x02, 0x00, 0x01, 0x00, 0x2c, 0x0a, 0xe4, 0x20, 0xc8, 0x00, 0x00, 0x0a,
  0xc4, 0x00, 0x00, 0x00, 0x02, 0x00, 0x01, 0x00, 0x2c, 0x0a, 0xe8, 0x20,
  0xcc, 0x00, 0x00, 0x0a, 0xc8, 0x00, 0x00, 0x00, 0x02, 0x00, 0x01, 0x00,
  0x2c, 0x0a, 0xec, 0x20, 0xd0, 0x00, 0x00, 0x0a, 0xcc, 0x00, 0x00, 0x00,
  0x02, 0x00, 0x01, 0x00, 0x2c, 0x0a, 0x00, 0x21, 0xe0, 0x00, 0x00, 0x0a,
  0xd0, 0x00, 0x00, 0x00, 0x40, 0x80, 0x15, 0x20, 0x00, 0x09, 0x08, 0x7c,
  0x01, 0xc0, 0x02, 0x60, 0x00, 0x7b, 0x09, 0x00, 0x05, 0x00, 0x00, 0x00,
  0x2c, 0x0a, 0xa0, 0x20, 0x20, 0x01, 0x00, 0x1e, 0x1f, 0x00, 0x1f, 0x00,
  0x10, 0x00, 0x80, 0x01, 0x24, 0x0a, 0x00, 0x20, 0x20, 0x01, 0x00, 0x1e,
  0x00, 0x00, 0x00, 0x00, 0x10, 0x20, 0x80, 0x01, 0x24, 0x0a, 0x00, 0x20,
  0x20, 0x01, 0x00, 0x1e, 0x00, 0x00, 0x00, 0x00, 0x05, 0x00, 0x00, 0x00,
  0x2c, 0x0a, 0xa4, 0x20, 0x60, 0x0f, 0x00, 0x1e, 0x1f, 0x00, 0x1f, 0x00,
  0x09, 0x80, 0x15, 0x20, 0x00, 0x7e, 0x07, 0x05, 0x09, 0x00, 0x00, 0x00,
  0x2c, 0x0a, 0x28, 0x21, 0xe8, 0x00, 0x00, 0x0a, 0xa0, 0x00, 0x00, 0x00,
  0x09, 0x80, 0x1d, 0x20, 0x00, 0x06, 0x07, 0x05, 0x08, 0x00, 0x00, 0x00,
  0x2c, 0x02, 0xa8, 0x20, 0xe8, 0x00, 0x00, 0x0a, 0xa4, 0x00, 0x00, 0x00,
  0x08, 0x00, 0x00, 0x00, 0x2c, 0x02, 0x2c, 0x21, 0xec, 0x00, 0x00, 0x0a,
  0xa4, 0x00, 0x00, 0x00, 0x08, 0x00, 0x00, 0x00, 0x2c, 0x02, 0xa0, 0x2f,
  0x00, 0x01, 0x00, 0x0a, 0xa4, 0x00, 0x00, 0x00, 0x06, 0x00, 0x00, 0x00,
  0x2c, 0x0a, 0x24, 0x21, 0xc0, 0x0f, 0x00, 0x0a, 0xa8, 0x00, 0x00, 0x00,
  0x06, 0x00, 0x00, 0x00, 0x2c, 0x0a, 0x40, 0x21, 0x28, 0x01, 0x00, 0x0a,
  0x2c, 0x01, 0x00, 0x00, 0x06, 0x80, 0x01, 0x20, 0x00, 0x07, 0x06, 0x7d,
  0x08, 0x00, 0x00, 0x00, 0x2c, 0x02, 0xc0, 0x20, 0x00, 0x01, 0x00, 0x1e,
  0x1e, 0x00, 0x1e, 0x00, 0x02, 0x00, 0x01, 0x00, 0x2c, 0x0a, 0x04, 0x21,
  0xe4, 0x00, 0x00, 0x0a, 0x24, 0x01, 0x00, 0x00, 0x02, 0x00, 0x01, 0x00,
  0x2c, 0x0a, 0x0c, 0x21, 0xe8, 0x00, 0x00, 0x0a, 0x40, 0x01, 0x00, 0x00,
  0x02, 0x00, 0x01, 0x00, 0x2c, 0x0a, 0x10, 0x21, 0xec, 0x00, 0x00, 0x0a,
  0xe0, 0x00, 0x00, 0x00, 0x08, 0x00, 0x00, 0x00, 0x2c, 0x02, 0x14, 0x21,
  0x04, 0x01, 0x00, 0x1e, 0x1d, 0x00, 0x1d, 0x00, 0x09, 0x00, 0x00, 0x00,
  0x2c, 0x0a, 0x18, 0x21, 0x04, 0x01, 0x00, 0x1e, 0x02, 0x00, 0x02, 0x00,
  0x09, 0x00, 0x00, 0x00, 0x2c, 0x0a, 0x84, 0x21, 0x0c, 0x01, 0x00, 0x1e,
  0x02, 0x00, 0x02, 0x00, 0x08, 0x00, 0x00, 0x00, 0x2c, 0x02, 0x1c, 0x21,
  0x0c, 0x01, 0x00, 0x1e, 0x1e, 0x00, 0x1e, 0x00, 0x08, 0x00, 0x00, 0x00,
  0x2c, 0x02, 0xa0, 0x20, 0x10, 0x01, 0x00, 0x1e, 0x1e, 0x00, 0x1e, 0x00,
  0x09, 0x00, 0x00, 0x00, 0x2c, 0x0a, 0xc0, 0x2f, 0x10, 0x01, 0x00, 0x1e,
  0x02, 0x00, 0x02, 0x00, 0x09, 0x00, 0x00, 0x00, 0x2c, 0x0a, 0xa4, 0x2f,
  0x14, 0x01, 0x00, 0x1e, 0x1f, 0x00, 0x1f, 0x00, 0x05, 0x00, 0x00, 0x00,
  0x2c, 0x0a, 0x20, 0x21, 0x14, 0x01, 0x00, 0x1e, 0x01, 0x00, 0x01, 0x00,
  0x06, 0x00, 0x00, 0x00, 0x2c, 0x0a, 0x60, 0x21, 0x18, 0x01, 0x00, 0x0a,
  0x1c, 0x01, 0x00, 0x00, 0x06, 0x00, 0x00, 0x00, 0x2c, 0x0a, 0x64, 0x21,
  0x84, 0x01, 0x00, 0x0a, 0xa0, 0x00, 0x00, 0x00, 0x06, 0x80, 0x01, 0x20,
  0x00, 0x7d, 0x7e, 0x06, 0x0c, 0x00, 0x00, 0x00, 0x2c, 0x0a, 0xa8, 0x2f,
  0xa4, 0x0f, 0x00, 0x1e, 0x1f, 0x00, 0x1f, 0x00, 0x07, 0x00, 0x20, 0x00,
  0x2c, 0x0a, 0xb0, 0x2f, 0xa8, 0x0f, 0x00, 0x0a, 0x60, 0x01, 0x45, 0x00,
  0x07, 0x80, 0x19, 0x20, 0x00, 0x7c, 0x7d, 0x7d, 0x4a, 0x40, 0x20, 0x20,
  0x00, 0x07, 0x7d, 0x00, 0x40, 0x00, 0x00, 0x00, 0x2c, 0x0a, 0x84, 0x2f,
  0xe0, 0x00, 0x00, 0x1e, 0x01, 0x00, 0x01, 0x00, 0x40, 0x00, 0x00, 0x00,
  0x2c, 0x0a, 0x88, 0x2f, 0xe0, 0x40, 0x00, 0x1e, 0x1f, 0x00, 0x1f, 0x00,
  0x41, 0x00, 0x00, 0x00, 0x2c, 0x0a, 0xe8, 0x20, 0xe0, 0x00, 0x00, 0x0e,
  0x00, 0x00, 0x80, 0xff, 0x05, 0x00, 0x00, 0x00, 0x2c, 0x0a, 0x60, 0x2f,
  0x84, 0x0f, 0x00, 0x1e, 0x1f, 0x00, 0x1f, 0x00, 0x05, 0x00, 0x00, 0x00,
  0x2c, 0x0a, 0x64, 0x2f, 0x88, 0x0f, 0x00, 0x1e, 0x1f, 0x00, 0x1f, 0x00,
  0x40, 0x00, 0x00, 0x00, 0x2c, 0x0a, 0x00, 0x21, 0xe8, 0x00, 0x00, 0x0e,
  0x00, 0x00, 0x00, 0x3f, 0x09, 0x80, 0x21, 0x20, 0x00, 0x05, 0x7d, 0x7b,
  0x09, 0x80, 0x29, 0x20, 0x00, 0x7a, 0x7d, 0x7b, 0x08, 0x00, 0x00, 0x00,
  0x2c, 0x02, 0xc0, 0x2f, 0xb4, 0x0f, 0x00, 0x0a, 0x64, 0x0f, 0x00, 0x00,
  0x08, 0x00, 0x00, 0x00, 0x2c, 0x02, 0xc4, 0x20, 0x80, 0x0f, 0x00, 0x0a,
  0x64, 0x0f, 0x00, 0x00, 0x06, 0x00, 0x00, 0x00, 0x2c, 0x0a, 0x24, 0x21,
  0x00, 0x01, 0x00, 0x0a, 0xa4, 0x0f, 0x00, 0x00, 0x06, 0x80, 0x01, 0x20,
  0x00, 0x06, 0x05, 0x7e, 0x06, 0x00, 0x00, 0x00, 0x2c, 0x0a, 0xe4, 0x20,
  0x40, 0x0f, 0x00, 0x0a, 0xc4, 0x00, 0x00, 0x00, 0x09, 0x00, 0x00, 0x00,
  0x2c, 0x0a, 0x40, 0x21, 0xc0, 0x00, 0x00, 0x1e, 0x17, 0x00, 0x17, 0x00,
  0x08, 0x00, 0x00, 0x00, 0x2c, 0x02, 0x44, 0x21, 0xe4, 0x00, 0x00, 0x1e,
  0x09, 0x00, 0x09, 0x00, 0x08, 0x00, 0x00, 0x00, 0x2c, 0x02, 0x28, 0x21,
  0xc0, 0x00, 0x00, 0x1e, 0x09, 0x00, 0x09, 0x00, 0x40, 0x00, 0x00, 0x00,
  0x2c, 0x0a, 0xc0, 0x20, 0xe0, 0x40, 0x00, 0x1e, 0xe8, 0x01, 0xe8, 0x01,
  0x06, 0x80, 0x2d, 0x20, 0x00, 0x0b, 0x0a, 0x0a, 0x06, 0x00, 0x00, 0x00,
  0x2c, 0x0a, 0x20, 0x2f, 0x24, 0x01, 0x00, 0x0a, 0x28, 0x01, 0x00, 0x00,
  0x4a, 0x40, 0x00, 0x20, 0x00, 0x05, 0x0b, 0x00, 0x41, 0x00, 0x00, 0x00,
  0xec, 0x3a, 0xc0, 0x21, 0x20, 0x0f, 0x00, 0x3e, 0xda, 0x0f, 0xc9, 0x3f,
  0x04, 0x00, 0x00, 0x00, 0x2c, 0x0a, 0xa4, 0x20, 0xa0, 0x00, 0x00, 0x00,
  0x00, 0x00, 0x00, 0x00, 0x40, 0x00, 0x00, 0x00, 0x2c, 0x0a, 0x64, 0x21,
  0xa0, 0x40, 0x00, 0x1e, 0x1f, 0x00, 0x1f, 0x00, 0x40, 0x00, 0x00, 0x00,
  0x2c, 0x0a, 0xa8, 0x20, 0xa0, 0x00, 0x00, 0x1e, 0x01, 0x00, 0x01, 0x00,
  0x5b, 0x01, 0x40, 0x00, 0x44, 0x00, 0x82, 0x0c, 0xc9, 0xe1, 0x20, 0xb9,
  0x20, 0x24, 0x47, 0x1e, 0x40, 0x80, 0x2d, 0x20, 0x00, 0x7e, 0x06, 0x05,
  0x05, 0x00, 0x00, 0x00, 0x2c, 0x0a, 0xec, 0x20, 0x64, 0x01, 0x00, 0x1e,
  0x1f, 0x00, 0x1f, 0x00, 0x05, 0x00, 0x00, 0x00, 0x2c, 0x0a, 0x84, 0x21,
  0xa8, 0x00, 0x00, 0x1e, 0x1f, 0x00, 0x1f, 0x00, 0x09, 0x00, 0x00, 0x00,
  0x2c, 0x0a, 0x28, 0x21, 0xc0, 0x0f, 0x00, 0x1e, 0x17, 0x00, 0x17, 0x00,
  0x08, 0x00, 0x00, 0x00, 0x2c, 0x02, 0x00, 0x21, 0xe4, 0x00, 0x00, 0x0a,
  0xec, 0x00, 0x00, 0x00, 0x09, 0x00, 0x00, 0x00, 0x2c, 0x0a, 0xe8, 0x20,
  0x60, 0x01, 0x00, 0x0a, 0x84, 0x01, 0x00, 0x00, 0x5b, 0x01, 0x40, 0x00,
  0x04, 0x00, 0x02, 0x0b, 0xc9, 0xc9, 0x20, 0x39, 0x21, 0x24, 0x47, 0x1e,
  0x08, 0x00, 0x00, 0x00, 0x2c, 0x02, 0xc0, 0x2f, 0x04, 0x01, 0x00, 0x1e,
  0x1e, 0x00, 0x1e, 0x00, 0x40, 0x00, 0x00, 0x00, 0x2c, 0x0a, 0x40, 0x21,
  0x28, 0x01, 0x00, 0x0e, 0x00, 0x00, 0x80, 0x3f, 0x06, 0x00, 0x00, 0x00,
  0x2c, 0x0a, 0x24, 0x21, 0xe8, 0x00, 0x00, 0x0a, 0x00, 0x01, 0x00, 0x00,
  0x40, 0x00, 0x00, 0x00, 0x2c, 0x0a, 0x04, 0x21, 0x20, 0x01, 0x00, 0x0a,
  0xc0, 0x0f, 0x00, 0x00, 0x06, 0x80, 0x2d, 0x20, 0x00, 0x0d, 0x0a, 0x7d,
  0x08, 0x00, 0x00, 0x00, 0x2c, 0x02, 0x80, 0x2f, 0x24, 0x01, 0x00, 0x1e,
  0x09, 0x00, 0x09, 0x00, 0x06, 0x80, 0x01, 0x20, 0x00, 0x7b, 0x0d, 0x7c,
  0x5b, 0x01, 0x40, 0x00, 0x04, 0x00, 0x82, 0x0e, 0xc9, 0xb1, 0x20, 0xb9,
  0x20, 0x24, 0xc7, 0x1e, 0x40, 0x40, 0x6e, 0x20, 0x00, 0x0a, 0x0e, 0x0e,
  0x40, 0x40, 0x02, 0x20, 0x08, 0x07, 0x0a, 0x0e, 0x40, 0x00, 0x00, 0x00,
  0xec, 0x3a, 0x44, 0x21, 0xd0, 0x01, 0x00, 0x3a, 0xe0, 0x40, 0x00, 0x00,
  0x20, 0x00, 0x00, 0x00, 0x04, 0x00, 0x00, 0x34, 0x00, 0x14, 0x00, 0x0e,
  0x30, 0x01, 0x00, 0x00, 0x5b, 0x01, 0x40, 0x00, 0x04, 0x00, 0x02, 0x7e,
  0xc9, 0x07, 0x21, 0xb9, 0x24, 0x24, 0x0f, 0x04, 0x47, 0x00, 0x01, 0x20,
  0x00, 0x06, 0x7e, 0x00, 0x41, 0x00, 0x00, 0x00, 0xec, 0x3a, 0xa0, 0x2f,
  0xc0, 0x00, 0x00, 0x3e, 0xda, 0x0f, 0xc9, 0x3f, 0x41, 0x00, 0x00, 0x00,
  0xec, 0x3a, 0x44, 0x2f, 0xc0, 0x00, 0x00, 0x3e, 0x68, 0x21, 0xa2, 0x33,
  0x41, 0x00, 0x00, 0x00, 0xec, 0x3a, 0xa0, 0x20, 0xc0, 0x00, 0x00, 0x3e,
  0xc4, 0x34, 0xc2, 0x27, 0x01, 0x00, 0x00, 0x00, 0x2c, 0x3a, 0x04, 0x21,
  0xc0, 0x00, 0x00, 0x00, 0x00, 0x00, 0x00, 0x00, 0x40, 0x00, 0x00, 0x00,
  0xec, 0x3a, 0xa4, 0x2f, 0x04, 0x02, 0x00, 0x3a, 0xa0, 0x4f, 0x00, 0x00,
  0x5b, 0x01, 0x40, 0x00, 0x44, 0x00, 0x82, 0x7d, 0xc9, 0xd1, 0x27, 0xb9,
  0x20, 0x24, 0x87, 0x01, 0x5b, 0x01, 0x40, 0x00, 0x44, 0x00, 0x82, 0x7a,
  0xc9, 0xa3, 0x27, 0x39, 0x21, 0x24, 0x87, 0x01, 0x5b, 0x01, 0x40, 0x00,
  0x44, 0x00, 0x82, 0x77, 0xc9, 0x51, 0x20, 0xf9, 0x24, 0x24, 0x87, 0x01,
  0x40, 0x40, 0x4a, 0x20, 0x08, 0x7d, 0x10, 0x7d, 0x01, 0x00, 0x00, 0x00,
  0xec, 0x3a, 0x44, 0x21, 0xf0, 0x4e, 0x00, 0x00, 0x00, 0x00, 0x00, 0x00,
  0x40, 0x40, 0x1a, 0x20, 0x08, 0x7c, 0x7d, 0x7d, 0x40, 0x40, 0x6e, 0x20,
  0x08, 0x7b, 0x7c, 0x7d, 0x40, 0x40, 0x16, 0x20, 0x00, 0x7a, 0x7d, 0x7b,
  0x40, 0x00, 0x00, 0x00, 0xec, 0x3a, 0x48, 0x2f, 0x40, 0x0f, 0x00, 0x3a,
  0x44, 0x4f, 0x00, 0x00, 0x40, 0x40, 0x5e, 0x20, 0x08, 0x79, 0x7a, 0x7a,
  0x40, 0x40, 0x2e, 0x20, 0x08, 0x7e, 0x79, 0x7a, 0x40, 0x40, 0x6e, 0x20,
  0x08, 0x78, 0x7e, 0x7a, 0x40, 0x40, 0x1a, 0x20, 0x00, 0x77, 0x7a, 0x78,
  0x40, 0x00, 0x00, 0x00, 0xec, 0x3a, 0xe4, 0x2e, 0xe0, 0x0e, 0x00, 0x3a,
  0xa0, 0x40, 0x00, 0x00, 0x40, 0x40, 0x2e, 0x20, 0x08, 0x7c, 0x77, 0x77,
  0x40, 0x00, 0x00, 0x00, 0xec, 0x3a, 0xc4, 0x20, 0x80, 0x0f, 0x00, 0x3a,
  0xa0, 0x40, 0x00, 0x00, 0x40, 0x00, 0x00, 0x00, 0xec, 0x3a, 0x40, 0x21,
  0xe4, 0x0e, 0x00, 0x3a, 0xc4, 0x00, 0x00, 0x00, 0x05, 0x00, 0x00, 0x00,
  0x2c, 0x0a, 0xc0, 0x2f, 0x04, 0x01, 0x00, 0x1e, 0x01, 0x00, 0x01, 0x00,
  0x05, 0x20, 0x00, 0x00, 0x2c, 0x0a, 0xa0, 0x2f, 0x04, 0x01, 0x00, 0x1e,
  0x01, 0x00, 0x01, 0x00, 0x41, 0x40, 0x02, 0x20, 0x00, 0x08, 0x0a, 0x0a,
  0x10, 0x00, 0x80, 0x01, 0x24, 0x0a, 0x00, 0x20, 0xc0, 0x0f, 0x00, 0x1e,
  0x00, 0x00, 0x00, 0x00, 0x10, 0x20, 0x80, 0x01, 0x24, 0x0a, 0x00, 0x20,
  0xa0, 0x0f, 0x00, 0x1e, 0x00, 0x00, 0x00, 0x00, 0x20, 0x00, 0x01, 0x00,
  0x04, 0x00, 0x00, 0x34, 0x00, 0x14, 0x00, 0x0e, 0xa8, 0x00, 0x00, 0x00,
  0x5b, 0x01, 0x40, 0x00, 0x04, 0x00, 0x82, 0x7e, 0xc9, 0x45, 0x21, 0xf9,
  0x28, 0x24, 0x07, 0x02, 0x41, 0x40, 0x02, 0x20, 0x00, 0x7e, 0x0a, 0x08,
  0x5b, 0x01, 0x40, 0x00, 0x04, 0x00, 0x02, 0x7d, 0xc9, 0x49, 0x21, 0x39,
  0xfd, 0x24, 0x07, 0x02, 0x5b, 0x01, 0x40, 0x00, 0x04, 0x00, 0x02, 0x7c,
  0xc9, 0x4b, 0x21, 0x39, 0xfa, 0x24, 0x07, 0x02, 0x5b, 0x01, 0x40, 0x00,
  0x04, 0x00, 0x02, 0x7b, 0xc9, 0x4d, 0x21, 0x39, 0xf8, 0x24, 0x07, 0x02,
  0x41, 0x40, 0x02, 0x20, 0x08, 0x7a, 0x7b, 0x7e, 0x5b, 0x01, 0x40, 0x00,
  0x04, 0x00, 0x02, 0x79, 0xc9, 0xa1, 0x27, 0xf9, 0x20, 0x24, 0x8f, 0x02,
  0x5b, 0x01, 0x40, 0x00, 0x44, 0x00, 0x02, 0x78, 0xc9, 0xa3, 0x20, 0x39,
  0xf2, 0x24, 0x07, 0x02, 0x5b, 0x01, 0x40, 0x00, 0x04, 0x00, 0x02, 0x77,
  0xc9, 0x81, 0x27, 0xf9, 0x29, 0x24, 0x87, 0x1f, 0x40, 0x40, 0x02, 0x20,
  0x08, 0x05, 0x0a, 0x77, 0x01, 0x00, 0x00, 0x00, 0xec, 0x3a, 0x0c, 0x21,
  0xa0, 0x40, 0x00, 0x00, 0x00, 0x00, 0x00, 0x00, 0x20, 0x00, 0x00, 0x00,
  0x04, 0x00, 0x00, 0x34, 0x00, 0x14, 0x00, 0x0e, 0x28, 0x01, 0x00, 0x00,
  0x5b, 0x01, 0x40, 0x00, 0x04, 0x00, 0x02, 0x7e, 0xc9, 0x29, 0x21, 0x79,
  0x25, 0x24, 0x07, 0x02, 0x05, 0x00, 0x00, 0x00, 0x2c, 0x0a, 0x24, 0x2f,
  0x40, 0x01, 0x00, 0x0e, 0xff, 0xff, 0xff, 0x7f, 0x41, 0x00, 0x00, 0x00,
  0xec, 0x3a, 0xa4, 0x20, 0x44, 0x01, 0x00, 0x3a, 0x40, 0x41, 0x00, 0x00,
  0x5b, 0x01, 0x40, 0x00, 0x04, 0x00, 0x02, 0x7d, 0xc9, 0x2d, 0x21, 0x39,
  0xfc, 0x24, 0x07, 0x02, 0x40, 0x00, 0x00, 0x00, 0x2c, 0x0a, 0x2c, 0x2f,
  0x24, 0x0f, 0x00, 0x0e, 0x66, 0x66, 0x66, 0xc1, 0x40, 0x00, 0x00, 0x00,
  0x2c, 0x0a, 0x28, 0x2f, 0x24, 0x0f, 0x00, 0x0e, 0x00, 0x00, 0x00, 0xff,
  0x5b, 0x01, 0x40, 0x00, 0x04, 0x00, 0x02, 0x7c, 0xc9, 0x2f, 0x21, 0x39,
  0xfa, 0x24, 0x07, 0x02, 0x10, 0x00, 0x00, 0x05, 0x04, 0x02, 0x00, 0x20,
  0x2c, 0x0f, 0x00, 0x06, 0x67, 0x66, 0xae, 0x00, 0x5b, 0x01, 0x40, 0x00,
  0x04, 0x00, 0x02, 0x7b, 0xc9, 0x41, 0x21, 0x39, 0xf8, 0x24, 0x07, 0x02,
  0x02, 0x00, 0x01, 0x00, 0xec, 0x3a, 0x00, 0x2f, 0x28, 0x0f, 0x00, 0x3e,
  0x00, 0x00, 0x00, 0x00, 0x10, 0x00, 0x00, 0x03, 0x04, 0x02, 0x00, 0x20,
  0x24, 0x0f, 0x00, 0x06, 0x00, 0x00, 0x48, 0x3f, 0x5b, 0x01, 0x40, 0x00,
  0x04, 0x00, 0x02, 0x7a, 0xc9, 0x43, 0x21, 0x39, 0xf6, 0x24, 0x07, 0x02,
  0x02, 0x00, 0x11, 0x00, 0xec, 0x3a, 0xe0, 0x2e, 0x00, 0x0f, 0x00, 0x3e,
  0x00, 0x00, 0x90, 0x3e, 0x41, 0x40, 0x02, 0x20, 0x00, 0x79, 0x08, 0x7a,
  0x5b, 0x01, 0x40, 0x00, 0x44, 0x00, 0x02, 0x05, 0xc9, 0x71, 0x27, 0xf9,
  0x20, 0x24, 0x07, 0x02, 0x40, 0x00, 0x00, 0x00, 0xec, 0x3a, 0xc0, 0x2f,
  0xe0, 0x4e, 0x00, 0x3e, 0x00, 0x00, 0x80, 0x3f, 0x5b, 0x01, 0x40, 0x00,
  0x04, 0x00, 0x02, 0x06, 0xc9, 0x53, 0x20, 0x39, 0xf2, 0x24, 0x07, 0x02,
  0x40, 0x00, 0x00, 0x00, 0xec, 0x3a, 0xc4, 0x2f, 0xa0, 0x00, 0x00, 0x3a,
  0xc0, 0x40, 0x00, 0x00, 0x40, 0x00, 0x00, 0x00, 0xec, 0x3a, 0x0c, 0x21,
  0xc0, 0x0f, 0x00, 0x3a, 0xc4, 0x4f, 0x00, 0x00, 0x09, 0x00, 0x00, 0x00,
  0x2c, 0x0a, 0xc0, 0x2f, 0x04, 0x01, 0x00, 0x1e, 0x1e, 0x00, 0x1e, 0x00,
  0x10, 0x00, 0x00, 0x03, 0x04, 0x02, 0x00, 0x20, 0x04, 0x02, 0x00, 0x06,
  0xff, 0xff, 0x7f, 0x7f, 0x05, 0x00, 0x00, 0x00, 0x2c, 0x0a, 0xa0, 0x2f,
  0xc0, 0x0f, 0x00, 0x0e, 0x00, 0x00, 0x00, 0x80, 0x07, 0x80, 0x65, 0x20,
  0x00, 0x7c, 0x7d, 0x08, 0x02, 0x00, 0x11, 0x00, 0xec, 0x3a, 0xf0, 0x2f,
  0x80, 0x0f, 0x00, 0x3e, 0x00, 0x00, 0xc0, 0x7f, 0x20, 0x00, 0x01, 0x00,
  0x06, 0x00, 0x00, 0x34, 0x00, 0x14, 0x00, 0x0e, 0xe0, 0x00, 0x00, 0x00,
  0x5b, 0x01, 0x40, 0x00, 0x04, 0x00, 0x02, 0x7e, 0xc9, 0x0b, 0x21, 0xb9,
  0x21, 0x24, 0x07, 0x04, 0x40, 0x00, 0x00, 0x00, 0xec, 0x3a, 0xc0, 0x20,
  0xc0, 0x0f, 0x00, 0x3e, 0x00, 0x00, 0x40, 0xcb, 0x09, 0x00, 0x00, 0x00,
  0x2c, 0x0a, 0xc4, 0x2f, 0xc0, 0x0f, 0x00, 0x1e, 0x1f, 0x00, 0x1f, 0x00,
  0x5b, 0x01, 0x40, 0x00, 0x04, 0x00, 0x02, 0x7d, 0xc9, 0x01, 0x21, 0xf9,
  0x21, 0x24, 0x87, 0x01, 0x5b, 0x01, 0x40, 0x00, 0x04, 0x00, 0x02, 0x7c,
  0xc9, 0xd1, 0x27, 0xf9, 0x4c, 0x24, 0x87, 0x01, 0x5b, 0x01, 0x40, 0x00,
  0x04, 0x00, 0x02, 0x7b, 0xc9, 0xc1, 0x27, 0x39, 0x4d, 0x24, 0x87, 0x01,
  0x5b, 0x01, 0x40, 0x00, 0x04, 0x00, 0x02, 0x7a, 0xc9, 0xb1, 0x27, 0x79,
  0x4d, 0x24, 0x87, 0x01, 0x41, 0x40, 0x02, 0x20, 0x00, 0x08, 0x7a, 0x7a,
  0x07, 0x00, 0x00, 0x00, 0x2c, 0x0a, 0x04, 0x21, 0xc4, 0x0f, 0x00, 0x0a,
  0x40, 0x0f, 0x00, 0x00, 0x5b, 0x01, 0x40, 0x00, 0x04, 0x00, 0x02, 0x79,
  0xc9, 0x6d, 0x22, 0xf9, 0x4d, 0x24, 0x07, 0x02, 0x5b, 0x01, 0x40, 0x00,
  0x04, 0x00, 0x02, 0x78, 0xc9, 0x21, 0x21, 0x39, 0x10, 0x24, 0x47, 0x1e,
  0x5b, 0x01, 0x40, 0x00, 0x04, 0x00, 0x02, 0x77, 0xc9, 0x23, 0x21, 0x39,
  0x10, 0x24, 0x07, 0x1e, 0x41, 0x40, 0x02, 0x20, 0x00, 0x76, 0x08, 0x77,
  0x5b, 0x01, 0x40, 0x00, 0x04, 0x00, 0x02, 0x7f, 0xc9, 0x83, 0x20, 0x79,
  0x10, 0x24, 0x87, 0x1d, 0x20, 0x00, 0x00, 0x00, 0x04, 0x00, 0x00, 0x34,
  0x00, 0x14, 0x00, 0x0e, 0x98, 0x0c, 0x00, 0x00, 0x05, 0x00, 0x00, 0x00,
  0x2c, 0x0a, 0x04, 0x22, 0x00, 0x02, 0x00, 0x0e, 0xff, 0xff, 0xff, 0x7f,
  0x10, 0x00, 0x80, 0x05, 0xe6, 0x3a, 0x00, 0x20, 0x04, 0x22, 0x00, 0x3e,
  0x00, 0x00, 0x00, 0x40, 0x10, 0x20, 0x80, 0x05, 0xe6, 0x3a, 0x00, 0x20,
  0x04, 0x22, 0x00, 0x3e, 0x00, 0x00, 0x00, 0x40, 0x20, 0x00, 0x01, 0x00,
  0x06, 0x00, 0x00, 0x34, 0x00, 0x14, 0x00, 0x0e, 0xa8, 0x08, 0x00, 0x00,
  0x05, 0x00, 0x00, 0x00, 0x2c, 0x0a, 0xc4, 0x2f, 0x00, 0x02, 0x00, 0x0e,
  0xff, 0xff, 0x7f, 0x00, 0x08, 0x00, 0x00, 0x00, 0x2c, 0x02, 0xc0, 0x2f,
  0x04, 0x02, 0x00, 0x1e, 0x17, 0x00, 0x17, 0x00, 0x01, 0x00, 0x00, 0x00,
  0x6c, 0x1e, 0x0c, 0x2f, 0x00, 0x00, 0x00, 0x00, 0xe0, 0xff, 0xe0, 0xff,
  0x06, 0x00, 0x00, 0x00, 0x2c, 0x0a, 0xa0, 0x2f, 0xc4, 0x0f, 0x00, 0x0e,
  0x00, 0x00, 0x80, 0x00, 0x40, 0x00, 0x00, 0x00, 0x2c, 0x0a, 0xe0, 0x20,
  0xc0, 0x0f, 0x00, 0x1e, 0x88, 0xff, 0x88, 0xff, 0x41, 0x00, 0x00, 0x00,
  0x2c, 0x03, 0xa8, 0x2f, 0xa0, 0x0f, 0x00, 0x06, 0xab, 0x63, 0x51, 0xfe,
  0x41, 0x00, 0x00, 0x00, 0x2c, 0x03, 0x88, 0x2f, 0xa0, 0x0f, 0x00, 0x06,
  0x41, 0x90, 0x43, 0x3c, 0x41, 0x00, 0x00, 0x00, 0x2c, 0x0a, 0xb0, 0x2f,
  0xa0, 0x0f, 0x00, 0x0e, 0x41, 0x90, 0x43, 0x3c, 0x41, 0x00, 0x00, 0x00,
  0x2c, 0x0a, 0x64, 0x2f, 0xa0, 0x0f, 0x00, 0x0e, 0x99, 0x95, 0x62, 0xdb,
  0x41, 0x00, 0x00, 0x00, 0x2c, 0x03, 0x48, 0x2f, 0xa0, 0x0f, 0x00, 0x06,
  0x99, 0x95, 0x62, 0xdb, 0x41, 0x00, 0x00, 0x00, 0x2c, 0x0a, 0xc8, 0x2f,
  0xa0, 0x0f, 0x00, 0x0e, 0xc0, 0xdd, 0x34, 0xf5, 0x41, 0x00, 0x00, 0x00,
  0x2c, 0x03, 0x28, 0x2f, 0xa0, 0x0f, 0x00, 0x06, 0xc0, 0xdd, 0x34, 0xf5,
  0x41, 0x00, 0x00, 0x00, 0x2c, 0x0a, 0xa8, 0x2f, 0xa0, 0x0f, 0x00, 0x0e,
  0xd1, 0x57, 0x27, 0xfc, 0x41, 0x00, 0x00, 0x00, 0x2c, 0x0a, 0xa0, 0x20,
  0xa0, 0x0f, 0x00, 0x0e, 0x29, 0x15, 0x44, 0x4e, 0x40, 0x00, 0x00, 0x00,
  0x2c, 0x0a, 0x80, 0x2f, 0xb0, 0x0f, 0x00, 0x0a, 0xac, 0x0f, 0x00, 0x00,
  0x41, 0x00, 0x00, 0x00, 0x2c, 0x03, 0xc0, 0x20, 0xa0, 0x0f, 0x00, 0x06,
  0x29, 0x15, 0x44, 0x4e, 0x41, 0x00, 0x00, 0x00, 0x2c, 0x03, 0x50, 0x2f,
  0xa0, 0x0f, 0x00, 0x06, 0x6e, 0x83, 0xf9, 0xa2, 0x41, 0x00, 0x00, 0x00,
  0x2c, 0x0a, 0xa4, 0x2f, 0xa0, 0x0f, 0x00, 0x0e, 0xab, 0x63, 0x51, 0xfe,
  0x10, 0x20, 0x80, 0x03, 0x24, 0x02, 0x00, 0x20, 0xe0, 0x00, 0x00, 0x16,
  0x1f, 0x00, 0x1f, 0x00, 0x10, 0x00, 0x00, 0x05, 0x0e, 0x02, 0x84, 0x2f,
  0x80, 0x0f, 0x00, 0x02, 0xac, 0x0f, 0x00, 0x00, 0x40, 0x80, 0x55, 0x20,
  0x08, 0x7b, 0x7c, 0x7c, 0x41, 0x00, 0x00, 0x00, 0x2c, 0x03, 0x88, 0x2f,
  0xa0, 0x0f, 0x00, 0x06, 0xd1, 0x57, 0x27, 0xfc, 0x40, 0x80, 0x2d, 0x20,
  0x00, 0x7a, 0x7b, 0x7b, 0x10, 0x00, 0x00, 0x05, 0x0c, 0x02, 0x44, 0x2f,
  0x40, 0x0f, 0x00, 0x02, 0x60, 0x0f, 0x00, 0x00, 0x40, 0x00, 0x00, 0x00,
  0x2c, 0x0a, 0xc4, 0x2f, 0x4c, 0x0f, 0x00, 0x0a, 0x44, 0x4f, 0x00, 0x00,
  0x40, 0x00, 0x00, 0x00, 0x2c, 0x0a, 0x20, 0x2f, 0xc4, 0x0f, 0x00, 0x0a,
  0xc8, 0x0f, 0x00, 0x00, 0x10, 0x00, 0x00, 0x05, 0x0e, 0x02, 0x24, 0x2f,
  0x20, 0x0f, 0x00, 0x02, 0xc4, 0x0f, 0x00, 0x00, 0x41, 0x00, 0x00, 0x00,
  0x2c, 0x0a, 0xc4, 0x2f, 0xa0, 0x0f, 0x00, 0x0e, 0x6e, 0x83, 0xf9, 0xa2,
  0x40, 0x80, 0x55, 0x20, 0x08, 0x78, 0x79, 0x79, 0x40, 0x00, 0x00, 0x00,
  0x2c, 0x0a, 0x84, 0x2f, 0x00, 0x0f, 0x00, 0x0a, 0xa8, 0x0f, 0x00, 0x00,
  0x10, 0x00, 0x00, 0x05, 0x0c, 0x02, 0x90, 0x2f, 0x84, 0x0f, 0x00, 0x02,
  0x00, 0x0f, 0x00, 0x00, 0x40, 0x00, 0x00, 0x00, 0x2c, 0x0a, 0xe0, 0x2e,
  0x8c, 0x0f, 0x00, 0x0a, 0x90, 0x4f, 0x00, 0x00, 0x40, 0x80, 0x01, 0x20,
  0x00, 0x7b, 0x77, 0x05, 0x10, 0x00, 0x00, 0x05, 0x0e, 0x02, 0x64, 0x2f,
  0x60, 0x0f, 0x00, 0x02, 0xe0, 0x0e, 0x00, 0x00, 0x40, 0x80, 0x41, 0x20,
  0x08, 0x7a, 0x06, 0x7b, 0x40, 0x80, 0x49, 0x20, 0x00, 0x7a, 0x7a, 0x7e,
  0x10, 0x00, 0x00, 0x05, 0x0c, 0x02, 0x24, 0x2f, 0x48, 0x0f, 0x00, 0x02,
  0x44, 0x0f, 0x00, 0x00, 0x10, 0x00, 0x80, 0x03, 0x24, 0x02, 0x00, 0x20,
  0xe0, 0x00, 0x00, 0x16, 0x1f, 0x00, 0x1f, 0x00, 0x40, 0x00, 0x00, 0x00,
  0x2c, 0x0a, 0xc0, 0x2e, 0x54, 0x0f, 0x00, 0x0a, 0x24, 0x4f, 0x00, 0x00,
  0x02, 0x00, 0x01, 0x00, 0x2c, 0x1a, 0x10, 0x2f, 0x0c, 0x0f, 0x00, 0x1e,
  0x00, 0x00, 0x00, 0x00, 0x02, 0x00, 0x01, 0x00, 0x2c, 0x0a, 0x8c, 0x2f,
  0x60, 0x0f, 0x00, 0x0a, 0x48, 0x0f, 0x00, 0x00, 0x02, 0x00, 0x01, 0x00,
  0x2c, 0x0a, 0x00, 0x2f, 0x20, 0x0f, 0x00, 0x0a, 0x84, 0x0f, 0x00, 0x00,
  0x02, 0x00, 0x01, 0x00, 0x2c, 0x0a, 0x90, 0x2f, 0x84, 0x0f, 0x00, 0x0a,
  0x60, 0x0f, 0x00, 0x00, 0x02, 0x00, 0x01, 0x00, 0x2c, 0x0a, 0xa0, 0x20,
  0x40, 0x0f, 0x00, 0x0a, 0x20, 0x0f, 0x00, 0x00, 0x02, 0x00, 0x01, 0x00,
  0x2c, 0x0a, 0x04, 0x2f, 0x80, 0x0f, 0x00, 0x0a, 0x40, 0x0f, 0x00, 0x00,
  0x02, 0x00, 0x01, 0x00, 0x2c, 0x0a, 0x08, 0x2f, 0xa4, 0x0f, 0x00, 0x0a,
  0x80, 0x0f, 0x00, 0x00, 0x40, 0x80, 0x21, 0x20, 0x00, 0x7e, 0x78, 0x07,
  0x02, 0x00, 0x01, 0x00, 0x2c, 0x0a, 0x88, 0x2f, 0x48, 0x0f, 0x00, 0x0a,
  0xc0, 0x0e, 0x00, 0x00, 0x10, 0x00, 0x80, 0x03, 0x26, 0x02, 0x00, 0x20,
  0xc0, 0x0f, 0x00, 0x16, 0x1f, 0x00, 0x1f, 0x00, 0x10, 0x20, 0x80, 0x03,
  0x26, 0x02, 0x00, 0x20, 0xc0, 0x0f, 0x00, 0x16, 0x1f, 0x00, 0x1f, 0x00,
  0x02, 0x00, 0x01, 0x00, 0x2e, 0x1a, 0xc8, 0x2f, 0x0c, 0x0f, 0x00, 0x1e,
  0x00, 0x00, 0x00, 0x00, 0x02, 0x00, 0x01, 0x00, 0x2e, 0x0a, 0xa4, 0x20,
  0x8c, 0x0f, 0x00, 0x0a, 0x88, 0x0f, 0x00, 0x00, 0x02, 0x00, 0x01, 0x00,
  0x2e, 0x0a, 0xa8, 0x20, 0x90, 0x0f, 0x00, 0x0a, 0x8c, 0x0f, 0x00, 0x00,
  0x02, 0x00, 0x01, 0x00, 0x2e, 0x0a, 0xac, 0x20, 0x00, 0x0f, 0x00, 0x0a,
  0x90, 0x0f, 0x00, 0x00, 0x02, 0x00, 0x01, 0x00, 0x2e, 0x0a, 0xc0, 0x20,
  0x04, 0x0f, 0x00, 0x0a, 0xa0, 0x00, 0x00, 0x00, 0x02, 0x00, 0x01, 0x00,
  0x2e, 0x0a, 0xb0, 0x20, 0xa0, 0x00, 0x00, 0x0a, 0x00, 0x0f, 0x00, 0x00,
  0x02, 0x00, 0x01, 0x00, 0x2e, 0x0a, 0xc4, 0x2f, 0x08, 0x0f, 0x00, 0x0a,
  0x04, 0x0f, 0x00, 0x00, 0x40, 0x80, 0x19, 0x20, 0x00, 0x7d, 0x7e, 0x7e,
  0x10, 0x00, 0x80, 0x03, 0x24, 0x02, 0x00, 0x20, 0xa0, 0x0f, 0x00, 0x16,
  0x1f, 0x00, 0x1f, 0x00, 0x10, 0x20, 0x80, 0x03, 0x24, 0x02, 0x00, 0x20,
  0xa0, 0x0f, 0x00, 0x16, 0x1f, 0x00, 0x1f, 0x00, 0x02, 0x00, 0x01, 0x00,
  0x2c, 0x1a, 0xa4, 0x2f, 0x0c, 0x0f, 0x00, 0x1e, 0x00, 0x00, 0x00, 0x00,
  0x02, 0x00, 0x01, 0x00, 0x2c, 0x0a, 0xc4, 0x20, 0xa8, 0x00, 0x00, 0x0a,
  0xa4, 0x00, 0x00, 0x00, 0x02, 0x00, 0x01, 0x00, 0x2c, 0x0a, 0xc8, 0x20,
  0xac, 0x00, 0x00, 0x0a, 0xa8, 0x00, 0x00, 0x00, 0x02, 0x00, 0x01, 0x00,
  0x2c, 0x0a, 0xcc, 0x20, 0xb0, 0x00, 0x00, 0x0a, 0xac, 0x00, 0x00, 0x00,
  0x02, 0x00, 0x01, 0x00, 0x2c, 0x0a, 0xd0, 0x20, 0xc0, 0x00, 0x00, 0x0a,
  0xb0, 0x00, 0x00, 0x00, 0x02, 0x00, 0x01, 0x00, 0x2c, 0x0a, 0xe0, 0x20,
  0xc4, 0x0f, 0x00, 0x0a, 0xc0, 0x00, 0x00, 0x00, 0x40, 0x80, 0x15, 0x20,
  0x00, 0x7c, 0x7d, 0x7d, 0x10, 0x00, 0x80, 0x03, 0x26, 0x02, 0x00, 0x20,
  0x80, 0x0f, 0x00, 0x16, 0x1f, 0x00, 0x1f, 0x00, 0x10, 0x20, 0x80, 0x03,
  0x26, 0x02, 0x00, 0x20, 0x80, 0x0f, 0x00, 0x16, 0x1f, 0x00, 0x1f, 0x00,
  0x02, 0x00, 0x01, 0x00, 0x2e, 0x1a, 0x04, 0x21, 0x0c, 0x0f, 0x00, 0x1e,
  0x00, 0x00, 0x00, 0x00, 0x02, 0x00, 0x01, 0x00, 0x2e, 0x0a, 0xe4, 0x20,
  0xc8, 0x00, 0x00, 0x0a, 0xc4, 0x00, 0x00, 0x00, 0x02, 0x00, 0x01, 0x00,
  0x2e, 0x0a, 0xe8, 0x20, 0xcc, 0x00, 0x00, 0x0a, 0xc8, 0x00, 0x00, 0x00,
  0x02, 0x00, 0x01, 0x00, 0x2e, 0x0a, 0xec, 0x20, 0xd0, 0x00, 0x00, 0x0a,
  0xcc, 0x00, 0x00, 0x00, 0x02, 0x00, 0x01, 0x00, 0x2e, 0x0a, 0x00, 0x21,
  0xe0, 0x00, 0x00, 0x0a, 0xd0, 0x00, 0x00, 0x00, 0x40, 0x80, 0x15, 0x20,
  0x00, 0x09, 0x08, 0x7c, 0x01, 0xc0, 0x02, 0x60, 0x00, 0x7b, 0x09, 0x00,
  0x05, 0x00, 0x00, 0x00, 0x2c, 0x0a, 0xa0, 0x20, 0x20, 0x01, 0x00, 0x1e,
  0x1f, 0x00, 0x1f, 0x00, 0x10, 0x00, 0x80, 0x01, 0x26, 0x0a, 0x00, 0x20,
  0x20, 0x01, 0x00, 0x1e, 0x00, 0x00, 0x00, 0x00, 0x10, 0x20, 0x80, 0x01,
  0x26, 0x0a, 0x00, 0x20, 0x20, 0x01, 0x00, 0x1e, 0x00, 0x00, 0x00, 0x00,
  0x05, 0x00, 0x00, 0x00, 0x2c, 0x0a, 0xa4, 0x20, 0x60, 0x0f, 0x00, 0x1e,
  0x1f, 0x00, 0x1f, 0x00, 0x09, 0x80, 0x15, 0x20, 0x00, 0x7e, 0x07, 0x05,
  0x09, 0x00, 0x00, 0x00, 0x2c, 0x0a, 0x28, 0x21, 0xe8, 0x00, 0x00, 0x0a,
  0xa0, 0x00, 0x00, 0x00, 0x09, 0x80, 0x1d, 0x20, 0x00, 0x06, 0x07, 0x05,
  0x08, 0x00, 0x00, 0x00, 0x2c, 0x02, 0xa8, 0x20, 0xe8, 0x00, 0x00, 0x0a,
  0xa4, 0x00, 0x00, 0x00, 0x08, 0x00, 0x00, 0x00, 0x2c, 0x02, 0x2c, 0x21,
  0xec, 0x00, 0x00, 0x0a, 0xa4, 0x00, 0x00, 0x00, 0x08, 0x00, 0x00, 0x00,
  0x2c, 0x02, 0xa0, 0x2f, 0x00, 0x01, 0x00, 0x0a, 0xa4, 0x00, 0x00, 0x00,
  0x06, 0x00, 0x00, 0x00, 0x2c, 0x0a, 0x24, 0x21, 0xc0, 0x0f, 0x00, 0x0a,
  0xa8, 0x00, 0x00, 0x00, 0x06, 0x00, 0x00, 0x00, 0x2c, 0x0a, 0x40, 0x21,
  0x28, 0x01, 0x00, 0x0a, 0x2c, 0x01, 0x00, 0x00, 0x06, 0x80, 0x01, 0x20,
  0x00, 0x07, 0x06, 0x7d, 0x08, 0x00, 0x00, 0x00, 0x2c, 0x02, 0xc0, 0x20,
  0x00, 0x01, 0x00, 0x1e, 0x1e, 0x00, 0x1e, 0x00, 0x02, 0x00, 0x01, 0x00,
  0x2e, 0x0a, 0x04, 0x21, 0xe4, 0x00, 0x00, 0x0a, 0x24, 0x01, 0x00, 0x00,
  0x02, 0x00, 0x01, 0x00, 0x2e, 0x0a, 0x0c, 0x21, 0xe8, 0x00, 0x00, 0x0a,
  0x40, 0x01, 0x00, 0x00, 0x02, 0x00, 0x01, 0x00, 0x2e, 0x0a, 0x10, 0x21,
  0xec, 0x00, 0x00, 0x0a, 0xe0, 0x00, 0x00, 0x00, 0x08, 0x00, 0x00, 0x00,
  0x2c, 0x02, 0x14, 0x21, 0x04, 0x01, 0x00, 0x1e, 0x1d, 0x00, 0x1d, 0x00,
  0x09, 0x00, 0x00, 0x00, 0x2c, 0x0a, 0x18, 0x21, 0x04, 0x01, 0x00, 0x1e,
  0x02, 0x00, 0x02, 0x00, 0x09, 0x00, 0x00, 0x00, 0x2c, 0x0a, 0x84, 0x21,
  0x0c, 0x01, 0x00, 0x1e, 0x02, 0x00, 0x02, 0x00, 0x08, 0x00, 0x00, 0x00,
  0x2c, 0x02, 0x1c, 0x21, 0x0c, 0x01, 0x00, 0x1e, 0x1e, 0x00, 0x1e, 0x00,
  0x08, 0x00, 0x00, 0x00, 0x2c, 0x02, 0xa0, 0x20, 0x10, 0x01, 0x00, 0x1e,
  0x1e, 0x00, 0x1e, 0x00, 0x09, 0x00, 0x00, 0x00, 0x2c, 0x0a, 0xc0, 0x2f,
  0x10, 0x01, 0x00, 0x1e, 0x02, 0x00, 0x02, 0x00, 0x09, 0x00, 0x00, 0x00,
  0x2c, 0x0a, 0xa4, 0x2f, 0x14, 0x01, 0x00, 0x1e, 0x1f, 0x00, 0x1f, 0x00,
  0x05, 0x00, 0x00, 0x00, 0x2c, 0x0a, 0x20, 0x21, 0x14, 0x01, 0x00, 0x1e,
  0x01, 0x00, 0x01, 0x00, 0x06, 0x00, 0x00, 0x00, 0x2c, 0x0a, 0x60, 0x21,
  0x18, 0x01, 0x00, 0x0a, 0x1c, 0x01, 0x00, 0x00, 0x06, 0x00, 0x00, 0x00,
  0x2c, 0x0a, 0x64, 0x21, 0x84, 0x01, 0x00, 0x0a, 0xa0, 0x00, 0x00, 0x00,
  0x06, 0x80, 0x01, 0x20, 0x00, 0x7d, 0x7e, 0x06, 0x0c, 0x00, 0x00, 0x00,
  0x2c, 0x0a, 0xa8, 0x2f, 0xa4, 0x0f, 0x00, 0x1e, 0x1f, 0x00, 0x1f, 0x00,
  0x07, 0x00, 0x20, 0x00, 0x2c, 0x0a, 0xb0, 0x2f, 0xa8, 0x0f, 0x00, 0x0a,
  0x60, 0x01, 0x45, 0x00, 0x07, 0x80, 0x19, 0x20, 0x00, 0x7c, 0x7d, 0x7d,
  0x4a, 0x40, 0x20, 0x20, 0x00, 0x07, 0x7d, 0x00, 0x40, 0x00, 0x00, 0x00,
  0x2c, 0x0a, 0x84, 0x2f, 0xe0, 0x00, 0x00, 0x1e, 0x01, 0x00, 0x01, 0x00,
  0x40, 0x00, 0x00, 0x00, 0x2c, 0x0a, 0x88, 0x2f, 0xe0, 0x40, 0x00, 0x1e,
  0x1f, 0x00, 0x1f, 0x00, 0x41, 0x00, 0x00, 0x00, 0x2c, 0x0a, 0xe8, 0x20,
  0xe0, 0x00, 0x00, 0x0e, 0x00, 0x00, 0x80, 0xff, 0x05, 0x00, 0x00, 0x00,
  0x2c, 0x0a, 0x60, 0x2f, 0x84, 0x0f, 0x00, 0x1e, 0x1f, 0x00, 0x1f, 0x00,
  0x05, 0x00, 0x00, 0x00, 0x2c, 0x0a, 0x64, 0x2f, 0x88, 0x0f, 0x00, 0x1e,
  0x1f, 0x00, 0x1f, 0x00, 0x40, 0x00, 0x00, 0x00, 0x2c, 0x0a, 0x00, 0x21,
  0xe8, 0x00, 0x00, 0x0e, 0x00, 0x00, 0x00, 0x3f, 0x09, 0x80, 0x21, 0x20,
  0x00, 0x05, 0x7d, 0x7b, 0x09, 0x80, 0x29, 0x20, 0x00, 0x7a, 0x7d, 0x7b,
  0x08, 0x00, 0x00, 0x00, 0x2c, 0x02, 0xc0, 0x2f, 0xb4, 0x0f, 0x00, 0x0a,
  0x64, 0x0f, 0x00, 0x00, 0x08, 0x00, 0x00, 0x00, 0x2c, 0x02, 0xc4, 0x20,
  0x80, 0x0f, 0x00, 0x0a, 0x64, 0x0f, 0x00, 0x00, 0x06, 0x00, 0x00, 0x00,
  0x2c, 0x0a, 0x24, 0x21, 0x00, 0x01, 0x00, 0x0a, 0xa4, 0x0f, 0x00, 0x00,
  0x06, 0x80, 0x01, 0x20, 0x00, 0x06, 0x05, 0x7e, 0x06, 0x00, 0x00, 0x00,
  0x2c, 0x0a, 0xe4, 0x20, 0x40, 0x0f, 0x00, 0x0a, 0xc4, 0x00, 0x00, 0x00,
  0x09, 0x00, 0x00, 0x00, 0x2c, 0x0a, 0x40, 0x21, 0xc0, 0x00, 0x00, 0x1e,
  0x17, 0x00, 0x17, 0x00, 0x08, 0x00, 0x00, 0x00, 0x2c, 0x02, 0x44, 0x21,
  0xe4, 0x00, 0x00, 0x1e, 0x09, 0x00, 0x09, 0x00, 0x08, 0x00, 0x00, 0x00,
  0x2c, 0x02, 0x28, 0x21, 0xc0, 0x00, 0x00, 0x1e, 0x09, 0x00, 0x09, 0x00,
  0x40, 0x00, 0x00, 0x00, 0x2c, 0x0a, 0xc0, 0x20, 0xe0, 0x40, 0x00, 0x1e,
  0xe8, 0x01, 0xe8, 0x01, 0x06, 0x80, 0x2d, 0x20, 0x00, 0x0b, 0x0a, 0x0a,
  0x06, 0x00, 0x00, 0x00, 0x2c, 0x0a, 0x20, 0x2f, 0x24, 0x01, 0x00, 0x0a,
  0x28, 0x01, 0x00, 0x00, 0x4a, 0x40, 0x00, 0x20, 0x00, 0x05, 0x0b, 0x00,
  0x41, 0x00, 0x00, 0x00, 0xec, 0x3a, 0xc0, 0x21, 0x20, 0x0f, 0x00, 0x3e,
  0xda, 0x0f, 0xc9, 0x3f, 0x04, 0x00, 0x00, 0x00, 0x2c, 0x0a, 0xa4, 0x20,
  0xa0, 0x00, 0x00, 0x00, 0x00, 0x00, 0x00, 0x00, 0x40, 0x00, 0x00, 0x00,
  0x2c, 0x0a, 0x64, 0x21, 0xa0, 0x40, 0x00, 0x1e, 0x1f, 0x00, 0x1f, 0x00,
  0x40, 0x00, 0x00, 0x00, 0x2c, 0x0a, 0xa8, 0x20, 0xa0, 0x00, 0x00, 0x1e,
  0x01, 0x00, 0x01, 0x00, 0x5b, 0x01, 0x40, 0x00, 0x44, 0x00, 0x82, 0x0c,
  0xc9, 0xe1, 0x20, 0xb9, 0x20, 0x24, 0x47, 0x1e, 0x40, 0x80, 0x2d, 0x20,
  0x00, 0x7e, 0x06, 0x05, 0x05, 0x00, 0x00, 0x00, 0x2c, 0x0a, 0xec, 0x20,
  0x64, 0x01, 0x00, 0x1e, 0x1f, 0x00, 0x1f, 0x00, 0x05, 0x00, 0x00, 0x00,
  0x2c, 0x0a, 0x84, 0x21, 0xa8, 0x00, 0x00, 0x1e, 0x1f, 0x00, 0x1f, 0x00,
  0x09, 0x00, 0x00, 0x00, 0x2c, 0x0a, 0x28, 0x21, 0xc0, 0x0f, 0x00, 0x1e,
  0x17, 0x00, 0x17, 0x00, 0x08, 0x00, 0x00, 0x00, 0x2c, 0x02, 0x00, 0x21,
  0xe4, 0x00, 0x00, 0x0a, 0xec, 0x00, 0x00, 0x00, 0x09, 0x00, 0x00, 0x00,
  0x2c, 0x0a, 0xe8, 0x20, 0x60, 0x01, 0x00, 0x0a, 0x84, 0x01, 0x00, 0x00,
  0x5b, 0x01, 0x40, 0x00, 0x04, 0x00, 0x02, 0x0b, 0xc9, 0xc9, 0x20, 0x39,
  0x21, 0x24, 0x47, 0x1e, 0x08, 0x00, 0x00, 0x00, 0x2c, 0x02, 0xc0, 0x2f,
  0x04, 0x01, 0x00, 0x1e, 0x1e, 0x00, 0x1e, 0x00, 0x40, 0x00, 0x00, 0x00,
  0x2c, 0x0a, 0x40, 0x21, 0x28, 0x01, 0x00, 0x0e, 0x00, 0x00, 0x80, 0x3f,
  0x06, 0x00, 0x00, 0x00, 0x2c, 0x0a, 0x24, 0x21, 0xe8, 0x00, 0x00, 0x0a,
  0x00, 0x01, 0x00, 0x00, 0x40, 0x00, 0x00, 0x00, 0x2c, 0x0a, 0x04, 0x21,
  0x20, 0x01, 0x00, 0x0a, 0xc0, 0x0f, 0x00, 0x00, 0x06, 0x80, 0x2d, 0x20,
  0x00, 0x0d, 0x0a, 0x7d, 0x08, 0x00, 0x00, 0x00, 0x2c, 0x02, 0x80, 0x2f,
  0x24, 0x01, 0x00, 0x1e, 0x09, 0x00, 0x09, 0x00, 0x06, 0x80, 0x01, 0x20,
  0x00, 0x7b, 0x0d, 0x7c, 0x5b, 0x01, 0x40, 0x00, 0x04, 0x00, 0x82, 0x0e,
  0xc9, 0xb1, 0x20, 0xb9, 0x20, 0x24, 0xc7, 0x1e, 0x40, 0x40, 0x6e, 0x20,
  0x00, 0x0a, 0x0e, 0x0e, 0x40, 0x40, 0x02, 0x20, 0x08, 0x07, 0x0a, 0x0e,
  0x40, 0x00, 0x00, 0x00, 0xec, 0x3a, 0x44, 0x21, 0xd0, 0x01, 0x00, 0x3a,
  0xe0, 0x40, 0x00, 0x00, 0x20, 0x00, 0x00, 0x00, 0x04, 0x00, 0x00, 0x34,
  0x00, 0x14, 0x00, 0x0e, 0x30, 0x01, 0x00, 0x00, 0x5b, 0x01, 0x40, 0x00,
  0x04, 0x00, 0x02, 0x7e, 0xc9, 0x07, 0x21, 0xb9, 0x24, 0x24, 0x0f, 0x04,
  0x47, 0x00, 0x01, 0x20, 0x00, 0x06, 0x7e, 0x00, 0x41, 0x00, 0x00, 0x00,
  0xec, 0x3a, 0xa0, 0x2f, 0xc0, 0x00, 0x00, 0x3e, 0xda, 0x0f, 0xc9, 0x3f,
  0x41, 0x00, 0x00, 0x00, 0xec, 0x3a, 0x44, 0x2f, 0xc0, 0x00, 0x00, 0x3e,
  0x68, 0x21, 0xa2, 0x33, 0x41, 0x00, 0x00, 0x00, 0xec, 0x3a, 0xa0, 0x20,
  0xc0, 0x00, 0x00, 0x3e, 0xc4, 0x34, 0xc2, 0x27, 0x01, 0x00, 0x00, 0x00,
  0x2c, 0x3a, 0x04, 0x21, 0xc0, 0x00, 0x00, 0x00, 0x00, 0x00, 0x00, 0x00,
  0x40, 0x00, 0x00, 0x00, 0xec, 0x3a, 0xa4, 0x2f, 0x04, 0x02, 0x00, 0x3a,
  0xa0, 0x4f, 0x00, 0x00, 0x5b, 0x01, 0x40, 0x00, 0x44, 0x00, 0x82, 0x7d,
  0xc9, 0xd1, 0x27, 0xb9, 0x20, 0x24, 0x87, 0x01, 0x5b, 0x01, 0x40, 0x00,
  0x44, 0x00, 0x82, 0x7a, 0xc9, 0xa3, 0x27, 0x39, 0x21, 0x24, 0x87, 0x01,
  0x5b, 0x01, 0x40, 0x00, 0x44, 0x00, 0x82, 0x77, 0xc9, 0x51, 0x20, 0xf9,
  0x24, 0x24, 0x87, 0x01, 0x40, 0x40, 0x4a, 0x20, 0x08, 0x7d, 0x10, 0x7d,
  0x01, 0x00, 0x00, 0x00, 0xec, 0x3a, 0x44, 0x21, 0xf0, 0x4e, 0x00, 0x00,
  0x00, 0x00, 0x00, 0x00, 0x40, 0x40, 0x1a, 0x20, 0x08, 0x7c, 0x7d, 0x7d,
  0x40, 0x40, 0x6e, 0x20, 0x08, 0x7b, 0x7c, 0x7d, 0x40, 0x40, 0x16, 0x20,
  0x00, 0x7a, 0x7d, 0x7b, 0x40, 0x00, 0x00, 0x00, 0xec, 0x3a, 0x48, 0x2f,
  0x40, 0x0f, 0x00, 0x3a, 0x44, 0x4f, 0x00, 0x00, 0x40, 0x40, 0x5e, 0x20,
  0x08, 0x79, 0x7a, 0x7a, 0x40, 0x40, 0x2e, 0x20, 0x08, 0x7e, 0x79, 0x7a,
  0x40, 0x40, 0x6e, 0x20, 0x08, 0x78, 0x7e, 0x7a, 0x40, 0x40, 0x1a, 0x20,
  0x00, 0x77, 0x7a, 0x78, 0x40, 0x00, 0x00, 0x00, 0xec, 0x3a, 0xe4, 0x2e,
  0xe0, 0x0e, 0x00, 0x3a, 0xa0, 0x40, 0x00, 0x00, 0x40, 0x40, 0x2e, 0x20,
  0x08, 0x7c, 0x77, 0x77, 0x40, 0x00, 0x00, 0x00, 0xec, 0x3a, 0xc4, 0x20,
  0x80, 0x0f, 0x00, 0x3a, 0xa0, 0x40, 0x00, 0x00, 0x40, 0x00, 0x00, 0x00,
  0xec, 0x3a, 0x40, 0x21, 0xe4, 0x0e, 0x00, 0x3a, 0xc4, 0x00, 0x00, 0x00,
  0x05, 0x00, 0x00, 0x00, 0x2c, 0x0a, 0xc0, 0x2f, 0x04, 0x01, 0x00, 0x1e,
  0x01, 0x00, 0x01, 0x00, 0x05, 0x20, 0x00, 0x00, 0x2c, 0x0a, 0xa0, 0x2f,
  0x04, 0x01, 0x00, 0x1e, 0x01, 0x00, 0x01, 0x00, 0x41, 0x40, 0x02, 0x20,
  0x00, 0x08, 0x0a, 0x0a, 0x10, 0x00, 0x80, 0x01, 0x24, 0x0a, 0x00, 0x20,
  0xc0, 0x0f, 0x00, 0x1e, 0x00, 0x00, 0x00, 0x00, 0x10, 0x20, 0x80, 0x01,
  0x24, 0x0a, 0x00, 0x20, 0xa0, 0x0f, 0x00, 0x1e, 0x00, 0x00, 0x00, 0x00,
  0x20, 0x00, 0x01, 0x00, 0x04, 0x00, 0x00, 0x34, 0x00, 0x14, 0x00, 0x0e,
  0x38, 0x01, 0x00, 0x00, 0x5b, 0x01, 0x40, 0x00, 0x04, 0x00, 0x02, 0x7e,
  0xc9, 0x29, 0x21, 0x79, 0x25, 0x24, 0x07, 0x02, 0x05, 0x00, 0x00, 0x00,
  0x2c, 0x0a, 0x24, 0x2f, 0x40, 0x01, 0x00, 0x0e, 0xff, 0xff, 0xff, 0x7f,
  0x41, 0x00, 0x00, 0x00, 0xec, 0x3a, 0xa4, 0x20, 0x44, 0x01, 0x00, 0x3a,
  0x40, 0x41, 0x00, 0x00, 0x5b, 0x01, 0x40, 0x00, 0x04, 0x00, 0x02, 0x7d,
  0xc9, 0x2d, 0x21, 0x39, 0xfc, 0x24, 0x07, 0x02, 0x40, 0x00, 0x00, 0x00,
  0x2c, 0x0a, 0x2c, 0x2f, 0x24, 0x0f, 0x00, 0x0e, 0x66, 0x66, 0x66, 0xc1,
  0x40, 0x00, 0x00, 0x00, 0x2c, 0x0a, 0x28, 0x2f, 0x24, 0x0f, 0x00, 0x0e,
  0x00, 0x00, 0x00, 0xff, 0x10, 0x00, 0x00, 0x03, 0x04, 0x02, 0x00, 0x20,
  0x24, 0x0f, 0x00, 0x06, 0x00, 0x00, 0x48, 0x3f, 0x5b, 0x01, 0x40, 0x00,
  0x04, 0x00, 0x02, 0x7c, 0xc9, 0x2f, 0x21, 0x39, 0xfa, 0x24, 0x07, 0x02,
  0x10, 0x00, 0x00, 0x05, 0x06, 0x02, 0x00, 0x20, 0x2c, 0x0f, 0x00, 0x06,
  0x67, 0x66, 0xae, 0x00, 0x5b, 0x01, 0x40, 0x00, 0x04, 0x00, 0x02, 0x7b,
  0xc9, 0x41, 0x21, 0x39, 0xf8, 0x24, 0x07, 0x02, 0x02, 0x00, 0x01, 0x00,
  0xee, 0x3a, 0x00, 0x2f, 0x28, 0x0f, 0x00, 0x3e, 0x00, 0x00, 0x00, 0x00,
  0x5b, 0x01, 0x40, 0x00, 0x04, 0x00, 0x02, 0x7a, 0xc9, 0x43, 0x21, 0x39,
  0xf6, 0x24, 0x07, 0x02, 0x02, 0x00, 0x11, 0x00, 0xec, 0x3a, 0xe0, 0x2e,
  0x00, 0x0f, 0x00, 0x3e, 0x00, 0x00, 0x90, 0x3e, 0x41, 0x40, 0x02, 0x20,
  0x00, 0x79, 0x08, 0x7a, 0x5b, 0x01, 0x40, 0x00, 0x44, 0x00, 0x02, 0x05,
  0xc9, 0x71, 0x27, 0xf9, 0x20, 0x24, 0x07, 0x02, 0x40, 0x00, 0x00, 0x00,
  0xec, 0x3a, 0xc0, 0x2f, 0xe0, 0x4e, 0x00, 0x3e, 0x00, 0x00, 0x80, 0x3f,
  0x5b, 0x01, 0x40, 0x00, 0x04, 0x00, 0x02, 0x06, 0xc9, 0x53, 0x20, 0x39,
  0xf2, 0x24, 0x07, 0x02, 0x40, 0x00, 0x00, 0x00, 0xec, 0x3a, 0xc4, 0x2f,
  0xa0, 0x00, 0x00, 0x3a, 0xc0, 0x40, 0x00, 0x00, 0x40, 0x00, 0x00, 0x00,
  0xec, 0x3a, 0x0c, 0x21, 0xc0, 0x0f, 0x00, 0x3a, 0xc4, 0x4f, 0x00, 0x00,
  0x20, 0x00, 0x00, 0x00, 0x04, 0x00, 0x00, 0x34, 0x00, 0x14, 0x00, 0x0e,
  0x90, 0x00, 0x00, 0x00, 0x5b, 0x01, 0x40, 0x00, 0x04, 0x00, 0x82, 0x7e,
  0xc9, 0x45, 0x21, 0xf9, 0x28, 0x24, 0x07, 0x02, 0x41, 0x40, 0x02, 0x20,
  0x00, 0x7e, 0x0a, 0x08, 0x5b, 0x01, 0x40, 0x00, 0x04, 0x00, 0x02, 0x7d,
  0xc9, 0x49, 0x21, 0x39, 0xfd, 0x24, 0x07, 0x02, 0x5b, 0x01, 0x40, 0x00,
  0x04, 0x00, 0x02, 0x7c, 0xc9, 0x4b, 0x21, 0x39, 0xfa, 0x24, 0x07, 0x02,
  0x5b, 0x01, 0x40, 0x00, 0x04, 0x00, 0x02, 0x7b, 0xc9, 0x4d, 0x21, 0x39,
  0xf8, 0x24, 0x07, 0x02, 0x41, 0x40, 0x02, 0x20, 0x08, 0x7a, 0x7b, 0x7e,
  0x5b, 0x01, 0x40, 0x00, 0x04, 0x00, 0x02, 0x79, 0xc9, 0xa1, 0x27, 0xf9,
  0x20, 0x24, 0x8f, 0x02, 0x5b, 0x01, 0x40, 0x00, 0x44, 0x00, 0x02, 0x78,
  0xc9, 0xa3, 0x20, 0x39, 0xf2, 0x24, 0x07, 0x02, 0x5b, 0x01, 0x40, 0x00,
  0x04, 0x00, 0x02, 0x77, 0xc9, 0x81, 0x27, 0xf9, 0x29, 0x24, 0x87, 0x1f,
  0x40, 0x00, 0x00, 0x00, 0xec, 0x3a, 0x0c, 0x21, 0x40, 0x01, 0x00, 0x3a,
  0xe0, 0x4e, 0x00, 0x00, 0x09, 0x00, 0x00, 0x00, 0x2c, 0x0a, 0xc0, 0x2f,
  0x04, 0x01, 0x00, 0x1e, 0x1e, 0x00, 0x1e, 0x00, 0x10, 0x00, 0x00, 0x03,
  0x06, 0x02, 0x00, 0x20, 0x04, 0x02, 0x00, 0x06, 0xff, 0xff, 0x7f, 0x7f,
  0x07, 0x80, 0x01, 0x20, 0x00, 0x7d, 0x7e, 0x10, 0x05, 0x00, 0x00, 0x00,
  0x2c, 0x0a, 0x80, 0x2f, 0xa0, 0x0f, 0x00, 0x0e, 0x00, 0x00, 0x00, 0x80,
  0x07, 0x80, 0x65, 0x20, 0x00, 0x7b, 0x7c, 0x08, 0x02, 0x00, 0x11, 0x00,
  0xee, 0x3a, 0xc0, 0x20, 0x60, 0x0f, 0x00, 0x3e, 0x00, 0x00, 0xc0, 0x7f,
  0x12, 0x01, 0x40, 0x01, 0x04, 0x00, 0x02, 0x7f, 0xc9, 0x01, 0x21, 0x39,
  0x0c, 0x24, 0x07, 0x04, 0x10, 0x20, 0x80, 0x05, 0x62, 0x12, 0x00, 0x20,
  0x80, 0x00, 0xb1, 0x16, 0x09, 0x00, 0x09, 0x00, 0x10, 0x20, 0x80, 0x05,
  0x60, 0x12, 0x00, 0x20, 0x40, 0x00, 0xb1, 0x16, 0x09, 0x00, 0x09, 0x00,
  0x01, 0x00, 0x00, 0x00, 0x4c, 0x16, 0xc0, 0x2f, 0x00, 0x00, 0x00, 0x00,
  0x01, 0x00, 0x01, 0x00, 0x10, 0x00, 0x80, 0x05, 0x60, 0x12, 0x00, 0x20,
  0x60, 0x00, 0xb1, 0x16, 0x09, 0x00, 0x09, 0x00, 0x02, 0x20, 0x81, 0x00,
  0x48, 0x12, 0xa0, 0x2f, 0xc0, 0x0f, 0x00, 0x16, 0x00, 0x00, 0x00, 0x00,
  0x02, 0x20, 0x81, 0x00, 0x4a, 0x12, 0x80, 0x2f, 0xc0, 0x0f, 0x00, 0x16,
  0x00, 0x00, 0x00, 0x00, 0x10, 0x00, 0x81, 0x05, 0x60, 0x12, 0x00, 0x20,
  0x20, 0x00, 0xb1, 0x16, 0x09, 0x00, 0x09, 0x00, 0x05, 0x20, 0x80, 0x02,
  0x40, 0x12, 0x00, 0x20, 0xa0, 0x0f, 0xb1, 0x12, 0x80, 0x0f, 0xb1, 0x00,
  0x22, 0x00, 0xa1, 0x00, 0x00, 0x0e, 0x00, 0x20, 0xf0, 0x24, 0x00, 0x00,
  0xf0, 0x24, 0x00, 0x00, 0x40, 0x00, 0x00, 0x00, 0x2c, 0x0a, 0xc0, 0x2f,
  0x04, 0x07, 0x00, 0x1e, 0x0f, 0x00, 0x0f, 0x00, 0x10, 0x00, 0x00, 0x05,
  0x24, 0x0a, 0x00, 0x20, 0x04, 0x07, 0x00, 0x1e, 0x00, 0x00, 0x00, 0x00,
  0x09, 0x00, 0x00, 0x00, 0x2c, 0x0a, 0x58, 0x21, 0x04, 0x07, 0x00, 0x1e,
  0x02, 0x00, 0x02, 0x00, 0x01, 0x00, 0x80, 0x00, 0x28, 0x12, 0xc0, 0x28,
  0x20, 0x00, 0xb1, 0x00, 0x00, 0x00, 0x00, 0x00, 0x01, 0x00, 0x80, 0x00,
  0x28, 0x12, 0x40, 0x24, 0x60, 0x00, 0xb1, 0x00, 0x00, 0x00, 0x00, 0x00,
  0x01, 0x20, 0x80, 0x00, 0x28, 0x12, 0x80, 0x24, 0x40, 0x00, 0xb1, 0x00,
  0x00, 0x00, 0x00, 0x00, 0x02, 0x00, 0x01, 0x00, 0x2c, 0x0a, 0xa0, 0x2f,
  0xc0, 0x0f, 0x00, 0x0a, 0x04, 0x07, 0x00, 0x00, 0x40, 0x00, 0x00, 0x00,
  0x2c, 0x0a, 0xa0, 0x20, 0x58, 0x01, 0x00, 0x0a, 0x74, 0x01, 0x00, 0x00,
  0x40, 0x00, 0x00, 0x00, 0x2c, 0x0a, 0xc0, 0x20, 0x58, 0x01, 0x00, 0x0a,
  0x78, 0x01, 0x00, 0x00, 0x01, 0x20, 0x80, 0x00, 0x28, 0x12, 0x00, 0x24,
  0x80, 0x00, 0xb1, 0x00, 0x00, 0x00, 0x00, 0x00, 0x01, 0x80, 0x00, 0x20,
  0x00, 0x7e, 0x26, 0x00, 0x40, 0x00, 0x00, 0x00, 0xec, 0x3a, 0x00, 0x21,
  0xc8, 0x04, 0x00, 0x3e, 0x00, 0x00, 0x00, 0x3f, 0x05, 0x00, 0x00, 0x00,
  0x2c, 0x0a, 0x80, 0x2f, 0xa0, 0x0f, 0x00, 0x1e, 0xf0, 0xff, 0xf0, 0xff,
  0x31, 0x00, 0x00, 0x0a, 0x0c, 0x02, 0x80, 0x2e, 0xa0, 0x00, 0x00, 0x06,
  0x03, 0x08, 0x11, 0x02, 0x01, 0x80, 0x14, 0x20, 0x00, 0x05, 0x26, 0x00,
  0x31, 0x00, 0x00, 0x0a, 0x0c, 0x02, 0xe0, 0x20, 0xc0, 0x00, 0x00, 0x06,
  0x04, 0x08, 0x11, 0x02, 0x09, 0x00, 0x20, 0x00, 0x2c, 0x0a, 0x40, 0x21,
  0x48, 0x01, 0x45, 0x1e, 0x01, 0x00, 0x01, 0x00, 0x01, 0x00, 0x00, 0x00,
  0x4c, 0x16, 0xc8, 0x2f, 0x00, 0x00, 0x00, 0x00, 0x01, 0x00, 0x01, 0x00,
  0x40, 0x80, 0x15, 0x20, 0x08, 0x7b, 0x38, 0x7c, 0x09, 0x00, 0x00, 0x00,
  0x2c, 0x0a, 0x40, 0x2f, 0x60, 0x0f, 0x00, 0x1e, 0x02, 0x00, 0x02, 0x00,
  0x40, 0x00, 0x00, 0x00, 0x2c, 0x0a, 0x28, 0x2f, 0x40, 0x0f, 0x00, 0x1e,
  0x20, 0x06, 0x20, 0x06, 0x31, 0x00, 0x80, 0x0a, 0x6c, 0x02, 0xa0, 0x2e,
  0x20, 0x0f, 0x00, 0x06, 0x07, 0x44, 0x48, 0x02, 0x40, 0x96, 0x01, 0x20,
  0xe0, 0x72, 0x75, 0x46, 0x40, 0x96, 0x01, 0x20, 0xe0, 0x7c, 0x77, 0x22,
  0x40, 0x20, 0x80, 0x00, 0x28, 0x0a, 0xc0, 0x21, 0xa0, 0x0e, 0x00, 0x0a,
  0x80, 0x04, 0x8d, 0x00, 0x40, 0x20, 0x80, 0x00, 0x28, 0x0a, 0x40, 0x2f,
  0xe0, 0x0e, 0x00, 0x0a, 0x00, 0x04, 0x8d, 0x00, 0x01, 0x96, 0x00, 0x20,
  0x07, 0x70, 0x72, 0x00, 0x01, 0x96, 0x00, 0xa0, 0x07, 0x6e, 0x7c, 0x00,
  0x01, 0x96, 0x00, 0x20, 0x07, 0x6a, 0x7c, 0x00, 0x01, 0x20, 0x80, 0x00,
  0xe8, 0x0a, 0x00, 0x22, 0xc0, 0x01, 0x8d, 0x00, 0x00, 0x00, 0x00, 0x00,
  0x41, 0x56, 0x1a, 0x20, 0xe0, 0x6c, 0x26, 0x70, 0x41, 0x56, 0x1a, 0x20,
  0xe0, 0x6e, 0x26, 0x6e, 0x41, 0x56, 0x1a, 0x20, 0xe0, 0x6a, 0x26, 0x6a,
  0x01, 0x20, 0x80, 0x00, 0xe8, 0x0a, 0x40, 0x22, 0x40, 0x4f, 0x8d, 0x00,
  0x00, 0x00, 0x00, 0x00, 0x41, 0x56, 0x6e, 0x20, 0x07, 0x66, 0x6c, 0x7f,
  0x41, 0x56, 0x02, 0x20, 0x07, 0x78, 0x6c, 0x7f, 0x01, 0x20, 0x80, 0x00,
  0xe8, 0x0a, 0x00, 0x2d, 0x40, 0x0f, 0x8d, 0x00, 0x00, 0x00, 0x00, 0x00,
  0x41, 0x20, 0x80, 0x00, 0xe8, 0x3a, 0x80, 0x22, 0xc8, 0x04, 0x00, 0x3a,
  0x00, 0x02, 0x8d, 0x00, 0x5b, 0x62, 0x07, 0x20, 0x01, 0x30, 0xff, 0xdd,
  0x5b, 0xc2, 0x07, 0x20, 0x81, 0xc0, 0xff, 0xd5, 0x41, 0x20, 0x80, 0x00,
  0xe8, 0x3a, 0x40, 0x22, 0xc8, 0x04, 0x00, 0x3a, 0x40, 0x02, 0x8d, 0x00,
  0x41, 0x20, 0x80, 0x00, 0xe8, 0x3a, 0x00, 0x2d, 0xc8, 0x04, 0x00, 0x3a,
  0x00, 0x0d, 0x8d, 0x00, 0x41, 0x20, 0x80, 0x00, 0xe8, 0x3a, 0xc0, 0x22,
  0x80, 0x02, 0x8d, 0x3a, 0xf0, 0x0f, 0x00, 0x00, 0x41, 0x20, 0x80, 0x00,
  0xe8, 0x3a, 0xc0, 0x21, 0x80, 0x02, 0x8d, 0x3a, 0xe0, 0x0f, 0x00, 0x00,
  0x40, 0x56, 0x02, 0x20, 0x07, 0x76, 0x76, 0x7e, 0x40, 0x56, 0x02, 0x20,
  0x07, 0x7c, 0x7c, 0x05, 0x5b, 0x03, 0x01, 0x20, 0x01, 0xb0, 0xfc, 0x25,
  0x5b, 0xa3, 0x07, 0x20, 0x81, 0x70, 0xfc, 0xd1, 0x40, 0x00, 0x80, 0x00,
  0xe8, 0x3a, 0xc0, 0x2e, 0xc0, 0x0e, 0x8d, 0x3e, 0x00, 0x00, 0x00, 0x3f,
  0x40, 0x00, 0x80, 0x00, 0xe8, 0x3a, 0x80, 0x2f, 0x80, 0x0f, 0x8d, 0x3e,
  0x00, 0x00, 0x00, 0x3f, 0x40, 0x20, 0x80, 0x00, 0xe8, 0x3a, 0x00, 0x22,
  0x00, 0x02, 0x8d, 0x3a, 0xc0, 0x0f, 0x00, 0x00, 0x40, 0x20, 0x80, 0x00,
  0xe8, 0x3a, 0x40, 0x2f, 0x40, 0x0f, 0x8d, 0x3a, 0xa0, 0x00, 0x00, 0x00,
  0x45, 0x16, 0x01, 0x20, 0x07, 0x72, 0x76, 0x00, 0x45, 0x16, 0x01, 0x20,
  0x07, 0x78, 0x7c, 0x00, 0x40, 0x20, 0x80, 0x00, 0xe8, 0x3a, 0x00, 0x22,
  0x00, 0x02, 0x8d, 0x3e, 0x00, 0x00, 0x00, 0x3f, 0x40, 0x20, 0x80, 0x00,
  0xe8, 0x3a, 0x40, 0x2f, 0x40, 0x0f, 0x8d, 0x3e, 0x00, 0x00, 0x00, 0x3f,
  0x01, 0xf6, 0x00, 0x20, 0x07, 0x18, 0x72, 0x00, 0x01, 0xf6, 0x00, 0x20,
  0x07, 0x1e, 0x78, 0x00, 0x45, 0x20, 0x80, 0x00, 0xe8, 0x3a, 0x40, 0x22,
  0x00, 0x02, 0x8d, 0x00, 0x00, 0x00, 0x00, 0x00, 0x45, 0x20, 0x80, 0x00,
  0xe8, 0x3a, 0x00, 0x2e, 0x40, 0x0f, 0x8d, 0x00, 0x00, 0x00, 0x00, 0x00,
  0x40, 0x96, 0x01, 0x20, 0xf0, 0x6e, 0x74, 0x18, 0x40, 0x96, 0x01, 0x20,
  0xf0, 0x6a, 0x07, 0x1e, 0x01, 0x20, 0x80, 0x00, 0x28, 0x3a, 0x40, 0x23,
  0x40, 0x02, 0x8d, 0x00, 0x00, 0x00, 0x00, 0x00, 0x01, 0x20, 0x80, 0x00,
  0x28, 0x3a, 0x80, 0x23, 0x00, 0x0e, 0x8d, 0x00, 0x00, 0x00, 0x00, 0x00,
  0x41, 0x00, 0x00, 0x00, 0xec, 0x3a, 0xc0, 0x2f, 0xc8, 0x04, 0x00, 0x3e,
  0x00, 0x00, 0x20, 0x40, 0x41, 0x96, 0x01, 0x20, 0xe7, 0x76, 0x6e, 0x6e,
  0x41, 0x96, 0x01, 0x20, 0xe7, 0x7a, 0x6a, 0x6a, 0x40, 0x20, 0x80, 0x00,
  0x28, 0x0a, 0x80, 0x2d, 0x80, 0x0e, 0x00, 0x0a, 0x40, 0x43, 0x8d, 0x00,
  0x40, 0x20, 0x80, 0x00, 0x28, 0x0a, 0xc0, 0x21, 0xe0, 0x00, 0x00, 0x0a,
  0x80, 0x43, 0x8d, 0x00, 0x41, 0x00, 0x00, 0x00, 0xec, 0x3a, 0xa0, 0x20,
  0xc0, 0x0f, 0x00, 0x3e, 0x00, 0x00, 0x00, 0x40, 0x40, 0x96, 0x01, 0x20,
  0xe7, 0x76, 0x76, 0x7a, 0x41, 0x20, 0x80, 0x00, 0x28, 0x0a, 0x80, 0x2f,
  0x80, 0x0d, 0x8d, 0x0a, 0x80, 0x0d, 0x8d, 0x00, 0x41, 0x20, 0x80, 0x00,
  0x28, 0x0a, 0x00, 0x22, 0xc0, 0x01, 0x8d, 0x0a, 0xc0, 0x01, 0x8d, 0x00,
  0x41, 0x00, 0x00, 0x00, 0xec, 0x3a, 0xc4, 0x2f, 0xa0, 0x00, 0x00, 0x3a,
  0xc0, 0x0f, 0x00, 0x00, 0x01, 0x96, 0x00, 0xa0, 0x07, 0x78, 0x76, 0x00,
  0x01, 0x00, 0x00, 0x00, 0xec, 0x3e, 0x60, 0x2f, 0x00, 0x00, 0x00, 0x00,
  0x00, 0x72, 0x31, 0xbf, 0x45, 0x00, 0x01, 0x20, 0x00, 0x05, 0x08, 0x00,
  0x40, 0x20, 0x80, 0x00, 0x28, 0x0a, 0x80, 0x2f, 0x80, 0x0f, 0x8d, 0x0a,
  0x00, 0x02, 0x8d, 0x00, 0x38, 0x56, 0x2e, 0x29, 0x07, 0x72, 0x78, 0x7e,
  0x7e, 0x00, 0x00, 0x00, 0x00, 0x00, 0x00, 0x00, 0x00, 0x00, 0x00, 0x00,
  0x00, 0x00, 0x00, 0x00, 0x01, 0x20, 0x80, 0x00, 0xe8, 0x0a, 0x80, 0x2e,
  0x80, 0x4f, 0x8d, 0x00, 0x00, 0x00, 0x00, 0x00, 0x01, 0x00, 0x00, 0x00,
  0xec, 0x3e, 0xa0, 0x2f, 0x00, 0x00, 0x00, 0x00, 0x8e, 0xbe, 0xbf, 0xb5,
  0x01, 0x00, 0x00, 0x00, 0x2c, 0x3a, 0x54, 0x21, 0xa0, 0x00, 0x00, 0x00,
  0x00, 0x00, 0x00, 0x00, 0x38, 0x20, 0x80, 0x09, 0xe8, 0x3a, 0x00, 0x2e,
  0x80, 0x0e, 0x8d, 0x3a, 0xc4, 0x0f, 0x00, 0x00, 0x7e, 0x00, 0x00, 0x00,
  0x00, 0x00, 0x00, 0x00, 0x00, 0x00, 0x00, 0x00, 0x00, 0x00, 0x00, 0x00,
  0x41, 0x00, 0x80, 0x00, 0xe8, 0x3a, 0xc0, 0x2d, 0x40, 0x0e, 0x8d, 0x3e,
  0x3b, 0xaa, 0xb8, 0x3f, 0x10, 0x00, 0x80, 0x05, 0xe0, 0x3a, 0x00, 0x20,
  0x40, 0x0e, 0x8d, 0x3e, 0x00, 0x00, 0xd2, 0xc2, 0x41, 0x00, 0x00, 0x00,
  0xec, 0x3a, 0xc4, 0x2f, 0xc0, 0x0f, 0x00, 0x3e, 0xd0, 0x0f, 0xc9, 0x40,
  0x09, 0x00, 0x00, 0x00, 0x2c, 0x0a, 0x4c, 0x21, 0x54, 0x01, 0x00, 0x1e,
  0x01, 0x00, 0x01, 0x00, 0x47, 0x16, 0x01, 0x20, 0x07, 0x6c, 0x6e, 0x00,
  0x41, 0x20, 0x80, 0x00, 0xe8, 0x3a, 0xc0, 0x20, 0x00, 0x0e, 0x8d, 0x3e,
  0x3b, 0xaa, 0xb8, 0x3f, 0x10, 0x20, 0x80, 0x05, 0xe0, 0x3a, 0x00, 0x20,
  0x00, 0x0e, 0x8d, 0x3e, 0x00, 0x00, 0xd2, 0xc2, 0x40, 0x20, 0x80, 0x00,
  0x28, 0x0a, 0xc0, 0x2d, 0x40, 0x03, 0x8d, 0x0a, 0x54, 0x01, 0x00, 0x00,
  0x5b, 0x02, 0x01, 0x20, 0x01, 0x90, 0xef, 0xd9, 0x47, 0x20, 0x80, 0x00,
  0xe8, 0x3a, 0xc0, 0x21, 0xc0, 0x00, 0x8d, 0x00, 0x00, 0x00, 0x00, 0x00,
  0x40, 0x20, 0x80, 0x00, 0x28, 0x0a, 0xc0, 0x20, 0x80, 0x03, 0x8d, 0x0a,
  0x54, 0x41, 0x00, 0x00, 0x38, 0x16, 0x01, 0x23, 0x07, 0x74, 0x6c, 0x00,
  0x5b, 0x22, 0x01, 0x20, 0x01, 0x80, 0xf4, 0xd9, 0x5b, 0x63, 0x07, 0x20,
  0x01, 0x80, 0xef, 0x1d, 0x02, 0x20, 0x80, 0x05, 0x28, 0x0a, 0x00, 0x22,
  0x40, 0x03, 0x8d, 0x0a, 0x44, 0x01, 0x00, 0x00, 0x38, 0x20, 0x80, 0x03,
  0xe8, 0x3a, 0x80, 0x22, 0xc0, 0x01, 0x8d, 0x00, 0x00, 0x00, 0x00, 0x00,
  0x41, 0x00, 0x80, 0x00, 0xe8, 0x3a, 0x40, 0x22, 0x40, 0x02, 0x8d, 0x3e,
  0x3b, 0xaa, 0xb8, 0x3f, 0x5b, 0x83, 0x07, 0x20, 0x01, 0xb0, 0xf7, 0x1d,
  0x10, 0x20, 0x80, 0x03, 0x22, 0x0a, 0x00, 0x20, 0x00, 0x02, 0x8d, 0x1e,
  0x00, 0x00, 0x00, 0x00, 0x40, 0x96, 0x71, 0x20, 0x0f, 0x7c, 0x1e, 0x0a,
  0x38, 0x16, 0x01, 0x23, 0x07, 0x16, 0x12, 0x00, 0x41, 0x20, 0x80, 0x00,
  0xe8, 0x3a, 0x00, 0x2f, 0x00, 0x0f, 0x8d, 0x3e, 0x3b, 0xaa, 0xb8, 0x3f,
  0x02, 0x20, 0x80, 0x05, 0x28, 0x0a, 0x40, 0x22, 0xc0, 0x00, 0x8d, 0x0a,
  0x40, 0x01, 0x00, 0x00, 0x01, 0x00, 0x00, 0x20, 0x00, 0x05, 0x31, 0x00,
  0x02, 0x96, 0x01, 0x25, 0x07, 0x26, 0x7c, 0x0a, 0x38, 0x20, 0x80, 0x03,
  0xe8, 0x3a, 0x40, 0x2f, 0x00, 0x0f, 0x8d, 0x00, 0x00, 0x00, 0x00, 0x00,
  0x10, 0x20, 0x80, 0x03, 0x22, 0x0a, 0x00, 0x20, 0x40, 0x02, 0x8d, 0x1e,
  0x00, 0x00, 0x00, 0x00, 0x41, 0x56, 0x02, 0x20, 0xe7, 0x74, 0x74, 0x16,
  0x02, 0x96, 0x2d, 0x25, 0x07, 0x16, 0x18, 0x0a, 0x01, 0x00, 0x81, 0x00,
  0xe8, 0x3e, 0x80, 0x2e, 0x00, 0x00, 0x00, 0x00, 0x00, 0x00, 0x00, 0x00,
  0x01, 0x00, 0x08, 0x20, 0x00, 0x0a, 0x31, 0x00, 0x41, 0x20, 0x80, 0x00,
  0xe8, 0x3a, 0x80, 0x22, 0x80, 0x02, 0x8d, 0x3a, 0x40, 0x0f, 0x8d, 0x00,
  0x10, 0x00, 0x80, 0x03, 0xe2, 0x3a, 0x00, 0x20, 0x40, 0x0e, 0x8d, 0x3e,
  0x00, 0x00, 0xd2, 0x42, 0x01, 0x20, 0x81, 0x00, 0xe8, 0x3e, 0x80, 0x22,
  0x00, 0x00, 0x00, 0x00, 0x00, 0x00, 0x00, 0x00, 0x01, 0x20, 0x18, 0x20,
  0x00, 0x30, 0x0a, 0x00, 0x10, 0x00, 0x80, 0x03, 0x20, 0x0a, 0x00, 0x20,
  0xc0, 0x02, 0x8d, 0x1e, 0x00, 0x00, 0x00, 0x00, 0x10, 0x20, 0x80, 0x03,
  0xe2, 0x3a, 0x00, 0x20, 0x00, 0x0e, 0x8d, 0x3e, 0x00, 0x00, 0xd2, 0x42,
  0x01, 0x00, 0x81, 0x00, 0xea, 0x3e, 0x80, 0x2e, 0x00, 0x00, 0x00, 0x00,
  0x00, 0x00, 0x80, 0x7f, 0x02, 0x20, 0x81, 0x00, 0x48, 0x12, 0x20, 0x21,
  0xc8, 0x0f, 0x00, 0x16, 0x00, 0x00, 0x00, 0x00, 0x01, 0x00, 0x08, 0x20,
  0x00, 0x0a, 0x30, 0x00, 0x01, 0x20, 0x00, 0x20, 0x00, 0x30, 0x05, 0x00,
  0x01, 0x20, 0x81, 0x00, 0xea, 0x3e, 0x80, 0x22, 0x00, 0x00, 0x00, 0x00,
  0x00, 0x00, 0x80, 0x7f, 0x41, 0x40, 0x16, 0x20, 0x00, 0x7b, 0x7e, 0x7e,
  0x40, 0x20, 0x80, 0x00, 0x28, 0x0a, 0xc0, 0x2e, 0xc0, 0x00, 0x8d, 0x0a,
  0x4c, 0x01, 0x00, 0x00, 0x40, 0x96, 0x71, 0x20, 0x07, 0x0e, 0x18, 0x0a,
  0x02, 0x20, 0x81, 0x00, 0x48, 0x12, 0x40, 0x2f, 0xc8, 0x0f, 0x00, 0x16,
  0x00, 0x00, 0x00, 0x00, 0x01, 0x20, 0x18, 0x20, 0x00, 0x30, 0x0a, 0x00,
  0x40, 0x96, 0x65, 0x20, 0x07, 0x78, 0x7c, 0x0a, 0x01, 0x20, 0x18, 0x20,
  0x00, 0x30, 0x0a, 0x00, 0x38, 0x00, 0x01, 0x21, 0x00, 0x08, 0x7b, 0x00,
  0x02, 0x20, 0x80, 0x05, 0x28, 0x0a, 0xc0, 0x25, 0xc0, 0x0d, 0x8d, 0x0a,
  0x44, 0x01, 0x00, 0x00, 0x02, 0x20, 0x80, 0x05, 0x28, 0x0a, 0x00, 0x25,
  0xc0, 0x0e, 0x8d, 0x0a, 0x40, 0x01, 0x00, 0x00, 0x10, 0x00, 0x81, 0x03,
  0x20, 0x0a, 0x00, 0x20, 0xc0, 0x04, 0x8d, 0x1e, 0x00, 0x00, 0x00, 0x00,
  0x02, 0x96, 0x2d, 0x25, 0x07, 0x0e, 0x0e, 0x0a, 0x02, 0x96, 0x01, 0x25,
  0x07, 0x06, 0x78, 0x0a, 0x40, 0x20, 0x80, 0x00, 0x28, 0x0a, 0x80, 0x26,
  0x00, 0x02, 0x8d, 0x1e, 0xff, 0xff, 0xff, 0xff, 0x01, 0x00, 0x08, 0x20,
  0x00, 0x0a, 0x30, 0x00, 0x40, 0x20, 0x80, 0x00, 0x28, 0x0a, 0x40, 0x25,
  0x40, 0x02, 0x8d, 0x1e, 0xff, 0xff, 0xff, 0xff, 0x40, 0x00, 0x80, 0x00,
  0x28, 0x0a, 0x80, 0x25, 0xc0, 0x04, 0x8d, 0x1e, 0xff, 0xff, 0xff, 0xff,
  0x40, 0x00, 0x80, 0x00, 0x28, 0x0a, 0xc0, 0x26, 0xc0, 0x02, 0x8d, 0x1e,
  0xff, 0xff, 0xff, 0xff, 0x01, 0x20, 0x18, 0x20, 0x00, 0x31, 0x0a, 0x00,
  0x05, 0x20, 0x80, 0x02, 0x42, 0x12, 0x00, 0x20, 0x20, 0x01, 0xb1, 0x12,
  0x40, 0x0f, 0xb1, 0x00, 0x40, 0x20, 0x80, 0x00, 0x28, 0x0a, 0x40, 0x28,
  0xc0, 0x05, 0x8d, 0x1e, 0xff, 0xff, 0xff, 0xff, 0x41, 0x56, 0x02, 0x20,
  0xe0, 0x04, 0x08, 0x74, 0x41, 0x20, 0x80, 0x00, 0xe8, 0x3a, 0x80, 0x22,
  0x00, 0x01, 0x00, 0x3a, 0x80, 0x02, 0x8d, 0x00, 0x01, 0x00, 0x08, 0x20,
  0x00, 0x0a, 0x31, 0x00, 0x40, 0x20, 0x80, 0x00, 0x28, 0x0a, 0x00, 0x26,
  0x00, 0x05, 0x8d, 0x1e, 0xff, 0xff, 0xff, 0xff, 0x40, 0x00, 0x80, 0x00,
  0x28, 0x0a, 0x80, 0x28, 0xc0, 0x01, 0x8d, 0x1e, 0xff, 0xff, 0xff, 0xff,
  0x40, 0x00, 0x80, 0x00, 0x28, 0x0a, 0x40, 0x26, 0xc0, 0x00, 0x8d, 0x1e,
  0xff, 0xff, 0xff, 0xff, 0x01, 0x20, 0x18, 0x20, 0x00, 0x30, 0x0a, 0x00,
  0x22, 0x00, 0xb1, 0x00, 0x00, 0x0e, 0x00, 0x20, 0xc8, 0x00, 0x00, 0x00,
  0x40, 0x00, 0x00, 0x00, 0x01, 0x00, 0x80, 0x00, 0xe8, 0x3e, 0x00, 0x28,
  0x00, 0x00, 0x00, 0x00, 0x00, 0x00, 0x00, 0x00, 0x01, 0x20, 0x80, 0x00,
  0xe8, 0x3e, 0xc0, 0x27, 0x00, 0x00, 0x00, 0x00, 0x00, 0x00, 0x00, 0x00,
  0x24, 0x00, 0xa0, 0x00, 0x00, 0x0e, 0x00, 0x20, 0x98, 0x00, 0x00, 0x00,
  0x98, 0x00, 0x00, 0x00, 0x41, 0x96, 0x6d, 0x20, 0x07, 0x7c, 0x2c, 0x0a,
  0x41, 0x20, 0x80, 0x00, 0x28, 0x0a, 0x40, 0x2f, 0x40, 0x05, 0x8d, 0x0a,
  0x50, 0x01, 0x00, 0x00, 0x40, 0x96, 0x01, 0x20, 0xe7, 0x7c, 0x7c, 0x36,
  0x40, 0x20, 0x80, 0x00, 0x28, 0x0a, 0x40, 0x2f, 0x40, 0x0f, 0x8d, 0x0a,
  0x80, 0x06, 0x8d, 0x00, 0x09, 0x00, 0x80, 0x00, 0x28, 0x0a, 0x80, 0x2f,
  0x80, 0x0f, 0x8d, 0x1e, 0x02, 0x00, 0x02, 0x00, 0x09, 0x20, 0x80, 0x00,
  0x28, 0x0a, 0x40, 0x2f, 0x40, 0x0f, 0x8d, 0x1e, 0x02, 0x00, 0x02, 0x00,
  0x40, 0x96, 0x6d, 0x20, 0x07, 0x7c, 0x7c, 0x0b, 0x40, 0x20, 0x80, 0x00,
  0x28, 0x0a, 0x40, 0x2f, 0x40, 0x0f, 0x8d, 0x0a, 0x70, 0x01, 0x00, 0x00,
  0x31, 0x00, 0x80, 0x0c, 0x68, 0x02, 0x00, 0x28, 0x80, 0x0f, 0x00, 0x06,
  0x02, 0x5e, 0x20, 0x04, 0x31, 0x20, 0x80, 0x0c, 0x68, 0x02, 0xc0, 0x27,
  0x40, 0x0f, 0x00, 0x06, 0x02, 0x5e, 0x20, 0x04, 0x25, 0x00, 0xa0, 0x00,
  0x00, 0x00, 0x00, 0x20, 0x00, 0x00, 0x00, 0x0e, 0x10, 0x00, 0x00, 0x00,
  0x10, 0x20, 0x80, 0x03, 0x20, 0x0a, 0x00, 0x20, 0xc0, 0x05, 0x8d, 0x1e,
  0x00, 0x00, 0x00, 0x00, 0x10, 0x20, 0x80, 0x03, 0x22, 0x0a, 0x00, 0x20,
  0x40, 0x02, 0x8d, 0x1e, 0x00, 0x00, 0x00, 0x00, 0x01, 0x00, 0x00, 0x00,
  0x4c, 0x16, 0xc0, 0x2f, 0x00, 0x00, 0x00, 0x00, 0x01, 0x00, 0x01, 0x00,
  0x10, 0x00, 0x80, 0x03, 0x22, 0x0a, 0x00, 0x20, 0xc0, 0x01, 0x8d, 0x1e,
  0x00, 0x00, 0x00, 0x00, 0x02, 0x20, 0x81, 0x00, 0x4a, 0x12, 0xa0, 0x2f,
  0xc0, 0x0f, 0x00, 0x16, 0x00, 0x00, 0x00, 0x00, 0x02, 0x20, 0x81, 0x00,
  0x48, 0x12, 0x80, 0x2f, 0xc0, 0x0f, 0x00, 0x16, 0x00, 0x00, 0x00, 0x00,
  0x10, 0x00, 0x81, 0x03, 0x22, 0x0a, 0x00, 0x20, 0xc0, 0x04, 0x8d, 0x1e,
  0x00, 0x00, 0x00, 0x00, 0x05, 0x20, 0x80, 0x02, 0x42, 0x12, 0x00, 0x20,
  0xa0, 0x0f, 0xb1, 0x12, 0x80, 0x0f, 0xb1, 0x00, 0x22, 0x00, 0xb1, 0x00,
  0x02, 0x0e, 0x00, 0x20, 0xc8, 0x00, 0x00, 0x00, 0x40, 0x00, 0x00, 0x00,
  0x01, 0x00, 0x80, 0x00, 0xe8, 0x3e, 0x80, 0x27, 0x00, 0x00, 0x00, 0x00,
  0x00, 0x00, 0x00, 0x00, 0x01, 0x20, 0x80, 0x00, 0xe8, 0x3e, 0x40, 0x27,
  0x00, 0x00, 0x00, 0x00, 0x00, 0x00, 0x00, 0x00, 0x24, 0x00, 0xa0, 0x00,
  0x00, 0x0e, 0x00, 0x20, 0x98, 0x00, 0x00, 0x00, 0x98, 0x00, 0x00, 0x00,
  0x41, 0x96, 0x6d, 0x20, 0x07, 0x7c, 0x2c, 0x0a, 0x41, 0x20, 0x80, 0x00,
  0x28, 0x0a, 0x40, 0x2f, 0x40, 0x05, 0x8d, 0x0a, 0x50, 0x01, 0x00, 0x00,
  0x40, 0x96, 0x01, 0x20, 0xe7, 0x7c, 0x7c, 0x44, 0x40, 0x20, 0x80, 0x00,
  0x28, 0x0a, 0x40, 0x2f, 0x40, 0x0f, 0x8d, 0x0a, 0x40, 0x08, 0x8d, 0x00,
  0x09, 0x00, 0x80, 0x00, 0x28, 0x0a, 0x80, 0x2f, 0x80, 0x0f, 0x8d, 0x1e,
  0x02, 0x00, 0x02, 0x00, 0x09, 0x20, 0x80, 0x00, 0x28, 0x0a, 0x40, 0x2f,
  0x40, 0x0f, 0x8d, 0x1e, 0x02, 0x00, 0x02, 0x00, 0x40, 0x96, 0x6d, 0x20,
  0x07, 0x7c, 0x7c, 0x0b, 0x40, 0x20, 0x80, 0x00, 0x28, 0x0a, 0x40, 0x2f,
  0x40, 0x0f, 0x8d, 0x0a, 0x70, 0x01, 0x00, 0x00, 0x31, 0x00, 0x80, 0x0c,
  0x68, 0x02, 0x80, 0x27, 0x80, 0x0f, 0x00, 0x06, 0x02, 0x5e, 0x20, 0x04,
  0x31, 0x20, 0x80, 0x0c, 0x68, 0x02, 0x40, 0x27, 0x40, 0x0f, 0x00, 0x06,
  0x02, 0x5e, 0x20, 0x04, 0x25, 0x00, 0xa0, 0x00, 0x00, 0x00, 0x00, 0x20,
  0x00, 0x00, 0x00, 0x0e, 0x10, 0x00, 0x00, 0x00, 0x10, 0x00, 0x80, 0x03,
  0x22, 0x0a, 0x00, 0x20, 0xc0, 0x02, 0x8d, 0x1e, 0x00, 0x00, 0x00, 0x00,
  0x01, 0x00, 0x00, 0x00, 0x4c, 0x16, 0xc0, 0x2f, 0x00, 0x00, 0x00, 0x00,
  0x01, 0x00, 0x01, 0x00, 0x01, 0x00, 0x00, 0x00, 0x0c, 0x00, 0x04, 0x21,
  0x20, 0x06, 0x00, 0x00, 0x00, 0x00, 0x00, 0x00, 0x10, 0x20, 0x80, 0x03,
  0x22, 0x0a, 0x00, 0x20, 0x00, 0x02, 0x8d, 0x1e, 0x00, 0x00, 0x00, 0x00,
  0x01, 0x20, 0x14, 0x20, 0x00, 0x30, 0x08, 0x00, 0x01, 0x20, 0x14, 0x20,
  0x00, 0x30, 0x08, 0x00, 0x02, 0x20, 0x81, 0x00, 0x4a, 0x12, 0x80, 0x2f,
  0xc0, 0x0f, 0x00, 0x16, 0x00, 0x00, 0x00, 0x00, 0x10, 0x00, 0x81, 0x03,
  0x20, 0x0a, 0x00, 0x20, 0xc0, 0x00, 0x8d, 0x1e, 0x00, 0x00, 0x00, 0x00,
  0x01, 0x00, 0x00, 0x00, 0x0c, 0x00, 0x04, 0x21, 0x00, 0x06, 0x00, 0x00,
  0x00, 0x00, 0x00, 0x00, 0x01, 0x20, 0x14, 0x20, 0x00, 0x30, 0x08, 0x00,
  0x10, 0x20, 0x80, 0x03, 0x20, 0x0a, 0x00, 0x20, 0x00, 0x05, 0x8d, 0x1e,
  0x00, 0x00, 0x00, 0x00, 0x01, 0x00, 0x00, 0x00, 0x0c, 0x00, 0x04, 0x21,
  0x00, 0x06, 0x00, 0x00, 0x00, 0x00, 0x00, 0x00, 0x02, 0x20, 0x81, 0x00,
  0x48, 0x12, 0xa0, 0x2f, 0xc0, 0x0f, 0x00, 0x16, 0x00, 0x00, 0x00, 0x00,
  0x01, 0x20, 0x14, 0x20, 0x00, 0x31, 0x08, 0x00, 0x05, 0x20, 0x80, 0x02,
  0x42, 0x12, 0x00, 0x20, 0xa0, 0x0f, 0xb1, 0x12, 0x80, 0x0f, 0xb1, 0x00,
  0x01, 0x00, 0x00, 0x00, 0x0c, 0x00, 0x04, 0x21, 0x20, 0x06, 0x00, 0x00,
  0x00, 0x00, 0x00, 0x00, 0x01, 0x20, 0x14, 0x20, 0x00, 0x30, 0x08, 0x00,
  0x22, 0x00, 0xb1, 0x00, 0x00, 0x0e, 0x00, 0x20, 0xc8, 0x00, 0x00, 0x00,
  0x40, 0x00, 0x00, 0x00, 0x01, 0x00, 0x80, 0x00, 0xe8, 0x3e, 0xc0, 0x22,
  0x00, 0x00, 0x00, 0x00, 0x00, 0x00, 0x00, 0x00, 0x01, 0x20, 0x80, 0x00,
  0xe8, 0x3e, 0x00, 0x22, 0x00, 0x00, 0x00, 0x00, 0x00, 0x00, 0x00, 0x00,
  0x24, 0x00, 0xa0, 0x00, 0x00, 0x0e, 0x00, 0x20, 0x98, 0x00, 0x00, 0x00,
  0x98, 0x00, 0x00, 0x00, 0x41, 0x96, 0x6d, 0x20, 0x07, 0x7c, 0x32, 0x0a,
  0x41, 0x20, 0x80, 0x00, 0x28, 0x0a, 0x40, 0x2f, 0x00, 0x06, 0x8d, 0x0a,
  0x50, 0x01, 0x00, 0x00, 0x40, 0x96, 0x01, 0x20, 0xe7, 0x7c, 0x7c, 0x36,
  0x40, 0x20, 0x80, 0x00, 0x28, 0x0a, 0x40, 0x2f, 0x40, 0x0f, 0x8d, 0x0a,
  0x80, 0x06, 0x8d, 0x00, 0x09, 0x00, 0x80, 0x00, 0x28, 0x0a, 0x80, 0x2f,
  0x80, 0x0f, 0x8d, 0x1e, 0x02, 0x00, 0x02, 0x00, 0x09, 0x20, 0x80, 0x00,
  0x28, 0x0a, 0x40, 0x2f, 0x40, 0x0f, 0x8d, 0x1e, 0x02, 0x00, 0x02, 0x00,
  0x40, 0x96, 0x6d, 0x20, 0x07, 0x7c, 0x7c, 0x0b, 0x40, 0x20, 0x80, 0x00,
  0x28, 0x0a, 0x40, 0x2f, 0x40, 0x0f, 0x8d, 0x0a, 0x70, 0x01, 0x00, 0x00,
  0x31, 0x00, 0x80, 0x0c, 0x68, 0x02, 0xc0, 0x22, 0x80, 0x0f, 0x00, 0x06,
  0x02, 0x5e, 0x20, 0x04, 0x31, 0x20, 0x80, 0x0c, 0x68, 0x02, 0x00, 0x22,
  0x40, 0x0f, 0x00, 0x06, 0x02, 0x5e, 0x20, 0x04, 0x25, 0x00, 0xa0, 0x00,
  0x00, 0x00, 0x00, 0x20, 0x00, 0x00, 0x00, 0x0e, 0x10, 0x00, 0x00, 0x00,
  0x10, 0x20, 0x80, 0x03, 0x22, 0x0a, 0x00, 0x20, 0xc0, 0x05, 0x8d, 0x1e,
  0x00, 0x00, 0x00, 0x00, 0x10, 0x20, 0x80, 0x03, 0x20, 0x0a, 0x00, 0x20,
  0x00, 0x05, 0x8d, 0x1e, 0x00, 0x00, 0x00, 0x00, 0x01, 0x00, 0x00, 0x00,
  0x4c, 0x16, 0xc4, 0x2f, 0x00, 0x00, 0x00, 0x00, 0x01, 0x00, 0x01, 0x00,
  0x10, 0x00, 0x80, 0x03, 0x20, 0x0a, 0x00, 0x20, 0xc0, 0x01, 0x8d, 0x1e,
  0x00, 0x00, 0x00, 0x00, 0x01, 0x00, 0x00, 0x20, 0x00, 0x7e, 0x31, 0x00,
  0x02, 0x20, 0x81, 0x00, 0x48, 0x12, 0xa0, 0x2f, 0xc4, 0x0f, 0x00, 0x16,
  0x00, 0x00, 0x00, 0x00, 0x10, 0x00, 0x81, 0x03, 0x20, 0x0a, 0x00, 0x20,
  0xc0, 0x00, 0x8d, 0x1e, 0x00, 0x00, 0x00, 0x00, 0x01, 0x20, 0x00, 0x20,
  0x00, 0x31, 0x7e, 0x00, 0x02, 0x20, 0x81, 0x00, 0x4a, 0x12, 0x80, 0x2f,
  0xc4, 0x0f, 0x00, 0x16, 0x00, 0x00, 0x00, 0x00, 0x05, 0x20, 0x80, 0x02,
  0x40, 0x12, 0x00, 0x20, 0xa0, 0x0f, 0xb1, 0x12, 0x80, 0x0f, 0xb1, 0x00,
  0x22, 0x00, 0xb1, 0x00, 0x00, 0x0e, 0x00, 0x20, 0xc8, 0x00, 0x00, 0x00,
  0x40, 0x00, 0x00, 0x00, 0x01, 0x00, 0x80, 0x00, 0xe8, 0x3e, 0xc0, 0x25,
  0x00, 0x00, 0x00, 0x00, 0x00, 0x00, 0x00, 0x00, 0x01, 0x20, 0x80, 0x00,
  0xe8, 0x3e, 0xc0, 0x21, 0x00, 0x00, 0x00, 0x00, 0x00, 0x00, 0x00, 0x00,
  0x24, 0x00, 0xa0, 0x00, 0x00, 0x0e, 0x00, 0x20, 0x98, 0x00, 0x00, 0x00,
  0x98, 0x00, 0x00, 0x00, 0x41, 0x96, 0x6d, 0x20, 0x07, 0x7c, 0x32, 0x0a,
  0x41, 0x20, 0x80, 0x00, 0x28, 0x0a, 0x40, 0x2f, 0x00, 0x06, 0x8d, 0x0a,
  0x50, 0x01, 0x00, 0x00, 0x40, 0x96, 0x01, 0x20, 0xe7, 0x7c, 0x7c, 0x44,
  0x40, 0x20, 0x80, 0x00, 0x28, 0x0a, 0x40, 0x2f, 0x40, 0x0f, 0x8d, 0x0a,
  0x40, 0x08, 0x8d, 0x00, 0x09, 0x00, 0x80, 0x00, 0x28, 0x0a, 0x80, 0x2f,
  0x80, 0x0f, 0x8d, 0x1e, 0x02, 0x00, 0x02, 0x00, 0x09, 0x20, 0x80, 0x00,
  0x28, 0x0a, 0x40, 0x2f, 0x40, 0x0f, 0x8d, 0x1e, 0x02, 0x00, 0x02, 0x00,
  0x40, 0x96, 0x6d, 0x20, 0x07, 0x7c, 0x7c, 0x0b, 0x40, 0x20, 0x80, 0x00,
  0x28, 0x0a, 0x40, 0x2f, 0x40, 0x0f, 0x8d, 0x0a, 0x70, 0x01, 0x00, 0x00,
  0x31, 0x00, 0x80, 0x0c, 0x68, 0x02, 0xc0, 0x25, 0x80, 0x0f, 0x00, 0x06,
  0x02, 0x5e, 0x20, 0x04, 0x31, 0x20, 0x80, 0x0c, 0x68, 0x02, 0xc0, 0x21,
  0x40, 0x0f, 0x00, 0x06, 0x02, 0x5e, 0x20, 0x04, 0x25, 0x00, 0xa0, 0x00,
  0x00, 0x00, 0x00, 0x20, 0x00, 0x00, 0x00, 0x0e, 0x10, 0x00, 0x00, 0x00,
  0x40, 0x20, 0x80, 0x00, 0xe8, 0x3a, 0x40, 0x2f, 0xc0, 0x07, 0x8d, 0x3a,
  0x40, 0x47, 0x8d, 0x00, 0x40, 0x56, 0x02, 0x20, 0xf7, 0x7c, 0x40, 0x3c,
  0x40, 0x20, 0x80, 0x00, 0x28, 0x0a, 0x80, 0x27, 0x40, 0x03, 0x8d, 0x0a,
  0x54, 0x41, 0x00, 0x00, 0x01, 0x00, 0x00, 0x00, 0x4c, 0x16, 0xc0, 0x2f,
  0x00, 0x00, 0x00, 0x00, 0x01, 0x00, 0x01, 0x00, 0x40, 0x20, 0x80, 0x00,
  0xe8, 0x3a, 0x40, 0x2f, 0x40, 0x0f, 0x8d, 0x3a, 0x00, 0x42, 0x8d, 0x00,
  0x40, 0x56, 0x02, 0x20, 0xf7, 0x7c, 0x7c, 0x16, 0x40, 0x20, 0x80, 0x00,
  0xe8, 0x3a, 0x40, 0x2f, 0x40, 0x0f, 0x8d, 0x3a, 0xc0, 0x01, 0x8d, 0x00,
  0x40, 0x96, 0x71, 0x20, 0x0f, 0x0e, 0x18, 0x0a, 0x40, 0x56, 0x02, 0x20,
  0xe7, 0x7c, 0x7c, 0x2e, 0x02, 0x20, 0x80, 0x05, 0x28, 0x0a, 0xc0, 0x25,
  0x80, 0x07, 0x8d, 0x0a, 0x44, 0x01, 0x00, 0x00, 0x02, 0x20, 0x80, 0x04,
  0xe8, 0x3a, 0x00, 0x29, 0x40, 0x0f, 0x8d, 0x3e, 0x00, 0x00, 0x00, 0x00,
  0x02, 0x96, 0x2d, 0x25, 0x07, 0x3a, 0x0e, 0x0a, 0x02, 0x96, 0x03, 0x24,
  0x07, 0x44, 0x7c, 0x00, 0x40, 0x20, 0x80, 0x00, 0x28, 0x0a, 0x00, 0x23,
  0xc0, 0x05, 0x8d, 0x1e, 0xff, 0xff, 0xff, 0xff, 0x10, 0x00, 0x80, 0x03,
  0x22, 0x0a, 0x00, 0x20, 0x40, 0x07, 0x8d, 0x1e, 0x00, 0x00, 0x00, 0x00,
  0x40, 0x00, 0x80, 0x00, 0x28, 0x0a, 0x40, 0x23, 0x40, 0x07, 0x8d, 0x1e,
  0xff, 0xff, 0xff, 0xff, 0x01, 0x00, 0x00, 0x20, 0x00, 0x08, 0x31, 0x00,
  0x10, 0x20, 0x80, 0x03, 0x22, 0x0a, 0x00, 0x20, 0xc0, 0x05, 0x8d, 0x1e,
  0x00, 0x00, 0x00, 0x00, 0x01, 0x20, 0x00, 0x20, 0x00, 0x30, 0x08, 0x00,
  0x01, 0x20, 0x00, 0x20, 0x00, 0x30, 0x08, 0x00, 0x02, 0x20, 0x81, 0x00,
  0x4a, 0x12, 0x80, 0x2f, 0xc0, 0x0f, 0x00, 0x16, 0x00, 0x00, 0x00, 0x00,
  0x10, 0x00, 0x81, 0x03, 0x20, 0x0a, 0x00, 0x20, 0xc0, 0x04, 0x8d, 0x1e,
  0x00, 0x00, 0x00, 0x00, 0x01, 0x00, 0x00, 0x20, 0x00, 0x08, 0x30, 0x00,
  0x01, 0x20, 0x00, 0x20, 0x00, 0x30, 0x08, 0x00, 0x10, 0x20, 0x80, 0x03,
  0x20, 0x0a, 0x00, 0x20, 0x40, 0x02, 0x8d, 0x1e, 0x00, 0x00, 0x00, 0x00,
  0x01, 0x00, 0x00, 0x20, 0x00, 0x08, 0x30, 0x00, 0x02, 0x20, 0x81, 0x00,
  0x48, 0x12, 0xa0, 0x2f, 0xc0, 0x0f, 0x00, 0x16, 0x00, 0x00, 0x00, 0x00,
  0x01, 0x20, 0x00, 0x20, 0x00, 0x30, 0x08, 0x00, 0x05, 0x20, 0x80, 0x02,
  0x40, 0x12, 0x00, 0x20, 0xa0, 0x0f, 0xb1, 0x12, 0x80, 0x0f, 0xb1, 0x00,
  0x01, 0x00, 0x00, 0x20, 0x00, 0x08, 0x30, 0x00, 0x01, 0x20, 0x00, 0x20,
  0x00, 0x31, 0x08, 0x00, 0x22, 0x00, 0xb1, 0x00, 0x02, 0x0e, 0x00, 0x20,
  0xc8, 0x00, 0x00, 0x00, 0x40, 0x00, 0x00, 0x00, 0x01, 0x00, 0x80, 0x00,
  0xe8, 0x3e, 0x00, 0x28, 0x00, 0x00, 0x00, 0x00, 0x00, 0x00, 0x00, 0x00,
  0x01, 0x20, 0x80, 0x00, 0xe8, 0x3e, 0xc0, 0x27, 0x00, 0x00, 0x00, 0x00,
  0x00, 0x00, 0x00, 0x00, 0x24, 0x00, 0xa0, 0x00, 0x00, 0x0e, 0x00, 0x20,
  0x98, 0x00, 0x00, 0x00, 0x98, 0x00, 0x00, 0x00, 0x41, 0x96, 0x6d, 0x20,
  0x07, 0x7c, 0x2c, 0x0a, 0x41, 0x20, 0x80, 0x00, 0x28, 0x0a, 0x40, 0x2f,
  0x40, 0x05, 0x8d, 0x0a, 0x50, 0x01, 0x00, 0x00, 0x40, 0x96, 0x01, 0x20,
  0xe7, 0x7c, 0x7c, 0x1a, 0x40, 0x20, 0x80, 0x00, 0x28, 0x0a, 0x40, 0x2f,
  0x40, 0x0f, 0x8d, 0x0a, 0x00, 0x03, 0x8d, 0x00, 0x09, 0x00, 0x80, 0x00,
  0x28, 0x0a, 0x80, 0x2f, 0x80, 0x0f, 0x8d, 0x1e, 0x02, 0x00, 0x02, 0x00,
  0x09, 0x20, 0x80, 0x00, 0x28, 0x0a, 0x40, 0x2f, 0x40, 0x0f, 0x8d, 0x1e,
  0x02, 0x00, 0x02, 0x00, 0x40, 0x96, 0x6d, 0x20, 0x07, 0x7c, 0x7c, 0x0b,
  0x40, 0x20, 0x80, 0x00, 0x28, 0x0a, 0x40, 0x2f, 0x40, 0x0f, 0x8d, 0x0a,
  0x70, 0x01, 0x00, 0x00, 0x31, 0x00, 0x80, 0x0c, 0x68, 0x02, 0x00, 0x28,
  0x80, 0x0f, 0x00, 0x06, 0x02, 0x5e, 0x20, 0x04, 0x31, 0x20, 0x80, 0x0c,
  0x68, 0x02, 0xc0, 0x27, 0x40, 0x0f, 0x00, 0x06, 0x02, 0x5e, 0x20, 0x04,
  0x25, 0x00, 0xa0, 0x00, 0x00, 0x00, 0x00, 0x20, 0x00, 0x00, 0x00, 0x0e,
  0x10, 0x00, 0x00, 0x00, 0x01, 0x20, 0x18, 0x20, 0x00, 0x30, 0x0a, 0x00,
  0x22, 0x00, 0xb1, 0x00, 0x00, 0x0e, 0x00, 0x20, 0xc8, 0x00, 0x00, 0x00,
  0x40, 0x00, 0x00, 0x00, 0x01, 0x00, 0x80, 0x00, 0xe8, 0x3e, 0xc0, 0x22,
  0x00, 0x00, 0x00, 0x00, 0x00, 0x00, 0x00, 0x00, 0x01, 0x20, 0x80, 0x00,
  0xe8, 0x3e, 0x00, 0x22, 0x00, 0x00, 0x00, 0x00, 0x00, 0x00, 0x00, 0x00,
  0x24, 0x00, 0xa0, 0x00, 0x00, 0x0e, 0x00, 0x20, 0x98, 0x00, 0x00, 0x00,
  0x98, 0x00, 0x00, 0x00, 0x41, 0x96, 0x6d, 0x20, 0x07, 0x7c, 0x2c, 0x0a,
  0x41, 0x20, 0x80, 0x00, 0x28, 0x0a, 0x40, 0x2f, 0x40, 0x05, 0x8d, 0x0a,
  0x50, 0x01, 0x00, 0x00, 0x40, 0x96, 0x01, 0x20, 0xe7, 0x7c, 0x7c, 0x36,
  0x40, 0x20, 0x80, 0x00, 0x28, 0x0a, 0x40, 0x2f, 0x40, 0x0f, 0x8d, 0x0a,
  0x80, 0x06, 0x8d, 0x00, 0x09, 0x00, 0x80, 0x00, 0x28, 0x0a, 0x80, 0x2f,
  0x80, 0x0f, 0x8d, 0x1e, 0x02, 0x00, 0x02, 0x00, 0x09, 0x20, 0x80, 0x00,
  0x28, 0x0a, 0x40, 0x2f, 0x40, 0x0f, 0x8d, 0x1e, 0x02, 0x00, 0x02, 0x00,
  0x40, 0x96, 0x6d, 0x20, 0x07, 0x7c, 0x7c, 0x0b, 0x40, 0x20, 0x80, 0x00,
  0x28, 0x0a, 0x40, 0x2f, 0x40, 0x0f, 0x8d, 0x0a, 0x70, 0x01, 0x00, 0x00,
  0x31, 0x00, 0x80, 0x0c, 0x68, 0x02, 0xc0, 0x22, 0x80, 0x0f, 0x00, 0x06,
  0x02, 0x5e, 0x20, 0x04, 0x31, 0x20, 0x80, 0x0c, 0x68, 0x02, 0x00, 0x22,
  0x40, 0x0f, 0x00, 0x06, 0x02, 0x5e, 0x20, 0x04, 0x25, 0x00, 0xa0, 0x00,
  0x00, 0x00, 0x00, 0x20, 0x00, 0x00, 0x00, 0x0e, 0x10, 0x00, 0x00, 0x00,
  0x10, 0x20, 0x80, 0x03, 0x22, 0x0a, 0x00, 0x20, 0xc0, 0x05, 0x8d, 0x1e,
  0x00, 0x00, 0x00, 0x00, 0x10, 0x20, 0x80, 0x03, 0x20, 0x0a, 0x00, 0x20,
  0x00, 0x05, 0x8d, 0x1e, 0x00, 0x00, 0x00, 0x00, 0x01, 0x00, 0x00, 0x00,
  0x4c, 0x16, 0xc4, 0x2f, 0x00, 0x00, 0x00, 0x00, 0x01, 0x00, 0x01, 0x00,
  0x10, 0x00, 0x80, 0x03, 0x20, 0x0a, 0x00, 0x20, 0x40, 0x07, 0x8d, 0x1e,
  0x00, 0x00, 0x00, 0x00, 0x01, 0x00, 0x00, 0x20, 0x00, 0x7e, 0x31, 0x00,
  0x02, 0x20, 0x81, 0x00, 0x48, 0x12, 0xa0, 0x2f, 0xc4, 0x0f, 0x00, 0x16,
  0x00, 0x00, 0x00, 0x00, 0x10, 0x00, 0x81, 0x03, 0x20, 0x0a, 0x00, 0x20,
  0xc0, 0x00, 0x8d, 0x1e, 0x00, 0x00, 0x00, 0x00, 0x01, 0x20, 0x00, 0x20,
  0x00, 0x31, 0x7e, 0x00, 0x02, 0x20, 0x81, 0x00, 0x4a, 0x12, 0x80, 0x2f,
  0xc4, 0x0f, 0x00, 0x16, 0x00, 0x00, 0x00, 0x00, 0x05, 0x20, 0x80, 0x02,
  0x40, 0x12, 0x00, 0x20, 0xa0, 0x0f, 0xb1, 0x12, 0x80, 0x0f, 0xb1, 0x00,
  0x22, 0x00, 0xb1, 0x00, 0x00, 0x0e, 0x00, 0x20, 0xc8, 0x00, 0x00, 0x00,
  0x40, 0x00, 0x00, 0x00, 0x01, 0x00, 0x80, 0x00, 0xe8, 0x3e, 0x40, 0x28,
  0x00, 0x00, 0x00, 0x00, 0x00, 0x00, 0x00, 0x00, 0x01, 0x20, 0x80, 0x00,
  0xe8, 0x3e, 0x00, 0x25, 0x00, 0x00, 0x00, 0x00, 0x00, 0x00, 0x00, 0x00,
  0x24, 0x00, 0xa0, 0x00, 0x00, 0x0e, 0x00, 0x20, 0x98, 0x00, 0x00, 0x00,
  0x98, 0x00, 0x00, 0x00, 0x41, 0x96, 0x6d, 0x20, 0x07, 0x7c, 0x32, 0x0a,
  0x41, 0x20, 0x80, 0x00, 0x28, 0x0a, 0x40, 0x2f, 0x00, 0x06, 0x8d, 0x0a,
  0x50, 0x01, 0x00, 0x00, 0x40, 0x96, 0x01, 0x20, 0xe7, 0x7c, 0x7c, 0x1a,
  0x40, 0x20, 0x80, 0x00, 0x28, 0x0a, 0x40, 0x2f, 0x40, 0x0f, 0x8d, 0x0a,
  0x00, 0x03, 0x8d, 0x00, 0x09, 0x00, 0x80, 0x00, 0x28, 0x0a, 0x80, 0x2f,
  0x80, 0x0f, 0x8d, 0x1e, 0x02, 0x00, 0x02, 0x00, 0x09, 0x20, 0x80, 0x00,
  0x28, 0x0a, 0x40, 0x2f, 0x40, 0x0f, 0x8d, 0x1e, 0x02, 0x00, 0x02, 0x00,
  0x40, 0x96, 0x6d, 0x20, 0x07, 0x7c, 0x7c, 0x0b, 0x40, 0x20, 0x80, 0x00,
  0x28, 0x0a, 0x40, 0x2f, 0x40, 0x0f, 0x8d, 0x0a, 0x70, 0x01, 0x00, 0x00,
  0x31, 0x00, 0x80, 0x0c, 0x68, 0x02, 0x40, 0x28, 0x80, 0x0f, 0x00, 0x06,
  0x02, 0x5e, 0x20, 0x04, 0x31, 0x20, 0x80, 0x0c, 0x68, 0x02, 0x00, 0x25,
  0x40, 0x0f, 0x00, 0x06, 0x02, 0x5e, 0x20, 0x04, 0x25, 0x00, 0xa0, 0x00,
  0x00, 0x00, 0x00, 0x20, 0x00, 0x00, 0x00, 0x0e, 0x10, 0x00, 0x00, 0x00,
  0x01, 0x20, 0x14, 0x20, 0x00, 0x31, 0x08, 0x00, 0x22, 0x00, 0xb1, 0x00,
  0x02, 0x0e, 0x00, 0x20, 0xc8, 0x00, 0x00, 0x00, 0x40, 0x00, 0x00, 0x00,
  0x01, 0x00, 0x80, 0x00, 0xe8, 0x3e, 0x40, 0x26, 0x00, 0x00, 0x00, 0x00,
  0x00, 0x00, 0x00, 0x00, 0x01, 0x20, 0x80, 0x00, 0xe8, 0x3e, 0xc0, 0x20,
  0x00, 0x00, 0x00, 0x00, 0x00, 0x00, 0x00, 0x00, 0x24, 0x00, 0xa0, 0x00,
  0x00, 0x0e, 0x00, 0x20, 0x98, 0x00, 0x00, 0x00, 0x98, 0x00, 0x00, 0x00,
  0x41, 0x96, 0x6d, 0x20, 0x07, 0x7c, 0x32, 0x0a, 0x41, 0x20, 0x80, 0x00,
  0x28, 0x0a, 0x40, 0x2f, 0x00, 0x06, 0x8d, 0x0a, 0x50, 0x01, 0x00, 0x00,
  0x40, 0x96, 0x01, 0x20, 0xe7, 0x7c, 0x7c, 0x36, 0x40, 0x20, 0x80, 0x00,
  0x28, 0x0a, 0x40, 0x2f, 0x40, 0x0f, 0x8d, 0x0a, 0x80, 0x06, 0x8d, 0x00,
  0x09, 0x00, 0x80, 0x00, 0x28, 0x0a, 0x80, 0x2f, 0x80, 0x0f, 0x8d, 0x1e,
  0x02, 0x00, 0x02, 0x00, 0x09, 0x20, 0x80, 0x00, 0x28, 0x0a, 0x40, 0x2f,
  0x40, 0x0f, 0x8d, 0x1e, 0x02, 0x00, 0x02, 0x00, 0x40, 0x96, 0x6d, 0x20,
  0x07, 0x7c, 0x7c, 0x0b, 0x40, 0x20, 0x80, 0x00, 0x28, 0x0a, 0x40, 0x2f,
  0x40, 0x0f, 0x8d, 0x0a, 0x70, 0x01, 0x00, 0x00, 0x31, 0x00, 0x80, 0x0c,
  0x68, 0x02, 0x40, 0x26, 0x80, 0x0f, 0x00, 0x06, 0x02, 0x5e, 0x20, 0x04,
  0x31, 0x20, 0x80, 0x0c, 0x68, 0x02, 0xc0, 0x20, 0x40, 0x0f, 0x00, 0x06,
  0x02, 0x5e, 0x20, 0x04, 0x25, 0x00, 0xa0, 0x00, 0x00, 0x00, 0x00, 0x20,
  0x00, 0x00, 0x00, 0x0e, 0x10, 0x00, 0x00, 0x00, 0x40, 0x56, 0x02, 0x20,
  0xf7, 0x7c, 0x40, 0x16, 0x10, 0x00, 0x80, 0x03, 0x22, 0x0a, 0x00, 0x20,
  0x40, 0x07, 0x8d, 0x1e, 0x00, 0x00, 0x00, 0x00, 0x40, 0x20, 0x80, 0x00,
  0xe8, 0x3a, 0x40, 0x2f, 0xc0, 0x07, 0x8d, 0x3a, 0x00, 0x42, 0x8d, 0x00,
  0x02, 0x20, 0x80, 0x05, 0x28, 0x0a, 0x00, 0x26, 0x80, 0x03, 0x8d, 0x0a,
  0x40, 0x01, 0x00, 0x00, 0x40, 0x56, 0x02, 0x20, 0xf7, 0x7c, 0x7c, 0x42,
  0x01, 0x00, 0x00, 0x00, 0x0c, 0x00, 0x04, 0x21, 0x20, 0x06, 0x00, 0x00,
  0x00, 0x00, 0x00, 0x00, 0x40, 0x20, 0x80, 0x00, 0xe8, 0x3a, 0x40, 0x2f,
  0x40, 0x0f, 0x8d, 0x3a, 0x00, 0x45, 0x8d, 0x00, 0x01, 0x00, 0x00, 0x00,
  0x4c, 0x16, 0xc0, 0x2f, 0x00, 0x00, 0x00, 0x00, 0x01, 0x00, 0x01, 0x00,
  0x10, 0x20, 0x80, 0x03, 0x22, 0x0a, 0x00, 0x20, 0xc0, 0x05, 0x8d, 0x1e,
  0x00, 0x00, 0x00, 0x00, 0x40, 0x56, 0x02, 0x20, 0xe7, 0x7c, 0x7c, 0x32,
  0x01, 0x20, 0x14, 0x20, 0x00, 0x30, 0x08, 0x00, 0x02, 0x96, 0x01, 0x25,
  0x07, 0x32, 0x1e, 0x0a, 0x01, 0x20, 0x14, 0x20, 0x00, 0x30, 0x08, 0x00,
  0x40, 0x20, 0x80, 0x00, 0xe8, 0x3a, 0x40, 0x2f, 0x40, 0x0f, 0x8d, 0x3a,
  0xc0, 0x00, 0x8d, 0x00, 0x02, 0x96, 0x03, 0x24, 0x07, 0x7c, 0x7c, 0x00,
  0x40, 0x96, 0x71, 0x20, 0x07, 0x78, 0x1e, 0x0a, 0x10, 0x00, 0x81, 0x03,
  0x20, 0x0a, 0x00, 0x20, 0x40, 0x06, 0x8d, 0x1e, 0x00, 0x00, 0x00, 0x00,
  0x02, 0x20, 0x80, 0x04, 0xe8, 0x3a, 0x40, 0x2f, 0x40, 0x0f, 0x8d, 0x3e,
  0x00, 0x00, 0x00, 0x00, 0x40, 0x56, 0x02, 0x20, 0xf7, 0x16, 0x44, 0x7c,
  0x40, 0x96, 0x65, 0x20, 0x07, 0x7c, 0x0e, 0x0a, 0x01, 0x00, 0x00, 0x00,
  0x0c, 0x00, 0x04, 0x21, 0x00, 0x06, 0x00, 0x00, 0x00, 0x00, 0x00, 0x00,
  0x40, 0x20, 0x80, 0x00, 0xe8, 0x3a, 0x00, 0x22, 0x00, 0x09, 0x8d, 0x3a,
  0x40, 0x4f, 0x8d, 0x00, 0x40, 0x20, 0x80, 0x00, 0x28, 0x0a, 0xc0, 0x2e,
  0x80, 0x03, 0x8d, 0x0a, 0x54, 0x01, 0x00, 0x00, 0x02, 0x96, 0x2d, 0x25,
  0x07, 0x0e, 0x7c, 0x0a, 0x01, 0x20, 0x14, 0x20, 0x00, 0x30, 0x08, 0x00,
  0x10, 0x20, 0x80, 0x03, 0x20, 0x0a, 0x00, 0x20, 0x00, 0x06, 0x8d, 0x1e,
  0x00, 0x00, 0x00, 0x00, 0x02, 0x20, 0x81, 0x00, 0x4a, 0x12, 0x80, 0x2f,
  0xc0, 0x0f, 0x00, 0x16, 0x00, 0x00, 0x00, 0x00, 0x40, 0x20, 0x80, 0x00,
  0x28, 0x0a, 0x40, 0x2f, 0x80, 0x07, 0x8d, 0x0a, 0x4c, 0x01, 0x00, 0x00,
  0x02, 0x96, 0x01, 0x25, 0x07, 0x1c, 0x78, 0x0a, 0x01, 0x00, 0x00, 0x00,
  0x0c, 0x00, 0x04, 0x21, 0x00, 0x06, 0x00, 0x00, 0x00, 0x00, 0x00, 0x00,
  0x02, 0x20, 0x81, 0x00, 0x48, 0x12, 0xa0, 0x2f, 0xc0, 0x0f, 0x00, 0x16,
  0x00, 0x00, 0x00, 0x00, 0x02, 0x20, 0x80, 0x05, 0x28, 0x0a, 0xc0, 0x26,
  0xc0, 0x0e, 0x8d, 0x0a, 0x40, 0x01, 0x00, 0x00, 0x02, 0x20, 0x80, 0x05,
  0x28, 0x0a, 0x80, 0x28, 0x40, 0x0f, 0x8d, 0x0a, 0x44, 0x01, 0x00, 0x00,
  0x01, 0x20, 0x14, 0x20, 0x00, 0x31, 0x08, 0x00, 0x05, 0x20, 0x80, 0x02,
  0x42, 0x12, 0x00, 0x20, 0xa0, 0x0f, 0xb1, 0x12, 0x80, 0x0f, 0xb1, 0x00,
  0x40, 0x20, 0x80, 0x00, 0x28, 0x0a, 0xc0, 0x20, 0x00, 0x06, 0x8d, 0x1e,
  0xff, 0xff, 0xff, 0xff, 0x40, 0x00, 0x80, 0x00, 0x28, 0x0a, 0x00, 0x25,
  0x40, 0x06, 0x8d, 0x1e, 0xff, 0xff, 0xff, 0xff, 0x40, 0x00, 0x80, 0x00,
  0x28, 0x0a, 0x40, 0x28, 0xc0, 0x01, 0x8d, 0x1e, 0xff, 0xff, 0xff, 0xff,
  0x01, 0x00, 0x00, 0x00, 0x0c, 0x00, 0x04, 0x21, 0x20, 0x06, 0x00, 0x00,
  0x00, 0x00, 0x00, 0x00, 0x40, 0x00, 0x80, 0x00, 0x28, 0x0a, 0x80, 0x26,
  0x80, 0x03, 0x8d, 0x1e, 0xff, 0xff, 0xff, 0xff, 0x40, 0x20, 0x80, 0x00,
  0x28, 0x0a, 0xc0, 0x23, 0xc0, 0x06, 0x8d, 0x1e, 0xff, 0xff, 0xff, 0xff,
  0x40, 0x20, 0x80, 0x00, 0x28, 0x0a, 0x00, 0x28, 0x80, 0x08, 0x8d, 0x1e,
  0xff, 0xff, 0xff, 0xff, 0x01, 0x20, 0x14, 0x20, 0x00, 0x30, 0x08, 0x00,
  0x22, 0x00, 0xb1, 0x00, 0x00, 0x0e, 0x00, 0x20, 0xc8, 0x00, 0x00, 0x00,
  0x40, 0x00, 0x00, 0x00, 0x01, 0x00, 0x80, 0x00, 0xe8, 0x3e, 0xc0, 0x27,
  0x00, 0x00, 0x00, 0x00, 0x00, 0x00, 0x00, 0x00, 0x01, 0x20, 0x80, 0x00,
  0xe8, 0x3e, 0x80, 0x27, 0x00, 0x00, 0x00, 0x00, 0x00, 0x00, 0x00, 0x00,
  0x24, 0x00, 0xa0, 0x00, 0x00, 0x0e, 0x00, 0x20, 0x98, 0x00, 0x00, 0x00,
  0x98, 0x00, 0x00, 0x00, 0x41, 0x96, 0x6d, 0x20, 0x07, 0x7c, 0x28, 0x0a,
  0x41, 0x20, 0x80, 0x00, 0x28, 0x0a, 0x40, 0x2f, 0xc0, 0x00, 0x8d, 0x0a,
  0x50, 0x01, 0x00, 0x00, 0x40, 0x96, 0x01, 0x20, 0xe7, 0x7c, 0x7c, 0x1a,
  0x40, 0x20, 0x80, 0x00, 0x28, 0x0a, 0x40, 0x2f, 0x40, 0x0f, 0x8d, 0x0a,
  0x00, 0x03, 0x8d, 0x00, 0x09, 0x00, 0x80, 0x00, 0x28, 0x0a, 0x80, 0x2f,
  0x80, 0x0f, 0x8d, 0x1e, 0x02, 0x00, 0x02, 0x00, 0x09, 0x20, 0x80, 0x00,
  0x28, 0x0a, 0x40, 0x2f, 0x40, 0x0f, 0x8d, 0x1e, 0x02, 0x00, 0x02, 0x00,
  0x40, 0x96, 0x6d, 0x20, 0x07, 0x7c, 0x7c, 0x0b, 0x40, 0x20, 0x80, 0x00,
  0x28, 0x0a, 0x40, 0x2f, 0x40, 0x0f, 0x8d, 0x0a, 0x70, 0x01, 0x00, 0x00,
  0x31, 0x00, 0x80, 0x0c, 0x68, 0x02, 0xc0, 0x27, 0x80, 0x0f, 0x00, 0x06,
  0x02, 0x5e, 0x20, 0x04, 0x31, 0x20, 0x80, 0x0c, 0x68, 0x02, 0x80, 0x27,
  0x40, 0x0f, 0x00, 0x06, 0x02, 0x5e, 0x20, 0x04, 0x25, 0x00, 0xa0, 0x00,
  0x00, 0x00, 0x00, 0x20, 0x00, 0x00, 0x00, 0x0e, 0x10, 0x00, 0x00, 0x00,
  0x10, 0x00, 0x80, 0x03, 0x20, 0x0a, 0x00, 0x20, 0xc0, 0x01, 0x8d, 0x1e,
  0x00, 0x00, 0x00, 0x00, 0x01, 0x00, 0x00, 0x00, 0x4c, 0x16, 0xc0, 0x2f,
  0x00, 0x00, 0x00, 0x00, 0x01, 0x00, 0x01, 0x00, 0x01, 0x00, 0x00, 0x00,
  0x0c, 0x00, 0x0c, 0x21, 0x00, 0x06, 0x00, 0x00, 0x00, 0x00, 0x00, 0x00,
  0x10, 0x20, 0x80, 0x03, 0x20, 0x0a, 0x00, 0x20, 0x80, 0x08, 0x8d, 0x1e,
  0x00, 0x00, 0x00, 0x00, 0x01, 0x20, 0x1c, 0x20, 0x00, 0x31, 0x08, 0x00,
  0x01, 0x20, 0x1c, 0x20, 0x00, 0x31, 0x08, 0x00, 0x02, 0x20, 0x81, 0x00,
  0x48, 0x12, 0x80, 0x2f, 0xc0, 0x0f, 0x00, 0x16, 0x00, 0x00, 0x00, 0x00,
  0x10, 0x00, 0x81, 0x03, 0x22, 0x0a, 0x00, 0x20, 0x40, 0x06, 0x8d, 0x1e,
  0x00, 0x00, 0x00, 0x00, 0x01, 0x00, 0x00, 0x00, 0x0c, 0x00, 0x0c, 0x21,
  0x20, 0x06, 0x00, 0x00, 0x00, 0x00, 0x00, 0x00, 0x01, 0x20, 0x1c, 0x20,
  0x00, 0x31, 0x08, 0x00, 0x10, 0x20, 0x80, 0x03, 0x22, 0x0a, 0x00, 0x20,
  0x00, 0x06, 0x8d, 0x1e, 0x00, 0x00, 0x00, 0x00, 0x01, 0x00, 0x00, 0x00,
  0x0c, 0x00, 0x0c, 0x21, 0x20, 0x06, 0x00, 0x00, 0x00, 0x00, 0x00, 0x00,
  0x02, 0x20, 0x81, 0x00, 0x4a, 0x12, 0xa0, 0x2f, 0xc0, 0x0f, 0x00, 0x16,
  0x00, 0x00, 0x00, 0x00, 0x01, 0x20, 0x1c, 0x20, 0x00, 0x30, 0x08, 0x00,
  0x05, 0x20, 0x80, 0x02, 0x40, 0x12, 0x00, 0x20, 0xa0, 0x0f, 0xb1, 0x12,
  0x80, 0x0f, 0xb1, 0x00, 0x01, 0x00, 0x00, 0x00, 0x0c, 0x00, 0x0c, 0x21,
  0x00, 0x06, 0x00, 0x00, 0x00, 0x00, 0x00, 0x00, 0x01, 0x20, 0x1c, 0x20,
  0x00, 0x31, 0x08, 0x00, 0x22, 0x00, 0xb1, 0x00, 0x02, 0x0e, 0x00, 0x20,
  0xc8, 0x00, 0x00, 0x00, 0x40, 0x00, 0x00, 0x00, 0x01, 0x00, 0x80, 0x00,
  0xe8, 0x3e, 0x40, 0x26, 0x00, 0x00, 0x00, 0x00, 0x00, 0x00, 0x00, 0x00,
  0x01, 0x20, 0x80, 0x00, 0xe8, 0x3e, 0x00, 0x26, 0x00, 0x00, 0x00, 0x00,
  0x00, 0x00, 0x00, 0x00, 0x24, 0x00, 0xa0, 0x00, 0x00, 0x0e, 0x00, 0x20,
  0x98, 0x00, 0x00, 0x00, 0x98, 0x00, 0x00, 0x00, 0x41, 0x96, 0x6d, 0x20,
  0x07, 0x7c, 0x28, 0x0a, 0x41, 0x20, 0x80, 0x00, 0x28, 0x0a, 0x40, 0x2f,
  0xc0, 0x00, 0x8d, 0x0a, 0x50, 0x01, 0x00, 0x00, 0x40, 0x96, 0x01, 0x20,
  0xe7, 0x7c, 0x7c, 0x42, 0x40, 0x20, 0x80, 0x00, 0x28, 0x0a, 0x40, 0x2f,
  0x40, 0x0f, 0x8d, 0x0a, 0x00, 0x08, 0x8d, 0x00, 0x09, 0x00, 0x80, 0x00,
  0x28, 0x0a, 0x80, 0x2f, 0x80, 0x0f, 0x8d, 0x1e, 0x02, 0x00, 0x02, 0x00,
  0x09, 0x20, 0x80, 0x00, 0x28, 0x0a, 0x40, 0x2f, 0x40, 0x0f, 0x8d, 0x1e,
  0x02, 0x00, 0x02, 0x00, 0x40, 0x96, 0x6d, 0x20, 0x07, 0x7c, 0x7c, 0x0b,
  0x40, 0x20, 0x80, 0x00, 0x28, 0x0a, 0x40, 0x2f, 0x40, 0x0f, 0x8d, 0x0a,
  0x70, 0x01, 0x00, 0x00, 0x31, 0x00, 0x80, 0x0c, 0x68, 0x02, 0x40, 0x26,
  0x80, 0x0f, 0x00, 0x06, 0x02, 0x5e, 0x20, 0x04, 0x31, 0x20, 0x80, 0x0c,
  0x68, 0x02, 0x00, 0x26, 0x40, 0x0f, 0x00, 0x06, 0x02, 0x5e, 0x20, 0x04,
  0x25, 0x00, 0xa0, 0x00, 0x00, 0x00, 0x00, 0x20, 0x00, 0x00, 0x00, 0x0e,
  0x10, 0x00, 0x00, 0x00, 0x10, 0x20, 0x80, 0x03, 0x22, 0x0a, 0x00, 0x20,
  0xc0, 0x05, 0x8d, 0x1e, 0x00, 0x00, 0x00, 0x00, 0x10, 0x20, 0x80, 0x03,
  0x20, 0x0a, 0x00, 0x20, 0xc0, 0x06, 0x8d, 0x1e, 0x00, 0x00, 0x00, 0x00,
  0x01, 0x00, 0x00, 0x00, 0x4c, 0x16, 0xc4, 0x2f, 0x00, 0x00, 0x00, 0x00,
  0x01, 0x00, 0x01, 0x00, 0x10, 0x00, 0x80, 0x03, 0x20, 0x0a, 0x00, 0x20,
  0x40, 0x07, 0x8d, 0x1e, 0x00, 0x00, 0x00, 0x00, 0x01, 0x00, 0x00, 0x20,
  0x00, 0x7e, 0x31, 0x00, 0x02, 0x20, 0x81, 0x00, 0x48, 0x12, 0xa0, 0x2f,
  0xc4, 0x0f, 0x00, 0x16, 0x00, 0x00, 0x00, 0x00, 0x10, 0x00, 0x81, 0x03,
  0x20, 0x0a, 0x00, 0x20, 0x80, 0x03, 0x8d, 0x1e, 0x00, 0x00, 0x00, 0x00,
  0x01, 0x20, 0x00, 0x20, 0x00, 0x31, 0x7e, 0x00, 0x02, 0x20, 0x81, 0x00,
  0x4a, 0x12, 0x80, 0x2f, 0xc4, 0x0f, 0x00, 0x16, 0x00, 0x00, 0x00, 0x00,
  0x05, 0x20, 0x80, 0x02, 0x40, 0x12, 0x00, 0x20, 0xa0, 0x0f, 0xb1, 0x12,
  0x80, 0x0f, 0xb1, 0x00, 0x22, 0x00, 0xb1, 0x00, 0x00, 0x0e, 0x00, 0x20,
  0xc8, 0x00, 0x00, 0x00, 0x40, 0x00, 0x00, 0x00, 0x01, 0x00, 0x80, 0x00,
  0xe8, 0x3e, 0x40, 0x27, 0x00, 0x00, 0x00, 0x00, 0x00, 0x00, 0x00, 0x00,
  0x01, 0x20, 0x80, 0x00, 0xe8, 0x3e, 0xc0, 0x25, 0x00, 0x00, 0x00, 0x00,
  0x00, 0x00, 0x00, 0x00, 0x24, 0x00, 0xa0, 0x00, 0x00, 0x0e, 0x00, 0x20,
  0x98, 0x00, 0x00, 0x00, 0x98, 0x00, 0x00, 0x00, 0x41, 0x96, 0x6d, 0x20,
  0x07, 0x7c, 0x34, 0x0a, 0x41, 0x20, 0x80, 0x00, 0x28, 0x0a, 0x40, 0x2f,
  0xc0, 0x03, 0x8d, 0x0a, 0x50, 0x01, 0x00, 0x00, 0x40, 0x96, 0x01, 0x20,
  0xe7, 0x7c, 0x7c, 0x1a, 0x40, 0x20, 0x80, 0x00, 0x28, 0x0a, 0x40, 0x2f,
  0x40, 0x0f, 0x8d, 0x0a, 0x00, 0x03, 0x8d, 0x00, 0x09, 0x00, 0x80, 0x00,
  0x28, 0x0a, 0x80, 0x2f, 0x80, 0x0f, 0x8d, 0x1e, 0x02, 0x00, 0x02, 0x00,
  0x09, 0x20, 0x80, 0x00, 0x28, 0x0a, 0x40, 0x2f, 0x40, 0x0f, 0x8d, 0x1e,
  0x02, 0x00, 0x02, 0x00, 0x40, 0x96, 0x6d, 0x20, 0x07, 0x7c, 0x7c, 0x0b,
  0x40, 0x20, 0x80, 0x00, 0x28, 0x0a, 0x40, 0x2f, 0x40, 0x0f, 0x8d, 0x0a,
  0x70, 0x01, 0x00, 0x00, 0x31, 0x00, 0x80, 0x0c, 0x68, 0x02, 0x40, 0x27,
  0x80, 0x0f, 0x00, 0x06, 0x02, 0x5e, 0x20, 0x04, 0x31, 0x20, 0x80, 0x0c,
  0x68, 0x02, 0xc0, 0x25, 0x40, 0x0f, 0x00, 0x06, 0x02, 0x5e, 0x20, 0x04,
  0x25, 0x00, 0xa0, 0x00, 0x00, 0x00, 0x00, 0x20, 0x00, 0x00, 0x00, 0x0e,
  0x10, 0x00, 0x00, 0x00, 0x10, 0x20, 0x80, 0x03, 0x20, 0x0a, 0x00, 0x20,
  0x80, 0x08, 0x8d, 0x1e, 0x00, 0x00, 0x00, 0x00, 0x10, 0x20, 0x80, 0x03,
  0x22, 0x0a, 0x00, 0x20, 0xc0, 0x06, 0x8d, 0x1e, 0x00, 0x00, 0x00, 0x00,
  0x01, 0x00, 0x00, 0x00, 0x4c, 0x16, 0xc4, 0x2f, 0x00, 0x00, 0x00, 0x00,
  0x01, 0x00, 0x01, 0x00, 0x10, 0x00, 0x80, 0x03, 0x22, 0x0a, 0x00, 0x20,
  0xc0, 0x01, 0x8d, 0x1e, 0x00, 0x00, 0x00, 0x00, 0x01, 0x00, 0x00, 0x20,
  0x00, 0x7e, 0x30, 0x00, 0x02, 0x20, 0x81, 0x00, 0x4a, 0x12, 0xa0, 0x2f,
  0xc4, 0x0f, 0x00, 0x16, 0x00, 0x00, 0x00, 0x00, 0x10, 0x00, 0x81, 0x03,
  0x22, 0x0a, 0x00, 0x20, 0x80, 0x03, 0x8d, 0x1e, 0x00, 0x00, 0x00, 0x00,
  0x01, 0x20, 0x00, 0x20, 0x00, 0x30, 0x7e, 0x00, 0x02, 0x20, 0x81, 0x00,
  0x48, 0x12, 0x80, 0x2f, 0xc4, 0x0f, 0x00, 0x16, 0x00, 0x00, 0x00, 0x00,
  0x05, 0x20, 0x80, 0x02, 0x42, 0x12, 0x00, 0x20, 0xa0, 0x0f, 0xb1, 0x12,
  0x80, 0x0f, 0xb1, 0x00, 0x22, 0x00, 0xb1, 0x00, 0x02, 0x0e, 0x00, 0x20,
  0xc8, 0x00, 0x00, 0x00, 0x40, 0x00, 0x00, 0x00, 0x01, 0x00, 0x80, 0x00,
  0xe8, 0x3e, 0x80, 0x26, 0x00, 0x00, 0x00, 0x00, 0x00, 0x00, 0x00, 0x00,
  0x01, 0x20, 0x80, 0x00, 0xe8, 0x3e, 0x80, 0x23, 0x00, 0x00, 0x00, 0x00,
  0x00, 0x00, 0x00, 0x00, 0x24, 0x00, 0xa0, 0x00, 0x00, 0x0e, 0x00, 0x20,
  0x98, 0x00, 0x00, 0x00, 0x98, 0x00, 0x00, 0x00, 0x41, 0x96, 0x6d, 0x20,
  0x07, 0x7c, 0x34, 0x0a, 0x41, 0x20, 0x80, 0x00, 0x28, 0x0a, 0x40, 0x2f,
  0xc0, 0x03, 0x8d, 0x0a, 0x50, 0x01, 0x00, 0x00, 0x40, 0x96, 0x01, 0x20,
  0xe7, 0x7c, 0x7c, 0x42, 0x40, 0x20, 0x80, 0x00, 0x28, 0x0a, 0x40, 0x2f,
  0x40, 0x0f, 0x8d, 0x0a, 0x00, 0x08, 0x8d, 0x00, 0x09, 0x00, 0x80, 0x00,
  0x28, 0x0a, 0x80, 0x2f, 0x80, 0x0f, 0x8d, 0x1e, 0x02, 0x00, 0x02, 0x00,
  0x09, 0x20, 0x80, 0x00, 0x28, 0x0a, 0x40, 0x2f, 0x40, 0x0f, 0x8d, 0x1e,
  0x02, 0x00, 0x02, 0x00, 0x40, 0x96, 0x6d, 0x20, 0x07, 0x7c, 0x7c, 0x0b,
  0x40, 0x20, 0x80, 0x00, 0x28, 0x0a, 0x40, 0x2f, 0x40, 0x0f, 0x8d, 0x0a,
  0x70, 0x01, 0x00, 0x00, 0x31, 0x00, 0x80, 0x0c, 0x68, 0x02, 0x80, 0x26,
  0x80, 0x0f, 0x00, 0x06, 0x02, 0x5e, 0x20, 0x04, 0x31, 0x20, 0x80, 0x0c,
  0x68, 0x02, 0x80, 0x23, 0x40, 0x0f, 0x00, 0x06, 0x02, 0x5e, 0x20, 0x04,
  0x25, 0x00, 0xa0, 0x00, 0x00, 0x00, 0x00, 0x20, 0x00, 0x00, 0x00, 0x0e,
  0x10, 0x00, 0x00, 0x00, 0x40, 0x56, 0x02, 0x20, 0xf7, 0x7c, 0x3e, 0x32,
  0x40, 0x20, 0x80, 0x00, 0xe8, 0x3a, 0x40, 0x2f, 0x80, 0x07, 0x8d, 0x3a,
  0x00, 0x46, 0x8d, 0x00, 0x01, 0x20, 0x00, 0x20, 0x00, 0x30, 0x08, 0x00,
  0x40, 0x56, 0x02, 0x20, 0xf7, 0x7c, 0x7c, 0x3a, 0x40, 0x20, 0x80, 0x00,
  0xe8, 0x3a, 0x40, 0x2f, 0x40, 0x0f, 0x8d, 0x3a, 0xc0, 0x45, 0x8d, 0x00,
  0x40, 0x56, 0x02, 0x20, 0xe7, 0x7c, 0x7c, 0x34, 0x40, 0x20, 0x80, 0x00,
  0xe8, 0x3a, 0x40, 0x2f, 0x40, 0x0f, 0x8d, 0x3a, 0x80, 0x03, 0x8d, 0x00,
  0x02, 0x96, 0x03, 0x24, 0x07, 0x1e, 0x7c, 0x00, 0x02, 0x20, 0x80, 0x04,
  0xe8, 0x3a, 0x80, 0x23, 0x40, 0x0f, 0x8d, 0x3e, 0x00, 0x00, 0x00, 0x00,
  0x22, 0x00, 0xb1, 0x00, 0x00, 0x0e, 0x00, 0x20, 0xc8, 0x00, 0x00, 0x00,
  0x40, 0x00, 0x00, 0x00, 0x01, 0x00, 0x80, 0x00, 0xe8, 0x3e, 0x00, 0x26,
  0x00, 0x00, 0x00, 0x00, 0x00, 0x00, 0x00, 0x00, 0x01, 0x20, 0x80, 0x00,
  0xe8, 0x3e, 0xc0, 0x25, 0x00, 0x00, 0x00, 0x00, 0x00, 0x00, 0x00, 0x00,
  0x24, 0x00, 0xa0, 0x00, 0x00, 0x0e, 0x00, 0x20, 0x98, 0x00, 0x00, 0x00,
  0x98, 0x00, 0x00, 0x00, 0x41, 0x96, 0x6d, 0x20, 0x07, 0x7c, 0x2c, 0x0a,
  0x41, 0x20, 0x80, 0x00, 0x28, 0x0a, 0x40, 0x2f, 0x40, 0x05, 0x8d, 0x0a,
  0x50, 0x01, 0x00, 0x00, 0x40, 0x96, 0x01, 0x20, 0xe7, 0x7c, 0x7c, 0x1a,
  0x40, 0x20, 0x80, 0x00, 0x28, 0x0a, 0x40, 0x2f, 0x40, 0x0f, 0x8d, 0x0a,
  0x00, 0x03, 0x8d, 0x00, 0x09, 0x00, 0x80, 0x00, 0x28, 0x0a, 0x80, 0x2f,
  0x80, 0x0f, 0x8d, 0x1e, 0x02, 0x00, 0x02, 0x00, 0x09, 0x20, 0x80, 0x00,
  0x28, 0x0a, 0x40, 0x2f, 0x40, 0x0f, 0x8d, 0x1e, 0x02, 0x00, 0x02, 0x00,
  0x40, 0x96, 0x6d, 0x20, 0x07, 0x7c, 0x7c, 0x0b, 0x40, 0x20, 0x80, 0x00,
  0x28, 0x0a, 0x40, 0x2f, 0x40, 0x0f, 0x8d, 0x0a, 0x70, 0x01, 0x00, 0x00,
  0x31, 0x00, 0x80, 0x0c, 0x68, 0x02, 0x00, 0x26, 0x80, 0x0f, 0x00, 0x06,
  0x02, 0x5e, 0x20, 0x04, 0x31, 0x20, 0x80, 0x0c, 0x68, 0x02, 0xc0, 0x25,
  0x40, 0x0f, 0x00, 0x06, 0x02, 0x5e, 0x20, 0x04, 0x25, 0x00, 0xa0, 0x00,
  0x00, 0x00, 0x00, 0x20, 0x00, 0x00, 0x00, 0x0e, 0x10, 0x00, 0x00, 0x00,
  0x10, 0x20, 0x80, 0x03, 0x22, 0x0a, 0x00, 0x20, 0x80, 0x08, 0x8d, 0x1e,
  0x00, 0x00, 0x00, 0x00, 0x10, 0x20, 0x80, 0x03, 0x20, 0x0a, 0x00, 0x20,
  0x40, 0x02, 0x8d, 0x1e, 0x00, 0x00, 0x00, 0x00, 0x01, 0x00, 0x00, 0x00,
  0x4c, 0x16, 0xc4, 0x2f, 0x00, 0x00, 0x00, 0x00, 0x01, 0x00, 0x01, 0x00,
  0x10, 0x00, 0x80, 0x03, 0x20, 0x0a, 0x00, 0x20, 0xc0, 0x01, 0x8d, 0x1e,
  0x00, 0x00, 0x00, 0x00, 0x01, 0x00, 0x00, 0x20, 0x00, 0x7e, 0x31, 0x00,
  0x02, 0x20, 0x81, 0x00, 0x48, 0x12, 0xa0, 0x2f, 0xc4, 0x0f, 0x00, 0x16,
  0x00, 0x00, 0x00, 0x00, 0x10, 0x00, 0x81, 0x03, 0x20, 0x0a, 0x00, 0x20,
  0xc0, 0x04, 0x8d, 0x1e, 0x00, 0x00, 0x00, 0x00, 0x01, 0x20, 0x00, 0x20,
  0x00, 0x31, 0x7e, 0x00, 0x02, 0x20, 0x81, 0x00, 0x4a, 0x12, 0x80, 0x2f,
  0xc4, 0x0f, 0x00, 0x16, 0x00, 0x00, 0x00, 0x00, 0x05, 0x20, 0x80, 0x02,
  0x40, 0x12, 0x00, 0x20, 0xa0, 0x0f, 0xb1, 0x12, 0x80, 0x0f, 0xb1, 0x00,
  0x22, 0x00, 0xb1, 0x00, 0x00, 0x0e, 0x00, 0x20, 0xc8, 0x00, 0x00, 0x00,
  0x40, 0x00, 0x00, 0x00, 0x01, 0x00, 0x80, 0x00, 0xe8, 0x3e, 0x80, 0x25,
  0x00, 0x00, 0x00, 0x00, 0x00, 0x00, 0x00, 0x00, 0x01, 0x20, 0x80, 0x00,
  0xe8, 0x3e, 0xc0, 0x21, 0x00, 0x00, 0x00, 0x00, 0x00, 0x00, 0x00, 0x00,
  0x24, 0x00, 0xa0, 0x00, 0x00, 0x0e, 0x00, 0x20, 0x98, 0x00, 0x00, 0x00,
  0x98, 0x00, 0x00, 0x00, 0x41, 0x96, 0x6d, 0x20, 0x07, 0x7c, 0x2c, 0x0a,
  0x41, 0x20, 0x80, 0x00, 0x28, 0x0a, 0x40, 0x2f, 0x40, 0x05, 0x8d, 0x0a,
  0x50, 0x01, 0x00, 0x00, 0x40, 0x96, 0x01, 0x20, 0xe7, 0x7c, 0x7c, 0x42,
  0x40, 0x20, 0x80, 0x00, 0x28, 0x0a, 0x40, 0x2f, 0x40, 0x0f, 0x8d, 0x0a,
  0x00, 0x08, 0x8d, 0x00, 0x09, 0x00, 0x80, 0x00, 0x28, 0x0a, 0x80, 0x2f,
  0x80, 0x0f, 0x8d, 0x1e, 0x02, 0x00, 0x02, 0x00, 0x09, 0x20, 0x80, 0x00,
  0x28, 0x0a, 0x40, 0x2f, 0x40, 0x0f, 0x8d, 0x1e, 0x02, 0x00, 0x02, 0x00,
  0x40, 0x96, 0x6d, 0x20, 0x07, 0x7c, 0x7c, 0x0b, 0x40, 0x20, 0x80, 0x00,
  0x28, 0x0a, 0x40, 0x2f, 0x40, 0x0f, 0x8d, 0x0a, 0x70, 0x01, 0x00, 0x00,
  0x31, 0x00, 0x80, 0x0c, 0x68, 0x02, 0x80, 0x25, 0x80, 0x0f, 0x00, 0x06,
  0x02, 0x5e, 0x20, 0x04, 0x31, 0x20, 0x80, 0x0c, 0x68, 0x02, 0xc0, 0x21,
  0x40, 0x0f, 0x00, 0x06, 0x02, 0x5e, 0x20, 0x04, 0x25, 0x00, 0xa0, 0x00,
  0x00, 0x00, 0x00, 0x20, 0x00, 0x00, 0x00, 0x0e, 0x10, 0x00, 0x00, 0x00,
  0x01, 0x20, 0x14, 0x20, 0x00, 0x30, 0x08, 0x00, 0x22, 0x00, 0xb1, 0x00,
  0x00, 0x0e, 0x00, 0x20, 0xc8, 0x00, 0x00, 0x00, 0x40, 0x00, 0x00, 0x00,
  0x01, 0x00, 0x80, 0x00, 0xe8, 0x3e, 0x40, 0x23, 0x00, 0x00, 0x00, 0x00,
  0x00, 0x00, 0x00, 0x00, 0x01, 0x20, 0x80, 0x00, 0xe8, 0x3e, 0xc0, 0x24,
  0x00, 0x00, 0x00, 0x00, 0x00, 0x00, 0x00, 0x00, 0x24, 0x00, 0xa0, 0x00,
  0x00, 0x0e, 0x00, 0x20, 0x98, 0x00, 0x00, 0x00, 0x98, 0x00, 0x00, 0x00,
  0x41, 0x96, 0x6d, 0x20, 0x07, 0x7c, 0x28, 0x0a, 0x41, 0x20, 0x80, 0x00,
  0x28, 0x0a, 0x40, 0x2f, 0xc0, 0x00, 0x8d, 0x0a, 0x50, 0x01, 0x00, 0x00,
  0x40, 0x96, 0x01, 0x20, 0xe7, 0x7c, 0x7c, 0x1a, 0x40, 0x20, 0x80, 0x00,
  0x28, 0x0a, 0x40, 0x2f, 0x40, 0x0f, 0x8d, 0x0a, 0x00, 0x03, 0x8d, 0x00,
  0x09, 0x00, 0x80, 0x00, 0x28, 0x0a, 0x80, 0x2f, 0x80, 0x0f, 0x8d, 0x1e,
  0x02, 0x00, 0x02, 0x00, 0x09, 0x20, 0x80, 0x00, 0x28, 0x0a, 0x40, 0x2f,
  0x40, 0x0f, 0x8d, 0x1e, 0x02, 0x00, 0x02, 0x00, 0x40, 0x96, 0x6d, 0x20,
  0x07, 0x7c, 0x7c, 0x0b, 0x40, 0x20, 0x80, 0x00, 0x28, 0x0a, 0x40, 0x2f,
  0x40, 0x0f, 0x8d, 0x0a, 0x70, 0x01, 0x00, 0x00, 0x31, 0x00, 0x80, 0x0c,
  0x68, 0x02, 0x40, 0x23, 0x80, 0x0f, 0x00, 0x06, 0x02, 0x5e, 0x20, 0x04,
  0x31, 0x20, 0x80, 0x0c, 0x68, 0x02, 0xc0, 0x24, 0x40, 0x0f, 0x00, 0x06,
  0x02, 0x5e, 0x20, 0x04, 0x25, 0x00, 0xa0, 0x00, 0x00, 0x00, 0x00, 0x20,
  0x00, 0x00, 0x00, 0x0e, 0x10, 0x00, 0x00, 0x00, 0x01, 0x20, 0x1c, 0x20,
  0x00, 0x30, 0x08, 0x00, 0x22, 0x00, 0xb1, 0x00, 0x00, 0x0e, 0x00, 0x20,
  0xc8, 0x00, 0x00, 0x00, 0x40, 0x00, 0x00, 0x00, 0x01, 0x00, 0x80, 0x00,
  0xe8, 0x3e, 0x40, 0x22, 0x00, 0x00, 0x00, 0x00, 0x00, 0x00, 0x00, 0x00,
  0x01, 0x20, 0x80, 0x00, 0xe8, 0x3e, 0x00, 0x23, 0x00, 0x00, 0x00, 0x00,
  0x00, 0x00, 0x00, 0x00, 0x24, 0x00, 0xa0, 0x00, 0x00, 0x0e, 0x00, 0x20,
  0x98, 0x00, 0x00, 0x00, 0x98, 0x00, 0x00, 0x00, 0x41, 0x96, 0x6d, 0x20,
  0x07, 0x7c, 0x28, 0x0a, 0x41, 0x20, 0x80, 0x00, 0x28, 0x0a, 0x40, 0x2f,
  0xc0, 0x00, 0x8d, 0x0a, 0x50, 0x01, 0x00, 0x00, 0x40, 0x96, 0x01, 0x20,
  0xe7, 0x7c, 0x7c, 0x42, 0x40, 0x20, 0x80, 0x00, 0x28, 0x0a, 0x40, 0x2f,
  0x40, 0x0f, 0x8d, 0x0a, 0x00, 0x08, 0x8d, 0x00, 0x09, 0x00, 0x80, 0x00,
  0x28, 0x0a, 0x80, 0x2f, 0x80, 0x0f, 0x8d, 0x1e, 0x02, 0x00, 0x02, 0x00,
  0x09, 0x20, 0x80, 0x00, 0x28, 0x0a, 0x40, 0x2f, 0x40, 0x0f, 0x8d, 0x1e,
  0x02, 0x00, 0x02, 0x00, 0x40, 0x96, 0x6d, 0x20, 0x07, 0x7c, 0x7c, 0x0b,
  0x40, 0x20, 0x80, 0x00, 0x28, 0x0a, 0x40, 0x2f, 0x40, 0x0f, 0x8d, 0x0a,
  0x70, 0x01, 0x00, 0x00, 0x31, 0x00, 0x80, 0x0c, 0x68, 0x02, 0x40, 0x22,
  0x80, 0x0f, 0x00, 0x06, 0x02, 0x5e, 0x20, 0x04, 0x31, 0x20, 0x80, 0x0c,
  0x68, 0x02, 0x00, 0x23, 0x40, 0x0f, 0x00, 0x06, 0x02, 0x5e, 0x20, 0x04,
  0x25, 0x00, 0xa0, 0x00, 0x00, 0x00, 0x00, 0x20, 0x00, 0x00, 0x00, 0x0e,
  0x10, 0x00, 0x00, 0x00, 0x40, 0x56, 0x02, 0x20, 0xf7, 0x7c, 0x30, 0x2c,
  0x40, 0x20, 0x80, 0x00, 0xe8, 0x3a, 0x40, 0x2f, 0xc0, 0x05, 0x8d, 0x3a,
  0xc0, 0x41, 0x8d, 0x00, 0x41, 0x00, 0x80, 0x00, 0x28, 0x0a, 0xc0, 0x20,
  0xc0, 0x08, 0x8d, 0x1e, 0x09, 0x00, 0x09, 0x00, 0x41, 0x20, 0x80, 0x00,
  0x28, 0x0a, 0x80, 0x2d, 0x80, 0x04, 0x8d, 0x1e, 0x09, 0x00, 0x09, 0x00,
  0x40, 0x56, 0x02, 0x20, 0xf7, 0x7c, 0x7c, 0x1a, 0x40, 0x20, 0x80, 0x00,
  0xe8, 0x3a, 0x40, 0x2f, 0x40, 0x0f, 0x8d, 0x3a, 0xc0, 0x44, 0x8d, 0x00,
  0x40, 0x96, 0x01, 0x20, 0xe7, 0x06, 0x06, 0x22, 0x40, 0x20, 0x80, 0x00,
  0x28, 0x0a, 0x80, 0x2d, 0x80, 0x0d, 0x8d, 0x0a, 0x00, 0x04, 0x8d, 0x00,
  0x40, 0x56, 0x02, 0x20, 0xe7, 0x7c, 0x7c, 0x12, 0x40, 0x20, 0x80, 0x00,
  0xe8, 0x3a, 0x40, 0x2f, 0x40, 0x0f, 0x8d, 0x3a, 0x00, 0x03, 0x8d, 0x00,
  0x01, 0x00, 0x00, 0x00, 0x2c, 0x02, 0x54, 0x21, 0x08, 0x01, 0x00, 0x00,
  0x00, 0x00, 0x00, 0x00, 0x09, 0x00, 0x80, 0x00, 0x28, 0x0a, 0xc0, 0x21,
  0xc0, 0x00, 0x8d, 0x1e, 0x02, 0x00, 0x02, 0x00, 0x02, 0x96, 0x03, 0x24,
  0x07, 0x7c, 0x7c, 0x00, 0x02, 0x20, 0x80, 0x04, 0xe8, 0x3a, 0x40, 0x2f,
  0x40, 0x0f, 0x8d, 0x3e, 0x00, 0x00, 0x00, 0x00, 0x40, 0x96, 0x71, 0x20,
  0x07, 0x68, 0x0e, 0x0a, 0x40, 0x56, 0x02, 0x20, 0xf7, 0x78, 0x1e, 0x7c,
  0x40, 0x20, 0x80, 0x00, 0xe8, 0x3a, 0xc0, 0x2e, 0x80, 0x03, 0x8d, 0x3a,
  0x40, 0x4f, 0x8d, 0x00, 0x09, 0x20, 0x80, 0x00, 0x28, 0x0a, 0x80, 0x2f,
  0x80, 0x0d, 0x8d, 0x1e, 0x02, 0x00, 0x02, 0x00, 0x41, 0x56, 0x6e, 0x20,
  0x07, 0x74, 0x78, 0x7f, 0x41, 0x20, 0x80, 0x00, 0xe8, 0x3a, 0x40, 0x2e,
  0xc0, 0x0e, 0x8d, 0x3a, 0xf0, 0x0f, 0x00, 0x00, 0x41, 0x56, 0x02, 0x20,
  0x07, 0x7a, 0x78, 0x7f, 0x40, 0x20, 0x80, 0x00, 0x28, 0x0a, 0xc0, 0x2c,
  0x80, 0x0f, 0x8d, 0x0a, 0x54, 0x01, 0x00, 0x00, 0x5b, 0x0e, 0x07, 0x20,
  0x01, 0xa0, 0xff, 0x2d, 0x41, 0x20, 0x80, 0x00, 0xe8, 0x3a, 0x80, 0x2e,
  0xc0, 0x0e, 0x8d, 0x3a, 0xe0, 0x0f, 0x00, 0x00, 0x5b, 0xef, 0x06, 0x20,
  0x01, 0x90, 0xff, 0x21, 0x5b, 0x22, 0x07, 0x20, 0x81, 0xd0, 0xff, 0x2d,
  0x41, 0x56, 0x02, 0x20, 0xe7, 0x70, 0x04, 0x70, 0x5b, 0xa3, 0x06, 0x20,
  0x81, 0xa0, 0xff, 0x21, 0x41, 0x20, 0x80, 0x00, 0xe8, 0x3a, 0xc0, 0x2d,
  0x80, 0x02, 0x8d, 0x3a, 0xc0, 0x0d, 0x8d, 0x00, 0x41, 0x56, 0x02, 0x20,
  0xe7, 0x72, 0x04, 0x72, 0x33, 0x00, 0x80, 0x0c, 0x70, 0x00, 0x07, 0x00,
  0xc2, 0x01, 0x00, 0x00, 0xfe, 0x5e, 0x02, 0x04, 0x41, 0x20, 0x80, 0x00,
  0xe8, 0x3a, 0x40, 0x2d, 0x80, 0x02, 0x8d, 0x3a, 0x40, 0x0d, 0x8d, 0x00,
  0x33, 0x20, 0x80, 0x0c, 0x70, 0xe0, 0x06, 0x00, 0x82, 0x0f, 0x00, 0x00,
  0xfe, 0x5e, 0x02, 0x04, 0x33, 0x00, 0x80, 0x0c, 0x70, 0x20, 0x07, 0x00,
  0x02, 0x0d, 0x00, 0x00, 0xfe, 0x5e, 0x02, 0x04, 0x33, 0x20, 0x80, 0x0c,
  0x70, 0xa0, 0x06, 0x00, 0xc2, 0x0c, 0x00, 0x00, 0xfe, 0x5e, 0x02, 0x04,
  0x05, 0x00, 0x60, 0x00, 0x0c, 0x02, 0xc0, 0x2f, 0x08, 0x07, 0x00, 0x06,
  0x00, 0x00, 0x00, 0x8f, 0x01, 0x80, 0x00, 0x00, 0x04, 0x06, 0x00, 0x32,
  0x00, 0x00, 0x00, 0x00, 0x00, 0x00, 0x00, 0x00, 0x31, 0x00, 0x00, 0x03,
  0x04, 0x02, 0x00, 0x20, 0xc0, 0x0f, 0x00, 0x06, 0x04, 0x00, 0x00, 0x02,
  0x30, 0x00, 0x00, 0x00, 0x04, 0x00, 0x00, 0x32, 0x00, 0x12, 0x00, 0x00,
  0x00, 0x00, 0x00, 0x00, 0x10, 0x00, 0x80, 0x01, 0x62, 0x1a, 0x00, 0x20,
  0x20, 0x00, 0xb1, 0x1e, 0x00, 0x00, 0x00, 0x00, 0x10, 0x20, 0x80, 0x01,
  0x62, 0x1a, 0x00, 0x20, 0x40, 0x00, 0xb1, 0x1e, 0x00, 0x00, 0x00, 0x00,
  0x22, 0x00, 0xa1, 0x00, 0x02, 0x0e, 0x00, 0x20, 0x10, 0x04, 0x00, 0x00,
  0x10, 0x04, 0x00, 0x00, 0x40, 0x00, 0x00, 0x00, 0x2c, 0x0a, 0x5c, 0x21,
  0x54, 0x01, 0x00, 0x1e, 0x20, 0x00, 0x20, 0x00, 0x01, 0x00, 0x00, 0x00,
  0x2c, 0x1e, 0x50, 0x21, 0x00, 0x00, 0x00, 0x00, 0x00, 0x00, 0x00, 0x00,
  0x01, 0x00, 0x40, 0x00, 0xec, 0x3e, 0x40, 0x21, 0x00, 0x00, 0x00, 0x00,
  0x00, 0x00, 0x00, 0x00, 0x09, 0x00, 0x00, 0x00, 0x2c, 0x0a, 0xc0, 0x2f,
  0x50, 0x01, 0x00, 0x1e, 0x02, 0x00, 0x02, 0x00, 0x01, 0x00, 0x60, 0x00,
  0x6c, 0x26, 0xb0, 0x2f, 0x00, 0x00, 0x00, 0x00, 0x00, 0x00, 0xff, 0xff,
  0x01, 0x00, 0x60, 0x00, 0x6c, 0x26, 0xd0, 0x2f, 0x00, 0x00, 0x00, 0x00,
  0x40, 0xc8, 0x51, 0xd9, 0x10, 0x00, 0x80, 0x05, 0x26, 0x02, 0x00, 0x20,
  0x50, 0x01, 0x00, 0x16, 0x48, 0x00, 0x48, 0x00, 0x10, 0x20, 0x80, 0x05,
  0x26, 0x02, 0x00, 0x20, 0x50, 0x01, 0x00, 0x16, 0x48, 0x00, 0x48, 0x00,
  0x40, 0x80, 0x71, 0x20, 0x00, 0x7d, 0x7e, 0x0a, 0x40, 0x00, 0x00, 0x00,
  0x2c, 0x0a, 0x00, 0x2f, 0xc0, 0x0f, 0x00, 0x1e, 0x20, 0x00, 0x20, 0x00,
  0x40, 0x00, 0x60, 0x00, 0x0c, 0x02, 0x80, 0x2f, 0xc0, 0x0f, 0x00, 0x1a,
  0xd0, 0x0f, 0x8d, 0x00, 0x40, 0x00, 0x00, 0x00, 0x2c, 0x0a, 0xe0, 0x2e,
  0x5c, 0x01, 0x00, 0x0a, 0xc0, 0x0f, 0x00, 0x00, 0x40, 0x00, 0x60, 0x00,
  0x0c, 0x02, 0x60, 0x2f, 0xa0, 0x0f, 0x00, 0x1a, 0xd0, 0x0f, 0x8d, 0x00,
  0x31, 0x00, 0x00, 0x0a, 0x0c, 0x02, 0xc0, 0x2e, 0x00, 0x0f, 0x00, 0x06,
  0xfe, 0x08, 0x11, 0x02, 0x40, 0x00, 0x60, 0x00, 0x0c, 0x02, 0x80, 0x2f,
  0x80, 0x0f, 0x8d, 0x1a, 0xb0, 0x0f, 0x8d, 0x00, 0x31, 0x00, 0x00, 0x0a,
  0x0c, 0x02, 0xa0, 0x2e, 0xe0, 0x0e, 0x00, 0x06, 0xfe, 0x08, 0x11, 0x02,
  0x40, 0x00, 0x60, 0x00, 0x0c, 0x02, 0x60, 0x2f, 0x60, 0x0f, 0x8d, 0x1a,
  0xb0, 0x0f, 0x8d, 0x00, 0x31, 0x00, 0x60, 0x0a, 0x0c, 0x02, 0x40, 0x2f,
  0x80, 0x0f, 0x00, 0x06, 0xfe, 0x08, 0x11, 0x02, 0x31, 0x00, 0x60, 0x0a,
  0x0c, 0x02, 0x20, 0x2f, 0x60, 0x0f, 0x00, 0x06, 0xfe, 0x08, 0x11, 0x02,
  0x40, 0x40, 0x1e, 0x20, 0x00, 0x05, 0x0a, 0x7a, 0x40, 0x00, 0x00, 0x00,
  0xec, 0x3a, 0xc8, 0x2e, 0x44, 0x01, 0x00, 0x3a, 0x40, 0x2f, 0x00, 0x00,
  0x40, 0x00, 0x00, 0x00, 0xec, 0x3a, 0xc4, 0x2e, 0x48, 0x01, 0x00, 0x3a,
  0x20, 0x0f, 0x00, 0x00, 0x40, 0x00, 0x00, 0x00, 0xec, 0x3a, 0xcc, 0x2e,
  0x40, 0x01, 0x00, 0x3a, 0x20, 0x2f, 0x00, 0x00, 0x40, 0x00, 0x00, 0x00,
  0xec, 0x3a, 0xd0, 0x2e, 0xa0, 0x00, 0x00, 0x3a, 0x44, 0x0f, 0x00, 0x00,
  0x40, 0x00, 0x00, 0x00, 0xec, 0x3a, 0xc0, 0x20, 0xc8, 0x0e, 0x00, 0x3a,
  0x44, 0x2f, 0x00, 0x00, 0x40, 0x00, 0x00, 0x00, 0xec, 0x3a, 0xa0, 0x2f,
  0xc4, 0x0e, 0x00, 0x3a, 0x24, 0x0f, 0x00, 0x00, 0x40, 0x00, 0x00, 0x00,
  0xec, 0x3a, 0xa4, 0x2f, 0xcc, 0x0e, 0x00, 0x3a, 0x24, 0x2f, 0x00, 0x00,
  0x40, 0x00, 0x00, 0x00, 0xec, 0x3a, 0xa8, 0x2f, 0xd0, 0x0e, 0x00, 0x3a,
  0x48, 0x0f, 0x00, 0x00, 0x40, 0x00, 0x00, 0x00, 0xec, 0x3a, 0xe0, 0x20,
  0xc0, 0x00, 0x00, 0x3a, 0x48, 0x2f, 0x00, 0x00, 0x40, 0x40, 0x5e, 0x20,
  0x00, 0x7e, 0x7d, 0x79, 0x40, 0x00, 0x00, 0x00, 0xec, 0x3a, 0xc4, 0x2f,
  0xa4, 0x0f, 0x00, 0x3a, 0x28, 0x2f, 0x00, 0x00, 0x40, 0x00, 0x00, 0x00,
  0xec, 0x3a, 0xc8, 0x2f, 0xa8, 0x0f, 0x00, 0x3a, 0x4c, 0x0f, 0x00, 0x00,
  0x40, 0x00, 0x00, 0x00, 0xec, 0x3a, 0x00, 0x21, 0xe0, 0x00, 0x00, 0x3a,
  0x4c, 0x2f, 0x00, 0x00, 0x40, 0x40, 0x66, 0x20, 0x00, 0x7c, 0x7e, 0x79,
  0x40, 0x00, 0x00, 0x00, 0xec, 0x3a, 0x04, 0x21, 0xc4, 0x0f, 0x00, 0x3a,
  0x2c, 0x2f, 0x00, 0x00, 0x40, 0x00, 0x00, 0x00, 0xec, 0x3a, 0xa0, 0x20,
  0xc8, 0x0f, 0x00, 0x3a, 0x50, 0x0f, 0x00, 0x00, 0x40, 0x00, 0x00, 0x00,
  0xec, 0x3a, 0xa4, 0x20, 0x00, 0x01, 0x00, 0x3a, 0x50, 0x2f, 0x00, 0x00,
  0x40, 0x40, 0x6e, 0x20, 0x00, 0x7b, 0x7c, 0x79, 0x40, 0x00, 0x00, 0x00,
  0xec, 0x3a, 0xa8, 0x20, 0x04, 0x01, 0x00, 0x3a, 0x30, 0x2f, 0x00, 0x00,
  0x40, 0x40, 0x72, 0x20, 0x00, 0x09, 0x05, 0x7a, 0x40, 0x00, 0x00, 0x00,
  0xec, 0x3a, 0xc0, 0x20, 0xa4, 0x00, 0x00, 0x3a, 0x54, 0x2f, 0x00, 0x00,
  0x40, 0x40, 0x72, 0x20, 0x00, 0x78, 0x7b, 0x79, 0x40, 0x00, 0x00, 0x00,
  0xec, 0x3a, 0x04, 0x2f, 0xa8, 0x00, 0x00, 0x3a, 0x34, 0x2f, 0x00, 0x00,
  0x40, 0x40, 0x76, 0x20, 0x00, 0x7d, 0x09, 0x7a, 0x40, 0x00, 0x00, 0x00,
  0xec, 0x3a, 0xe0, 0x20, 0xc0, 0x00, 0x00, 0x3a, 0x58, 0x2f, 0x00, 0x00,
  0x40, 0x00, 0x00, 0x00, 0xec, 0x3a, 0xc4, 0x20, 0x00, 0x0f, 0x00, 0x3a,
  0x38, 0x0f, 0x00, 0x00, 0x40, 0x00, 0x00, 0x00, 0xec, 0x3a, 0xa4, 0x2f,
  0x04, 0x0f, 0x00, 0x3a, 0x38, 0x2f, 0x00, 0x00, 0x40, 0x40, 0x7a, 0x20,
  0x00, 0x7e, 0x7d, 0x7a, 0x40, 0x00, 0x00, 0x00, 0xec, 0x3a, 0xc4, 0x2f,
  0xe0, 0x00, 0x00, 0x3a, 0x5c, 0x2f, 0x00, 0x00, 0x40, 0x00, 0x00, 0x00,
  0xec, 0x3a, 0xe4, 0x20, 0xc4, 0x00, 0x00, 0x3a, 0x3c, 0x0f, 0x00, 0x00,
  0x40, 0x00, 0x00, 0x00, 0xec, 0x3a, 0xc8, 0x2f, 0xa4, 0x0f, 0x00, 0x3a,
  0x3c, 0x2f, 0x00, 0x00, 0x40, 0x00, 0x00, 0x00, 0xec, 0x3a, 0x4c, 0x21,
  0xc0, 0x0f, 0x00, 0x3a, 0xc0, 0x0e, 0x00, 0x00, 0x40, 0x00, 0x00, 0x00,
  0xec, 0x3a, 0x44, 0x21, 0xc4, 0x0f, 0x00, 0x3a, 0xc0, 0x2e, 0x00, 0x00,
  0x40, 0x00, 0x00, 0x00, 0xec, 0x3a, 0x48, 0x21, 0xe4, 0x00, 0x00, 0x3a,
  0xa0, 0x0e, 0x00, 0x00, 0x40, 0x00, 0x00, 0x00, 0xec, 0x3a, 0x40, 0x21,
  0xc8, 0x0f, 0x00, 0x3a, 0xa0, 0x2e, 0x00, 0x00, 0x28, 0x00, 0xb1, 0x00,
  0x02, 0x0e, 0x00, 0x20, 0x20, 0x00, 0x00, 0x00, 0x20, 0x00, 0x00, 0x00,
  0x40, 0x00, 0x00, 0x00, 0x2c, 0x0a, 0x50, 0x21, 0x50, 0x01, 0x00, 0x1e,
  0x09, 0x00, 0x09, 0x00, 0x27, 0x00, 0xa0, 0x10, 0x00, 0x00, 0x00, 0x20,
  0x00, 0x00, 0x00, 0x0e, 0xe8, 0xfc, 0xff, 0xff, 0x40, 0x00, 0x00, 0x00,
  0x2c, 0x0a, 0xc0, 0x2f, 0x58, 0x01, 0x00, 0x0a, 0x7c, 0x01, 0x00, 0x00,
  0x09, 0x00, 0x00, 0x00, 0x2c, 0x0a, 0xb4, 0x2f, 0x04, 0x07, 0x00, 0x1e,
  0x04, 0x00, 0x04, 0x00, 0x01, 0x00, 0x40, 0x00, 0x6c, 0x26, 0x90, 0x2f,
  0x00, 0x00, 0x00, 0x00, 0x40, 0xc8, 0x00, 0x00, 0x31, 0x00, 0x00, 0x0a,
  0x0c, 0x02, 0xa0, 0x2f, 0xc0, 0x0f, 0x00, 0x06, 0x05, 0x08, 0x11, 0x02,
  0x40, 0x80, 0x29, 0x20, 0x00, 0x7c, 0x7d, 0x0c, 0x40, 0x00, 0x40, 0x00,
  0x0c, 0x02, 0x60, 0x2f, 0x80, 0x0f, 0x00, 0x1a, 0x90, 0x0f, 0x69, 0x00,
  0x41, 0x00, 0x00, 0x00, 0xec, 0x3a, 0xa4, 0x2f, 0x4c, 0x01, 0x00, 0x3a,
  0xa0, 0x0f, 0x00, 0x00, 0x41, 0x00, 0x00, 0x00, 0xec, 0x3a, 0xa8, 0x2f,
  0x48, 0x01, 0x00, 0x3a, 0xa0, 0x0f, 0x00, 0x00, 0x41, 0x00, 0x00, 0x00,
  0xec, 0x3a, 0xac, 0x2f, 0x44, 0x01, 0x00, 0x3a, 0xa0, 0x0f, 0x00, 0x00,
  0x41, 0x40, 0x12, 0x20, 0x00, 0x7d, 0x0a, 0x7d, 0x01, 0x03, 0x15, 0x60,
  0x05, 0x7a, 0x7d, 0x00, 0x33, 0x00, 0x40, 0x0a, 0x14, 0xa0, 0x07, 0x00,
  0x61, 0x0f, 0x00, 0x00, 0x06, 0x08, 0x03, 0x02, 0x25, 0x00, 0xa0, 0x00,
  0x00, 0x00, 0x00, 0x20, 0x00, 0x00, 0x00, 0x0e, 0x10, 0x00, 0x00, 0x00,
  0x25, 0x00, 0xa0, 0x00, 0x00, 0x00, 0x00, 0x20, 0x00, 0x00, 0x00, 0x0e,
  0x10, 0x00, 0x00, 0x00, 0x01, 0x4d, 0x00, 0x20, 0x07, 0x7f, 0x38, 0x00,
  0x31, 0x00, 0x60, 0x07, 0x04, 0x02, 0x00, 0x20, 0xe0, 0x0f, 0x00, 0x06,
  0x10, 0x00, 0x00, 0x82, 0x00, 0x00, 0x00, 0x00, 0x00, 0x00, 0x00, 0x00,
  0x00, 0x00, 0x00, 0x00, 0x00, 0x00, 0x00, 0x00, 0x00, 0x00, 0x00, 0x00,
  0x00, 0x00, 0x00, 0x00, 0x00, 0x00, 0x00, 0x00, 0x00, 0x00, 0x00, 0x00,
  0x00, 0x00, 0x00, 0x00, 0x00, 0x00, 0x00, 0x00, 0x00, 0x00, 0x00, 0x00,
  0x00, 0x00, 0x00, 0x00, 0x00, 0x00, 0x00, 0x00, 0x00, 0x00, 0x00, 0x00,
  0x00, 0x00, 0x00, 0x00, 0x00, 0x00, 0x00, 0x00, 0x00, 0x00, 0x00, 0x00,
  0x00, 0x00, 0x00, 0x00, 0x00, 0x00, 0x00, 0x00, 0x00, 0x00, 0x00, 0x00,
  0x00, 0x00, 0x00, 0x00, 0x00, 0x00, 0x00, 0x00, 0x00, 0x00, 0x00, 0x00,
  0x00, 0x00, 0x00, 0x00, 0x00, 0x00, 0x00, 0x00, 0x00, 0x00, 0x00, 0x00,
  0x00, 0x00, 0x00, 0x00, 0x00, 0x00, 0x00, 0x00, 0x00, 0x00, 0x00, 0x00,
  0x00, 0x00, 0x00, 0x00, 0x00, 0x00, 0x00, 0x00, 0x00, 0x00, 0x00, 0x00,
  0x00, 0x00, 0x00, 0x00, 0x00, 0x00, 0x00, 0x00, 0x00, 0x00, 0x00, 0x00,
  0x00, 0x00, 0x00, 0x00, 0x49, 0x02, 0x00, 0x00, 0x00, 0x00, 0x00, 0x00,
  0x00, 0x00, 0x00, 0x00, 0x06, 0x00, 0x00, 0x00, 0x00, 0xc0, 0xff, 0x83,
  0x00, 0x00, 0x00, 0x03, 0x7f, 0x00, 0xff, 0x1f, 0x00, 0x00, 0xe0, 0x0f,
  0x00, 0x00, 0x00, 0x00, 0x00, 0x00, 0x00, 0x00, 0x00, 0x00, 0x00, 0x00,
  0x00, 0x00, 0x00, 0x00, 0x00, 0x00, 0x00, 0x00, 0x00, 0x00, 0x00, 0x00,
  0x00, 0x00, 0x00, 0x00, 0x00, 0x00, 0x00, 0x00, 0x00, 0x00, 0x00, 0x00,
  0x00, 0x00, 0x00, 0x00, 0x00, 0x00, 0x00, 0x00, 0x00, 0x00, 0x00, 0x00,
  0x00, 0xc0, 0xff, 0x83, 0x00, 0x00, 0x00, 0x03, 0x7f, 0x00, 0xff, 0x1f,
  0x00, 0x00, 0xe0, 0x0f, 0x00, 0x00, 0x00, 0x00, 0x00, 0x00, 0x00, 0x00,
  0x00, 0x00, 0x00, 0x00, 0x00, 0x00, 0x00, 0x00, 0x00, 0x00, 0x00, 0x00,
  0x00, 0x00, 0x00, 0x00, 0x00, 0x00, 0x00, 0x00, 0x00, 0x00, 0x00, 0x00,
  0x00, 0x00, 0x00, 0x00, 0x00, 0x00, 0x00, 0x00, 0x00, 0x00, 0x00, 0x00,
  0x00, 0x00, 0x00, 0x00, 0x00, 0xc0, 0xff, 0x83, 0x00, 0x00, 0x00, 0x03,
  0x7f, 0x00, 0xff, 0x1f, 0x00, 0x00, 0xe0, 0x0f, 0x00, 0x00, 0x00, 0x00,
  0x00, 0x00, 0x00, 0x00, 0x00, 0x00, 0x00, 0x00, 0x00, 0x00, 0x00, 0x00,
  0x00, 0x00, 0x00, 0x00, 0x00, 0x00, 0x00, 0x00, 0x00, 0x00, 0x00, 0x00,
  0x00, 0x00, 0x00, 0x00, 0x00, 0x00, 0x00, 0x00, 0x00, 0x00, 0x00, 0x00,
  0x00, 0x00, 0x00, 0x00, 0x00, 0x00, 0x00, 0x00, 0x00, 0xc0, 0xff, 0x83,
  0x00, 0x00, 0x00, 0x03, 0x7f, 0x00, 0xff, 0x1f, 0x00, 0x00, 0xe0, 0x0f,
  0x00, 0x00, 0x00, 0x00, 0x00, 0x00, 0x00, 0x00, 0x00, 0x00, 0x00, 0x00,
  0x00, 0x00, 0x00, 0x00, 0x00, 0x00, 0x00, 0x00, 0x00, 0x00, 0x00, 0x00,
  0x00, 0x00, 0x00, 0x00, 0x00, 0x00, 0x00, 0x00, 0x00, 0x00, 0x00, 0x00,
  0x00, 0x00, 0x00, 0x00, 0x00, 0x00, 0x00, 0x00, 0x00, 0x00, 0x00, 0x00,
  0x00, 0xc0, 0xff, 0x83, 0x00, 0x00, 0x00, 0x03, 0x7f, 0x00, 0xff, 0x1f,
  0x00, 0x00, 0xe0, 0x0f, 0x00, 0x00, 0x00, 0x00, 0x00, 0x00, 0x00, 0x00,
  0x00, 0x00, 0x00, 0x00, 0x00, 0x00, 0x00, 0x00, 0x00, 0x00, 0x00, 0x00,
  0x00, 0x00, 0x00, 0x00, 0x00, 0x00, 0x00, 0x00, 0x00, 0x00, 0x00, 0x00,
  0x00, 0x00, 0x00, 0x00, 0x00, 0x00, 0x00, 0x00, 0x00, 0x00, 0x00, 0x00,
  0x00, 0x00, 0x00, 0x00, 0x00, 0xc0, 0xff, 0x83, 0x00, 0x00, 0x00, 0x03,
  0x7f, 0x00, 0xff, 0x1f, 0x00, 0x00, 0xe0, 0x0f, 0x00, 0x00, 0x00, 0x00,
  0x00, 0x00, 0x00, 0x00, 0x00, 0x00, 0x00, 0x00, 0x00, 0x00, 0x00, 0x00,
  0x00, 0x00, 0x00, 0x00, 0x00, 0x00, 0x00, 0x00, 0x00, 0x00, 0x00, 0x00,
  0x00, 0x00, 0x00, 0x00, 0x00, 0x00, 0x00, 0x00, 0x00, 0x00, 0x00, 0x00,
  0x00, 0x00, 0x00, 0x00, 0x00, 0x00, 0x00, 0x00, 0x00, 0xc0, 0xff, 0x83,
  0x00, 0x00, 0x00, 0x03, 0x7f, 0x00, 0xff, 0x1f, 0x00, 0x00, 0xe0, 0x0f,
  0x00, 0x00, 0x00, 0x00, 0x00, 0x00, 0x00, 0x00, 0x00, 0x00, 0x00, 0x00,
  0x00, 0x00, 0x00, 0x00, 0x00, 0x00, 0x00, 0x00, 0x00, 0x00, 0x00, 0x00,
  0x00, 0x00, 0x00, 0x00, 0x00, 0x00, 0x00, 0x00, 0x00, 0x00, 0x00, 0x00,
  0x00, 0x00, 0x00, 0x00, 0x00, 0x00, 0x00, 0x00, 0x00, 0x00, 0x00, 0x00,
  0x00, 0xc0, 0xff, 0x87, 0x00, 0x00, 0x00, 0x03, 0x7f, 0x00, 0xff, 0x1f,
  0x00, 0x00, 0xe0, 0x0f, 0x00, 0x00, 0x00, 0x00, 0x00, 0x00, 0x00, 0x00,
  0x00, 0x00, 0x00, 0x00, 0x00, 0x00, 0x00, 0x00, 0x00, 0x00, 0x00, 0x00,
  0x00, 0x00, 0x00, 0x00, 0x00, 0x00, 0x00, 0x00, 0x00, 0x00, 0x00, 0x00,
  0x00, 0x00, 0x00, 0x00, 0x00, 0x00, 0x00, 0x00, 0x00, 0x00, 0x00, 0x00,
  0x00, 0x00, 0x00, 0x00, 0x00, 0xc0, 0xff, 0x87, 0x00, 0x00, 0x00, 0x03,
  0x7f, 0x00, 0xff, 0x1f, 0x00, 0x00, 0xe0, 0x0f, 0x00, 0x00, 0x00, 0x00,
  0x00, 0x00, 0x00, 0x00, 0x00, 0x00, 0x00, 0x00, 0x00, 0x00, 0x00, 0x00,
  0x00, 0x00, 0x00, 0x00, 0x00, 0x00, 0x00, 0x00, 0x00, 0x00, 0x00, 0x00,
  0x00, 0x00, 0x00, 0x00, 0x00, 0x00, 0x00, 0x00, 0x00, 0x00, 0x00, 0x00,
  0x00, 0x00, 0x00, 0x00, 0x00, 0x00, 0x00, 0x00, 0x00, 0x00, 0x00, 0x00,
  0x40, 0x00, 0x00, 0x00, 0x80, 0x00, 0x00, 0x00, 0xc0, 0x00, 0x00, 0x00,
  0x00, 0x01, 0x00, 0x00, 0x40, 0x01, 0x00, 0x00, 0x80, 0x01, 0x00, 0x00,
  0xc0, 0x01, 0x00, 0x00, 0x00, 0x02, 0x00, 0x00, 0x13, 0x00, 0x00, 0x00,
  0x0c, 0x00, 0x00, 0x00, 0x00, 0x00, 0x00, 0x00, 0x15, 0x00, 0x00, 0x00,
  0x18, 0x00, 0x00, 0x00, 0x00, 0x00, 0x00, 0x00, 0x00, 0x00, 0x00, 0x00,
  0x00, 0x00, 0x00, 0x00, 0x40, 0x02, 0x00, 0x00, 0x08, 0x00, 0x00, 0x00,
  0x14, 0x00, 0x00, 0x00, 0x40, 0x02, 0x00, 0x00, 0x09, 0x00, 0x00, 0x00,
  0x00, 0x00, 0x00, 0x00, 0x11, 0x00, 0x00, 0x00, 0x28, 0x00, 0x00, 0x00,
  0x08, 0x00, 0x00, 0x00, 0x08, 0x00, 0x00, 0x00, 0x20, 0x00, 0x00, 0x00,
  0x08, 0x00, 0x00, 0x00, 0x04, 0x00, 0x00, 0x00, 0xff, 0xff, 0xff, 0xff,
  0xff, 0xff, 0xff, 0xff, 0x00, 0x00, 0x00, 0x00, 0x11, 0x00, 0x00, 0x00,
  0x28, 0x00, 0x00, 0x00, 0x08, 0x00, 0x00, 0x00, 0x09, 0x00, 0x00, 0x00,
  0x28, 0x00, 0x00, 0x00, 0x08, 0x00, 0x00, 0x00, 0x04, 0x00, 0x00, 0x00,
  0xff, 0xff, 0xff, 0xff, 0xff, 0xff, 0xff, 0xff, 0x00, 0x00, 0x00, 0x00,
  0x11, 0x00, 0x00, 0x00, 0x28, 0x00, 0x00, 0x00, 0x10, 0x00, 0x00, 0x00,
  0x00, 0x00, 0x00, 0x00, 0x00, 0x00, 0x00, 0x00, 0x04, 0x00, 0x00, 0x00,
  0x00, 0x00, 0x00, 0x00, 0x00, 0x00, 0x00, 0x00, 0x00, 0x00, 0x00, 0x00,
  0x00, 0x00, 0x00, 0x00, 0x11, 0x00, 0x00, 0x00, 0x28, 0x00, 0x00, 0x00,
  0x10, 0x00, 0x00, 0x00, 0x00, 0x00, 0x00, 0x00, 0x04, 0x00, 0x00, 0x00,
  0x04, 0x00, 0x00, 0x00, 0x04, 0x00, 0x00, 0x00, 0x00, 0x00, 0x00, 0x00,
  0x00, 0x00, 0x00, 0x00, 0x00, 0x00, 0x00, 0x00, 0x11, 0x00, 0x00, 0x00,
  0x28, 0x00, 0x00, 0x00, 0x10, 0x00, 0x00, 0x00, 0x00, 0x00, 0x00, 0x00,
  0x08, 0x00, 0x00, 0x00, 0x04, 0x00, 0x00, 0x00, 0x08, 0x00, 0x00, 0x00,
  0x00, 0x00, 0x00, 0x00, 0x00, 0x00, 0x00, 0x00, 0x00, 0x00, 0x00, 0x00,
  0x11, 0x00, 0x00, 0x00, 0x28, 0x00, 0x00, 0x00, 0x02, 0x00, 0x00, 0x00,
  0x00, 0x00, 0x00, 0x00, 0x0c, 0x00, 0x00, 0x00, 0x04, 0x00, 0x00, 0x00,
  0x00, 0x00, 0x00, 0x00, 0x00, 0x00, 0x00, 0x00, 0x00, 0x00, 0x00, 0x00,
  0x00, 0x00, 0x00, 0x00, 0x11, 0x00, 0x00, 0x00, 0x28, 0x00, 0x00, 0x00,
  0x02, 0x00, 0x00, 0x00, 0x00, 0x00, 0x00, 0x00, 0x10, 0x00, 0x00, 0x00,
  0x04, 0x00, 0x00, 0x00, 0x04, 0x00, 0x00, 0x00, 0x00, 0x00, 0x00, 0x00,
  0x00, 0x00, 0x00, 0x00, 0x00, 0x00, 0x00, 0x00, 0x11, 0x00, 0x00, 0x00,
  0x28, 0x00, 0x00, 0x00, 0x02, 0x00, 0x00, 0x00, 0x00, 0x00, 0x00, 0x00,
  0x14, 0x00, 0x00, 0x00, 0x04, 0x00, 0x00, 0x00, 0x08, 0x00, 0x00, 0x00,
  0x00, 0x00, 0x00, 0x00, 0x00, 0x00, 0x00, 0x00, 0x00, 0x00, 0x00, 0x00,
  0x11, 0x00, 0x00, 0x00, 0x28, 0x00, 0x00, 0x00, 0x2b, 0x00, 0x00, 0x00,
  0x00, 0x00, 0x00, 0x00, 0x30, 0x00, 0x00, 0x00, 0x04, 0x00, 0x00, 0x00,
  0x00, 0x00, 0x00, 0x00, 0x00, 0x00, 0x00, 0x00, 0x00, 0x00, 0x00, 0x00,
  0x00, 0x00, 0x00, 0x00, 0x11, 0x00, 0x00, 0x00, 0x28, 0x00, 0x00, 0x00,
  0x2b, 0x00, 0x00, 0x00, 0x01, 0x00, 0x00, 0x00, 0x38, 0x00, 0x00, 0x00,
  0x04, 0x00, 0x00, 0x00, 0x00, 0x00, 0x00, 0x00, 0x00, 0x00, 0x00, 0x00,
  0x00, 0x00, 0x00, 0x00, 0x00, 0x00, 0x00, 0x00, 0x11, 0x00, 0x00, 0x00,
  0x28, 0x00, 0x00, 0x00, 0x2b, 0x00, 0x00, 0x00, 0x02, 0x00, 0x00, 0x00,
  0x40, 0x00, 0x00, 0x00, 0x04, 0x00, 0x00, 0x00, 0x00, 0x00, 0x00, 0x00,
  0x00, 0x00, 0x00, 0x00, 0x00, 0x00, 0x00, 0x00, 0x00, 0x00, 0x00, 0x00,
  0x11, 0x00, 0x00, 0x00, 0x28, 0x00, 0x00, 0x00, 0x2b, 0x00, 0x00, 0x00,
  0x03, 0x00, 0x00, 0x00, 0x48, 0x00, 0x00, 0x00, 0x04, 0x00, 0x00, 0x00,
  0x00, 0x00, 0x00, 0x00, 0x00, 0x00, 0x00, 0x00, 0x00, 0x00, 0x00, 0x00,
  0x00, 0x00, 0x00, 0x00, 0x11, 0x00, 0x00, 0x00, 0x28, 0x00, 0x00, 0x00,
  0x2b, 0x00, 0x00, 0x00, 0x04, 0x00, 0x00, 0x00, 0x50, 0x00, 0x00, 0x00,
  0x04, 0x00, 0x00, 0x00, 0x00, 0x00, 0x00, 0x00, 0x00, 0x00, 0x00, 0x00,
  0x00, 0x00, 0x00, 0x00, 0x00, 0x00, 0x00, 0x00, 0x11, 0x00, 0x00, 0x00,
  0x28, 0x00, 0x00, 0x00, 0x2b, 0x00, 0x00, 0x00, 0x0a, 0x00, 0x00, 0x00,
  0x58, 0x00, 0x00, 0x00, 0x04, 0x00, 0x00, 0x00, 0x00, 0x00, 0x00, 0x00,
  0x00, 0x00, 0x00, 0x00, 0x00, 0x00, 0x00, 0x00, 0x00, 0x00, 0x00, 0x00,
  0x11, 0x00, 0x00, 0x00, 0x28, 0x00, 0x00, 0x00, 0x2b, 0x00, 0x00, 0x00,
  0x0b, 0x00, 0x00, 0x00, 0x60, 0x00, 0x00, 0x00, 0x04, 0x00, 0x00, 0x00,
  0x00, 0x00, 0x00, 0x00, 0x00, 0x00, 0x00, 0x00, 0x00, 0x00, 0x00, 0x00,
  0x00, 0x00, 0x00, 0x00, 0x11, 0x00, 0x00, 0x00, 0x28, 0x00, 0x00, 0x00,
  0x2a, 0x00, 0x00, 0x00, 0x00, 0x00, 0x00, 0x00, 0x88, 0x00, 0x00, 0x00,
  0x04, 0x00, 0x00, 0x00, 0x00, 0x00, 0x00, 0x00, 0x00, 0x00, 0x00, 0x00,
  0x00, 0x00, 0x00, 0x00, 0x00, 0x00, 0x00, 0x00, 0x11, 0x00, 0x00, 0x00,
  0x28, 0x00, 0x00, 0x00, 0x2a, 0x00, 0x00, 0x00, 0x01, 0x00, 0x00, 0x00,
  0x8c, 0x00, 0x00, 0x00, 0x04, 0x00, 0x00, 0x00, 0x00, 0x00, 0x00, 0x00,
  0x00, 0x00, 0x00, 0x00, 0x00, 0x00, 0x00, 0x00, 0x00, 0x00, 0x00, 0x00,
  0x11, 0x00, 0x00, 0x00, 0x28, 0x00, 0x00, 0x00, 0x2a, 0x00, 0x00, 0x00,
  0x02, 0x00, 0x00, 0x00, 0x90, 0x00, 0x00, 0x00, 0x04, 0x00, 0x00, 0x00,
  0x00, 0x00, 0x00, 0x00, 0x00, 0x00, 0x00, 0x00, 0x00, 0x00, 0x00, 0x00,
  0x00, 0x00, 0x00, 0x00, 0x11, 0x00, 0x00, 0x00, 0x28, 0x00, 0x00, 0x00,
  0x2a, 0x00, 0x00, 0x00, 0x03, 0x00, 0x00, 0x00, 0x94, 0x00, 0x00, 0x00,
  0x04, 0x00, 0x00, 0x00, 0x00, 0x00, 0x00, 0x00, 0x00, 0x00, 0x00, 0x00,
  0x00, 0x00, 0x00, 0x00, 0x00, 0x00, 0x00, 0x00, 0x11, 0x00, 0x00, 0x00,
  0x28, 0x00, 0x00, 0x00, 0x2a, 0x00, 0x00, 0x00, 0x04, 0x00, 0x00, 0x00,
  0x98, 0x00, 0x00, 0x00, 0x04, 0x00, 0x00, 0x00, 0x00, 0x00, 0x00, 0x00,
  0x00, 0x00, 0x00, 0x00, 0x00, 0x00, 0x00, 0x00, 0x00, 0x00, 0x00, 0x00,
  0x11, 0x00, 0x00, 0x00, 0x28, 0x00, 0x00, 0x00, 0x2a, 0x00, 0x00, 0x00,
  0x0a, 0x00, 0x00, 0x00, 0x9c, 0x00, 0x00, 0x00, 0x04, 0x00, 0x00, 0x00,
  0x00, 0x00, 0x00, 0x00, 0x00, 0x00, 0x00, 0x00, 0x00, 0x00, 0x00, 0x00,
  0x00, 0x00, 0x00, 0x00, 0x11, 0x00, 0x00, 0x00, 0x28, 0x00, 0x00, 0x00,
  0x2a, 0x00, 0x00, 0x00, 0x0b, 0x00, 0x00, 0x00, 0xa0, 0x00, 0x00, 0x00,
  0x04, 0x00, 0x00, 0x00, 0x00, 0x00, 0x00, 0x00, 0x00, 0x00, 0x00, 0x00,
  0x00, 0x00, 0x00, 0x00, 0x00, 0x00, 0x00, 0x00, 0x1e, 0x00, 0x00, 0x00,
  0x24, 0x00, 0x00, 0x00, 0x00, 0x00, 0x00, 0x00, 0x00, 0x00, 0x00, 0x00,
  0x30, 0x00, 0x00, 0x00, 0x08, 0x00, 0x00, 0x00, 0xff, 0xff, 0xff, 0xff,
  0xff, 0xff, 0xff, 0xff, 0x00, 0x00, 0x00, 0x00, 0x1e, 0x00, 0x00, 0x00,
  0x24, 0x00, 0x00, 0x00, 0x01, 0x00, 0x00, 0x00, 0x40, 0x00, 0x00, 0x00,
  0x38, 0x00, 0x00, 0x00, 0x08, 0x00, 0x00, 0x00, 0xff, 0xff, 0xff, 0xff,
  0xff, 0xff, 0xff, 0xff, 0x00, 0x00, 0x00, 0x00, 0x1e, 0x00, 0x00, 0x00,
  0x24, 0x00, 0x00, 0x00, 0x02, 0x00, 0x00, 0x00, 0x80, 0x00, 0x00, 0x00,
  0x40, 0x00, 0x00, 0x00, 0x08, 0x00, 0x00, 0x00, 0xff, 0xff, 0xff, 0xff,
  0xff, 0xff, 0xff, 0xff, 0x00, 0x00, 0x00, 0x00, 0x1e, 0x00, 0x00, 0x00,
  0x24, 0x00, 0x00, 0x00, 0x03, 0x00, 0x00, 0x00, 0xc0, 0x00, 0x00, 0x00,
  0x48, 0x00, 0x00, 0x00, 0x08, 0x00, 0x00, 0x00, 0xff, 0xff, 0xff, 0xff,
  0xff, 0xff, 0xff, 0xff, 0x00, 0x00, 0x00, 0x00, 0x1e, 0x00, 0x00, 0x00,
  0x24, 0x00, 0x00, 0x00, 0x04, 0x00, 0x00, 0x00, 0x00, 0x01, 0x00, 0x00,
  0x50, 0x00, 0x00, 0x00, 0x08, 0x00, 0x00, 0x00, 0xff, 0xff, 0xff, 0xff,
  0xff, 0xff, 0xff, 0xff, 0x00, 0x00, 0x00, 0x00, 0x1e, 0x00, 0x00, 0x00,
  0x24, 0x00, 0x00, 0x00, 0x0a, 0x00, 0x00, 0x00, 0x40, 0x01, 0x00, 0x00,
  0x58, 0x00, 0x00, 0x00, 0x08, 0x00, 0x00, 0x00, 0xff, 0xff, 0xff, 0xff,
  0xff, 0xff, 0xff, 0xff, 0x00, 0x00, 0x00, 0x00, 0x1e, 0x00, 0x00, 0x00,
  0x24, 0x00, 0x00, 0x00, 0x0b, 0x00, 0x00, 0x00, 0x80, 0x01, 0x00, 0x00,
  0x60, 0x00, 0x00, 0x00, 0x08, 0x00, 0x00, 0x00, 0xff, 0xff, 0xff, 0xff,
  0xff, 0xff, 0xff, 0xff, 0x00, 0x00, 0x00, 0x00, 0x2c, 0x00, 0x00, 0x00,
  0x18, 0x00, 0x00, 0x00, 0x00, 0x00, 0x00, 0x00, 0xc0, 0x01, 0x00, 0x00,
  0x78, 0x00, 0x00, 0x00, 0x08, 0x00, 0x00, 0x00, 0x26, 0x00, 0x00, 0x00,
  0x1c, 0x00, 0x00, 0x00, 0x00, 0x02, 0x00, 0x00, 0x80, 0x00, 0x00, 0x00,
  0x08, 0x00, 0x00, 0x00, 0x00, 0x00, 0x00, 0x00, 0x01, 0x00, 0x00, 0x00,
  0x11, 0x00, 0x00, 0x00, 0x28, 0x00, 0x00, 0x00, 0x01, 0x00, 0x00, 0x00,
  0x05, 0x00, 0x00, 0x00, 0x68, 0x00, 0x00, 0x00, 0x04, 0x00, 0x00, 0x00,
  0x00, 0x00, 0x00, 0x00, 0xff, 0xff, 0xff, 0xff, 0xff, 0xff, 0xff, 0xff,
  0x00, 0x00, 0x00, 0x00, 0x11, 0x00, 0x00, 0x00, 0x28, 0x00, 0x00, 0x00,
  0x01, 0x00, 0x00, 0x00, 0x06, 0x00, 0x00, 0x00, 0x6c, 0x00, 0x00, 0x00,
  0x04, 0x00, 0x00, 0x00, 0x00, 0x00, 0x00, 0x00, 0xff, 0xff, 0xff, 0xff,
  0xff, 0xff, 0xff, 0xff, 0x00, 0x00, 0x00, 0x00, 0x11, 0x00, 0x00, 0x00,
  0x28, 0x00, 0x00, 0x00, 0x01, 0x00, 0x00, 0x00, 0x07, 0x00, 0x00, 0x00,
  0x70, 0x00, 0x00, 0x00, 0x04, 0x00, 0x00, 0x00, 0x00, 0x00, 0x00, 0x00,
  0xff, 0xff, 0xff, 0xff, 0xff, 0xff, 0xff, 0xff, 0x00, 0x00, 0x00, 0x00,
  0x11, 0x00, 0x00, 0x00, 0x28, 0x00, 0x00, 0x00, 0x01, 0x00, 0x00, 0x00,
  0x0c, 0x00, 0x00, 0x00, 0x74, 0x00, 0x00, 0x00, 0x04, 0x00, 0x00, 0x00,
  0x00, 0x00, 0x00, 0x00, 0xff, 0xff, 0xff, 0xff, 0xff, 0xff, 0xff, 0xff,
  0x00, 0x00, 0x00, 0x00, 0x19, 0x00, 0x00, 0x00, 0x0c, 0x00, 0x00, 0x00,
  0xc0, 0x00, 0x00, 0x00, 0x16, 0x00, 0x00, 0x00, 0x58, 0x00, 0x00, 0x00,
  0x00, 0x00, 0x00, 0x00, 0x01, 0x00, 0x00, 0x00, 0x01, 0x00, 0x00, 0x00,
  0x01, 0x00, 0x00, 0x00, 0x00, 0x00, 0x00, 0x00, 0x01, 0x00, 0x00, 0x00,
  0x00, 0x00, 0x00, 0x00, 0x00, 0x00, 0x00, 0x00, 0x00, 0x00, 0x00, 0x00,
  0x00, 0x00, 0x00, 0x00, 0x00, 0x00, 0x00, 0x00, 0x00, 0x00, 0x00, 0x00,
  0x00, 0x00, 0x00, 0x00, 0x00, 0x00, 0x00, 0x00, 0x00, 0x00, 0x00, 0x00,
  0x00, 0x00, 0x00, 0x00, 0x00, 0x00, 0x00, 0x00, 0x00, 0x00, 0x00, 0x00,
  0x00, 0x00, 0x00, 0x00, 0x00, 0x00, 0x00, 0x00, 0x17, 0x00, 0x00, 0x00,
  0x8c, 0x00, 0x00, 0x00, 0x00, 0x00, 0x00, 0x00, 0x00, 0x00, 0x00, 0x00,
  0x00, 0x00, 0x00, 0x00, 0x20, 0x00, 0x00, 0x00, 0x00, 0x00, 0x00, 0x00,
  0x01, 0x00, 0x00, 0x00, 0x00, 0x00, 0x00, 0x00, 0x00, 0x00, 0x00, 0x00,
  0x00, 0x00, 0x00, 0x00, 0x01, 0x00, 0x00, 0x00, 0x00, 0x00, 0x00, 0x00,
  0x00, 0x00, 0x00, 0x00, 0x00, 0x00, 0x00, 0x00, 0x00, 0x00, 0x00, 0x00,
  0x00, 0x00, 0x00, 0x00, 0x00, 0x00, 0x00, 0x00, 0x00, 0x00, 0x00, 0x00,
  0x00, 0x00, 0x00, 0x00, 0x01, 0x00, 0x00, 0x00, 0x00, 0x00, 0x00, 0x00,
  0x80, 0x00, 0x00, 0x00, 0x00, 0x00, 0x00, 0x00, 0x00, 0x00, 0x00, 0x00,
  0x00, 0x00, 0x00, 0x00, 0x00, 0x00, 0x00, 0x00, 0x07, 0x00, 0x00, 0x00,
  0x00, 0x00, 0x00, 0x00, 0x00, 0x00, 0x00, 0x00, 0x00, 0x00, 0x00, 0x00,
  0x00, 0x00, 0x00, 0x00, 0x00, 0x01, 0x15, 0x00, 0x00, 0x00, 0x00, 0x00,
  0x00, 0x00, 0x00, 0x00, 0x1b, 0x00, 0x00, 0x00, 0x10, 0x00, 0x00, 0x00,
  0x04, 0x00, 0x00, 0x00, 0x00, 0x00, 0x00, 0x00, 0x1a, 0x00, 0x00, 0x00,
  0x60, 0x00, 0x00, 0x00, 0x00, 0x00, 0x00, 0x00, 0x0c, 0x00, 0x00, 0x00,
  0x08, 0x00, 0x00, 0x00, 0x0c, 0x00, 0x00, 0x00, 0x18, 0x00, 0x00, 0x00,
  0x08, 0x00, 0x00, 0x00, 0x5f, 0x5f, 0x67, 0x6c, 0x6f, 0x62, 0x61, 0x6c,
  0x00, 0x00, 0x00, 0x00, 0x4e, 0x4f, 0x4e, 0x45, 0x00, 0x00, 0x00, 0x00,
  0x69, 0x73, 0x45, 0x78, 0x74, 0x72, 0x65, 0x6d, 0x75, 0x6d, 0x00, 0x00,
  0x73, 0x74, 0x72, 0x75, 0x63, 0x74, 0x20, 0x5f, 0x69, 0x73, 0x45, 0x78,
  0x74, 0x72, 0x65, 0x6d, 0x75, 0x6d, 0x2a, 0x3b, 0x38, 0x00, 0x00, 0x00,
  0x4e, 0x4f, 0x4e, 0x45, 0x00, 0x00, 0x00, 0x00, 0x1a, 0x00, 0x00, 0x00,
  0x54, 0x00, 0x00, 0x00, 0x01, 0x00, 0x00, 0x00, 0x0c, 0x00, 0x00, 0x00,
  0x08, 0x00, 0x00, 0x00, 0x0c, 0x00, 0x00, 0x00, 0x0c, 0x00, 0x00, 0x00,
  0x08, 0x00, 0x00, 0x00, 0x5f, 0x5f, 0x67, 0x6c, 0x6f, 0x62, 0x61, 0x6c,
  0x00, 0x00, 0x00, 0x00, 0x4e, 0x4f, 0x4e, 0x45, 0x00, 0x00, 0x00, 0x00,
  0x6f, 0x72, 0x69, 0x65, 0x6e, 0x74, 0x61, 0x74, 0x69, 0x6f, 0x6e, 0x00,
  0x66, 0x6c, 0x6f, 0x61, 0x74, 0x2a, 0x3b, 0x38, 0x00, 0x00, 0x00, 0x00,
  0x4e, 0x4f, 0x4e, 0x45, 0x00, 0x00, 0x00, 0x00, 0x1a, 0x00, 0x00, 0x00,
  0x4c, 0x00, 0x00, 0x00, 0x02, 0x00, 0x00, 0x00, 0x0c, 0x00, 0x00, 0x00,
  0x08, 0x00, 0x00, 0x00, 0x04, 0x00, 0x00, 0x00, 0x0c, 0x00, 0x00, 0x00,
  0x08, 0x00, 0x00, 0x00, 0x5f, 0x5f, 0x67, 0x6c, 0x6f, 0x62, 0x61, 0x6c,
  0x00, 0x00, 0x00, 0x00, 0x4e, 0x4f, 0x4e, 0x45, 0x00, 0x00, 0x00, 0x00,
  0x69, 0x6d, 0x67, 0x00, 0x66, 0x6c, 0x6f, 0x61, 0x74, 0x2a, 0x3b, 0x38,
  0x00, 0x00, 0x00, 0x00, 0x4e, 0x4f, 0x4e, 0x45, 0x00, 0x00, 0x00, 0x00,
  0x1a, 0x00, 0x00, 0x00, 0x48, 0x00, 0x00, 0x00, 0x03, 0x00, 0x00, 0x00,
  0x0c, 0x00, 0x00, 0x00, 0x08, 0x00, 0x00, 0x00, 0x04, 0x00, 0x00, 0x00,
  0x08, 0x00, 0x00, 0x00, 0x08, 0x00, 0x00, 0x00, 0x5f, 0x5f, 0x67, 0x6c,
  0x6f, 0x62, 0x61, 0x6c, 0x00, 0x00, 0x00, 0x00, 0x4e, 0x4f, 0x4e, 0x45,
  0x00, 0x00, 0x00, 0x00, 0x78, 0x73, 0x00, 0x00, 0x69, 0x6e, 0x74, 0x2a,
  0x3b, 0x38, 0x00, 0x00, 0x4e, 0x4f, 0x4e, 0x45, 0x00, 0x00, 0x00, 0x00,
  0x1a, 0x00, 0x00, 0x00, 0x48, 0x00, 0x00, 0x00, 0x04, 0x00, 0x00, 0x00,
  0x0c, 0x00, 0x00, 0x00, 0x08, 0x00, 0x00, 0x00, 0x04, 0x00, 0x00, 0x00,
  0x08, 0x00, 0x00, 0x00, 0x08, 0x00, 0x00, 0x00, 0x5f, 0x5f, 0x67, 0x6c,
  0x6f, 0x62, 0x61, 0x6c, 0x00, 0x00, 0x00, 0x00, 0x4e, 0x4f, 0x4e, 0x45,
  0x00, 0x00, 0x00, 0x00, 0x79, 0x73, 0x00, 0x00, 0x69, 0x6e, 0x74, 0x2a,
  0x3b, 0x38, 0x00, 0x00, 0x4e, 0x4f, 0x4e, 0x45, 0x00, 0x00, 0x00, 0x00,
  0x1a, 0x00, 0x00, 0x00, 0x48, 0x00, 0x00, 0x00, 0x05, 0x00, 0x00, 0x00,
  0x0c, 0x00, 0x00, 0x00, 0x08, 0x00, 0x00, 0x00, 0x04, 0x00, 0x00, 0x00,
  0x08, 0x00, 0x00, 0x00, 0x08, 0x00, 0x00, 0x00, 0x5f, 0x5f, 0x70, 0x72,
  0x69, 0x76, 0x61, 0x74, 0x65, 0x00, 0x00, 0x00, 0x4e, 0x4f, 0x4e, 0x45,
  0x00, 0x00, 0x00, 0x00, 0x68, 0x00, 0x00, 0x00, 0x75, 0x69, 0x6e, 0x74,
  0x3b, 0x34, 0x00, 0x00, 0x4e, 0x4f, 0x4e, 0x45, 0x00, 0x00, 0x00, 0x00,
  0x1a, 0x00, 0x00, 0x00, 0x48, 0x00, 0x00, 0x00, 0x06, 0x00, 0x00, 0x00,
  0x0c, 0x00, 0x00, 0x00, 0x08, 0x00, 0x00, 0x00, 0x04, 0x00, 0x00, 0x00,
  0x08, 0x00, 0x00, 0x00, 0x08, 0x00, 0x00, 0x00, 0x5f, 0x5f, 0x70, 0x72,
  0x69, 0x76, 0x61, 0x74, 0x65, 0x00, 0x00, 0x00, 0x4e, 0x4f, 0x4e, 0x45,
  0x00, 0x00, 0x00, 0x00, 0x77, 0x00, 0x00, 0x00, 0x75, 0x69, 0x6e, 0x74,
  0x3b, 0x34, 0x00, 0x00, 0x4e, 0x4f, 0x4e, 0x45, 0x00, 0x00, 0x00, 0x00,
  0x1a, 0x00, 0x00, 0x00, 0x4c, 0x00, 0x00, 0x00, 0x07, 0x00, 0x00, 0x00,
  0x0c, 0x00, 0x00, 0x00, 0x08, 0x00, 0x00, 0x00, 0x08, 0x00, 0x00, 0x00,
  0x08, 0x00, 0x00, 0x00, 0x08, 0x00, 0x00, 0x00, 0x5f, 0x5f, 0x70, 0x72,
  0x69, 0x76, 0x61, 0x74, 0x65, 0x00, 0x00, 0x00, 0x4e, 0x4f, 0x4e, 0x45,
  0x00, 0x00, 0x00, 0x00, 0x73, 0x74, 0x72, 0x69, 0x64, 0x65, 0x00, 0x00,
  0x75, 0x69, 0x6e, 0x74, 0x3b, 0x34, 0x00, 0x00, 0x4e, 0x4f, 0x4e, 0x45,
  0x00, 0x00, 0x00, 0x00, 0x1a, 0x00, 0x00, 0x00, 0x4c, 0x00, 0x00, 0x00,
  0x08, 0x00, 0x00, 0x00, 0x08, 0x00, 0x00, 0x00, 0x08, 0x00, 0x00, 0x00,
  0x08, 0x00, 0x00, 0x00, 0x0c, 0x00, 0x00, 0x00, 0x08, 0x00, 0x00, 0x00,
  0x5f, 0x5f, 0x6c, 0x6f, 0x63, 0x61, 0x6c, 0x00, 0x4e, 0x4f, 0x4e, 0x45,
  0x00, 0x00, 0x00, 0x00, 0x72, 0x65, 0x64, 0x78, 0x00, 0x00, 0x00, 0x00,
  0x66, 0x6c, 0x6f, 0x61, 0x74, 0x2a, 0x3b, 0x38, 0x00, 0x00, 0x00, 0x00,
  0x4e, 0x4f, 0x4e, 0x45, 0x00, 0x00, 0x00, 0x00, 0x1a, 0x00, 0x00, 0x00,
  0x4c, 0x00, 0x00, 0x00, 0x09, 0x00, 0x00, 0x00, 0x08, 0x00, 0x00, 0x00,
  0x08, 0x00, 0x00, 0x00, 0x08, 0x00, 0x00, 0x00, 0x0c, 0x00, 0x00, 0x00,
  0x08, 0x00, 0x00, 0x00, 0x5f, 0x5f, 0x6c, 0x6f, 0x63, 0x61, 0x6c, 0x00,
  0x4e, 0x4f, 0x4e, 0x45, 0x00, 0x00, 0x00, 0x00, 0x72, 0x65, 0x64, 0x79,
  0x00, 0x00, 0x00, 0x00, 0x66, 0x6c, 0x6f, 0x61, 0x74, 0x2a, 0x3b, 0x38,
  0x00, 0x00, 0x00, 0x00, 0x4e, 0x4f, 0x4e, 0x45, 0x00, 0x00, 0x00, 0x00,
  0x1a, 0x00, 0x00, 0x00, 0x54, 0x00, 0x00, 0x00, 0x0a, 0x00, 0x00, 0x00,
  0x0c, 0x00, 0x00, 0x00, 0x08, 0x00, 0x00, 0x00, 0x0c, 0x00, 0x00, 0x00,
  0x0c, 0x00, 0x00, 0x00, 0x08, 0x00, 0x00, 0x00, 0x5f, 0x5f, 0x67, 0x6c,
  0x6f, 0x62, 0x61, 0x6c, 0x00, 0x00, 0x00, 0x00, 0x4e, 0x4f, 0x4e, 0x45,
  0x00, 0x00, 0x00, 0x00, 0x67, 0x61, 0x75, 0x73, 0x73, 0x5f, 0x73, 0x32,
  0x00, 0x00, 0x00, 0x00, 0x66, 0x6c, 0x6f, 0x61, 0x74, 0x2a, 0x3b, 0x38,
  0x00, 0x00, 0x00, 0x00, 0x4e, 0x4f, 0x4e, 0x45, 0x00, 0x00, 0x00, 0x00,
  0x1a, 0x00, 0x00, 0x00, 0x4c, 0x00, 0x00, 0x00, 0x0b, 0x00, 0x00, 0x00,
  0x0c, 0x00, 0x00, 0x00, 0x08, 0x00, 0x00, 0x00, 0x04, 0x00, 0x00, 0x00,
  0x0c, 0x00, 0x00, 0x00, 0x08, 0x00, 0x00, 0x00, 0x5f, 0x5f, 0x67, 0x6c,
  0x6f, 0x62, 0x61, 0x6c, 0x00, 0x00, 0x00, 0x00, 0x4e, 0x4f, 0x4e, 0x45,
  0x00, 0x00, 0x00, 0x00, 0x64, 0x65, 0x73, 0x00, 0x66, 0x6c, 0x6f, 0x61,
  0x74, 0x2a, 0x3b, 0x38, 0x00, 0x00, 0x00, 0x00, 0x4e, 0x4f, 0x4e, 0x45,
  0x00, 0x00, 0x00, 0x00, 0x1a, 0x00, 0x00, 0x00, 0x4c, 0x00, 0x00, 0x00,
  0x0c, 0x00, 0x00, 0x00, 0x0c, 0x00, 0x00, 0x00, 0x08, 0x00, 0x00, 0x00,
  0x08, 0x00, 0x00, 0x00, 0x08, 0x00, 0x00, 0x00, 0x08, 0x00, 0x00, 0x00,
  0x5f, 0x5f, 0x70, 0x72, 0x69, 0x76, 0x61, 0x74, 0x65, 0x00, 0x00, 0x00,
  0x4e, 0x4f, 0x4e, 0x45, 0x00, 0x00, 0x00, 0x00, 0x67, 0x72, 0x6f, 0x75,
  0x70, 0x00, 0x00, 0x00, 0x75, 0x69, 0x6e, 0x74, 0x3b, 0x34, 0x00, 0x00,
  0x4e, 0x4f, 0x4e, 0x45, 0x00, 0x00, 0x00, 0x00, 0xaf, 0x09, 0x1e, 0xbc,
  0xe4, 0x88, 0x33, 0x9e, 0x39, 0xa1, 0xe5, 0x52, 0x0c, 0x00, 0x00, 0x00,
  0x24, 0x05, 0x00, 0x00, 0x40, 0x04, 0x00, 0x00, 0x00, 0x00, 0x00, 0x00,
  0x20, 0x00, 0x00, 0x00, 0xcc, 0x00, 0x00, 0x00, 0xa0, 0x03, 0x00, 0x00,
  0x6e, 0x6f, 0x72, 0x6d, 0x61, 0x6c, 0x44, 0x65, 0x73, 0x00, 0x00, 0x00,
  0x01, 0x00, 0x60, 0x00, 0x0c, 0x02, 0x60, 0x20, 0x00, 0x00, 0x20, 0x00,
  0x00, 0x00, 0x00, 0x00, 0x06, 0x80, 0x00, 0x00, 0x04, 0x00, 0x00, 0x30,
  0x00, 0x10, 0x00, 0x16, 0xc0, 0x04, 0xc0, 0x04, 0x41, 0x00, 0x00, 0x00,
  0x2c, 0x0a, 0x80, 0x20, 0x34, 0x01, 0x00, 0x0a, 0x64, 0x00, 0x00, 0x00,
  0x09, 0x00, 0x80, 0x00, 0x28, 0x12, 0x00, 0x23, 0x20, 0x00, 0xb1, 0x1e,
  0x02, 0x00, 0x02, 0x00, 0x09, 0x20, 0x80, 0x00, 0x28, 0x12, 0x40, 0x23,
  0x40, 0x00, 0xb1, 0x1e, 0x02, 0x00, 0x02, 0x00, 0x40, 0x00, 0x80, 0x00,
  0x28, 0x0a, 0xa0, 0x20, 0x80, 0x00, 0x00, 0x12, 0x20, 0x00, 0xb1, 0x00,
  0x40, 0x20, 0x80, 0x00, 0x28, 0x0a, 0x40, 0x21, 0x80, 0x00, 0x00, 0x12,
  0x40, 0x00, 0xb1, 0x00, 0x40, 0x96, 0x01, 0x20, 0x07, 0x05, 0x05, 0x07,
  0x40, 0x20, 0x80, 0x00, 0x28, 0x0a, 0x40, 0x21, 0x40, 0x01, 0x8d, 0x0a,
  0xe0, 0x00, 0x00, 0x00, 0x09, 0x00, 0x80, 0x00, 0x28, 0x0a, 0x80, 0x21,
  0xa0, 0x00, 0x8d, 0x1e, 0x02, 0x00, 0x02, 0x00, 0x09, 0x20, 0x80, 0x00,
  0x28, 0x0a, 0xc0, 0x21, 0x40, 0x01, 0x8d, 0x1e, 0x02, 0x00, 0x02, 0x00,
  0x40, 0x96, 0x01, 0x20, 0x07, 0x10, 0x0c, 0x09, 0x40, 0x20, 0x80, 0x00,
  0x28, 0x0a, 0x40, 0x22, 0xc0, 0x01, 0x8d, 0x0a, 0x20, 0x01, 0x00, 0x00,
  0x31, 0x00, 0x80, 0x0c, 0x68, 0x02, 0x80, 0x22, 0x00, 0x02, 0x00, 0x06,
  0x00, 0x5e, 0x20, 0x04, 0x31, 0x20, 0x80, 0x0c, 0x68, 0x02, 0xc0, 0x22,
  0x40, 0x02, 0x00, 0x06, 0x00, 0x5e, 0x20, 0x04, 0x41, 0x56, 0x02, 0x20,
  0xe7, 0x14, 0x14, 0x14, 0x41, 0x20, 0x80, 0x00, 0xe8, 0x3a, 0xc0, 0x22,
  0xc0, 0x02, 0x8d, 0x3a, 0xc0, 0x02, 0x8d, 0x00, 0x33, 0x00, 0x80, 0x0c,
  0x70, 0x40, 0x01, 0x00, 0x02, 0x03, 0x00, 0x00, 0xfe, 0x5e, 0x02, 0x04,
  0x33, 0x20, 0x80, 0x0c, 0x70, 0x60, 0x01, 0x00, 0x42, 0x03, 0x00, 0x00,
  0xfe, 0x5e, 0x02, 0x04, 0x05, 0x00, 0x60, 0x00, 0x0c, 0x02, 0x00, 0x21,
  0x68, 0x00, 0x00, 0x06, 0x00, 0x00, 0x00, 0x8f, 0x01, 0x80, 0x00, 0x00,
  0x04, 0x06, 0x00, 0x32, 0x00, 0x00, 0x00, 0x00, 0x00, 0x00, 0x00, 0x00,
  0x31, 0x00, 0x00, 0x03, 0x04, 0x02, 0x00, 0x20, 0x00, 0x01, 0x00, 0x06,
  0x04, 0x00, 0x00, 0x02, 0x30, 0x00, 0x00, 0x00, 0x04, 0x00, 0x00, 0x32,
  0x00, 0x12, 0x00, 0x00, 0x00, 0x00, 0x00, 0x00, 0x10, 0xb6, 0x03, 0xe1,
  0x07, 0x00, 0x01, 0x00, 0x10, 0x20, 0x80, 0x01, 0x60, 0x1a, 0x00, 0x20,
  0x40, 0x00, 0xb1, 0x1e, 0x00, 0x00, 0x00, 0x00, 0x22, 0x00, 0xa1, 0x00,
  0x00, 0x0e, 0x00, 0x20, 0x28, 0x01, 0x00, 0x00, 0x28, 0x01, 0x00, 0x00,
  0x10, 0x00, 0x80, 0x01, 0x26, 0x0a, 0x00, 0x20, 0x28, 0x01, 0x00, 0x1e,
  0x00, 0x00, 0x00, 0x00, 0x10, 0x20, 0x80, 0x01, 0x26, 0x0a, 0x00, 0x20,
  0x28, 0x01, 0x00, 0x1e, 0x00, 0x00, 0x00, 0x00, 0x20, 0x00, 0x11, 0x00,
  0x06, 0x00, 0x00, 0x34, 0x00, 0x14, 0x00, 0x0e, 0x20, 0x00, 0x00, 0x00,
  0x01, 0x00, 0x00, 0x00, 0xec, 0x3e, 0x84, 0x20, 0x00, 0x00, 0x00, 0x00,
  0x00, 0x00, 0x00, 0x00, 0x20, 0x00, 0x00, 0x00, 0x04, 0x00, 0x00, 0x34,
  0x00, 0x14, 0x00, 0x0e, 0xa0, 0x00, 0x00, 0x00, 0x01, 0x00, 0x00, 0x00,
  0x2c, 0x1e, 0x88, 0x20, 0x00, 0x00, 0x00, 0x00, 0x00, 0x00, 0x00, 0x00,
  0x01, 0x00, 0x00, 0x00, 0xec, 0x3e, 0x8c, 0x20, 0x00, 0x00, 0x00, 0x00,
  0x00, 0x00, 0x00, 0x00, 0x09, 0x00, 0x00, 0x00, 0x2c, 0x0a, 0x80, 0x23,
  0x88, 0x00, 0x00, 0x1e, 0x02, 0x00, 0x02, 0x00, 0x40, 0x00, 0x00, 0x00,
  0x2c, 0x0a, 0x88, 0x20, 0x88, 0x00, 0x00, 0x1e, 0x01, 0x00, 0x01, 0x00,
  0x31, 0x00, 0x00, 0x0a, 0x0c, 0x02, 0xa0, 0x23, 0x80, 0x03, 0x00, 0x06,
  0xfe, 0x08, 0x11, 0x02, 0x10, 0x00, 0x80, 0x05, 0x24, 0x02, 0x00, 0x20,
  0x88, 0x00, 0x00, 0x02, 0x28, 0x01, 0x00, 0x00, 0x10, 0x20, 0x80, 0x05,
  0x24, 0x02, 0x00, 0x20, 0x88, 0x00, 0x00, 0x02, 0x28, 0x01, 0x00, 0x00,
  0x40, 0x00, 0x00, 0x00, 0xec, 0x3a, 0x8c, 0x20, 0x8c, 0x00, 0x00, 0x3a,
  0xa0, 0x03, 0x00, 0x00, 0x01, 0x00, 0x00, 0x00, 0xec, 0x3a, 0x84, 0x20,
  0x8c, 0x00, 0x00, 0x00, 0x00, 0x00, 0x00, 0x00, 0x20, 0x00, 0x01, 0x00,
  0x04, 0x00, 0x00, 0x34, 0x00, 0x14, 0x00, 0x0e, 0x80, 0xff, 0xff, 0xff,
  0x38, 0x00, 0x15, 0x24, 0x00, 0x1e, 0x04, 0x00, 0x01, 0x00, 0x00, 0x00,
  0x0c, 0x16, 0xe0, 0x23, 0x00, 0x00, 0x00, 0x00, 0x00, 0x00, 0x00, 0x00,
  0x33, 0x00, 0x00, 0x0a, 0x14, 0xe0, 0x01, 0x00, 0xe1, 0x03, 0x00, 0x00,
  0xfe, 0x08, 0x03, 0x02, 0x25, 0x00, 0xa0, 0x00, 0x00, 0x00, 0x00, 0x20,
  0x00, 0x00, 0x00, 0x0e, 0x10, 0x00, 0x00, 0x00, 0x05, 0x00, 0x60, 0x00,
  0x0c, 0x02, 0x00, 0x24, 0x68, 0x00, 0x00, 0x06, 0x00, 0x00, 0x00, 0x8f,
  0x01, 0x80, 0x00, 0x00, 0x04, 0x06, 0x00, 0x32, 0x00, 0x00, 0x00, 0x00,
  0x00, 0x00, 0x00, 0x00, 0x31, 0x00, 0x00, 0x03, 0x04, 0x02, 0x00, 0x20,
  0x00, 0x04, 0x00, 0x06, 0x04, 0x00, 0x00, 0x02, 0x30, 0x00, 0x00, 0x00,
  0x04, 0x00, 0x00, 0x32, 0x00, 0x12, 0x00, 0x00, 0x00, 0x00, 0x00, 0x00,
  0x01, 0x00, 0x00, 0x00, 0x0c, 0x16, 0xc0, 0x24, 0x00, 0x00, 0x00, 0x00,
  0x00, 0x00, 0x00, 0x00, 0x31, 0x00, 0x80, 0x0c, 0x68, 0x02, 0x20, 0x24,
  0x00, 0x02, 0x00, 0x06, 0x00, 0x5e, 0x20, 0x04, 0x40, 0x96, 0x2d, 0x20,
  0x07, 0x27, 0x0c, 0x09, 0x31, 0x20, 0x80, 0x0c, 0x68, 0x02, 0x60, 0x24,
  0x40, 0x02, 0x00, 0x06, 0x00, 0x5e, 0x20, 0x04, 0x40, 0x20, 0x80, 0x00,
  0x28, 0x0a, 0x20, 0x25, 0xc0, 0x01, 0x8d, 0x0a, 0x24, 0x01, 0x00, 0x00,
  0x31, 0x00, 0x00, 0x0a, 0x0c, 0x02, 0xa0, 0x24, 0xc0, 0x04, 0x00, 0x06,
  0xfe, 0x08, 0x11, 0x02, 0x01, 0x4d, 0x00, 0x20, 0x07, 0x7f, 0x03, 0x00,
  0x38, 0x56, 0x02, 0x29, 0x07, 0x21, 0x21, 0x25, 0x7e, 0x00, 0x00, 0x00,
  0x00, 0x00, 0x00, 0x00, 0x00, 0x00, 0x00, 0x00, 0x00, 0x00, 0x00, 0x00,
  0x38, 0x20, 0x80, 0x09, 0xe8, 0x3a, 0x60, 0x24, 0x60, 0x04, 0x8d, 0x3a,
  0xa0, 0x04, 0x00, 0x00, 0x33, 0x00, 0x80, 0x0c, 0x70, 0x10, 0x02, 0x00,
  0xe2, 0x04, 0x00, 0x00, 0x01, 0x5e, 0x02, 0x04, 0x33, 0x20, 0x80, 0x0c,
  0x70, 0x30, 0x02, 0x00, 0x22, 0x05, 0x00, 0x00, 0x01, 0x5e, 0x02, 0x04,
  0x31, 0x00, 0x60, 0x07, 0x04, 0x02, 0x00, 0x20, 0xe0, 0x0f, 0x00, 0x06,
  0x10, 0x00, 0x00, 0x82, 0x00, 0x00, 0x00, 0x00, 0x00, 0x00, 0x00, 0x00,
  0x00, 0x00, 0x00, 0x00, 0x00, 0x00, 0x00, 0x00, 0x00, 0x00, 0x00, 0x00,
  0x00, 0x00, 0x00, 0x00, 0x00, 0x00, 0x00, 0x00, 0x00, 0x00, 0x00, 0x00,
  0x00, 0x00, 0x00, 0x00, 0x00, 0x00, 0x00, 0x00, 0x00, 0x00, 0x00, 0x00,
  0x00, 0x00, 0x00, 0x00, 0x00, 0x00, 0x00, 0x00, 0x00, 0x00, 0x00, 0x00,
  0x00, 0x00, 0x00, 0x00, 0x00, 0x00, 0x00, 0x00, 0x00, 0x00, 0x00, 0x00,
  0x00, 0x00, 0x00, 0x00, 0x00, 0x00, 0x00, 0x00, 0x00, 0x00, 0x00, 0x00,
  0x00, 0x00, 0x00, 0x00, 0x00, 0x00, 0x00, 0x00, 0x00, 0x00, 0x00, 0x00,
  0x00, 0x00, 0x00, 0x00, 0x00, 0x00, 0x00, 0x00, 0x00, 0x00, 0x00, 0x00,
  0x00, 0x00, 0x00, 0x00, 0x00, 0x00, 0x00, 0x00, 0x00, 0x00, 0x00, 0x00,
  0x00, 0x00, 0x00, 0x00, 0x00, 0x00, 0x00, 0x00, 0x00, 0x00, 0x00, 0x00,
  0x00, 0x00, 0x00, 0x00, 0x00, 0x00, 0x00, 0x00, 0x00, 0x00, 0x00, 0x00,
  0x00, 0x00, 0x00, 0x00, 0x00, 0x00, 0x00, 0x00, 0x00, 0x00, 0x00, 0x00,
  0x00, 0x00, 0x00, 0x00, 0x00, 0x00, 0x00, 0x00, 0x00, 0x00, 0x00, 0x00,
  0x00, 0x00, 0x00, 0x00, 0x00, 0x00, 0x00, 0x00, 0x00, 0x00, 0x00, 0x00,
  0xc3, 0x00, 0x00, 0x00, 0x00, 0x00, 0x00, 0x00, 0x00, 0x00, 0x00, 0x00,
  0x03, 0x00, 0x00, 0x00, 0x00, 0xc0, 0xff, 0x83, 0x00, 0x00, 0x00, 0x03,
  0x7f, 0x00, 0xff, 0x1f, 0x00, 0x00, 0xe0, 0x0f, 0x00, 0x00, 0x00, 0x00,
  0x00, 0x00, 0x00, 0x00, 0x00, 0x00, 0x00, 0x00, 0x00, 0x00, 0x00, 0x00,
  0x00, 0x00, 0x00, 0x00, 0x00, 0x00, 0x00, 0x00, 0x00, 0x00, 0x00, 0x00,
  0x00, 0x00, 0x00, 0x00, 0x00, 0x00, 0x00, 0x00, 0x00, 0x00, 0x00, 0x00,
  0x00, 0x00, 0x00, 0x00, 0x00, 0x00, 0x00, 0x00, 0x00, 0xc0, 0xff, 0x83,
  0x00, 0x00, 0x00, 0x03, 0x7f, 0x00, 0xff, 0x1f, 0x00, 0x00, 0xe0, 0x0f,
  0x00, 0x00, 0x00, 0x00, 0x00, 0x00, 0x00, 0x00, 0x00, 0x00, 0x00, 0x00,
  0x00, 0x00, 0x00, 0x00, 0x00, 0x00, 0x00, 0x00, 0x00, 0x00, 0x00, 0x00,
  0x00, 0x00, 0x00, 0x00, 0x00, 0x00, 0x00, 0x00, 0x00, 0x00, 0x00, 0x00,
  0x00, 0x00, 0x00, 0x00, 0x00, 0x00, 0x00, 0x00, 0x00, 0x00, 0x00, 0x00,
  0x00, 0xc0, 0xff, 0x87, 0x00, 0x00, 0x00, 0x03, 0x7f, 0x00, 0xff, 0x1f,
  0x00, 0x00, 0xe0, 0x0f, 0x00, 0x00, 0x00, 0x00, 0x00, 0x00, 0x00, 0x00,
  0x00, 0x00, 0x00, 0x00, 0x00, 0x00, 0x00, 0x00, 0x00, 0x00, 0x00, 0x00,
  0x00, 0x00, 0x00, 0x00, 0x00, 0x00, 0x00, 0x00, 0x00, 0x00, 0x00, 0x00,
  0x00, 0x00, 0x00, 0x00, 0x00, 0x00, 0x00, 0x00, 0x00, 0x00, 0x00, 0x00,
  0x00, 0x00, 0x00, 0x00, 0x00, 0x00, 0x00, 0x00, 0x40, 0x00, 0x00, 0x00,
  0x80, 0x00, 0x00, 0x00, 0x13, 0x00, 0x00, 0x00, 0x0c, 0x00, 0x00, 0x00,
  0x00, 0x00, 0x00, 0x00, 0x15, 0x00, 0x00, 0x00, 0x18, 0x00, 0x00, 0x00,
  0x00, 0x00, 0x00, 0x00, 0x00, 0x00, 0x00, 0x00, 0x00, 0x00, 0x00, 0x00,
  0xc0, 0x00, 0x00, 0x00, 0x08, 0x00, 0x00, 0x00, 0x14, 0x00, 0x00, 0x00,
  0xc0, 0x00, 0x00, 0x00, 0x03, 0x00, 0x00, 0x00, 0x00, 0x00, 0x00, 0x00,
  0x11, 0x00, 0x00, 0x00, 0x28, 0x00, 0x00, 0x00, 0x08, 0x00, 0x00, 0x00,
  0x02, 0x00, 0x00, 0x00, 0x20, 0x00, 0x00, 0x00, 0x08, 0x00, 0x00, 0x00,
  0x04, 0x00, 0x00, 0x00, 0xff, 0xff, 0xff, 0xff, 0xff, 0xff, 0xff, 0xff,
  0x00, 0x00, 0x00, 0x00, 0x11, 0x00, 0x00, 0x00, 0x28, 0x00, 0x00, 0x00,
  0x10, 0x00, 0x00, 0x00, 0x00, 0x00, 0x00, 0x00, 0x00, 0x00, 0x00, 0x00,
  0x04, 0x00, 0x00, 0x00, 0x00, 0x00, 0x00, 0x00, 0x00, 0x00, 0x00, 0x00,
  0x00, 0x00, 0x00, 0x00, 0x00, 0x00, 0x00, 0x00, 0x11, 0x00, 0x00, 0x00,
  0x28, 0x00, 0x00, 0x00, 0x10, 0x00, 0x00, 0x00, 0x00, 0x00, 0x00, 0x00,
  0x04, 0x00, 0x00, 0x00, 0x04, 0x00, 0x00, 0x00, 0x04, 0x00, 0x00, 0x00,
  0x00, 0x00, 0x00, 0x00, 0x00, 0x00, 0x00, 0x00, 0x00, 0x00, 0x00, 0x00,
  0x11, 0x00, 0x00, 0x00, 0x28, 0x00, 0x00, 0x00, 0x10, 0x00, 0x00, 0x00,
  0x00, 0x00, 0x00, 0x00, 0x08, 0x00, 0x00, 0x00, 0x04, 0x00, 0x00, 0x00,
  0x08, 0x00, 0x00, 0x00, 0x00, 0x00, 0x00, 0x00, 0x00, 0x00, 0x00, 0x00,
  0x00, 0x00, 0x00, 0x00, 0x11, 0x00, 0x00, 0x00, 0x28, 0x00, 0x00, 0x00,
  0x02, 0x00, 0x00, 0x00, 0x00, 0x00, 0x00, 0x00, 0x0c, 0x00, 0x00, 0x00,
  0x04, 0x00, 0x00, 0x00, 0x00, 0x00, 0x00, 0x00, 0x00, 0x00, 0x00, 0x00,
  0x00, 0x00, 0x00, 0x00, 0x00, 0x00, 0x00, 0x00, 0x11, 0x00, 0x00, 0x00,
  0x28, 0x00, 0x00, 0x00, 0x02, 0x00, 0x00, 0x00, 0x00, 0x00, 0x00, 0x00,
  0x10, 0x00, 0x00, 0x00, 0x04, 0x00, 0x00, 0x00, 0x04, 0x00, 0x00, 0x00,
  0x00, 0x00, 0x00, 0x00, 0x00, 0x00, 0x00, 0x00, 0x00, 0x00, 0x00, 0x00,
  0x11, 0x00, 0x00, 0x00, 0x28, 0x00, 0x00, 0x00, 0x02, 0x00, 0x00, 0x00,
  0x00, 0x00, 0x00, 0x00, 0x14, 0x00, 0x00, 0x00, 0x04, 0x00, 0x00, 0x00,
  0x08, 0x00, 0x00, 0x00, 0x00, 0x00, 0x00, 0x00, 0x00, 0x00, 0x00, 0x00,
  0x00, 0x00, 0x00, 0x00, 0x11, 0x00, 0x00, 0x00, 0x28, 0x00, 0x00, 0x00,
  0x2b, 0x00, 0x00, 0x00, 0x00, 0x00, 0x00, 0x00, 0x28, 0x00, 0x00, 0x00,
  0x04, 0x00, 0x00, 0x00, 0x00, 0x00, 0x00, 0x00, 0x00, 0x00, 0x00, 0x00,
  0x00, 0x00, 0x00, 0x00, 0x00, 0x00, 0x00, 0x00, 0x11, 0x00, 0x00, 0x00,
  0x28, 0x00, 0x00, 0x00, 0x2b, 0x00, 0x00, 0x00, 0x01, 0x00, 0x00, 0x00,
  0x30, 0x00, 0x00, 0x00, 0x04, 0x00, 0x00, 0x00, 0x00, 0x00, 0x00, 0x00,
  0x00, 0x00, 0x00, 0x00, 0x00, 0x00, 0x00, 0x00, 0x00, 0x00, 0x00, 0x00,
  0x11, 0x00, 0x00, 0x00, 0x28, 0x00, 0x00, 0x00, 0x2a, 0x00, 0x00, 0x00,
  0x00, 0x00, 0x00, 0x00, 0x40, 0x00, 0x00, 0x00, 0x04, 0x00, 0x00, 0x00,
  0x00, 0x00, 0x00, 0x00, 0x00, 0x00, 0x00, 0x00, 0x00, 0x00, 0x00, 0x00,
  0x00, 0x00, 0x00, 0x00, 0x11, 0x00, 0x00, 0x00, 0x28, 0x00, 0x00, 0x00,
  0x2a, 0x00, 0x00, 0x00, 0x01, 0x00, 0x00, 0x00, 0x44, 0x00, 0x00, 0x00,
  0x04, 0x00, 0x00, 0x00, 0x00, 0x00, 0x00, 0x00, 0x00, 0x00, 0x00, 0x00,
  0x00, 0x00, 0x00, 0x00, 0x00, 0x00, 0x00, 0x00, 0x11, 0x00, 0x00, 0x00,
  0x28, 0x00, 0x00, 0x00, 0x02, 0x00, 0x00, 0x00, 0x00, 0x00, 0x00, 0x00,
  0x48, 0x00, 0x00, 0x00, 0x04, 0x00, 0x00, 0x00, 0x00, 0x00, 0x00, 0x00,
  0x00, 0x00, 0x00, 0x00, 0x00, 0x00, 0x00, 0x00, 0x00, 0x00, 0x00, 0x00,
  0x11, 0x00, 0x00, 0x00, 0x28, 0x00, 0x00, 0x00, 0x02, 0x00, 0x00, 0x00,
  0x00, 0x00, 0x00, 0x00, 0x4c, 0x00, 0x00, 0x00, 0x04, 0x00, 0x00, 0x00,
  0x04, 0x00, 0x00, 0x00, 0x00, 0x00, 0x00, 0x00, 0x00, 0x00, 0x00, 0x00,
  0x00, 0x00, 0x00, 0x00, 0x11, 0x00, 0x00, 0x00, 0x28, 0x00, 0x00, 0x00,
  0x02, 0x00, 0x00, 0x00, 0x00, 0x00, 0x00, 0x00, 0x50, 0x00, 0x00, 0x00,
  0x04, 0x00, 0x00, 0x00, 0x08, 0x00, 0x00, 0x00, 0x00, 0x00, 0x00, 0x00,
  0x00, 0x00, 0x00, 0x00, 0x00, 0x00, 0x00, 0x00, 0x11, 0x00, 0x00, 0x00,
  0x28, 0x00, 0x00, 0x00, 0x1c, 0x00, 0x00, 0x00, 0x00, 0x00, 0x00, 0x00,
  0x54, 0x00, 0x00, 0x00, 0x04, 0x00, 0x00, 0x00, 0x00, 0x00, 0x00, 0x00,
  0x00, 0x00, 0x00, 0x00, 0x00, 0x00, 0x00, 0x00, 0x00, 0x00, 0x00, 0x00,
  0x11, 0x00, 0x00, 0x00, 0x28, 0x00, 0x00, 0x00, 0x1c, 0x00, 0x00, 0x00,
  0x00, 0x00, 0x00, 0x00, 0x58, 0x00, 0x00, 0x00, 0x04, 0x00, 0x00, 0x00,
  0x04, 0x00, 0x00, 0x00, 0x00, 0x00, 0x00, 0x00, 0x00, 0x00, 0x00, 0x00,
  0x00, 0x00, 0x00, 0x00, 0x11, 0x00, 0x00, 0x00, 0x28, 0x00, 0x00, 0x00,
  0x1c, 0x00, 0x00, 0x00, 0x00, 0x00, 0x00, 0x00, 0x5c, 0x00, 0x00, 0x00,
  0x04, 0x00, 0x00, 0x00, 0x08, 0x00, 0x00, 0x00, 0x00, 0x00, 0x00, 0x00,
  0x00, 0x00, 0x00, 0x00, 0x00, 0x00, 0x00, 0x00, 0x1e, 0x00, 0x00, 0x00,
  0x24, 0x00, 0x00, 0x00, 0x00, 0x00, 0x00, 0x00, 0x00, 0x00, 0x00, 0x00,
  0x28, 0x00, 0x00, 0x00, 0x08, 0x00, 0x00, 0x00, 0xff, 0xff, 0xff, 0xff,
  0xff, 0xff, 0xff, 0xff, 0x00, 0x00, 0x00, 0x00, 0x1e, 0x00, 0x00, 0x00,
  0x24, 0x00, 0x00, 0x00, 0x01, 0x00, 0x00, 0x00, 0x40, 0x00, 0x00, 0x00,
  0x30, 0x00, 0x00, 0x00, 0x08, 0x00, 0x00, 0x00, 0xff, 0xff, 0xff, 0xff,
  0xff, 0xff, 0xff, 0xff, 0x00, 0x00, 0x00, 0x00, 0x2c, 0x00, 0x00, 0x00,
  0x18, 0x00, 0x00, 0x00, 0x00, 0x00, 0x00, 0x00, 0x80, 0x00, 0x00, 0x00,
  0x38, 0x00, 0x00, 0x00, 0x08, 0x00, 0x00, 0x00, 0x19, 0x00, 0x00, 0x00,
  0x0c, 0x00, 0x00, 0x00, 0x60, 0x00, 0x00, 0x00, 0x16, 0x00, 0x00, 0x00,
  0x58, 0x00, 0x00, 0x00, 0x00, 0x00, 0x00, 0x00, 0x01, 0x00, 0x00, 0x00,
  0x01, 0x00, 0x00, 0x00, 0x01, 0x00, 0x00, 0x00, 0x00, 0x00, 0x00, 0x00,
  0x01, 0x00, 0x00, 0x00, 0x00, 0x00, 0x00, 0x00, 0x00, 0x00, 0x00, 0x00,
  0x00, 0x00, 0x00, 0x00, 0x00, 0x00, 0x00, 0x00, 0x00, 0x00, 0x00, 0x00,
  0x00, 0x00, 0x00, 0x00, 0x00, 0x00, 0x00, 0x00, 0x00, 0x00, 0x00, 0x00,
  0x00, 0x00, 0x00, 0x00, 0x00, 0x00, 0x00, 0x00, 0x00, 0x00, 0x00, 0x00,
  0x00, 0x00, 0x00, 0x00, 0x00, 0x00, 0x00, 0x00, 0x00, 0x00, 0x00, 0x00,
  0x17, 0x00, 0x00, 0x00, 0x8c, 0x00, 0x00, 0x00, 0x00, 0x00, 0x00, 0x00,
  0x00, 0x00, 0x00, 0x00, 0x00, 0x00, 0x00, 0x00, 0x20, 0x00, 0x00, 0x00,
  0x00, 0x00, 0x00, 0x00, 0x01, 0x00, 0x00, 0x00, 0x00, 0x00, 0x00, 0x00,
  0x00, 0x00, 0x00, 0x00, 0x00, 0x00, 0x00, 0x00, 0x01, 0x00, 0x00, 0x00,
  0x00, 0x00, 0x00, 0x00, 0x00, 0x00, 0x00, 0x00, 0x00, 0x00, 0x00, 0x00,
  0x00, 0x00, 0x00, 0x00, 0x00, 0x00, 0x00, 0x00, 0x00, 0x00, 0x00, 0x00,
  0x00, 0x00, 0x00, 0x00, 0x00, 0x00, 0x00, 0x00, 0x01, 0x00, 0x00, 0x00,
  0x00, 0x00, 0x00, 0x00, 0x80, 0x00, 0x00, 0x00, 0x00, 0x00, 0x00, 0x00,
  0x00, 0x00, 0x00, 0x00, 0x00, 0x00, 0x00, 0x00, 0x00, 0x00, 0x00, 0x00,
  0x07, 0x00, 0x00, 0x00, 0x00, 0x00, 0x00, 0x00, 0x00, 0x00, 0x00, 0x00,
  0x00, 0x00, 0x00, 0x00, 0x00, 0x00, 0x00, 0x00, 0x00, 0x01, 0x15, 0x00,
  0x00, 0x00, 0x00, 0x00, 0x00, 0x00, 0x00, 0x00, 0x1b, 0x00, 0x00, 0x00,
  0x10, 0x00, 0x00, 0x00, 0x04, 0x00, 0x00, 0x00, 0x00, 0x00, 0x00, 0x00,
  0x1a, 0x00, 0x00, 0x00, 0x4c, 0x00, 0x00, 0x00, 0x00, 0x00, 0x00, 0x00,
  0x0c, 0x00, 0x00, 0x00, 0x08, 0x00, 0x00, 0x00, 0x04, 0x00, 0x00, 0x00,
  0x0c, 0x00, 0x00, 0x00, 0x08, 0x00, 0x00, 0x00, 0x5f, 0x5f, 0x67, 0x6c,
  0x6f, 0x62, 0x61, 0x6c, 0x00, 0x00, 0x00, 0x00, 0x4e, 0x4f, 0x4e, 0x45,
  0x00, 0x00, 0x00, 0x00, 0x64, 0x65, 0x73, 0x00, 0x66, 0x6c, 0x6f, 0x61,
  0x74, 0x2a, 0x3b, 0x38, 0x00, 0x00, 0x00, 0x00, 0x4e, 0x4f, 0x4e, 0x45,
  0x00, 0x00, 0x00, 0x00, 0x1a, 0x00, 0x00, 0x00, 0x50, 0x00, 0x00, 0x00,
  0x01, 0x00, 0x00, 0x00, 0x0c, 0x00, 0x00, 0x00, 0x08, 0x00, 0x00, 0x00,
  0x08, 0x00, 0x00, 0x00, 0x0c, 0x00, 0x00, 0x00, 0x08, 0x00, 0x00, 0x00,
  0x5f, 0x5f, 0x67, 0x6c, 0x6f, 0x62, 0x61, 0x6c, 0x00, 0x00, 0x00, 0x00,
  0x4e, 0x4f, 0x4e, 0x45, 0x00, 0x00, 0x00, 0x00, 0x6e, 0x64, 0x65, 0x73,
  0x00, 0x00, 0x00, 0x00, 0x66, 0x6c, 0x6f, 0x61, 0x74, 0x2a, 0x3b, 0x38,
  0x00, 0x00, 0x00, 0x00, 0x4e, 0x4f, 0x4e, 0x45, 0x00, 0x00, 0x00, 0x00,
  0x1a, 0x00, 0x00, 0x00, 0x48, 0x00, 0x00, 0x00, 0x02, 0x00, 0x00, 0x00,
  0x08, 0x00, 0x00, 0x00, 0x08, 0x00, 0x00, 0x00, 0x04, 0x00, 0x00, 0x00,
  0x0c, 0x00, 0x00, 0x00, 0x08, 0x00, 0x00, 0x00, 0x5f, 0x5f, 0x6c, 0x6f,
  0x63, 0x61, 0x6c, 0x00, 0x4e, 0x4f, 0x4e, 0x45, 0x00, 0x00, 0x00, 0x00,
  0x70, 0x00, 0x00, 0x00, 0x66, 0x6c, 0x6f, 0x61, 0x74, 0x2a, 0x3b, 0x38,
  0x00, 0x00, 0x00, 0x00, 0x4e, 0x4f, 0x4e, 0x45, 0x00, 0x00, 0x00, 0x00
};
unsigned int SURF_Gen9core_gen_len = 151716;
